tree
version=v4
num_class=1
num_tree_per_iteration=1
label_index=0
max_feature_idx=4
objective=binary sigmoid:1
feature_names=Column_0 Column_1 Column_2 Column_3 Column_4
feature_infos=[2.6312361594790019:99.950727066953803] [-0.020261077500531965:2.712644343276096] [-0.033753156597759348:2.7132596523911259] [0.00076571044041948816:2.2101687001222299] [0.023457242567258854:6557.9757081408843]
tree_sizes=3344 3433 3434 3427 3434 3444 3430 3438 3228 3016 3439 3013 3119 3123 3350 3456 3431 2706 3259 3223 2497 3127 2703 2917 3015 3024 2921 2912 2915 3154 3017 2707 3247 3024 2806 3236 2720 2805 3117 3223 3127 3247 3232 2816 2806 3338 2898 3128 2594 2058 3017 3211 2078 2800 2070 3120 3121 2905 1653 2800 3120 3011 2578 1854 3111 3219 2266 3008 2152 1980 1741 2179 2689 2292 3005 2699 1742 2376 2055 2066 2161 3019 1844 1730 2267 3001 2575 1744 2816 1845 2487 2798 1828 2048 2463 1419 2183 3026 1528 2997

Tree=0
num_leaves=31
num_cat=0
split_feature=1 1 4 1 1 1 1 2 4 4 2 3 3 4 3 2 0 3 2 3 4 4 4 0 1 1 0 3 3 1
split_gain=546.087 93.7722 59.5227 55.3084 26.8381 22.4951 19.7253 15.1003 14.8119 13.7559 13.3726 13.7434 12.9393 12.2353 12.1928 11.7339 10.9373 10.6809 10.224 9.59281 10.8474 9.42039 11.4938 8.56738 7.69188 7.45395 6.50006 5.0968 4.56382 4.49326
threshold=-0.0011426282237885219 -0.003790145269659428 12.090302496310819 3.3484088195590018e-05 -0.0020689429815602951 0.0022212786903836883 0.0022910967319862423 -0.0017446750168425005 5.331407523785038 11.452027098829335 -0.0037394313327912538 1.5251633194384004 0.57924573237283583 15.883312546621474 0.28685516585768134 -0.0011962914849351078 65.585517884465787 0.22094213942064744 0.0010640498554523872 0.63992596882173081 21.502018168267487 6.940572685853688 6.1153059315573097 44.221175638058945 -0.0011866064742899749 -0.0041262987831476852 86.337164739191223 1.0086801534250982 0.56626364967256371 0.0032706250874436908
decision_type=2 2 2 2 2 2 2 2 2 2 2 2 2 2 2 2 2 2 2 2 2 2 2 2 2 2 2 2 2 2
left_child=1 9 3 7 12 19 8 14 -5 21 25 -12 17 29 -2 24 -14 -3 -9 -4 -21 22 -1 -17 -6 -11 -15 -23 -8 -7
right_child=2 4 5 6 15 13 28 18 -10 10 11 -13 16 26 -16 23 -18 -19 -20 20 -22 27 -24 -25 -26 -27 -28 -29 -30 -31
leaf_value=-0.98179305384014581 -1.030843069407513 -1.1058421254685844 -1.0113285470850122 -1.1227229666626719 -1.0659259165197408 -1.1058421254685844 -1.1444627005261574 -1.1102294366010743 -1.1083618592423605 -1.0032111764249991 -1.0260962937074454 -1.1024486858191744 -1.0567677674617295 -1.0911692944199061 -1.0870680792673921 -1.054989711012206 -0.98484844969306296 -1.0180061368621123 -1.0928817747014341 -1.0854814875721235 -1.0557083037741897 -0.97697748428935238 -1.0925511535083947 -1.0897503739765539 -1.0260962937074454 -1.0567677674617295 -1.1491608488943885 -0.91630130794935516 -1.1275214773630398 -1.1360339630077811
leaf_weight=6.2072211652994174 10.533466219902037 3.7619522213935843 5.0786354988813391 325.22076953947544 115.49193319678307 20.690737217664719 61.884114041924477 193.74053940176964 400.8360091894865 56.805478543043137 17.681175440549854 8.8405877202749235 171.16882607340813 99.503636255860329 113.98715230822563 21.631225273013115 5.4548307210206977 43.26245054602623 151.23047930002213 194.49292984604836 36.302838936448097 17.304980218410495 3.7619522213935852 98.186952978372574 13.543027997016905 7.3358068317174903 5.0786354988813391 4.3262450546026221 111.16568814218044 30.47181299328804
leaf_count=33 56 20 27 1729 614 110 329 1030 2131 302 94 47 910 529 606 115 29 230 804 1034 193 92 20 522 72 39 27 23 591 162
internal_value=-1.09223 -1.05081 -1.10623 -1.11115 -1.06091 -1.08904 -1.11841 -1.09724 -1.11479 -1.01178 -1.02168 -1.05155 -1.04834 -1.10379 -1.08231 -1.07221 -1.05455 -1.02503 -1.10262 -1.0793 -1.0808 -0.983375 -1.02359 -1.08347 -1.06175 -1.00934 -1.09399 -0.964842 -1.13358 -1.12382
internal_weight=2354.98 594.765 1760.22 1368.6 472.501 391.619 899.107 469.492 726.057 122.263 90.663 26.5218 223.648 155.745 124.521 248.853 176.624 47.0244 344.971 235.874 230.796 31.6004 9.96917 119.818 129.035 64.1413 104.582 21.6312 173.05 51.1626
internal_count=12520 3162 9358 7276 2512 2082 4780 2496 3860 650 482 141 1189 828 662 1323 939 250 1834 1254 1227 168 53 637 686 341 556 115 920 272
is_linear=0
shrinkage=1


Tree=1
num_leaves=31
num_cat=0
split_feature=1 1 4 1 1 1 1 3 1 3 2 2 4 4 0 4 4 4 4 2 3 2 0 1 1 4 0 3 3 1
split_gain=485.853 78.577 54.5368 51.2233 20.2599 18.662 16.348 16.9526 14.3564 14.0933 13.4227 11.599 12.7035 11.3051 10.7153 8.85015 8.56388 8.92152 8.37104 12.8556 9.35631 8.08134 7.95627 6.08481 5.72758 5.69102 5.31398 4.77715 4.40722 4.24797
threshold=-0.0011426282237885219 -0.0032359807437669637 12.090302496310819 3.3484088195590018e-05 0.0022212786903836883 0.0022910967319862423 -0.0020689429815602951 0.57924573237283583 0.00022046953355914225 1.1241240899940503 -0.0022225967277023635 -0.005065883862959474 12.694367538797279 15.883312546621474 65.585517884465787 21.502018168267487 26.693108694605101 6.8940788744525046 21.502018168267487 -0.0063448731268529448 0.63992596882173081 0.0046306175282784254 65.585517884465787 0.0050526277013649432 -0.003790145269659428 4.8219365912320065 57.589644618753262 1.9200249562484943 0.56626364967256371 0.0032706250874436908
decision_type=2 2 2 2 2 2 2 2 2 2 2 2 2 2 2 2 2 2 2 2 2 2 2 2 2 2 2 2 2 2
left_child=1 11 3 9 18 8 7 21 -5 10 -2 16 24 29 15 -8 17 -1 20 -20 -4 -3 -9 -15 -13 -11 -14 -18 -7 -6
right_child=2 6 4 5 13 28 14 22 -10 25 -12 12 26 23 -16 -17 27 -19 19 -21 -22 -23 -24 -25 -26 -27 -28 -29 -30 -31
leaf_value=0.034639485854905672 0.016052704801289345 0.075660619658505956 0.073840631896228706 -0.045927464815281545 -0.013019601775011297 -0.050985906538795922 0.019348819930017108 0.028148898080608848 -0.019622685180819638 -0.054513336103340207 -0.0059261794217250847 0.092176849528494448 0.032382231098051613 0.0064993699429754638 -0.020508347209056272 0.064520556097338741 0.040315882603461577 0.095084555852862962 0.11423595921677246 0.023219001931841007 0.0063916129117174356 0.0026772192678881559 0.090335081893151592 -0.019492343931791344 0.053272103114756553 -0.017923167566027083 0.09203787436492139 0.098208637760545239 -0.034141999671370105 -0.042567848521825657
leaf_weight=6.8160912096500388 90.952303633093834 34.810052081942558 5.2806710153818122 56.282432645559311 20.550375431776047 60.265809625387192 223.72930119931698 136.08608262240887 661.59794224798679 12.502993598580359 294.04424300789833 22.086294591426849 45.53609599173069 71.653931647539139 16.196369290351868 11.395485103130339 17.040487468242649 58.482106104493141 4.4044799655675879 32.554851919412613 195.14572754502296 4.2567522227764121 5.3455799371004096 32.836153253912926 16.548690795898438 70.816022604703903 4.0663403272628775 4.5055218636989585 109.20523636043072 29.804164230823517
leaf_count=35 481 179 27 303 110 329 1177 711 3557 67 1570 112 237 381 86 60 87 299 23 170 1034 22 27 175 86 378 21 23 591 162
internal_value=-1.39508e-05 0.038529 -0.0133967 -0.0181474 0.00302287 -0.0252081 0.0270731 0.0385528 -0.021685 -0.00476891 -0.000733847 0.0667836 0.0540162 -0.0110472 0.0188284 0.0215381 0.0797559 0.0887751 0.0122007 0.0340656 0.0081687 0.0677083 0.0304993 -0.00166856 0.0755126 -0.023414 0.0372727 0.0524219 -0.0401319 -0.0305088
internal_weight=2354.8 606.901 1747.9 1355.67 392.23 887.351 431.82 180.498 717.88 468.316 384.997 175.082 88.2374 154.845 251.321 235.125 86.8442 65.2982 237.386 36.9593 200.426 39.0668 141.432 104.49 38.635 83.319 49.6024 21.546 169.471 50.3545
internal_count=12520 3162 9358 7276 2082 4780 2262 939 3860 2496 2051 900 456 828 1323 1237 444 334 1254 193 1061 201 738 556 198 445 258 110 920 272
is_linear=0
shrinkage=0.05


Tree=2
num_leaves=31
num_cat=0
split_feature=1 1 4 1 1 1 1 4 3 2 4 3 4 2 4 2 3 4 4 3 3 3 4 0 1 0 0 4 1 1
split_gain=433.136 67.1827 49.9452 47.4179 19.7236 18.2513 17.7184 17.5267 12.9161 12.0556 11.1111 14.3584 10.4433 9.83983 9.80114 13.4078 8.74742 8.14713 7.34876 11.514 8.66041 7.33463 7.65677 6.72027 6.455 5.98169 5.45027 5.4052 4.01648 2.97418
threshold=-0.0011426282237885219 -0.003790145269659428 12.090302496310819 3.3484088195590018e-05 -0.0020689429815602951 0.0022212786903836883 0.0018558841827541752 5.331407523785038 1.1241240899940503 -0.0022225967277023635 15.199789123855343 1.4678753107254969 15.883312546621474 -0.0011962914849351078 16.057527334051919 -0.0037394313327912538 0.93906415490234896 8.7562705823852252 21.502018168267487 1.2384837873220955 0.84960320716717597 1.0958759976948029 10.785172107038102 46.714222048627349 -0.0011866064742899749 86.337164739191223 36.927542364922893 4.8219365912320065 0.0032706250874436908 0.0030285705223044306
decision_type=2 2 2 2 2 2 2 2 2 2 2 2 2 2 2 2 2 2 2 2 2 2 2 2 2 2 2 2 2 2
left_child=1 14 3 8 10 18 7 -5 9 -2 11 -3 28 24 21 16 -16 -15 20 -20 -4 22 -1 -17 -6 -14 -12 -10 -7 -8
right_child=2 4 5 6 13 12 29 -9 27 -11 26 -13 25 17 15 23 -18 -19 19 -21 -22 -23 -24 -25 -26 -27 -28 -29 -30 -31
leaf_value=0.088491150951778549 0.015127321987196563 0.040960118483989956 0.035056075764470514 -0.028858045643274717 0.023327761089518617 -0.012452380940911277 -0.031816017913768611 -0.012301357844889249 -0.053296754950342966 -0.0056470836072058939 0.034760625278233565 0.10739215484608594 0.0010692807923997521 -0.0050766154853366871 0.13388207935928484 -0.0039671265456658923 0.062002736021001252 0.020859343758676818 -0.045078082299161361 0.041784827180415068 0.003790257284886904 0.11393373647229257 0.046771182500838081 0.055255364158835397 0.059086913283475276 -0.055485359611580666 0.0043700382132685648 -0.017185558435032996 -0.041371390675510968 -0.043561076514880823
leaf_weight=29.294849693775177 91.671218603849411 165.48523420095444 25.339063882827759 298.25794397294521 118.22744658589363 20.415666997432709 148.71397905051708 344.42996150255203 12.157785713672636 293.17093195021152 28.678664058446884 8.5541821420192701 99.495257437229156 62.796197652816772 4.6655332744121543 11.768524512648584 45.618062540888786 58.473416477441788 4.3094633519649497 33.252587124705315 175.88349704444408 14.119755923748015 17.607720151543617 8.0783722698688489 14.128172218799589 4.9060344099998465 30.382455915212631 70.179283484816551 29.149608939886093 84.543862283229828
leaf_count=143 481 842 132 1629 614 110 816 1866 67 1570 147 44 529 330 23 61 226 307 22 171 929 69 87 41 72 27 156 378 162 469
internal_value=-2.5279e-05 0.0359256 -0.0128219 -0.0174081 0.0273672 0.00286216 -0.0242691 -0.019985 -0.004544 -0.000698522 0.0378661 0.0442253 -0.0105608 0.0177179 0.0676871 0.054937 0.068672 0.00742911 0.0115172 0.0318191 0.00772742 0.0823401 0.072829 0.0201385 0.0271448 -0.00158834 0.019127 -0.0225177 -0.0294598 -0.036073
internal_weight=2353.75 617.879 1735.88 1343.12 486.726 392.751 875.946 642.688 467.179 384.842 233.101 174.039 153.967 253.625 131.153 70.1305 50.2836 121.27 238.785 37.5621 201.223 61.0223 46.9026 19.8469 132.356 104.401 59.0611 82.3371 49.5653 233.258
internal_count=12520 3162 9358 7276 2512 2082 4780 3495 2496 2051 1189 886 828 1323 650 351 249 637 1254 193 1061 299 230 102 686 556 303 445 272 1285
is_linear=0
shrinkage=0.05


Tree=3
num_leaves=31
num_cat=0
split_feature=1 1 4 1 1 1 1 1 3 3 2 0 4 2 4 4 4 3 4 4 3 3 0 0 4 4 3 3 1 4
split_gain=386.776 57.9131 45.7245 43.8719 16.7988 16.4489 13.6793 12.0911 13.9884 11.8339 10.8319 9.19646 8.74844 8.20108 9.12274 7.3552 7.04891 6.6933 7.5305 6.30951 6.23096 6.18241 6.14974 5.44412 5.13684 4.50341 4.37738 4.34337 4.17806 3.04438
threshold=-0.0011426282237885219 -0.0032359807437669637 12.090302496310819 3.3484088195590018e-05 0.0022910967319862423 0.0023279076534171721 0.00022046953355914225 -0.0020689429815602951 0.56626364967256371 1.1241240899940503 -0.0022225967277023635 65.585517884465787 15.883312546621474 -0.005065883862959474 12.694367538797279 21.502018168267487 34.140463587852771 0.63992596882173081 21.502018168267487 6.8940788744525046 1.8177244026559098 0.50497959103062284 13.380260947158961 86.337164739191223 4.8219365912320065 6.940572685853688 1.0548787084928879 0.56626364967256371 0.0032706250874436908 8.5225071497052625
decision_type=2 2 2 2 2 2 2 2 2 2 2 2 2 2 2 2 2 2 2 2 2 2 2 2 2 2 2 2 2 2
left_child=1 13 3 9 6 17 -5 8 21 10 -2 15 28 16 25 -9 19 -4 -19 -1 -18 -3 -10 -14 -11 -15 -16 -6 -7 -13
right_child=2 7 5 4 27 12 -8 11 22 24 -12 29 23 14 26 -17 20 18 -20 -21 -22 -23 -24 -25 -26 -27 -28 -29 -30 -31
leaf_value=0.027960642759875354 0.01426324604700116 0.049220183017750815 0.065031278137970425 -0.044108179943049997 -0.048894157673977263 -0.0097596292681151244 -0.017985473664024611 0.017139670115913306 0.083435520089339896 -0.052129692471290526 -0.0053804243035248216 -0.038949467603866174 0.00041162640618159211 0.040457123873717436 0.056409337730843993 0.057484920672417131 0.0012973295899494234 0.0055381341654358856 0.029640946217738981 0.077182716716428471 0.075372636466240872 0.096592563363690973 0.024651837742838533 -0.054333586421699658 -0.016473915840105765 0.075673216255796538 0.023548364995882167 -0.031800051737959939 -0.040208604140520757 0.0049576112998616622
leaf_weight=7.1412250101566306 92.345591485500336 29.360141023993492 5.54281161725521 54.315924257040024 57.458366066217422 18.626658245921135 647.93067140877247 227.79818822443485 4.5909642279148093 11.817167073488234 292.33758936822414 9.1105224788188952 97.470239415764809 13.53776168823242 13.902746886014937 11.886088460683821 6.9822793006896955 199.60354076325893 38.687208965420723 73.716015949845314 4.7839783132076263 8.9980180263519269 144.09561002254486 4.763174057006835 69.566331267356873 27.558258011937141 37.387986049056053 105.18722221255302 28.509407222270966 6.9669863283634177
leaf_count=35 481 144 27 303 329 101 3557 1177 23 67 1570 49 518 66 69 60 34 1051 196 352 23 44 728 27 378 132 189 591 162 37
internal_value=-3.48062e-05 0.0335664 -0.01227 -0.0166957 -0.0233595 0.00271061 -0.020006 0.0237505 0.0334119 -0.00432944 -0.000664839 0.0166848 -0.0103555 0.0570601 0.0465196 0.0191404 0.0675737 0.0107147 0.0094513 0.0728355 0.0314152 0.0603327 0.0264669 -0.00213902 -0.0216513 0.0640724 0.0324556 -0.0378389 -0.0281761 -0.0199229
internal_weight=2351.98 627.817 1724.16 1330.96 864.892 393.203 702.247 442.807 187.045 466.067 384.683 255.762 149.369 185.01 92.3868 239.684 92.6235 243.834 238.291 80.8572 11.7663 38.3582 148.687 102.233 81.3835 41.096 51.2907 162.646 47.1361 16.0775
internal_count=12520 3162 9358 7276 4780 2082 3860 2262 939 2496 2051 1323 808 900 456 1237 444 1274 1247 387 57 188 751 545 445 198 258 920 263 86
is_linear=0
shrinkage=0.05


Tree=4
num_leaves=31
num_cat=0
split_feature=1 1 4 1 1 4 1 1 3 4 4 4 3 0 3 2 4 0 2 3 4 4 3 4 1 1 4 1 1 1
split_gain=345.887 50.4648 41.8488 40.5682 16.0631 16.4267 14.8543 14.6776 10.8392 10.2111 8.95382 8.92767 9.92756 8.46557 9.86151 9.61321 7.67101 6.01988 5.98334 10.6269 5.9815 9.03095 5.78986 6.54377 5.57589 5.3653 4.88383 3.55453 3.44419 2.76646
threshold=-0.0011426282237885219 -0.003790145269659428 12.090302496310819 3.3484088195590018e-05 0.0018558841827541752 5.331407523785038 0.0022212786903836883 -0.0020689429815602951 1.1241240899940503 4.7278835082393735 15.883312546621474 14.894583433000856 1.4678753107254969 44.023970352285694 0.2941930722008223 -0.0013701423914942998 10.943999855778275 36.927542364922893 -0.0037394313327912538 1.5251633194384004 6.940572685853688 6.1153059315573097 0.63992596882173081 21.502018168267487 -0.0041262987831476852 0.0050526277013649432 4.8219365912320065 0.0032706250874436908 -0.0051319058783657048 0.0030285705223044306
decision_type=2 2 2 2 2 2 2 2 2 2 2 2 2 2 2 2 2 2 2 2 2 2 2 2 2 2 2 2 2 2
left_child=1 16 3 8 5 -5 22 11 9 -2 27 12 -3 14 -9 -15 20 -13 24 -20 21 -1 -4 -24 -18 -12 -10 -8 -22 -6
right_child=2 7 6 4 29 -7 10 13 26 -11 25 17 -14 15 -16 -17 18 -19 19 -21 28 -23 23 -25 -26 -27 -28 -29 -30 -31
leaf_value=0.08292734645779172 -0.0098336090926272705 0.036022062227098806 0.060113505613723195 -0.027102840277048623 -0.029793163272968728 -0.01089893358433883 -0.011533153909210383 -0.041245826810824733 -0.051006362578545572 0.0065827019523160271 0.0061897243371284135 0.03233891478460961 0.092060002876925756 0.039241680930757444 0.027026909813753136 0.00013544274441426867 0.063882087042080718 0.0015422719412038323 0.052240419026921669 -0.012638579683527227 0.069000264784057838 -0.010112469363023631 0.0053910929305918849 0.02789662228751957 0.02011717685956085 -0.018332136527694731 -0.015787510531106351 -0.039076634724783482 0.10847149458521461 -0.041350012594490941
leaf_weight=7.0721729099750501 169.00778621435165 169.31004075706005 5.692374274134635 290.53314988315105 144.01401951909065 338.78848499059677 20.197964906692505 5.5118898004293433 11.482104048132895 215.51329781115055 71.854603812098503 31.431106045842171 8.2904804199933988 18.551456764340401 130.90639662742615 102.7848047465086 65.552686810493469 32.046648502349854 20.714850828051571 9.0773996859788877 9.0550826936960203 4.1320331245660782 196.96509608626366 38.634468495845795 8.1867556124925596 32.348386809229851 68.976744621992111 27.884568125009537 14.183484673500063 80.856057673692703
leaf_count=33 903 831 27 1629 816 1866 110 28 67 1148 381 156 40 94 665 536 306 162 100 47 41 20 1034 193 39 175 378 162 64 469
internal_value=-4.22924e-05 0.0314197 -0.01174 -0.016009 -0.0224783 -0.0183796 0.0025687 0.0240172 -0.00412475 -0.000632727 -0.00965841 0.0328855 0.0386379 0.0157226 0.0242684 0.00611451 0.058183 0.0167913 0.051383 0.0324724 0.0786231 0.0486149 0.0102855 0.00908163 0.0590232 -0.00142275 -0.0208135 -0.0275065 0.0930912 -0.0339486
internal_weight=2349.56 636.807 1712.75 1319.17 854.192 629.322 393.577 498.833 464.98 384.521 152.286 241.078 177.601 257.755 136.418 121.336 137.974 63.4778 103.532 29.7923 34.4428 11.2042 241.292 235.6 73.7394 104.203 80.4588 48.0825 23.2386 224.87
internal_count=12520 3162 9358 7276 4780 3495 2082 2512 2496 2051 828 1189 871 1323 693 630 650 318 492 147 158 53 1254 1227 345 556 445 272 105 1285
is_linear=0
shrinkage=0.05


Tree=5
num_leaves=31
num_cat=0
split_feature=1 1 4 1 1 4 1 2 3 4 1 3 4 0 3 2 2 2 4 4 3 4 1 1 0 4 0 1 1 4
split_gain=309.711 44.0207 38.2863 37.4952 15.144 15.3029 13.3954 10.2628 10.3111 10.2161 9.08722 11.7333 8.26316 7.8221 7.07391 6.50463 6.29085 6.10941 6.79308 5.96076 5.2467 5.16762 9.44975 5.82665 5.13635 5.12587 3.95761 3.64909 3.35965 2.82693
threshold=-0.0011426282237885219 -0.0032359807437669637 12.090302496310819 3.3484088195590018e-05 0.0018558841827541752 5.331407523785038 0.0022212786903836883 -0.0017446750168425005 0.28685516585768134 3.0511961567457191 -0.0020689429815602951 0.57924573237283583 15.883312546621474 65.585517884465787 0.64322147657661477 0.0046306175282784254 -0.010824148842572877 -0.005065883862959474 12.694367538797279 34.140463587852771 1.8177244026559098 17.569567567246647 -0.00045727663764477672 0.00092459257137467177 86.337164739191223 6.8940788744525046 57.589644618753262 -0.0033320233626930591 0.0032706250874436908 8.5225071497052625
decision_type=2 2 2 2 2 2 2 2 2 2 2 2 2 2 2 2 2 2 2 2 2 2 2 2 2 2 2 2 2 2
left_child=1 17 3 7 5 -5 21 8 -2 -9 11 15 28 16 -13 -3 -12 19 27 25 -21 22 -4 -23 -14 -1 -20 -19 -8 -15
right_child=2 10 6 4 -6 -7 12 9 -10 -11 13 14 24 29 -16 -17 -18 18 26 20 -22 23 -24 -25 -26 -27 -28 -29 -30 -31
leaf_value=0.023159969150902467 0.054500342942834068 0.059041993189001343 0.028392419621209249 -0.026137336412661895 -0.032880492129250219 -0.010414979830132853 -0.011023794407427312 -0.025308577047237758 0.0038165870201604594 -0.0039837548132240263 0.070522290310581298 -0.018585485748753936 0.0010321308934931909 -0.037773167769474675 0.025443110431600781 -0.0043175813395793681 0.015835156725887919 0.050316387906187268 0.024294302982082284 -0.0018654849522354207 0.064700807946387884 0.0097018209295918877 -0.0014308169727343955 0.037769394152663727 -0.053031882318478864 0.066789289179986028 0.073515154891156329 0.098297975685184724 -0.037973009103423626 0.0046907763152209151
leaf_weight=7.372489094734191 10.990438893437384 38.09761880338192 33.369839921593666 286.31145185232162 220.67766480147839 336.8549357354641 20.077797308564186 71.167198449373245 115.40018430352211 266.40020327270031 5.3773670792579642 9.758136257529257 99.524261698126793 8.9307680726051313 140.12483668327332 4.5327211767435065 238.31530918180943 38.591670170426369 48.226101115345955 7.1652613878250104 5.0439959913492203 49.266424402594566 130.18359087407589 29.599813461303711 4.5960523188114157 77.503625974059105 4.4617282897233954 4.4159827083349219 27.275893092155457 6.9846026003360739
leaf_count=35 56 179 174 1629 1285 1866 110 387 606 1447 27 48 529 49 690 22 1210 177 237 34 23 251 679 150 27 352 21 21 162 37
internal_value=-4.85931e-05 0.0294582 -0.011231 -0.0153469 -0.0216245 -0.0176386 0.00243473 -0.00392923 0.00822385 -0.00847953 0.0209281 0.0291598 -0.00922994 0.0148239 0.0225766 0.0523052 0.0170419 0.0494636 0.0404983 0.0583007 0.025635 0.00972331 0.00465402 0.020236 -0.00135435 0.0629996 0.0284624 0.0552431 -0.0265466 -0.0191375
internal_weight=2346.6 644.902 1701.7 1307.8 843.844 623.166 393.894 463.958 126.391 337.567 452.121 192.513 151.474 259.608 149.883 42.6303 243.693 192.781 95.6955 97.0854 12.2093 242.42 163.553 78.8662 104.12 84.8761 52.6878 43.0077 47.3537 15.9154
internal_count=12520 3162 9358 7276 4780 3495 2082 2496 662 1834 2262 939 828 1323 738 201 1237 900 456 444 57 1254 853 401 556 387 258 198 272 86
is_linear=0
shrinkage=0.05


Tree=6
num_leaves=31
num_cat=0
split_feature=1 1 4 1 1 1 1 1 3 4 0 0 0 3 2 4 4 3 3 3 0 4 4 2 3 1 3 1 3 3
split_gain=277.612 39.2435 35.0114 34.6333 14.4754 13.1369 12.0826 11.0355 10.0095 8.87342 8.12613 7.9771 7.10174 8.81709 8.30623 6.81433 6.38531 5.3696 5.1206 6.24808 4.67781 4.61132 4.53225 4.50942 9.14037 4.73582 4.37832 3.55387 2.77161 0.661604
threshold=-0.0011426282237885219 -0.003790145269659428 12.090302496310819 3.3484088195590018e-05 0.0022910967319862423 0.00022046953355914225 0.0023279076534171721 -0.0020689429815602951 1.1241240899940503 4.7278835082393735 13.380260947158961 55.158607591087566 44.023970352285694 0.2941930722008223 -0.0013701423914942998 15.883312546621474 10.943999855778275 0.82573328978355931 0.63992596882173081 1.2489667196258591 86.337164739191223 4.8219365912320065 8.9542029749812837 -0.0037394313327912538 1.5733011001972101 -0.0041262987831476852 0.56626364967256371 0.0032706250874436908 0.43519534899471018 0.95852034859982727
decision_type=2 2 2 2 2 2 2 2 2 2 2 2 2 2 2 2 2 2 2 2 2 2 2 2 2 2 2 2 2 2
left_child=1 16 3 8 5 -5 18 10 9 -2 22 -12 13 -9 -14 27 17 28 -4 -20 -17 -10 -3 25 -25 -18 -6 -8 -1 -19
right_child=2 7 6 4 26 -7 15 12 21 -11 11 -13 14 -15 -16 20 23 29 19 -21 -22 -23 -24 24 -26 -27 -28 -29 -30 -31
leaf_value=0.085909731328967093 -0.0090360297826362589 0.043319645489428349 0.0553243209600233 -0.041862718011350594 -0.046184031186669749 -0.015676695871937291 -0.0082949274986217451 -0.040581661800591133 -0.049774716110879982 0.006298245292397784 0.023064964322455223 0.048939778551673689 0.035565680358228199 0.024259391649027122 -0.00039461075503849775 0.00039660102801573525 0.0555080838984238 0.11101111579557293 -0.0013474775189828896 0.01490571633430789 -0.051977476111102899 -0.015039639334166965 0.11146081630306962 0.044657396336157368 -0.017648623381260161 0.015778307395054425 -0.028471362526908628 -0.036895621245916735 0.046493671452982721 0.086702234761721647
leaf_weight=5.8570550680160549 167.45537580549717 5.5937181711196882 5.8385231941938391 51.844655483961105 53.721827939152718 628.76827904582024 18.317389234900475 5.4569883644580832 11.108148321509359 216.07558900117874 202.91891983151436 34.912156403064728 19.014464840292931 133.58874227106571 103.28603000938892 97.477590680122375 68.296826392412186 5.0352024734020215 103.51914672553539 137.89686651527882 4.4583351016044608 68.335651427507401 4.3285897821187973 22.606515616178516 7.9585898369550696 8.4261154383420926 99.51704129576683 26.683988034725189 18.696641311049461 6.3026056885719299
leaf_count=26 903 26 27 303 329 3557 101 28 67 1148 976 167 94 665 536 518 306 22 539 708 27 378 20 106 41 39 591 162 83 27
internal_value=-5.36967e-05 0.027656 -0.0107422 -0.0147088 -0.0207973 -0.0176714 0.00230709 0.0211521 -0.00374293 -0.000396929 0.0287128 0.0268632 0.0139846 0.0217146 0.00519626 -0.00904833 0.0507819 0.0690377 0.00905534 0.00793635 -0.00189407 -0.0198964 0.0730461 0.0446747 0.0284341 0.0511448 -0.034681 -0.025254 0.055896 0.097498
internal_weight=2343.3 652.279 1691.02 1296.83 833.852 680.613 394.192 509.1 462.975 383.531 247.753 237.831 261.346 139.046 122.3 146.937 143.18 35.8915 247.255 241.416 101.936 79.4438 9.92231 107.288 30.5651 76.7229 153.239 45.0014 24.5537 11.3378
internal_count=12520 3162 9358 7276 4780 3860 2082 2512 2496 2051 1189 1143 1323 693 630 808 650 158 1274 1247 545 445 46 492 147 345 920 263 109 49
is_linear=0
shrinkage=0.05


Tree=7
num_leaves=31
num_cat=0
split_feature=1 1 4 1 1 2 1 2 1 4 4 0 3 0 3 3 2 4 4 3 2 3 4 0 1 2 0 2 2 1
split_gain=249.075 34.4355 32.3506 32.0584 14.662 11.83 11.4223 10.7319 9.71629 7.72625 7.20845 8.26162 6.98903 6.67581 6.62599 12.1501 10.8848 6.12901 5.56633 9.05877 11.008 5.82026 6.28816 5.18252 4.73451 4.56331 3.04045 2.77097 2.64729 1.96731
threshold=-0.0011426282237885219 -0.003790145269659428 10.866387842213534 1.1599110367521705e-05 0.0024030021964477348 -0.0023447126247984613 0.0022212786903836883 -0.0082116208000533857 -0.0020689429815602951 15.883312546621474 14.894583433000856 27.707662179381355 1.1241240899940503 65.585517884465787 1.2141467897114944 1.0149527055132443 -0.0070919320457122894 21.502018168267487 16.057527334051919 1.0383134277375059 -0.0004841283947421004 1.0328001578147645 10.785172107038102 37.201034851491023 0.0050526277013649432 -0.0034047608737280961 44.023970352285694 -0.010824148842572877 0.0050515134565412021 -0.0041262987831476852
decision_type=2 2 2 2 2 2 2 2 2 2 2 2 2 2 2 2 2 2 2 2 2 2 2 2 2 2 2 2 2 2
left_child=1 18 3 7 5 -5 14 -2 10 25 11 -3 -9 17 15 -4 -16 -10 21 27 -21 22 -1 -12 -11 -8 -6 -20 -15 -23
right_child=2 8 6 4 26 -7 9 12 13 24 23 -13 -14 28 16 -17 -18 -19 19 20 -22 29 -24 -25 -26 -27 -28 -29 -30 -31
leaf_value=0.061231470168346652 0.059313043715912339 0.049818358308406148 0.010322637505858368 0.00049179680436435547 -0.062739031658664943 -0.020317406672586375 -0.063460037695249813 -0.0018787250782208425 0.013396780547748764 0.0058878299300313911 0.026562463450143445 0.025739921079647649 -0.019680729822711334 0.00132380607305184 0.091577863980730936 -0.019249374335269707 0.011117429706862234 0.049373477028006575 0.049132865321256637 0.036515213903235741 -0.040962293063356893 0.088965120216140239 0.022937024584072312 -0.0015747965305537637 -0.017253206751760911 -0.018793632388525935 -0.034697816022721741 0.095730538261971171 -0.039704744786021172 0.052842530591127736
leaf_weight=31.810861513018608 6.6616511642932883 48.148452892899513 87.47031457722187 77.367728561162949 10.670103073120115 582.67006719112396 6.319086179137229 353.97276636958122 234.72244100272655 72.045162051916122 33.217514529824257 136.95832122862339 65.305862233042717 8.195011228322981 4.3157147616147986 57.611620098352432 161.43066498637199 12.467024534940718 5.5048987865447998 58.907668799161911 4.9714494049549094 15.485739395022394 16.168579712510109 32.25673146545887 31.885021835565567 60.132729649543762 102.80969765782356 7.5881151705980283 7.5572085976600638 4.981834962964057
leaf_count=138 34 225 460 440 66 3346 38 1896 1177 381 159 646 371 45 21 305 836 60 24 269 24 67 72 159 175 358 631 34 41 22
internal_value=-5.77394e-05 0.0259966 -0.0102729 -0.0146668 -0.0207326 -0.0178782 0.000679129 -0.00365113 0.0199142 -0.00972551 0.0269594 0.032003 -0.00465152 0.0132001 0.00638248 -0.00142032 0.0132125 0.0152113 0.0474759 0.0382511 0.0304855 0.0578495 0.0483266 0.0127003 -0.00121167 -0.0230411 -0.0373344 0.0761388 -0.0183599 0.0801728
internal_weight=2339.61 658.942 1680.67 1199.46 773.518 660.038 481.21 425.94 513.523 170.382 250.581 185.107 419.279 262.942 310.828 145.082 165.746 247.189 145.419 76.9721 63.8791 68.447 47.9794 65.4742 103.93 66.4518 113.48 13.093 15.7522 20.4676
internal_count=12520 3162 9358 6784 4483 3786 2574 2301 2512 952 1189 871 2267 1323 1622 765 857 1237 650 351 293 299 210 318 556 396 697 58 86 89
is_linear=0
shrinkage=0.05


Tree=8
num_leaves=29
num_cat=0
split_feature=1 1 4 1 1 2 1 2 4 3 4 0 3 4 0 0 2 2 3 4 0 2 4 1 0 2 4 0
split_gain=223.646 30.414 29.5945 29.6001 13.8876 10.908 10.3304 10.0251 8.65915 7.49476 7.11628 6.64031 9.0873 16.0628 11.799 6.49079 8.90338 7.44415 6.42863 4.98597 4.70106 9.63317 6.04907 7.25421 4.41826 4.39081 3.19439 2.98554
threshold=-0.0011426282237885219 -0.0032359807437669637 10.866387842213534 1.1599110367521705e-05 0.0024030021964477348 -0.0023447126247984613 0.0022212786903836883 -0.0017446750168425005 3.0511961567457191 0.28685516585768134 15.883312546621474 39.407322067370302 0.45931100877595965 9.9853469292866368 64.188677105800281 41.25511043752666 -0.0063448731268529448 -0.0025908945456065697 0.2941930722008223 12.402829416061968 14.90544497868318 -0.0097658925974989912 38.442517660526541 -0.0074434830450515457 86.337164739191223 -0.0034047608737280961 17.363750773988325 44.023970352285694
decision_type=2 2 2 2 2 2 2 2 2 2 2 2 2 2 2 2 2 2 2 2 2 2 2 2 2 2 2 2
left_child=1 20 3 7 5 -5 15 9 -9 -2 25 18 14 -14 -13 16 -4 -17 -3 -20 21 26 23 -22 -12 -8 -1 -6
right_child=2 11 6 4 27 -7 10 8 -10 -11 24 12 13 -15 -16 17 -18 -19 19 -21 22 -23 -24 -25 -26 -27 -28 -29
leaf_value=0.061145277012317603 0.048190997070728256 -0.02467700960508289 0.01957109856604039 0.00046708041613710918 -0.061964707458691738 -0.019525686921137139 -0.062634629085283763 -0.02386937670453123 -0.0037181920034254305 0.0049207577175705017 0.00098960872017261371 0.045464886641919111 -0.0070453453150861704 0.020835689613589923 -0.03207865604408771 0.04371602908063292 -0.016457258000253994 0.0079465006848518094 0.030516849877685229 0.013965737659274537 0.075935942990450311 0.10454001433210157 -0.0049931095776373753 0.037114966167923882 -0.050783171415496944 -0.018052595352687079 0.010326299509169716 -0.033669098582497295
leaf_weight=6.0477487444877642 11.059140816330908 6.6360108107328406 24.218087717890739 77.388421654701233 10.27331906557083 576.15067583322525 6.0880948901176444 68.50966913998127 240.29838332533836 105.2225748449564 99.554569706320763 33.105624794960022 98.1647097915411 109.04108135402203 5.75900875031948 15.610715210437773 58.73580339550972 213.16243523359299 144.46783477067947 66.423697084188461 13.013508245348929 8.3989053368568403 7.7939757704734793 159.81953603029251 4.2988013327121726 59.487830102443695 6.3276147693395615 100.70755469799042
leaf_count=26 55 33 122 440 66 3346 38 380 1314 552 529 161 488 537 31 80 307 1113 693 319 57 36 35 718 27 358 28 631
internal_value=-6.11405e-05 0.0244624 -0.00982201 -0.0140541 -0.0199353 -0.0171583 0.000641488 -0.00347699 -0.00818877 0.00903604 -0.00929604 0.0174145 0.0117883 0.00762692 0.0339744 0.00604272 -0.00593891 0.0103873 0.0237791 0.0253038 0.0406856 0.0632106 0.0380949 0.040038 -0.00115342 -0.0221916 0.0351612 -0.0362884
internal_weight=2335.77 664.999 1670.77 1189.61 764.52 653.539 481.156 425.09 308.808 116.282 169.429 463.598 246.07 207.206 38.8646 311.727 82.9539 228.773 217.528 210.892 201.401 20.7743 180.627 172.833 103.853 65.5759 12.3754 110.981
internal_count=12520 3162 9358 6784 4483 3786 2574 2301 1694 607 952 2262 1217 1025 192 1622 429 1193 1045 1012 900 90 810 775 556 396 54 697
is_linear=0
shrinkage=0.05


Tree=9
num_leaves=27
num_cat=0
split_feature=1 1 4 1 2 4 3 4 1 0 4 1 2 3 4 1 3 3 4 3 3 1 4 1 4 3
split_gain=200.91 27.3739 27.1205 27.6111 19.5197 22.3878 15.0713 14.2295 9.17971 7.79898 7.3039 7.0169 6.86318 6.26743 5.91911 6.49547 5.89348 6.85115 4.86565 4.31952 10.2494 7.71946 4.05793 3.56096 3.78237 2.15706
threshold=-0.0011426282237885219 -0.0023876087513422513 12.090302496310819 0.0015146585251719637 -0.0022225967277023635 4.7278835082393735 0.31087069203553758 2.5646626393832057 0.0023279076534171721 14.90544497868318 22.659793959474474 -0.0045387939578740979 -0.012490682221885372 1.5733011001972101 16.863992550165971 -0.0021027690741259315 1.3482701009333911 1.5349214515201288 9.9853469292866368 0.86354773658204531 1.1736628836981813 0.0014731528848238586 13.783084746383436 0.0030285705223044306 10.252216159603774 0.66181841127548557
decision_type=2 2 2 2 2 2 2 2 2 2 2 2 2 2 2 2 2 2 2 2 2 2 2 2 2 2
left_child=1 7 3 4 6 -6 -2 -1 19 12 14 -11 -9 -12 18 -16 22 -18 -3 21 -21 -4 -10 25 -25 -5
right_child=2 10 8 23 5 -7 -8 9 16 11 13 -13 -14 -15 15 -17 17 -19 -20 20 -22 -23 -24 24 -26 -27
leaf_value=-0.061333036207996308 0.048848050014622696 0.0092202427387870836 0.039795078524402901 -0.029344453816319505 -0.022097250374397661 -0.0053272535606290672 0.0010482810760747158 0.025460720251396892 -0.037161080017818475 0.043886472461260026 0.014025853924393089 0.027087711036010216 0.077544689222703744 0.083099250981245598 -0.054970635994212286 0.0029364637120667513 0.024059358452063823 -0.0092376364346122408 0.022866366158762912 -0.011780273300000003 0.012210470041522613 -0.020092420315445544 -0.010745162787291124 -0.042503902896095069 -0.01486670216969071 -0.018918047932812404
leaf_weight=3.9278338104486457 18.437910869717598 204.22589749097824 22.858911842107776 89.856429487466812 341.31340079009533 477.34938874840736 156.14632928371429 9.6425761878490466 19.279978692531586 88.151149868965149 6.3762343972921354 210.85288760066032 18.383322805166245 6.7718014121055603 6.3991908729076412 19.90962128341198 24.422711759805679 42.043916180729866 96.041664555668831 62.01962848007679 157.77507215738297 7.0374967753887168 59.113644808530807 56.976085633039474 15.81649413704872 110.74145644903183
leaf_count=18 97 1006 114 544 1982 2683 841 42 118 385 30 972 79 32 31 98 134 228 469 324 801 35 328 369 100 660
internal_value=-6.40396e-05 0.0230337 -0.00938943 -0.0129551 -0.00908204 -0.0123189 0.00609643 0.033268 0.00205735 0.0344042 0.0130635 0.0320403 0.0596247 0.0496016 0.0115925 -0.0111485 -0.00795554 0.00299712 0.013585 0.00786641 0.00544098 0.0256978 -0.0172418 -0.027026 -0.0364988 -0.0235885
internal_weight=2331.87 670.682 1661.19 1266.64 993.247 818.663 174.584 330.958 394.551 327.03 339.724 299.004 28.0259 13.148 326.576 26.3088 144.86 66.4666 300.268 249.691 219.795 29.8964 78.3936 273.39 72.7926 200.598
internal_count=12520 3162 9358 7276 5603 4665 938 1496 2082 1478 1666 1357 121 62 1604 129 808 362 1475 1274 1125 149 446 1673 469 1204
is_linear=0
shrinkage=0.05


Tree=10
num_leaves=31
num_cat=0
split_feature=1 1 4 1 1 4 4 3 4 0 3 1 1 1 0 0 3 2 2 0 0 4 2 4 1 3 2 3 1 1
split_gain=180.599 25.0401 31.9681 24.5149 14.763 13.0253 8.68904 15.9802 9.04935 8.53141 8.45986 8.06983 7.76023 7.41384 6.35735 11.0698 9.47486 5.55582 5.29541 5.26743 5.08689 4.98067 4.85345 4.52941 7.15464 3.96224 3.54997 7.51198 3.82253 2.8664
threshold=-0.0011426282237885219 -0.00022268175126205489 15.883312546621474 -0.003790145269659428 0.0024030021964477348 3.8584362017883396 6.6528061125762212 0.70903579906989089 1.2799490829032862 29.709630361159785 1.7997152300789723 0.0050526277013649432 -0.00068784744236805018 -0.0020689429815602951 55.158607591087566 41.431913295217051 1.2489667196258591 -0.010824148842572877 0.0094836609506574483 73.008272223606625 65.585517884465787 10.943999855778275 -0.0034047608737280961 6.940572685853688 -0.0051319058783657048 1.4415766877774638 -0.0037394313327912538 1.5733011001972101 -0.0041262987831476852 -0.0051319058783657048
decision_type=2 2 2 2 2 2 2 2 2 2 2 2 2 2 2 2 2 2 2 2 2 2 2 2 2 2 2 2 2 2
left_child=3 6 4 21 5 -3 7 8 -2 -9 19 18 -12 14 15 -5 -16 -15 -4 -8 -19 23 -6 24 -1 -13 28 -28 -23 -25
right_child=1 2 11 13 22 -7 10 9 -10 -11 12 25 -14 17 16 -17 -18 20 -20 -21 -22 26 -24 29 -26 -27 27 -29 -30 -31
leaf_value=0.078776856784342708 -0.046820711928498016 -0.024168862506799671 0.014144043575052593 0.027158439714094179 -0.061214319642251561 -0.0099658972204092772 0.0094249455108240746 0.021531046159512263 0.0078305939565644685 -0.031954084785816593 -0.068852559186721715 -0.030841221607335673 0.0081939050850448024 0.059601564841174154 0.051589668896832197 0.0031720428156686571 -0.026501303066166323 0.011477909711211683 -0.023129830155743207 0.045508452875399924 -0.017914814858057331 0.043630047587372982 -0.027298278302069053 0.046209951088190288 0.00030096232743008077 0.0053177041973381991 0.034385516922237423 -0.020945422115701329 0.0087187532226465289 0.080605390705253951
leaf_weight=4.7001696676015854 8.0707097202539426 211.33247135579586 140.70331379771233 150.3465038985014 11.331829503178595 683.55556756258011 187.24768809974194 8.5128683149814588 123.20694415271282 60.044209703803062 6.5069534331560135 18.735955223441128 6.5661246180534345 5.704373985528945 31.854527235031128 70.728467658162117 4.4237048327922812 246.55008056759834 10.220800712704657 10.691441953182219 15.65483036637306 71.904661446809769 152.54451464116573 9.9130914956331235 7.601791173219679 12.719495981931685 23.880621895194054 8.2545533925294858 8.8004175424575788 15.572772175073625
leaf_count=20 45 1258 721 690 76 3890 988 46 665 337 33 104 34 27 146 332 21 1210 54 57 86 306 979 41 33 71 106 41 39 64
internal_value=-6.63507e-05 -0.00897439 -0.0125161 0.0217064 -0.0158466 -0.01332 0.00172491 -0.00574705 0.00447073 -0.0253127 0.00880106 0.00681824 -0.030155 0.0166071 0.0226679 0.0194845 0.0420674 0.0107851 0.0116198 0.011374 0.00972303 0.0394885 -0.0296435 0.0551999 0.030284 -0.0162198 0.034227 0.0201727 0.0398232 0.0672268
internal_weight=2327.88 1651.99 1241.14 675.891 1058.76 894.888 410.847 199.835 131.278 68.5571 211.012 182.38 13.0731 525.262 257.353 221.075 36.2782 267.909 150.924 197.939 262.205 150.628 163.876 37.7878 12.302 31.4555 112.84 32.1352 80.7051 25.4859
internal_count=12520 9358 7153 3162 6203 5148 2205 1093 710 383 1112 950 67 2512 1189 1022 167 1323 775 1045 1296 650 1055 158 53 175 492 147 345 105
is_linear=0
shrinkage=0.05


Tree=11
num_leaves=27
num_cat=0
split_feature=1 4 1 1 2 4 3 1 3 4 0 4 1 0 0 4 2 1 3 3 0 1 1 4 3 4
split_gain=162.477 23.5606 24.8607 21.9263 18.9836 17.5911 13.0173 8.21473 10.1879 8.94762 9.22598 8.1632 7.0317 6.67233 6.43352 6.3432 5.99395 5.66502 5.39817 5.33104 9.61406 6.40647 4.21937 2.33257 1.9524 1.45577
threshold=-0.0011426282237885219 10.866387842213534 0.0015146585251719637 -0.0023876087513422513 -0.0022225967277023635 4.7278835082393735 0.31087069203553758 -0.00048102969980040594 1.7609964015896642 15.883312546621474 39.892878611202242 2.8109166915756636 0.0050526277013649432 14.90544497868318 30.037106563485377 22.659793959474474 -0.012490682221885372 -0.0045387939578740979 1.5733011001972101 0.5581171895812912 62.452001957034234 -0.0011866064742899749 0.0030285705223044306 19.717656057781433 1.3306451756172009 10.252216159603774
decision_type=2 2 2 2 2 2 2 2 2 2 2 2 2 2 2 2 2 2 2 2 2 2 2 2 2 2
left_child=3 2 4 11 6 -6 -2 8 14 10 -9 -1 -11 16 -3 19 -13 -15 -17 20 -5 -21 24 -10 -4 -24
right_child=1 7 22 15 5 -7 -8 9 23 12 -12 13 -14 17 -16 18 -18 -19 -20 21 -22 -23 25 -25 -26 -27
leaf_value=-0.038722331428473269 0.045978840166023237 -0.023462465307262561 -0.021952038791436406 0.029819891206150508 -0.0206348370274099 -0.0053496250592682988 0.0016954444239577785 -0.032395099957892234 -0.0067894431302034167 0.010365320943887216 -0.004185002859743517 0.021795488222981593 -0.015549454880039558 0.038779576464592846 0.03385548564895622 0.012224977153496496 0.069990584268854225 0.023827542556970314 0.075593647139778369 0.0044677602581345063 -0.024859539173488873 0.031881701080098558 -0.040802363062586083 -0.057413966235257165 -0.048966115480308187 -0.013008969448394699
leaf_weight=4.3233256489038459 18.776465341448784 5.5164683312177649 169.76061873137951 60.212846770882607 333.92387074232101 431.42032994329929 142.84506770968437 34.088591143488884 4.9551510065793973 162.93464802205563 193.51166747510433 9.8090994805097598 31.18635419011116 89.989614620804787 43.499149948358536 6.4535326808691007 18.846139222383499 213.98938246071339 7.0127144008874893 237.03677150607109 9.2775785326957685 23.41697496175766 54.467393040657043 4.2073600143194199 6.9628191888332358 5.157535955309867
leaf_count=20 97 28 1046 289 1982 2445 769 188 26 831 1083 42 175 385 222 30 79 970 32 1152 49 114 369 21 42 34
internal_value=-6.8228e-05 -0.00857593 -0.0124213 0.0204794 -0.00873052 -0.0120186 0.00684009 0.000745656 0.0183583 -0.00168408 -0.00841014 0.0295409 0.006202 0.0304282 0.0274046 0.0115882 0.0534927 0.0282539 0.045225 0.0102154 0.0225197 0.0069325 -0.0268968 -0.0300359 -0.0230164 -0.0383982
internal_weight=2323.58 1643.21 1163.31 680.368 926.966 765.344 161.622 479.899 58.1781 421.721 227.6 336.958 194.121 332.634 49.0156 343.41 28.6552 303.979 13.4662 329.944 69.4904 260.454 236.348 9.16251 176.723 59.6249
internal_count=12520 9358 6784 3162 5293 4427 866 2574 297 2277 1271 1496 1006 1476 250 1666 121 1355 62 1604 338 1266 1491 47 1088 403
is_linear=0
shrinkage=0.05


Tree=12
num_leaves=28
num_cat=0
split_feature=1 1 4 1 2 4 3 4 4 1 2 0 2 3 0 3 4 3 3 2 2 4 3 3 0 3 1
split_gain=147.826 36.2537 27.1676 15.5102 20.0117 14.0892 11.5032 8.35682 7.33108 6.77728 6.73635 7.18392 6.53773 8.39775 7.0249 6.39924 6.30649 9.55363 6.51217 5.92117 6.57928 4.30788 4.27822 3.68982 10.0766 4.67214 3.46747
threshold=-0.00042126649244822451 -0.0023876087513422513 15.883312546621474 0.0015146585251719637 -0.0023447126247984613 4.7278835082393735 0.36373722553737392 9.0016011246974674 2.8109166915756636 0.0050526277013649432 -0.010334921399122841 60.277448880976472 -0.0016878173428023222 0.5581171895812912 53.640090723888328 0.91189732458874151 15.199789123855343 1.2997262233013842 1.9478001911749538 0.0094836609506574483 0.0055904014516248166 6.1568882485014296 1.1736628836981813 1.4415766877774638 70.505063783760818 1.1046394985000509 0.003601698017064781
decision_type=2 2 2 2 2 2 2 2 2 2 2 2 2 2 2 2 2 2 2 2 2 2 2 2 2 2 2
left_child=1 8 3 4 6 -6 -2 12 -1 19 -9 -12 14 -14 -3 26 17 -10 -18 20 -4 -17 -21 25 -25 -11 -5
right_child=2 7 9 15 5 -7 -8 10 16 23 11 -13 13 -15 -16 21 18 -19 -20 22 -22 -23 -24 24 -26 -27 -28
leaf_value=-0.037333745727299847 0.043008585499660273 0.0091932318386338321 0.008254106327748062 -0.024902369637410847 -0.022491791508830791 -0.0078202212298730603 0.0017225349215786263 0.058676522624813578 0.030565497074890244 0.00062824077679838946 0.0094869044328951685 0.032729689416234262 0.010594750437817371 -0.0094143373656118516 0.075566679273519011 0.030433132169332973 0.017974686203505511 0.06600981581491111 0.068083676166245471 -0.066758183170028962 0.035303385702066294 -0.015507855591341817 -0.0012470994285217552 0.078517799819750739 -0.021547260607137381 -0.050644182253573325 -0.040810757709608944
leaf_weight=4.2615150213241568 20.311816930770874 147.4287780970335 121.7521053403616 173.75122506916523 264.16773763298988 429.97467888891697 99.609749928116798 8.3509126901626569 176.2361221164465 7.6202348321676316 217.22052523493767 39.252379462122917 80.825126618146896 149.30584700405598 4.0972861796617499 5.359849587082862 131.03254303336143 21.310294985771179 6.8214187771081916 3.9259460121393186 27.571377664804459 106.37316685914993 6.8238495588302612 3.4648874104022971 9.1857300847768766 10.656706795096396 42.663818821310997
leaf_count=20 107 727 614 1092 1605 2432 545 39 770 43 1070 198 430 799 20 33 583 93 30 21 142 645 36 19 52 61 294
internal_value=-6.95426e-05 0.0146076 -0.0109258 -0.0138445 -0.0101453 -0.0134037 0.00871539 0.00765861 0.0278337 0.00652842 0.0144831 0.0130441 0.00292323 -0.00238687 0.010988 -0.0230215 0.0286617 0.034389 0.0204542 0.0106684 0.0132485 -0.0133041 -0.0251725 -0.0148988 0.00585964 -0.0292671 -0.0280385
internal_weight=2319.36 986.143 1333.21 1142.21 814.064 694.142 119.922 646.481 339.662 191.001 264.824 256.473 381.657 230.131 151.526 328.148 335.4 197.546 137.854 160.073 149.323 111.733 10.7498 30.9276 12.6506 18.2769 216.415
internal_count=12520 4779 7741 6753 4689 4037 652 3283 1496 988 1307 1268 1976 1229 747 2064 1476 863 613 813 756 678 57 175 71 104 1386
is_linear=0
shrinkage=0.05


Tree=13
num_leaves=28
num_cat=0
split_feature=1 1 4 1 2 4 3 4 3 1 2 4 2 1 1 3 0 3 1 3 2 3 3 0 3 1 3
split_gain=133.46 32.3049 24.7739 14.4257 18.2125 13.064 10.1449 7.67472 10.0363 12.2134 11.1211 6.58837 6.31435 6.12307 6.61012 6.02319 5.81844 5.39423 5.30788 5.23907 5.09399 4.22972 3.39955 8.79912 4.41205 3.34651 2.96372
threshold=-0.00042126649244822451 -0.0023876087513422513 15.883312546621474 0.0015146585251719637 -0.0023447126247984613 4.7278835082393735 0.31087069203553758 6.6528061125762212 0.72290794353582133 -0.00046287514156329029 0.0064894645536015547 2.8109166915756636 -0.010334921399122841 0.0050526277013649432 -0.0002464864124044896 0.91189732458874151 14.90544497868318 0.79609478060764738 -0.0002284273750193799 0.77348533435204192 -0.012490682221885372 1.6283057739221312 1.4415766877774638 70.505063783760818 1.1046394985000509 0.003601698017064781 0.76842491351656517
decision_type=2 2 2 2 2 2 2 2 2 2 2 2 2 2 2 2 2 2 2 2 2 2 2 2 2 2 2
left_child=1 11 3 4 6 -6 -2 8 10 -10 -3 -1 26 14 -4 25 20 -18 -16 -14 -13 -17 24 -24 -15 -5 -9
right_child=2 7 13 15 5 -7 -8 12 9 -11 -12 16 19 22 18 21 17 -19 -20 -21 -22 -23 23 -25 -26 -27 -28
leaf_value=-0.035998170901739818 0.047344901039263622 0.0092006584872106976 -0.069115293768685873 -0.02402433861632744 -0.021658504337228403 -0.0074614674606869567 0.0028554243328486259 0.074137632637874221 -0.02124123829734904 0.057648718341902973 -0.058074681022792465 0.019280904720710923 -0.0012464596223420909 0.00059662238532400425 0.065278655747722555 -0.010491143602211879 0.034942308980547711 0.020607707552258447 0.009823459585017175 0.013354034132209845 0.063416368507878296 -0.055140156855189852 0.07161230411566287 -0.020716230049822648 -0.049518325094737969 -0.039844240686833059 0.020729199848568677
leaf_weight=4.2002234905958167 14.578431129455565 169.46599461138248 2.5922313332557669 171.16341471672058 260.70465369522572 428.16324862837791 105.84738692641258 5.708451494574545 66.508025467395782 5.2967663258314124 6.3739985376596442 9.9152517467737216 76.386594727635384 7.6228143572807374 4.439503386616706 105.29115951061249 94.598604589700699 214.31200775504112 153.81301578879356 314.02714860439301 19.192011624574661 5.5856862217187873 3.6051950007677069 9.0792714953422529 10.36159063875675 41.542547479271889 4.7663225382566452
leaf_count=20 74 871 13 1092 1605 2432 578 26 358 30 35 42 379 43 22 645 409 946 778 1562 79 33 19 52 61 294 22
internal_value=-7.10475e-05 0.0138087 -0.0104543 -0.013266 -0.00969827 -0.0128344 0.0082412 0.0072502 0.000329786 -0.0154218 0.006762 0.0262378 0.0115252 0.00617797 0.0100819 -0.0221889 0.0270111 0.0249974 0.0113792 0.0104974 0.0483818 -0.0127404 -0.0142963 0.0055255 -0.0282768 -0.027114 0.0498353
internal_weight=2315.14 990.751 1324.39 1132.88 809.294 688.868 120.426 648.533 247.645 71.8048 175.84 342.218 400.889 191.514 160.845 323.583 338.018 308.911 158.253 390.414 29.1073 110.877 30.6689 12.6845 17.9844 212.706 10.4748
internal_count=12520 4779 7741 6753 4689 4037 652 3283 1294 388 906 1496 1989 988 813 2064 1476 1355 800 1941 121 678 175 71 104 1386 48
is_linear=0
shrinkage=0.05


Tree=14
num_leaves=30
num_cat=0
split_feature=1 1 4 1 2 4 3 4 3 1 2 1 3 1 3 1 1 4 2 2 2 4 3 3 1 1 3 3 3
split_gain=120.515 28.8474 22.5866 13.4058 16.5716 12.3127 9.12483 6.87256 9.10072 10.8898 10.2793 6.39358 5.70748 6.85136 5.66475 5.53399 6.10769 5.38318 6.91864 5.11636 5.01719 4.86408 5.23775 3.99869 3.97955 3.22734 3.13198 8.69438 4.16712
threshold=-0.00042126649244822451 -0.0023876087513422513 15.883312546621474 0.0015146585251719637 -0.0023447126247984613 3.8584362017883396 0.36373722553737392 6.6528061125762212 0.72290794353582133 -0.00046287514156329029 0.0064894645536015547 -0.0039712936794550338 1.7795124883851261 -0.0016015485764600543 0.91189732458874151 0.0050526277013649432 -0.0002464864124044896 19.423677511044065 -0.0022225967277023635 -0.010334921399122841 0.0094836609506574483 2.9239433791734197 0.91189732458874151 1.6283057739221312 -0.0074434830450515457 0.003601698017064781 1.4415766877774638 1.6407612332977295 1.1046394985000509
decision_type=2 2 2 2 2 2 2 2 2 2 2 2 2 2 2 2 2 2 2 2 2 2 2 2 2 2 2 2 2
left_child=1 11 3 4 6 -6 -2 8 10 -10 -3 17 19 -14 25 16 -4 24 -19 -9 -18 -13 -23 -16 -1 -5 28 -28 -17
right_child=2 7 15 14 5 -7 -8 12 9 -11 -12 21 13 -15 23 26 20 18 -20 -21 -22 22 -24 -25 -26 -27 27 -29 -30
leaf_value=0.080735705429513235 0.037719453813378739 0.0087029148993878862 -0.067841959270557695 -0.023169069954231097 -0.023141547933569262 -0.0081392779770375501 0.0014898555377878778 0.046543638394360015 -0.020399366574733426 0.053082221748090963 -0.056935434968437421 -0.034632175986042353 0.032112227220633616 -0.029141232053437074 -0.010029596585997086 0.00056660193461992748 0.013087624644133515 0.029381621631594929 -0.014866378763266436 0.011388903396820638 -0.023023856909174814 0.029459040625098722 0.013024451365595236 -0.054103375533234389 0.038095691123341324 -0.038893588335618401 0.052802005688542319 -0.030729420762679469 -0.048428387232184067
leaf_weight=5.8919327706098548 21.042261257767677 170.18139699101448 2.5109030902385703 168.67229956388474 189.00982075929642 494.79647535085678 99.844585657119751 10.648792490363119 65.808336824178696 5.4603607803583136 6.1813667565584174 4.1371051520109168 6.1980641186237362 17.328055500984192 104.64652846753597 7.625264495611197 148.77675247192383 49.487973436713219 10.754080876708029 368.66744311153889 10.283389389514921 85.57346273958683 111.84433132410049 5.4125005006790152 76.758382767438889 40.45787487924099 5.4684877097606641 7.2387245297431946 10.072441801428793
leaf_count=24 107 871 13 1092 1182 2855 545 48 358 30 35 20 29 87 645 43 745 209 49 1825 55 374 502 33 318 294 30 41 61
internal_value=-7.20784e-05 0.0130597 -0.010001 -0.0127084 -0.00926913 -0.012286 0.00779619 0.00686416 0.000309069 -0.0147695 0.00640235 0.0247596 0.0108937 -0.0130037 -0.0213789 0.00584896 0.00953157 0.03285 0.0214827 0.0123758 0.010753 0.0190238 0.0201483 -0.0121971 0.0411354 -0.0262111 -0.0137204 0.00521793 -0.0273183
internal_weight=2310.78 994.921 1315.86 1123.88 804.693 683.806 120.887 650.474 247.631 71.2687 176.363 344.447 402.842 23.5261 319.189 191.976 161.571 142.892 60.2421 379.316 159.06 201.555 197.418 110.059 82.6503 209.13 30.4049 12.7072 17.6977
internal_count=12520 4779 7741 6753 4689 4037 652 3283 1294 388 906 1496 1989 116 2064 988 813 600 258 1873 800 896 876 678 342 1386 175 71 104
is_linear=0
shrinkage=0.05


Tree=15
num_leaves=31
num_cat=0
split_feature=1 1 4 1 2 4 1 1 4 3 2 0 1 0 3 0 1 1 2 4 2 3 2 4 2 3 3 3 1 1
split_gain=108.855 26.0076 20.585 12.5658 12.7866 10.7162 9.08475 7.44206 7.34606 6.8772 6.46579 12.0879 6.20002 5.63858 9.32205 8.00984 5.16822 5.10731 4.95424 4.80075 6.19548 4.3671 4.21607 4.07792 3.74432 3.7216 3.5863 3.94974 2.94144 0.001551
threshold=-0.00042126649244822451 -0.0020689429815602951 15.883312546621474 0.0024030021964477348 -0.0023447126247984613 3.8584362017883396 -5.9660192092580992e-05 -0.0039712936794550338 9.0016011246974674 1.7795124883851261 -0.0014410975231327614 52.538692021574214 -0.00044810955120544444 55.158607591087566 1.2489667196258591 41.431913295217051 0.0023279076534171721 -0.00024125764385202195 -0.0034047608737280961 19.423677511044065 -0.0022225967277023635 1.7609964015896642 -0.010334921399122841 10.252216159603774 -0.0029167676016449979 0.90685375992902484 1.7997152300789723 1.3482701009333911 0.0033470538869051496 0.0031861276712844559
decision_type=2 2 2 2 2 2 2 2 2 2 2 2 2 2 2 2 2 2 2 2 2 2 2 2 2 2 2 2 2 2
left_child=1 7 3 4 6 -6 -2 19 10 22 11 -3 -12 15 -15 -9 17 -4 29 25 -21 -19 -10 -20 -11 -1 27 -18 -28 -5
right_child=2 8 16 18 5 -7 -8 13 9 24 12 -13 -14 14 -16 -17 26 21 23 20 -22 -23 -24 -25 -26 -27 28 -29 -30 -31
leaf_value=0.027980932609749012 0.029027430228034182 0.0060847470664229944 -0.042039883431982873 -0.060168528868181949 -0.022454522935564117 -0.0092023805204261618 -0.0025496879352881851 0.020321957910332051 0.051023628775802521 -0.051778984812691879 -0.0063329300509422318 0.081124004107831937 0.046053679331169523 0.044220110266866869 -0.030754573101046463 0.00058225191838050694 -0.0088815721822116771 0.01116314953149374 -0.029944356547073177 0.02773965155031672 -0.014195809646356881 0.039330045276605503 0.013675942985905768 -0.012516531506741202 -0.0025569514761824741 0.049143292478060541 0.0094441749144867967 0.01247455103899626 -0.03865166325559348 -0.058910157896627617
leaf_weight=40.506440013647079 28.455727070569992 139.01759253442287 3.8597284555435172 4.1902580112218839 202.43973559141159 618.98940292000771 114.14894983172417 165.29919764399529 7.8515921235084525 5.3136637508869198 198.16543678939342 5.5822730213403693 5.8136655390262595 33.340957000851631 4.7346904724836341 74.575511902570724 43.449120357632637 69.46065665781498 86.133425489068031 49.788373798131943 10.700371116399763 17.161013543605804 201.05285774171352 54.997433260083199 14.158060938119887 42.648817852139473 4.5049579292535773 43.153072729706764 10.80021959543228 5.8916504979133606
leaf_count=166 143 690 20 30 1287 3632 636 730 35 26 1070 27 32 147 22 340 236 341 617 209 49 82 989 362 71 176 23 227 59 46
internal_value=-7.27789e-05 0.0123582 -0.00956543 -0.012171 -0.0100691 -0.0124683 0.0037513 0.0217979 0.00546036 0.0124307 0.000893674 0.00898164 -0.00483984 0.0170223 0.034897 0.014185 0.00553878 0.0142359 -0.0255718 0.0310387 0.0203213 0.0167434 0.0150796 -0.0231529 -0.0159892 0.0388347 -0.00218318 0.00175999 -0.024495 -0.0594332
internal_weight=2306.18 998.55 1307.64 1115.25 964.034 821.429 142.605 421.594 576.955 228.376 348.579 144.6 203.979 277.95 38.0756 239.875 192.389 90.4814 151.213 143.644 60.4887 86.6217 208.904 141.131 19.4717 83.1553 101.907 86.6022 15.3052 10.0819
internal_count=12520 4779 7741 6753 5698 4919 779 1839 2940 1121 1819 717 1102 1239 169 1070 988 443 1055 600 258 423 1024 979 97 342 545 463 82 76
is_linear=0
shrinkage=0.05


Tree=16
num_leaves=31
num_cat=0
split_feature=1 4 1 1 3 4 3 1 0 0 2 0 0 3 3 4 2 4 0 4 3 1 2 3 1 3 3 4 3 1
split_gain=98.4756 16.4553 17.7045 13.9813 11.3239 14.0561 11.2952 6.13992 6.31161 7.36559 5.91575 5.80792 5.22464 8.60221 6.63637 11.629 9.66735 4.65587 4.32218 3.9971 4.24872 3.63595 2.46208 6.09835 3.08959 2.25527 2.00334 1.43713 0.811255 0.698913
threshold=-0.0011426282237885219 10.866387842213534 0.0015146585251719637 -0.003790145269659428 1.2568081345612481 4.7278835082393735 1.8915614228912268 0.0022212786903836883 41.25511043752666 36.0168983436972 -0.0025908945456065697 85.286157414252969 39.407322067370302 0.2941930722008223 0.45931100877595965 9.9853469292866368 0.0046306175282784254 38.442517660526541 35.728228011432421 10.943999855778275 0.82573328978355931 0.0030285705223044306 -0.0037394313327912538 1.5733011001972101 -0.0041262987831476852 0.43519534899471018 1.3306451756172009 10.252216159603774 1.6670395129626574 -0.0045387939578740979
decision_type=2 2 2 2 2 2 2 2 2 2 2 2 2 2 2 2 2 2 2 2 2 2 2 2 2 2 2 2 2 2
left_child=3 2 4 19 5 -2 -6 8 9 -3 -10 17 13 -5 16 -16 -14 -9 -15 20 25 26 24 -24 -21 -1 -4 -23 -13 -22
right_child=1 7 21 12 6 -7 -8 11 10 -11 -12 28 14 18 15 -17 -18 -19 -20 22 29 27 23 -25 -26 -27 -28 -29 -30 -31
leaf_value=0.057410437267321937 -0.012814047952775721 0.0051784132861668756 -0.018160847157615678 -0.034019860210724687 -0.029144673712501706 0.00033982970553269622 0.061731085673005351 -0.0064211670397246057 0.038442181372508141 -0.025226638073834941 0.007046704146631751 -0.061278121043541134 0.035280694533123734 0.015465006242794704 -0.0085044403159308703 0.013791153295556713 -0.031250985702625585 0.042464923060163001 0.032541283860828975 0.032124975215303241 0.055951137025701508 -0.036809041483226543 0.025196260687225188 -0.023847351880920704 0.0013333497928707833 0.023394269854990688 -0.046488067406469887 -0.008116449123373894 -0.028294361197514519 0.079970658221875449
leaf_weight=6.4072035700082806 358.67642915248871 50.531250908970833 159.68443498015404 8.0463916063308698 76.346832931041718 468.20925311744213 3.5796301066875449 150.76807247847319 16.133439034223557 32.878604456782341 214.38622739911079 4.907978579401969 36.125107958912849 209.1793929040432 106.17678385972977 130.20663651823997 6.4321272224187842 5.0330492556095114 45.033409848809242 74.623279914259911 6.4782572388648987 48.812172435224056 24.891694828867912 8.5039972662925702 9.1449469178915006 20.345373019576073 6.4953418374061576 4.7926234230399123 3.0060027241706848 5.6873483061790449
leaf_count=26 2181 257 1046 39 452 2639 21 872 80 172 1113 33 168 944 513 608 33 27 207 306 26 369 106 41 39 83 42 34 20 23
internal_value=-7.29395e-05 -0.00689155 -0.0101888 0.0156147 -0.00710303 -0.0053659 -0.0250747 0.00088558 0.00497939 -0.00680669 0.00924399 -0.00696444 0.0118125 0.016879 0.00704893 0.0037766 0.0252251 -0.00484194 0.01849 0.0287985 0.0426817 -0.0229206 0.024187 0.0127076 0.0287635 0.0315411 -0.0192681 -0.0342437 -0.0487498 0.0671801
internal_weight=2301.52 1604.24 1126.6 697.282 906.812 826.886 79.9265 477.645 313.93 83.4099 230.52 163.715 541.2 262.259 278.941 236.383 42.5572 155.801 254.213 156.082 38.9182 219.785 117.164 33.3957 83.7682 26.7526 166.18 53.6048 7.91398 12.1656
internal_count=12520 9358 6784 3162 5293 4820 473 2574 1622 429 1193 952 2512 1190 1322 1121 201 899 1151 650 158 1491 492 147 345 109 1088 403 53 49
is_linear=0
shrinkage=0.05


Tree=17
num_leaves=24
num_cat=0
split_feature=1 1 4 1 2 4 3 2 4 3 3 4 3 1 1 4 3 3 4 4 1 0 1
split_gain=90.4442 20.9145 18.0282 11.0484 13.5805 10.1182 8.20343 5.59409 5.29185 8.73574 7.34072 5.13593 5.09137 4.91381 5.55154 4.85614 8.52089 5.75392 4.04501 3.87986 3.74357 3.32329 2.9704
threshold=-0.00042126649244822451 -0.0023876087513422513 15.883312546621474 0.0015146585251719637 -0.0023447126247984613 3.8584362017883396 0.36373722553737392 0.0081329746114553476 5.331407523785038 0.55237243233656996 0.70903579906989089 2.8109166915756636 0.91189732458874151 -0.0002464864124044896 0.0023279076534171721 15.199789123855343 1.2997262233013842 0.934039258335703 6.1568882485014296 8.5225071497052625 -0.0002284273750193799 86.337164739191223 0.003601698017064781
decision_type=2 2 2 2 2 2 2 2 2 2 2 2 2 2 2 2 2 2 2 2 2 2 2
left_child=1 11 3 4 6 -6 -2 8 10 -10 -3 -1 22 -4 20 16 -13 -17 -14 -9 -15 -16 -5
right_child=2 7 13 12 5 -7 -8 19 9 -11 -12 15 18 14 21 17 -18 -19 -20 -21 -22 -23 -24
leaf_value=-0.034440411709023358 0.035355145251473992 0.0045476549409873288 -0.066058009216620639 -0.021085146390321542 -0.020993146588075075 -0.0071937610780185863 0.0012236642791388693 -0.06456734603879187 0.03171437755135157 0.0071642358280621411 -0.020192053717117665 0.023119124520525294 0.032133288532573995 0.059323506369648421 -2.9539773530725055e-06 0.04418366391863434 0.056058788445820344 0.011181652758639445 -0.012742477327052363 -0.0014252620073104949 0.012928784453650345 -0.047460595304998202 -0.03662444120705146
leaf_weight=4.1171690076589575 21.362994790077209 132.91271878778934 2.3826962560415259 162.59439129382372 182.3756063580513 489.06201878190041 100.06492467224598 4.6700614094734174 39.538525685667992 433.72046841681004 38.718596220016479 181.47933651506901 5.2809529751539221 4.5847637206315985 97.624540746212006 14.744283318519591 22.014614135026932 126.72277633845806 102.2184474915266 5.0785181224346161 84.191522061824799 3.8337584882974616 37.926965467631817
leaf_count=20 107 684 13 1092 1182 2855 545 27 191 2135 221 770 33 22 518 62 93 551 645 25 408 27 294
internal_value=-7.26939e-05 0.0111899 -0.00881208 -0.0112812 -0.00815913 -0.0109419 0.00722847 0.00591941 0.00648769 0.00921528 -0.00103342 0.0210737 -0.0193175 0.00529984 0.0061936 0.0217363 0.0266826 0.0146213 -0.0105379 -0.0316735 0.0153248 -0.00179621 -0.0240243
internal_weight=2297.22 1003.72 1293.5 1100.89 792.866 671.438 121.428 654.639 644.89 473.259 171.631 349.078 308.021 192.617 190.235 344.961 203.494 141.467 107.499 9.74858 88.7763 101.458 200.521
internal_count=12520 4779 7741 6753 4689 4037 652 3283 3231 2326 905 1496 2064 988 975 1476 863 613 678 52 430 545 1386
is_linear=0
shrinkage=0.05


Tree=18
num_leaves=29
num_cat=0
split_feature=1 1 4 1 2 4 1 1 4 3 0 2 0 3 2 1 1 1 2 2 4 2 2 1 2 3 3 2
split_gain=81.7116 18.8756 16.4184 10.4387 9.22939 9.1833 8.75873 5.8831 5.83015 6.16686 5.40855 8.74196 5.32261 8.34346 6.80175 4.5723 4.96841 4.02225 3.9605 5.21509 3.8563 5.26347 3.63315 3.56034 3.46423 3.27161 2.84043 0.00244423
threshold=-0.00042126649244822451 -0.0020689429815602951 15.883312546621474 0.0030285705223044306 -0.0023447126247984613 3.8584362017883396 -5.9660192092580992e-05 -0.0039712936794550338 9.0016011246974674 1.7795124883851261 60.654463776651959 0.0024418059239157412 55.158607591087566 1.2489667196258591 0.0012337942081556144 -0.0002464864124044896 0.0023279076534171721 -0.00072635895863970557 -0.0019263340547848171 -0.0010755503209334825 19.423677511044065 -0.0022225967277023635 0.0086260418104457965 -0.0074434830450515457 -0.0029167676016449979 1.7997152300789723 0.72752140363181172 -0.0029167676016449979
decision_type=2 2 2 2 2 2 2 2 2 2 2 2 2 2 2 2 2 2 2 2 2 2 2 2 2 2 2 2
left_child=1 7 3 4 6 -6 -2 20 10 17 11 -3 14 -14 -9 -4 22 -10 27 -20 23 -22 -17 -1 -11 -18 -12 -5
right_child=2 8 15 18 5 -7 -8 12 9 24 26 -13 13 -15 -16 16 25 -19 19 -21 21 -23 -24 -25 -26 -27 -28 -29
leaf_value=0.070898448038538786 0.02686798005843466 0.0018252228968656506 -0.065034009268380127 -0.058124670987618525 -0.020769812572659509 -0.0085093415505257588 -0.0038170881577011956 0.013657550804960339 0.0096959193169455626 -0.05082697767993858 -0.0046541773329185042 0.049911952885053693 0.040273829991273789 -0.030626465526214244 -0.022775151287565933 0.016867823520403162 0.0020382234399764763 0.026325369819524741 0.041197772309073316 -0.026343197930076518 0.023964102412317959 -0.014639003624290232 -0.027844043525197423 0.030858826920978001 -0.0032557155704260789 -0.023243597829776665 -0.027343231430368011 -0.059892452492609896
leaf_weight=5.9773306250572196 28.876040071249008 280.3664156794548 2.3012668043375006 6.2159904092550278 198.81137637794018 658.93179774284363 119.47898063063622 229.50878264009953 164.83458323776722 5.2331245392560986 36.690018236637115 9.7811769992113096 33.918850466609001 4.7278184890747061 13.568201288580893 84.530229404568672 86.316328167915344 46.654451534152031 2.9712288603186598 75.018970347940922 50.372854396700859 10.707033067941664 4.8014298677444449 78.02891694009304 14.242724195122717 15.023551419377325 22.104447036981583 2.8527344390749914
leaf_count=24 143 1444 13 52 1312 3967 678 1008 789 26 202 51 147 22 62 406 463 235 22 558 209 49 24 318 71 82 122 21
internal_value=-7.22678e-05 0.0105965 -0.00842321 -0.0107968 -0.0093595 -0.0113511 0.0021555 0.0185769 0.00472287 0.0108851 0.000644118 0.00344628 0.0143643 0.0316003 0.0116239 0.00502257 0.0058681 0.0133644 -0.0274066 -0.0237701 0.026757 0.0171971 0.0144646 0.0337078 -0.016038 -0.00170979 -0.0131844 -0.0586808
internal_weight=2292.85 1006.72 1286.13 1093.16 1006.1 857.743 148.355 426.81 579.907 230.965 348.942 290.148 281.724 38.6467 243.077 192.973 190.672 211.489 87.0589 77.9902 145.086 61.0799 89.3317 84.0062 19.4758 101.34 58.7945 9.06872
internal_count=12520 4779 7741 6753 6100 5279 821 1839 2940 1121 1819 1495 1239 169 1070 988 975 1024 653 580 600 258 430 342 97 545 324 73
is_linear=0
shrinkage=0.05


Tree=19
num_leaves=29
num_cat=0
split_feature=1 1 4 1 2 4 3 3 1 3 4 2 4 4 3 1 1 2 3 1 1 3 4 3 3 3 1 4
split_gain=73.8299 17.1012 14.9467 9.94376 11.3607 9.02242 7.30291 4.77914 4.52737 9.75389 7.14874 6.49992 6.80282 6.2443 4.51233 4.26567 4.67113 4.03059 3.87969 3.5548 4.18059 3.44306 3.38676 2.90095 7.51721 3.92837 2.71893 2.24065
threshold=-0.00042126649244822451 -0.0032359807437669637 15.883312546621474 0.0015146585251719637 -0.0023447126247984613 4.8612629388619855 0.31087069203553758 0.91189732458874151 -0.0015491612410729603 0.56626364967256371 7.7780195776485224 0.0063419750782440784 1.907900217998681 8.9063600714602895 0.844414453294417 0.0050526277013649432 -0.0002464864124044896 0.0094836609506574483 1.6283057739221312 -0.0033320233626930591 -0.003790145269659428 0.44453668328086898 10.943999855778275 1.4415766877774638 1.7055111965502572 1.1046394985000509 0.003601698017064781 8.087233521781636
decision_type=2 2 2 2 2 2 2 2 2 2 2 2 2 2 2 2 2 2 2 2 2 2 2 2 2 2 2 2
left_child=1 19 3 4 6 -6 -2 26 9 13 -11 12 -10 -3 -13 16 -4 -18 -9 20 22 -22 -1 25 -25 -17 -5 -21
right_child=2 8 15 7 5 -7 -8 18 11 10 -12 14 -14 -15 -16 23 17 -19 -20 27 21 -23 -24 24 -26 -27 -28 -29
leaf_value=0.037622346722098798 0.038922824942578413 0.0223241612469436 -0.06408961629613906 -0.019870118567219822 -0.017301658172107878 -0.005316933666627572 0.0020200675092541527 -0.007352779382900407 -0.028811165509559117 -0.0085156719588455835 0.01093222832971009 -0.044395722707093056 0.0056522943574293747 0.071013370783306731 0.017066743394815544 0.0010118065277430316 0.010971099961241683 -0.021669583906276171 -0.052185775618948133 0.022663312894997092 -0.033788401838990206 0.01225091048476255 0.020651482363815657 0.036027399079403923 -0.043354800117489323 -0.047041389912028338 -0.035041941477546183 0.067086928446369973
leaf_weight=39.128793835639954 15.334627121686934 65.238472580909729 2.2204662114381781 159.1941202506423 255.85223412513733 406.61224749684334 106.62960547208786 100.88060669600964 14.828031048178671 60.710471406579018 213.16026359796524 11.50667394697666 417.06272625923157 7.3243364244699469 4.0328037440776816 7.5868674069643083 151.12259908020496 10.089229211211203 5.0679081827402106 4.7499640882015211 4.4982234686613074 41.77436563372612 118.21146865189075 7.7840429693460447 4.8345534801483154 9.6791470497846586 36.255197606980801 7.0535350888967514
leaf_count=158 74 292 13 1092 1676 2361 578 645 82 283 969 64 2137 32 20 43 745 55 33 20 20 180 492 42 29 61 294 30
internal_value=-7.16695e-05 0.0100388 -0.00804912 -0.0103297 -0.00736374 -0.00994559 0.00665987 -0.0180488 0.00664846 0.0109396 0.0066211 0.00332594 0.00446907 0.0272387 -0.028445 0.00476025 0.00793627 0.00892833 -0.00949731 0.0225331 0.0209866 0.00777536 0.0248719 -0.0126087 0.00561376 -0.0259263 -0.0226844 0.04921
internal_weight=2288.42 1009.28 1279.14 1085.83 784.429 662.464 121.964 301.398 793.864 346.434 273.871 447.43 431.891 72.5628 15.5395 193.317 163.432 161.212 105.949 215.416 203.613 46.2726 157.34 29.8846 12.6186 17.266 195.449 11.8035
internal_count=12520 4779 7741 6753 4689 4037 652 2064 3879 1576 1252 2303 2219 324 84 988 813 800 678 900 850 200 650 175 71 104 1386 50
is_linear=0
shrinkage=0.05


Tree=20
num_leaves=22
num_cat=0
split_feature=1 1 4 1 2 4 1 2 4 2 3 4 4 3 1 1 0 3 3 0 1
split_gain=66.7195 15.4334 13.5995 9.32857 8.68729 7.788 7.01953 5.00797 4.95502 5.93162 4.61038 8.0743 6.02664 4.552 3.97152 4.48536 4.07059 3.69897 3.64584 1.04458 0.00241302
threshold=-0.00042126649244822451 -0.0023876087513422513 15.883312546621474 0.0024030021964477348 -0.0023447126247984613 3.8584362017883396 -0.0002345097613425384 -0.0034047608737280961 26.693108694605101 0.0067589729838178911 1.9478001911749538 2.5646626393832057 15.199789123855343 1.7795124883851261 -0.0002464864124044896 -0.0002284273750193799 64.417358752385397 0.5581171895812912 0.74492400231623901 44.895907113125325 0.0031861276712844559
decision_type=2 2 2 2 2 2 2 2 2 2 2 2 2 2 2 2 2 2 2 2 2
left_child=1 10 3 4 6 -6 -2 20 9 13 11 -1 -13 -3 -4 -16 -17 -9 -11 -10 -5
right_child=2 8 14 7 5 -7 -8 17 19 18 -12 12 -14 -15 15 16 -18 -19 -20 -21 -22
leaf_value=-0.056760654650445053 0.035634486992710199 0.0060245137728460775 -0.063216921581090005 -0.059000672447980233 -0.018928096004501616 -0.0073415018595740225 -0.00052627813185689176 -0.034003643794129255 0.057427414293412374 -0.040309772825650653 0.057083329147529886 0.023302470041636839 0.0097322135393215353 -0.018393695823193605 0.053335041545261697 0.009691038377890978 -0.0056117157985958446 -0.014608218747836858 0.0087668139603580345 0.024025723184581169 -0.057343505296386758
leaf_weight=3.6590753495693198 14.993343904614447 612.64741069078445 2.1405874490737906 3.8515002653002721 190.81611229479313 604.40176910161972 127.94475100934505 32.718832269310951 4.7884482592344266 11.690375044941904 7.3705353885889044 205.89158058166504 135.76629239320755 19.699695944786072 4.7334103882312766 117.88143855333328 68.831430464982986 98.851043552160263 5.5957386493682852 4.5790233612060547 5.112697996199131
leaf_count=18 73 3048 13 30 1287 3632 706 266 21 66 31 864 583 100 22 584 369 713 27 21 46
internal_value=-7.10611e-05 0.00951233 -0.00769157 -0.0098815 -0.00808187 -0.0101218 0.00326677 -0.0218952 0.00499449 0.00447387 0.0179539 0.0171188 0.01791 0.00526381 0.00451098 0.00526825 0.0040497 -0.0194315 -0.024423 0.0410999 -0.0580555
internal_weight=2283.97 1011.69 1272.28 1078.69 938.156 795.218 142.938 140.534 659.001 649.633 352.687 345.317 341.658 632.347 193.587 191.446 186.713 131.57 17.2861 9.36747 8.9642
internal_count=12520 4779 7741 6753 5698 4919 779 1055 3283 3241 1496 1465 1447 3148 988 975 953 979 93 42 76
is_linear=0
shrinkage=0.05


Tree=21
num_leaves=28
num_cat=0
split_feature=1 1 4 0 1 2 2 3 3 4 1 2 2 1 1 2 1 1 4 4 3 0 3 3 0 3 3
split_gain=60.2851 14.3847 12.3747 9.16672 7.9056 6.62644 5.62725 4.18687 6.03412 8.55292 7.01021 6.02066 11.8586 3.74822 4.05044 3.51649 3.09312 3.79474 3.09998 2.92641 2.70488 7.07106 3.68008 1.96326 1.41655 1.22809 1.49585
threshold=-0.00042126649244822451 -0.0032359807437669637 15.883312546621474 88.341932834626718 0.0022910967319862423 -0.0023447126247984613 -0.0034784698304791135 0.22094213942064744 0.5581171895812912 3.8584362017883396 -0.0016462813972197841 -0.00088033687329736033 -0.0043471734953067767 0.0050526277013649432 -0.0002464864124044896 0.0094836609506574483 -0.0033320233626930591 -0.003790145269659428 9.7265007909671919 10.943999855778275 1.4415766877774638 70.505063783760818 1.1046394985000509 0.7777312739094463 54.370397813546695 1.0433220893010153 0.32781101408370666
decision_type=2 2 2 2 2 2 2 2 2 2 2 2 2 2 2 2 2 2 2 2 2 2 2 2 2 2 2
left_child=1 16 3 4 5 -2 -6 11 10 -10 -9 12 -3 14 -4 -16 17 19 -19 -1 22 -22 -15 -18 -13 26 -5
right_child=2 7 13 25 6 -7 -8 8 9 -11 -12 24 -14 20 15 -17 23 18 -20 -21 21 -23 -24 -25 -26 -27 -28
leaf_value=0.034542527422677015 0.0029321565189643468 -0.046702128444865959 -0.062409015755980901 -0.014329612388245108 -0.057820390601103215 -0.0088410182202845362 -0.016954467671159098 0.028926295995917662 -0.024142769281883126 0.0055103109830193734 0.0069756659930232286 -0.015855875577383712 0.070234086384862768 0.00075477641777057505 0.0099968795916966988 -0.020674083983647645 0.020363850376866437 -0.012105782477840657 0.015424826818613395 0.01878623765613819 0.062524725097208411 -0.019094638608269963 -0.046017009671686433 0.061700202862101476 -0.052951339207745474 -0.016536601639850258 -0.051696730609546639
leaf_weight=39.190774992108345 141.93127021193504 4.1220864951610565 2.0618773847818366 3.2087180092930856 8.9621136635541898 756.8390291929245 140.27373570203781 58.823388338088989 25.348095878958702 597.96408443152905 95.301697507500648 3.8965384215116483 4.573700353503229 7.607433468103415 152.24959722161293 9.9564780294895154 4.7898511588573438 15.17119976878166 31.36352676153183 118.79849715530872 3.7946961075067511 8.8246667087078077 9.4049604982137662 7.1756949424743652 7.5795794576406479 4.5032186210155478 16.199481166899204
leaf_count=158 771 20 13 22 78 4694 1045 256 144 2882 492 21 22 43 745 55 20 65 135 492 19 52 61 30 42 31 112
internal_value=-6.9904e-05 0.00901376 -0.0073472 -0.00944982 -0.0087514 -0.00698183 -0.0194086 0.00591131 0.00649484 0.00430442 0.0153533 -0.0165781 0.0148025 0.0042765 0.00722904 0.00811424 0.0204441 0.0189985 0.00644933 0.0226947 -0.0120913 0.00544865 -0.0251021 0.0451531 -0.0403561 -0.0400607 -0.0455189
internal_weight=2279.92 1014.1 1265.82 1071.92 1048.01 898.77 149.236 797.609 777.437 623.312 154.125 20.1719 8.69579 193.9 164.268 162.206 216.49 204.524 46.5347 157.989 29.6318 12.6194 17.0124 11.9655 11.4761 23.9114 19.4082
internal_count=12520 4779 7741 6753 6588 5465 1123 3879 3774 3026 748 105 42 988 813 800 900 850 200 650 175 71 104 50 63 165 134
is_linear=0
shrinkage=0.05


Tree=22
num_leaves=24
num_cat=0
split_feature=1 1 4 0 1 2 2 3 2 2 3 4 1 1 1 0 4 4 4 2 0 3 3
split_gain=54.4776 12.9494 11.2492 8.6067 7.4589 8.07465 4.87623 3.80123 5.55166 10.5506 5.40092 7.7846 6.2516 3.46336 3.91088 3.41008 2.98177 4.40853 4.82971 3.91402 1.35691 1.18663 1.4544
threshold=-0.00042126649244822451 -0.0032359807437669637 15.883312546621474 88.341932834626718 0.0015146585251719637 -0.0023447126247984613 -0.0034784698304791135 0.22094213942064744 -0.00088033687329736033 -0.0043471734953067767 0.5581171895812912 3.8584362017883396 -0.0016462813972197841 -0.0002464864124044896 -0.0002284273750193799 61.809702222528919 5.0934975805845424 6.0397775593451373 6.940572685853688 -0.0036378402579030906 54.370397813546695 1.0433220893010153 0.32781101408370666
decision_type=2 2 2 2 2 2 2 2 2 2 2 2 2 2 2 2 2 2 2 2 2 2 2
left_child=1 16 3 4 5 -2 -6 8 9 -3 12 -12 -9 -4 -15 -16 19 -18 -19 -1 -10 22 -5
right_child=2 7 13 21 6 -7 -8 10 20 -11 11 -13 -14 14 15 -17 17 18 -20 -21 -22 -23 -24
leaf_value=-0.034998675969019788 0.0059456660679609811 -0.045271545936110741 -0.06165982859758086 -0.013742007125037176 -0.038146275118950017 -0.0080560123794985034 -0.013444292869249093 0.027274507346324112 -0.015185267246017689 0.064912901180151902 -0.023240909274296877 0.005223155273284855 0.0066050483687301216 0.049121005804792395 0.0093493879018530183 -0.0043124007617323127 0.066524003407880603 -0.016891700150894719 0.021184432972488128 0.026013271927420308 -0.051758987441070395 -0.015882488119873108 -0.05083283680855525
leaf_weight=5.634454146027565 122.671256929636 4.0417896062135696 1.9845423698425282 3.1793913543224397 21.663281358778477 641.08469907939434 256.87179341167212 59.255008384585381 3.8659822493791562 4.6978095471858996 25.023563146591187 599.26242120563984 95.608631372451782 4.8373235166072837 108.27909585833549 79.002139657735825 5.1191829442977896 8.7047157287597638 192.5844501554966 4.9274834692478162 7.3717854171991348 4.4554905444383612 15.664670452475546
leaf_count=24 652 20 13 22 157 3973 1806 256 21 22 144 2882 492 22 531 422 21 36 798 21 42 31 112
internal_value=-6.88885e-05 0.00854457 -0.0070167 -0.00903329 -0.00836144 -0.00580712 -0.0153655 0.0056034 -0.0159326 0.0139561 0.00615558 0.00408222 0.0145137 0.00405404 0.00473285 0.00358634 0.0193772 0.0207032 0.0195378 -0.00653464 -0.039177 -0.0390881 -0.0445748
internal_weight=2275.79 1016.1 1259.69 1065.59 1042.29 763.756 278.535 799.127 19.9774 8.7396 779.15 624.286 154.864 194.103 192.119 187.281 216.97 206.408 201.289 10.5619 11.2378 23.2996 18.8441
internal_count=12520 4779 7741 6753 6588 4625 1963 3879 105 42 3774 3026 748 988 975 953 900 855 834 45 63 165 134
is_linear=0
shrinkage=0.05


Tree=23
num_leaves=26
num_cat=0
split_feature=1 1 0 4 1 3 3 4 3 3 0 4 0 2 1 1 1 1 4 3 4 2 3 3 1
split_gain=49.2245 11.6515 10.6032 10.1317 6.99248 6.44882 5.41255 3.80114 10.7877 8.62228 8.04866 6.90411 5.64112 4.8621 3.30809 3.34552 2.78162 3.42097 2.79693 2.74445 1.7579 1.41037 1.07422 1.43027 0.0073373
threshold=-0.00042126649244822451 -0.0032359807437669637 88.341932834626718 15.883312546621474 0.0022910967319862423 0.35083175751397294 0.5581171895812912 9.9853469292866368 0.95283673896567767 0.89500081406163634 29.024539331719605 10.313568133035501 35.728228011432421 -0.004538003929533573 -0.0002464864124044896 -0.0002284273750193799 -0.0033320233626930591 -0.003790145269659428 10.943999855778275 0.44453668328086898 8.087233521781636 0.013121702587211572 0.43013217140752835 0.7045786999030349 0.0025388565454558258
decision_type=2 2 2 2 2 2 2 2 2 2 2 2 2 2 2 2 2 2 2 2 2 2 2 2 2
left_child=1 16 3 4 5 -2 -6 10 9 -9 13 -10 -12 -3 -5 -16 17 18 -1 -19 -18 22 -4 -24 -23
right_child=2 7 21 14 6 -7 -8 8 11 -11 12 -13 -14 -15 15 -17 20 19 -20 -21 -22 24 23 -25 -26
leaf_value=0.032093946030820428 0.0058603201930354587 0.006751026321822522 -0.0023367880168675813 -0.060964013976835429 -0.034770759319988853 -0.0078109537746845342 -0.012557497143527226 0.018444989594623314 0.052513803183739674 0.063237555840867057 -0.013354157815523356 0.0029357742703623982 0.0022319656098386989 0.029860114040570963 0.045900484569618857 0.0041067782928454165 0.018251115070007488 -0.032371516140284808 0.016695159047464075 0.0090247818165449748 0.057192545744462399 -0.061627604327693201 -0.053217835664109939 -0.023936466517988954 -0.05812318034050689
leaf_weight=39.157334864139557 96.766872525215149 59.60748265683651 2.629442557692534 1.9087527990341175 36.627614438533783 794.31937921047211 109.12583900243044 58.775455981492996 7.2477077394723883 13.146708250045775 70.501797705888748 225.62054528295994 328.79275724291801 36.822011828422546 4.9157726168632498 184.66886523365974 4.8188332021236402 4.4213651716709128 119.41901817917824 42.393468633294106 7.2707657516002655 2.8785754293203345 7.3850853890180614 9.5804941952228528 3.104474276304245
leaf_count=158 617 274 20 13 312 4848 811 269 35 61 342 1047 1672 179 22 931 20 20 492 180 30 19 54 68 26
internal_value=-6.75505e-05 0.00810065 -0.00669895 -0.00603546 -0.00798699 -0.00632633 -0.0181397 0.00531251 0.00970652 0.0266327 0.00261089 0.00447882 -0.000520012 0.0155753 0.00453105 0.00519045 0.0183634 0.0169915 0.0204976 0.00511516 0.0416708 -0.0385614 -0.0320738 -0.0366826 -0.0598092
internal_weight=2271.91 1018 1253.91 1228.33 1036.84 891.086 145.753 800.514 304.79 71.9222 495.724 232.868 399.295 96.4295 191.493 189.585 217.481 205.391 158.576 46.8148 12.0896 25.5781 19.595 16.9656 5.98305
internal_count=12520 4779 7741 7554 6588 5465 1123 3879 1412 330 2467 1082 2014 453 966 953 900 850 650 200 50 187 142 122 45
is_linear=0
shrinkage=0.05


Tree=24
num_leaves=27
num_cat=0
split_feature=1 4 1 3 3 4 1 0 0 1 1 0 4 4 2 4 4 3 2 3 4 3 1 4 4 4
split_gain=44.9538 10.2656 10.8227 10.7853 10.2715 9.93426 6.83191 4.61638 5.04878 5.5779 5.23454 4.22982 4.20142 8.47674 4.30287 3.67493 2.99217 5.27772 6.37655 3.78492 4.54881 3.55032 2.81928 2.13334 1.4775 0.786375
threshold=-0.0011426282237885219 10.866387842213534 0.0015146585251719637 1.2568081345612481 1.8631794431779265 4.7278835082393735 -0.0039712936794550338 86.337164739191223 52.41060461838142 0.001605358212736552 -0.001005804262051879 11.715449813443387 22.117721436174925 14.270110483961846 0.0022527865337608204 8.9542029749812837 19.423677511044065 1.0383134277375059 -0.0022225967277023635 0.90685375992902484 15.199789123855343 0.57924573237283583 0.0030285705223044306 6.5551384688845502 10.252216159603774 16.254265084421942
decision_type=2 2 2 2 2 2 2 2 2 2 2 2 2 2 2 2 2 2 2 2 2 2 2 2 2 2
left_child=6 2 3 5 -5 -2 16 8 10 -10 -3 15 13 -13 -14 -8 19 -18 -19 21 -21 -1 23 -4 -24 -9
right_child=1 7 22 4 -6 -7 11 25 9 -11 -12 12 14 -15 -16 -17 17 18 -20 20 -22 -23 24 -25 -26 -27
leaf_value=0.032630691287819383 -0.0098628828163433921 0.049152153995634752 -0.0083099121068131911 -0.02741268913730734 0.052146030830185756 0.0013672193643731714 0.012090769469543919 -0.022572886933539878 0.014762399396364374 -7.6256236850326959e-05 -0.0050242679960801704 0.0091863938092989518 0.030395255013511042 -0.0070739820934435944 -0.021232306852996846 0.06932214441333702 0.048409964771526988 0.013700178921109432 -0.031945703808551822 0.050433580723545327 0.017732608561885552 0.0028551614008723893 -0.031625813700906676 -0.020118967633938976 -0.00089502968838399118 -0.059253941719530925
leaf_weight=17.120254158973694 343.11138645559549 4.5570482462644568 70.277277275919914 72.880276873707771 4.2961031049489966 462.2173767387867 6.1700150966644269 2.6703093498945227 115.05043688416481 140.88430036604404 206.36358084529638 419.27358683943748 31.344062849879265 99.094214752316475 4.6323030441999427 5.1429266035556793 8.4245545417070371 44.451207429170609 9.2418072223663312 24.736458525061607 18.654104918241501 24.109655827283859 42.218906663358212 83.905774317681789 4.3106364086270323 3.226658895611763
leaf_count=69 2181 22 503 448 25 2639 26 20 599 820 1088 1910 137 447 21 21 34 182 42 100 76 97 369 585 34 25
internal_value=-6.6226e-05 -0.00482896 -0.00751197 -0.00512851 -0.022984 -0.00341738 0.0103363 0.0013186 0.0018739 0.00659417 -0.00385376 0.00784238 0.00722471 0.00607797 0.0237477 0.0381085 0.0199499 0.0116165 0.00584347 0.0260672 0.0363751 0.0152191 -0.0179917 -0.0147364 -0.0287788 -0.0426438
internal_weight=2268.37 1555.97 1083.22 882.505 77.1764 805.329 712.395 472.752 466.855 255.935 210.921 565.657 554.344 518.368 35.9764 11.3129 146.738 62.1176 53.693 84.6205 43.3906 41.2299 200.713 154.183 46.5295 5.89697
internal_count=12520 9358 6784 5293 473 4820 3162 2574 2529 1419 1110 2562 2515 2357 158 47 600 258 224 342 176 166 1491 1088 403 45
is_linear=0
shrinkage=0.05


Tree=25
num_leaves=27
num_cat=0
split_feature=1 1 0 4 1 3 2 0 2 4 3 3 1 3 4 2 3 4 2 1 1 4 2 3 3 1
split_gain=40.8418 9.87602 9.68958 8.78882 6.05629 6.06368 5.5134 4.54538 6.82705 4.50539 6.70888 5.54128 4.64058 4.32168 6.53516 4.43585 3.85707 3.35349 3.28369 3.09226 2.92999 1.73984 1.40295 1.02486 1.44314 0.00689942
threshold=-0.00042126649244822451 -0.0020689429815602951 88.341932834626718 15.883312546621474 0.0022910967319862423 0.35083175751397294 -0.0034784698304791135 14.90544497868318 -0.0069030819237533283 10.504706293849141 1.7609964015896642 1.4920760387359684 -0.00063740249879062894 0.57924573237283583 9.9853469292866368 0.002119384715500328 1.3580220774029894 13.577309153777799 -0.0029167676016449979 -0.0002464864124044896 -0.0002284273750193799 9.4509484417555054 0.013121702587211572 0.43013217140752835 0.7045786999030349 0.0025388565454558258
decision_type=2 2 2 2 2 2 2 2 2 2 2 2 2 2 2 2 2 2 2 2 2 2 2 2 2 2
left_child=1 7 3 4 5 -2 -6 8 21 11 17 16 -13 14 -9 -15 -3 -11 -12 -5 -21 -1 23 -4 -25 -24
right_child=2 9 22 19 6 -7 -8 13 -10 10 18 12 -14 15 -16 -17 -18 -19 -20 20 -22 -23 25 24 -26 -27
leaf_value=-0.0029733894982301207 0.0060097115757454592 0.00033051376212381252 -0.0015248420324684446 -0.060306999398539507 -0.056890449424588908 -0.0072625663685098475 -0.014501497875629408 0.01842276922596265 0.073328191389376948 0.02093331930762124 -0.046796401911371695 -0.052137570708683911 0.013779041549603206 0.0072901453701133788 0.07581023701732581 0.02723968354819685 0.028038873995293208 0.0064233589146959107 -0.003729027045590172 0.042729062049733674 0.0039092680882882019 0.026284879000156022 -0.06087492140877343 -0.052335361890351484 -0.02236923281864538 -0.057378229347228631
leaf_weight=6.7958440482616451 96.599106967449188 380.39128762483597 2.5989936217665734 1.8340409398078907 8.1357088983058912 788.53594534099102 134.30951500684023 65.473418489098549 7.3299520015716544 74.157870844006538 6.4298409372568157 8.8786947727203351 3.8183573484420767 297.99063676595688 5.367622658610343 30.73879811167717 12.988449960947035 85.999012663960457 14.201347976922987 4.9918940961360923 184.96448499709368 20.136098086833954 2.7549132257699958 7.0771547779440906 9.2942689061164838 2.8912195637822151
leaf_count=28 617 1949 20 13 78 4848 1045 274 30 352 32 46 22 1271 22 132 69 400 70 22 931 82 19 54 68 26
internal_value=-6.48908e-05 0.00734784 -0.00614707 -0.00552008 -0.00735397 -0.0058141 -0.0169225 0.0130682 0.0305459 0.00311916 0.00968494 0.000196036 -0.0323146 0.0115695 0.022771 0.00915558 0.00124538 0.0131419 -0.0171512 0.00430558 0.00492942 0.018902 -0.0372047 -0.0306927 -0.0353232 -0.0590844
internal_weight=2264.68 1020.7 1243.99 1219.37 1027.58 885.135 142.445 433.832 34.2619 586.865 180.788 406.077 12.6971 399.57 70.841 328.729 393.38 160.157 20.6312 191.79 189.956 26.9319 24.6166 18.9704 16.3714 5.64613
internal_count=12520 4779 7741 7554 6588 5465 1123 1839 140 2940 854 2086 68 1699 296 1403 2018 752 102 966 953 110 187 142 122 45
is_linear=0
shrinkage=0.05


Tree=26
num_leaves=26
num_cat=0
split_feature=1 0 1 4 3 0 2 2 1 2 3 3 1 0 4 3 4 2 0 2 3 3 2 1 1
split_gain=36.902 9.06053 8.91893 8.17065 14.3819 8.04596 7.45703 6.56349 5.2503 4.34817 4.09494 5.07607 6.38878 4.92747 3.42016 3.71493 3.27626 1.39573 1.24015 1.23182 3.80407 1.99014 0.35633 0.45976 0.00578297
threshold=-0.00042126649244822451 88.341932834626718 -0.0023876087513422513 8.8640015548072366 1.2489667196258591 20.106840959316916 -0.0031998263915187226 -0.0037394313327912538 0.00023712759229621574 0.0081329746114553476 1.9478001911749538 1.6131603736849922 -0.0028047631137935176 9.4281836697370256 26.693108694605101 1.7795124883851261 8.5225071497052625 0.008899089622739333 44.895907113125325 0.0063419750782440784 0.78774826242666951 0.81248443492626665 0.013121702587211572 0.0030285705223044306 0.0025388565454558258
decision_type=2 2 2 2 2 2 2 2 2 2 2 2 2 2 2 2 2 2 2 2 2 2 2 2 2
left_child=2 3 10 4 6 -5 -2 -7 -6 14 11 13 -13 -1 15 -4 -11 19 -16 21 -21 -3 23 -19 -24
right_child=1 17 9 5 8 7 -8 -9 -10 16 -12 12 -14 -15 18 -17 -18 22 -20 20 -22 -23 24 -25 -26
leaf_value=0.054596225051440864 0.009302944399631162 -0.059436989108870644 0.0042693728283663889 0.07537338567071665 -0.017724573551742163 -0.016025575392887102 -0.0088699088075564272 0.00096877238259040306 -0.054902601893574966 -0.062551630348242918 0.049910207409703117 0.0042609596679880719 -0.051468802448362085 0.013935270618063567 0.051431879897646693 -0.017850185986505427 -0.0033286439555649545 -0.028439688623913717 0.014916855947815794 0.036914818802837278 -0.044596867216406356 -0.0054599980045844385 -0.06023584011912414 -0.057697535750494383 -0.056967713123292109
leaf_weight=7.6448782831430426 62.510215826332569 4.5023055076599139 627.21392978727818 3.4607499092817298 16.952698767185211 64.752468220889568 582.2156765833497 463.50899937748909 21.590195089578629 4.2714966982603055 7.4969148933887473 42.084279119968414 5.8585038036108008 293.6590985506773 4.8984578996896726 19.574175477027893 5.1518253535032272 3.2496434673666936 4.4264910668134689 2.5957456231117249 3.1909095495939255 2.751174695789814 2.647650808095932 2.2881745174527168 2.769528940320015
leaf_count=31 353 34 3090 18 110 360 3881 2692 140 27 31 178 26 1230 21 100 25 25 20 20 23 20 19 20 26
internal_value=-6.34725e-05 -0.00586538 0.00696834 -0.0052645 -0.00888158 -0.000616511 -0.00710794 -0.00111434 -0.0385502 0.00354907 0.0133473 0.0125624 -0.0025491 0.0149669 0.00403341 0.00359995 -0.0301738 -0.0362909 0.0340984 -0.0252381 -0.00803281 -0.038964 -0.0494476 -0.0405288 -0.058565
internal_weight=2261.27 1238.99 1022.28 1214.99 683.269 531.722 644.726 528.261 38.5429 665.536 356.744 349.247 47.9428 301.304 656.113 646.788 9.42332 23.9951 9.32495 13.0401 5.78666 7.25348 10.955 5.53782 5.41718
internal_count=12520 7741 4779 7554 4484 3070 4234 3052 250 3283 1496 1465 204 1261 3231 3190 52 187 41 97 43 54 90 45 45
is_linear=0
shrinkage=0.05


Tree=27
num_leaves=26
num_cat=0
split_feature=1 4 3 3 0 1 4 2 1 2 0 2 0 4 4 3 4 4 4 1 1 2 3 3 4
split_gain=33.4462 9.06725 17.425 10.0542 12.3359 6.91372 10.4158 7.22705 5.77065 5.6585 6.55839 5.23103 4.45166 7.38562 3.73379 8.01353 2.98388 10.6669 6.81346 2.64382 2.79592 2.00949 1.30792 2.65054 0.418366
threshold=-0.0011426282237885219 4.7278835082393735 0.92536098726845206 0.32781101408370666 54.198551706040185 0.0015146585251719637 13.892085156907173 0.0081329746114553476 -0.0045387939578740979 -0.0011962914849351078 52.921366989431682 0.0010640498554523872 11.715449813443387 9.3014950108134311 38.442517660526541 1.8177244026559098 12.694367538797279 9.9853469292866368 22.117721436174925 -0.0074434830450515457 -0.0057847241877571056 -0.010824148842572877 1.0328001578147645 1.1965970840720881 3.2123743234978019
decision_type=2 2 2 2 2 2 2 2 2 2 2 2 2 2 2 2 2 2 2 2 2 2 2 2 2
left_child=8 2 9 4 -3 7 -7 -5 14 10 -2 -11 13 -10 19 -16 17 -14 -18 21 -21 -1 24 -24 -4
right_child=1 3 22 5 -6 6 -8 -9 12 11 -12 -13 16 -15 15 -17 18 -19 -20 20 -22 -23 23 -25 -26
leaf_value=0.061705826307215939 0.00060638073546490198 0.08538402249039298 -0.044525320500160254 0.0011121709676489462 -0.019223030678920911 -0.01520208048894075 0.0020262689683051512 -0.024647129607309394 0.0019175217510168019 -0.019163506222494603 0.06139504029898174 -0.0048905588420450488 0.0042258339890217092 0.080549716261467522 -0.045518451830722138 0.038253744401235801 -0.0036242454452820303 0.023361371364105071 0.019257548782755214 0.0078163472852861848 0.026622391897264369 0.026873335061286599 -0.018466132379919661 -0.051712997927595032 -0.061676606743318943
leaf_weight=6.68158130347729 79.030540183186531 7.1164820715785009 6.1109829097986212 753.36120449006557 4.6663049012422562 214.87741076946259 148.26068017631769 28.250127479434013 6.6941364854574186 110.91848507523537 4.7009526044130316 152.39339093863964 303.90211248397827 5.3913083374500275 6.2979582101106626 5.2215213179588318 152.61501860618591 95.781221091747284 41.34736280143261 34.064918294548988 47.076918050646782 10.887455374002455 11.679908916354181 12.316034704446791 8.5024735480546934
leaf_count=27 449 39 42 4190 31 1586 813 162 28 741 27 1053 1385 22 26 21 679 419 179 139 193 44 79 90 56
internal_value=-6.22202e-05 -0.00420836 -0.0108476 -0.00199446 0.0439568 -0.00246743 -0.00816815 0.000181141 0.00886859 -0.00730266 0.00401925 -0.0109029 0.00695368 0.0369953 0.0193913 -0.0075464 0.00634209 0.00881153 0.00125351 0.0225349 0.0187272 0.0401203 -0.0427119 -0.0355302 -0.0545044
internal_weight=2258.15 1542.18 385.653 1156.53 11.7828 1144.75 363.138 781.611 715.962 347.043 83.7315 263.312 605.731 12.0854 110.23 11.5195 593.646 399.683 193.962 98.7109 81.1418 17.569 38.6094 23.9959 14.6135
internal_count=12520 9358 2537 6821 70 6751 2399 4352 3162 2270 476 1794 2712 50 450 47 2662 1804 858 403 332 71 267 169 98
is_linear=0
shrinkage=0.05


Tree=28
num_leaves=26
num_cat=0
split_feature=1 0 1 4 1 4 2 3 4 2 3 3 2 4 3 2 3 4 3 1 1 2 3 3 1
split_gain=30.6437 8.39347 7.47934 7.22613 5.59476 5.89352 4.39619 4.3223 4.51982 6.65844 4.36005 7.4132 4.0694 2.59315 4.64352 5.72484 3.52391 4.04474 3.0895 2.43955 9.25392 1.37977 0.99175 1.47627 0.00452393
threshold=-0.00042126649244822451 88.341932834626718 -0.0039712936794550338 15.883312546621474 0.0030285705223044306 3.9043867284747535 -0.0019263340547848171 0.22094213942064744 2.3768754673345374 -0.00088033687329736033 0.5581171895812912 0.66181841127548557 0.0063419750782440784 19.423677511044065 1.0383134277375059 -0.0022225967277023635 0.90685375992902484 15.199789123855343 0.57924573237283583 -0.000237258101417781 -0.00023159132565625515 0.013121702587211572 0.43013217140752835 1.0433220893010153 0.0025388565454558258
decision_type=2 2 2 2 2 2 2 2 2 2 2 2 2 2 2 2 2 2 2 2 2 2 2 2 2
left_child=2 3 13 4 5 -2 -6 8 9 -4 12 -12 -9 16 -15 -16 18 -18 -1 -5 -21 22 -3 -24 -23
right_child=1 21 7 19 6 -7 -8 10 -10 -11 11 -13 -14 14 15 -17 17 -19 -20 20 -22 24 23 -25 -26
leaf_value=0.028262291267514235 -0.012883631601333179 0.0003919513135265981 0.039282152718155813 -0.03351252062304471 -0.056639465478572307 -0.0033505567828885177 -0.015734994605453186 0.014317284203841395 -0.052915829383041381 -0.030243580121006416 -0.011562081822697374 0.0051701321799532095 -0.019034983657045305 0.043486438250232656 0.011050780901083775 -0.032161903003323666 0.04576695899068095 0.014919405508172124 0.00047767205538156127 0.13271487713709321 0.0039666712300291231 -0.059489485522016106 -0.044355601730777877 -0.011773533775421346 -0.056525436393590936
leaf_weight=17.105859771370888 208.08701775223017 2.529619984328753 5.7465254068374643 4.2195328623056403 7.2982699647545806 733.99157279729843 65.703675478696823 157.20052090287209 6.3995002806186667 8.593304768204689 74.172711551189423 615.62821644544601 9.7107096612453443 8.454257056117056 44.628302350640297 9.2536791712045652 24.592158377170563 18.712147384881973 24.10217747092247 1.4061974138021458 186.47100505232811 2.5174221396446219 10.306695334613321 5.2461284697055808 2.6344988569617271
leaf_count=69 1429 20 27 24 73 4540 546 741 34 49 359 2917 52 34 182 42 100 76 97 6 936 19 82 40 26
internal_value=-6.11817e-05 -0.00537961 0.00632743 -0.00480669 -0.00648955 -0.00545623 -0.0198244 0.00457956 -0.0179751 -0.00238193 0.00512556 0.00337096 0.0123769 0.0167714 0.00903499 0.00362944 0.0224777 0.0324375 0.0120113 0.00408589 0.00493031 -0.0351466 -0.0286429 -0.0333653 -0.0579738
internal_weight=2254.71 1230.41 1024.3 1207.18 1015.08 942.079 73.0019 877.451 20.7393 14.3398 856.712 689.801 166.911 146.849 62.3362 53.882 84.5123 43.3043 41.208 192.097 187.877 23.2344 18.0824 15.5528 5.15192
internal_count=12520 7741 4779 7554 6588 5969 619 4179 110 76 4069 3276 793 600 258 224 342 176 166 966 942 187 142 122 45
is_linear=0
shrinkage=0.05


Tree=29
num_leaves=28
num_cat=0
split_feature=1 0 1 4 3 0 2 1 1 1 4 3 3 1 2 0 2 1 4 2 2 2 2 3 3 1 1
split_gain=27.6907 7.83766 6.98535 6.74081 13.6089 6.44937 6.68094 6.42711 5.13831 4.39801 3.89488 5.32402 5.0027 6.80257 6.22736 4.31536 4.07123 3.47924 3.56161 3.49826 2.67396 1.37483 1.19969 3.61772 1.97979 0.361745 1.13906
threshold=-0.00042126649244822451 88.341932834626718 -0.0020689429815602951 8.8640015548072366 1.2489667196258591 21.408567780882326 -0.0037394313327912538 0.0021654941795666853 0.00023712759229621574 -0.0021027690741259315 5.2197593129420454 0.43519534899471018 0.70903579906989089 -0.00046834562934916496 -0.0048134609763627592 15.848701996005071 -0.0028530191890874797 -0.0045387939578740979 15.199789123855343 -0.014338590424976315 -0.002114576984466265 0.008899089622739333 0.0063419750782440784 0.78774826242666951 0.81248443492626665 0.0023636836026977863 0.003428997600954387
decision_type=2 2 2 2 2 2 2 2 2 2 2 2 2 2 2 2 2 2 2 2 2 2 2 2 2 2 2
left_child=2 3 9 4 7 -5 -7 -2 -6 17 12 16 14 -14 -4 -13 -12 19 -19 -1 -11 22 24 -24 -3 -23 -27
right_child=1 21 10 5 8 6 -8 -9 -10 20 11 15 13 -15 -16 -17 -18 18 -20 -21 -22 25 23 -25 -26 26 -28
leaf_value=-0.007754596649009216 -0.0044384849554011405 -0.058561482925090017 -0.032507682219444639 0.055066549609050122 -0.016542053407885626 -0.016265154420013108 0.0011619107729307237 -0.020682740707001018 -0.053868419364960521 0.070787715798439413 0.004818090780357099 -0.032036229421019129 -0.028875044170212062 0.042835978670464965 0.0042560071921847135 0.0045632512220254301 0.056415689775060562 0.010608129880041848 -0.001270242796167019 0.020764305817397848 0.021199494100230809 -0.059043908823519987 0.037495257772678404 -0.043033550084618427 -0.0035390610471859058 -0.011084580025567703 -0.056602442499583239
leaf_weight=12.077702283859251 567.99426099658012 4.2014562636613864 12.857014894485472 5.196324609220027 16.623817957937717 62.424193300306797 462.14927104860544 68.203104309737682 20.701510980725288 4.637572854757309 6.8355710655450812 8.2161273360252363 30.656622022390366 3.7069364190101615 110.66388845443726 407.92613585293293 8.6745668649673444 227.23265254497528 87.370599150657654 98.031703278422356 6.5697685629129392 4.2490606755018216 2.5819886848330498 3.0329142957925797 2.6762122809886932 2.1693479344248772 3.7508733496069908
leaf_count=49 3653 34 62 27 110 351 2692 581 140 20 31 38 181 21 577 1986 44 959 381 401 29 33 20 23 20 20 37
internal_value=-5.96547e-05 -0.00513109 0.00600335 -0.00458245 -0.00790146 -0.000362835 -0.000911908 -0.00617994 -0.0372441 0.0108024 0.00245478 0.00491268 -0.00426506 -0.0211393 0.000429357 0.00384065 0.0336758 0.0099866 0.00730931 0.0176361 0.041719 -0.0342627 -0.0231513 -0.00600273 -0.0371514 -0.0479125 -0.0399233
internal_weight=2251.41 1225.95 1025.46 1203.29 673.523 529.77 524.573 636.197 37.3253 435.92 589.537 431.652 157.884 34.3636 123.521 416.142 15.5101 424.713 314.603 110.109 11.2073 22.6619 12.4926 5.6149 6.87767 10.1693 5.92022
internal_count=12520 7741 4779 7554 4484 3070 3043 4234 250 1839 2940 2099 841 202 639 2024 75 1790 1340 450 49 187 97 43 54 90 57
is_linear=0
shrinkage=0.05


Tree=30
num_leaves=27
num_cat=0
split_feature=1 4 3 3 0 0 2 2 2 1 0 3 3 4 2 1 3 1 2 0 0 3 3 2 4 3
split_gain=25.1167 7.5839 16.3562 9.12467 10.368 6.1037 5.01359 6.22374 5.0291 4.80818 4.80795 5.4802 4.64384 11.4395 7.5701 4.39907 3.50576 3.47069 3.22637 3.10315 2.88104 1.31181 2.53963 0.986385 0.41866 0.228152
threshold=-0.0011426282237885219 4.7278835082393735 0.92536098726845206 0.32781101408370666 54.198551706040185 91.720203884447855 -0.0011962914849351078 -0.0048134609763627592 0.0010640498554523872 0.0015146585251719637 39.407322067370302 0.28685516585768134 0.45931100877595965 6.940572685853688 0.0046306175282784254 -0.001623533432861257 0.95283673896567767 -0.0017522854943292641 -0.0046094216354601305 9.4281836697370256 35.728228011432421 1.0328001578147645 1.1965970840720881 -0.0097658925974989912 3.2123743234978019 1.2141467897114944
decision_type=2 2 2 2 2 2 2 2 2 2 2 2 2 2 2 2 2 2 2 2 2 2 2 2 2 2
left_child=10 2 6 4 -3 9 7 -2 -8 -5 11 18 14 15 17 -14 -15 -12 -1 23 -21 24 -23 -13 -4 -7
right_child=1 3 21 5 -6 25 8 -9 -10 -11 12 19 13 16 -16 -17 -18 -19 -20 20 -22 22 -24 -25 -26 -27
leaf_value=-0.055378411397130338 -0.024224911374548519 0.078504323804254761 -0.043285876381337129 0.00035816872159628388 -0.017571291011172382 -0.057934049649917697 -0.01801642298275943 0.010803750721786435 -0.0038998453690192573 -0.006678130874572967 0.038974181253744647 0.025054017988792567 -0.037636966579784631 0.012620245377996242 -0.032696924450651775 -0.0064641419643432108 0.00019836943979447856 0.0092870253952745604 0.0044735951960546199 0.0096372597073229385 0.021612796407232453 -0.017322135538689793 -0.050479704417708084 0.056313539111679439 -0.060814671263650921 -0.039046316630712306
leaf_weight=4.7636144161224365 15.592846624553202 7.368033327162264 5.8789275139570227 779.35824551433325 4.5373465418815613 3.8561618998646727 108.76399459689856 67.898704625666142 150.24618430435658 352.65033362805843 22.409453764557838 5.4233198165893555 22.923277422785759 94.92865839600563 6.3854014724493018 22.353679552674294 141.41397403180599 17.559332638978958 4.2698850929737073 311.35434249043465 59.881694927811623 11.455815084278585 11.645392522215841 4.7198971062898618 8.0994825363159162 2.7312693074345589
leaf_count=23 82 39 42 4346 31 34 741 394 1053 2346 95 22 105 419 33 113 639 82 20 1330 261 79 90 20 56 25
internal_value=-5.86904e-05 -0.0036797 -0.00980814 -0.00165776 0.0418882 -0.00211309 -0.00639311 0.00426181 -0.0098277 -0.00183382 0.00765365 0.0114028 0.00319079 0.000776989 0.0178556 -0.0222466 0.0051877 0.0259318 -0.027088 0.0123145 0.011569 -0.0413526 -0.034037 0.0395999 -0.0534426 -0.0501029
internal_weight=2248.47 1530.08 379.581 1150.5 11.9054 1138.6 342.502 83.4916 259.01 1132.01 718.387 390.413 327.974 281.62 46.3542 45.277 236.343 39.9688 9.0335 381.379 371.236 37.0796 23.1012 10.1432 13.9784 6.58743
internal_count=12520 9358 2537 6821 70 6751 2270 476 1794 6692 3162 1676 1486 1276 210 218 1058 177 43 1633 1591 267 169 42 98 59
is_linear=0
shrinkage=0.05


Tree=31
num_leaves=24
num_cat=0
split_feature=1 0 4 1 1 4 2 2 4 0 2 4 4 1 1 1 4 4 4 2 3 1 1
split_gain=22.9972 7.07364 6.33802 5.95437 5.04735 5.08648 4.31466 3.26273 6.14634 3.91522 3.46746 7.02262 4.41811 2.7855 2.78271 2.63696 2.42015 2.89085 1.60144 1.37485 0.938478 1.53668 0.00326795
threshold=-0.00042126649244822451 88.341932834626718 15.883312546621474 -0.0032359807437669637 0.0030285705223044306 3.1589050130007212 -0.0019263340547848171 0.0063419750782440784 6.202798530616465 78.814126707181458 0.0021578916287184895 18.334205330267327 22.659793959474474 -0.0033320233626930591 -0.0002464864124044896 0.0023279076534171721 5.0934975805845424 6.0397775593451373 8.087233521781636 0.013121702587211572 0.43013217140752835 0.0029134474473163645 0.0025388565454558258
decision_type=2 2 2 2 2 2 2 2 2 2 2 2 2 2 2 2 2 2 2 2 2 2 2
left_child=3 2 4 13 5 -2 -6 10 -9 -10 12 -12 -5 16 -4 -16 -1 -18 -15 20 -3 -22 -21
right_child=1 19 14 7 6 -7 -8 8 9 -11 11 -13 -14 18 15 -17 17 -19 -20 22 21 -23 -24
leaf_value=-0.014048244327577881 -0.01329189754570239 0.0021489617199686511 -0.059316344070714705 0.0019270172971938655 -0.056193726676946158 -0.0031963513975708045 -0.014580154196486362 -0.064159904692379685 -0.012790409675545122 0.042754373620838136 0.01559106240769419 -0.039995038645623232 0.023115931059756054 0.013747481376173945 0.010818376961081028 -0.00096353730263441415 0.051391559687757486 0.011612541109622216 0.050697966580689029 -0.058340922354721769 -0.040560578611530042 -0.003296159158645551 -0.055693060105215741
leaf_weight=8.935649633407591 148.33321065455675 2.4683599546551767 1.7124159559607495 651.42382549494505 6.8971179574728003 785.30391427874565 64.300236627459526 4.9515679627656963 16.384783640503887 3.9343591779470435 100.26914836466312 6.0234114527702323 25.566934570670128 4.8774054795503599 91.571291998028755 98.656943447887897 4.6781958490610114 192.63390365242958 7.3528625071048737 2.2978531122207633 10.98151048272848 3.6982015818357459 2.3641484379768372
leaf_count=38 1037 20 13 3112 73 4932 546 31 79 20 497 28 112 20 430 523 19 793 30 19 88 34 26
internal_value=-5.76619e-05 -0.00470285 -0.00418859 0.00545391 -0.00577888 -0.0048003 -0.0186114 0.00347491 -0.0142081 -0.00203537 0.00404541 0.0124411 0.00272723 0.0127779 0.00413679 0.00470799 0.0114031 0.0125557 0.0359622 -0.0329218 -0.0263763 -0.0311727 -0.0569982
internal_weight=2245.62 1218.59 1196.78 1027.03 1004.83 933.637 71.1974 808.554 25.2707 20.3191 783.283 106.293 676.991 218.478 191.941 190.228 206.248 197.312 12.2303 21.8101 17.1481 14.6797 4.662
internal_count=12520 7741 7554 4779 6588 5969 619 3879 130 99 3749 525 3224 900 966 953 850 812 50 187 142 122 45
is_linear=0
shrinkage=0.05


Tree=32
num_leaves=29
num_cat=0
split_feature=1 4 3 1 1 2 1 3 4 3 3 0 1 3 3 4 3 4 1 3 4 1 2 4 4 4 0 1
split_gain=21.0664 9.46224 12.6378 9.90107 26.5101 7.82485 6.90162 6.84575 6.49525 8.2869 6.29399 6.2867 7.7385 7.30648 5.24054 5.60448 4.87902 4.07928 5.84641 5.36315 4.03669 3.88234 3.6392 3.41268 3.02341 2.2373 6.18533 1.78742
threshold=1.1599110367521705e-05 10.184751054328872 1.3306451756172009 0.00022046953355914225 0.00023712759229621574 -0.0014003831530874364 -1.0000000180025095e-35 0.45416631540017255 3.099658820305879 0.37035266021446905 1.2025313038804015 52.41060461838142 0.0021167295480268859 1.8631794431779265 1.0269500706717374 19.717656057781433 0.56626364967256371 2.9239433791734197 -0.0026148950879293915 0.25660952681954691 3.9043867284747535 8.9330181912816733e-05 -1.0000000180025095e-35 15.199789123855343 9.2467748763942428 2.5646626393832057 28.148958175637599 0.00023110073702781178
decision_type=2 2 2 2 2 2 2 2 2 2 2 2 2 2 2 2 2 2 2 2 2 2 2 2 2 2 2 2
left_child=5 2 3 21 -5 17 8 -8 9 -7 14 13 -13 -12 22 -16 -10 25 23 -20 -9 -2 -3 -19 27 26 -1 -4
right_child=1 10 24 4 -6 6 7 20 16 -11 11 12 -14 -15 15 -17 -18 18 19 -21 -22 -23 -24 -25 -26 -27 -28 -29
leaf_value=-0.018918299637986084 -0.010936427197371958 0.009452288332980445 -0.019213019219198907 0.045791647730371893 -0.0083946274423668827 0.0023559918873840373 0.080309759101006739 -0.028360787480885791 0.011438762718770014 -0.032610873095933537 -0.010693175027950625 0.02644300606780375 0.0024313313323041687 0.050623496262593805 -0.011961083223323503 -0.055462911560752205 -0.0012946690587222237 0.019046950276170857 -0.045799071391175117 0.0041614699000646254 0.02364865825977314 -0.042171433115818419 -0.0080120861125798134 0.0069388193123564217 -0.0061593333468709169 0.052948785532482771 0.038970468218894008 -0.057808630755343274
leaf_weight=7.0236437916755738 15.558097019791601 54.276334345340729 3.6052520722150865 23.608712211251259 514.08657885342836 33.180434063076973 4.575337469577792 4.6317952275276211 91.408099062740803 34.626892127096653 61.837090000510216 59.097738459706306 77.633302703499794 5.2726336270570746 51.449890628457069 8.6484593302011472 425.00768487155437 126.87588986754417 5.4502749741077414 372.25263591855764 19.178961992263794 27.590734496712685 66.224880374968052 107.5031723678112 4.477750986814498 6.4167159199714652 13.452211782336233 17.862240448594093
leaf_count=36 102 330 25 152 3595 190 30 32 466 220 320 312 448 25 306 47 2147 522 26 1758 110 198 426 445 29 32 66 125
internal_value=-5.61653e-05 -0.00550133 -0.00938977 -0.00786472 -0.00601546 0.0042563 0.000218656 0.024295 -0.000951159 -0.0155004 0.000636066 0.00665793 0.0128096 -0.00587569 -0.00616075 -0.0182212 0.00095921 0.00812734 0.00728995 0.00344054 0.0135315 -0.0309091 -0.000145757 0.0134933 -0.0435317 0.0271867 0.0191134 -0.0513269
internal_weight=2242.81 991.23 606.789 580.844 537.695 1251.58 612.609 28.3861 584.223 67.8073 384.44 203.841 136.731 67.1097 180.6 60.0983 516.416 638.975 612.082 377.703 23.8108 43.1488 120.501 234.379 25.9452 26.8926 20.4759 21.4675
internal_count=12520 6440 4226 4047 3747 6080 3195 172 3023 410 2214 1105 760 345 1109 353 2613 2885 2751 1784 142 300 756 967 179 134 102 150
is_linear=0
shrinkage=0.05


Tree=33
num_leaves=27
num_cat=0
split_feature=1 4 3 0 2 4 2 3 3 1 3 0 2 2 0 3 4 1 4 0 2 4 2 3 0 1
split_gain=19.1892 6.35833 12.3506 6.97206 6.07068 5.81567 5.54086 7.68823 5.44922 5.71935 4.98264 4.48459 4.09118 6.4133 3.87647 8.21759 5.32411 4.26746 6.22607 3.32206 1.78825 3.2291 1.42369 1.28947 1.04962 0.00315304
threshold=-0.00022268175126205489 3.8584362017883396 0.61878168091067554 87.281406246598223 -0.0014003831530874364 1.1195614743433542 0.00044483888042445857 0.37035266021446905 1.8631794431779265 0.003601698017064781 0.27650823893712029 47.099878447562965 -0.0051801817372862371 -0.00046074152035580068 47.099878447562965 0.45026851944896523 9.5926677983547393 -0.0026148950879293915 2.9239433791734197 14.90544497868318 0.00018245109313974608 2.3111946586394096 0.013121702587211572 0.63140380088545156 37.717975072510022 0.002576948732933682
decision_type=2 2 2 2 2 2 2 2 2 2 2 2 2 2 2 2 2 2 2 2 2 2 2 2 2 2
left_child=4 2 12 8 14 -6 7 -7 10 -10 -3 -8 -2 -14 17 -16 -17 19 -19 -1 24 -22 23 -5 -4 -24
right_child=1 3 20 22 5 6 11 -9 9 -11 -12 -13 13 -15 15 16 -18 18 -20 -21 21 -23 25 -25 -26 -27
leaf_value=0.028543664152271109 -0.048868375178712044 0.038251338369227082 -0.02476672573846446 -0.04748077081498589 -0.062639240098027391 0.02749446029200104 0.024472428005406416 -0.0079328999648558482 0.031331163210258771 -0.031634268332639402 -0.0034035582297529034 0.0034117492077009102 0.015822220130143484 -0.01018328590385862 0.066975653107000654 -0.013948501657550181 0.029548756667566053 0.030856657925583359 0.001708567290087942 0.0099660077678353776 -0.00398627845134681 -0.038986335667130473 -0.058085172328130569 -0.016061274195549292 -0.059520446312353176 -0.055431051060983429
leaf_weight=27.315809488296509 5.2636295333504668 7.2384647652506819 2.7974331825971595 4.5396668761968675 3.6135129928588858 16.607426017522812 27.804798051714897 196.6308544203639 20.927587807178501 4.3573795408010474 874.8008796647191 277.98739629983902 31.261503890156746 98.115959793329239 8.4302421510219556 12.351928979158403 16.343135014176369 19.423250913619995 322.63676787167788 202.13106933236122 8.9966922700405103 24.634559772908688 2.208379201591014 11.634656213223932 9.7260869741439802 2.2684071213006973
leaf_count=112 29 44 20 38 23 85 136 1004 103 24 5490 1399 207 732 37 59 73 95 1509 835 67 188 19 93 73 26
internal_value=-5.62885e-05 -0.00473077 -0.0133089 -0.0030595 0.0045252 0.000572638 0.00101272 -0.00517375 -0.00240566 0.0204803 -0.00306172 0.00532674 -0.00565757 -0.00389957 0.00791934 0.0235755 0.0108252 0.00690231 0.00336369 0.0121777 -0.0356292 -0.0296235 -0.0317866 -0.0248798 -0.0517574 -0.0567403
internal_weight=2240.05 1108.77 180.796 927.975 1131.28 522.644 519.03 213.238 907.324 25.285 882.039 305.792 134.641 129.377 608.632 37.1253 28.6951 571.507 342.06 229.447 46.1548 33.6313 20.6511 16.1743 12.5235 4.47679
internal_count=12520 7153 1316 5837 5367 2647 2624 1089 5661 127 5534 1535 968 939 2720 169 132 2551 1604 947 348 255 176 131 93 45
is_linear=0
shrinkage=0.05


Tree=34
num_leaves=25
num_cat=0
split_feature=1 4 3 3 0 3 1 0 1 1 1 1 2 0 3 3 4 3 0 3 4 4 4 3
split_gain=17.551 7.39216 13.7321 8.05304 8.80595 5.72724 8.33725 7.14495 4.63939 4.3009 4.27165 4.82964 4.16444 4.27667 3.65534 6.85204 3.93486 3.5604 6.16296 4.86486 2.48481 1.66483 3.6788 0.379647
threshold=-0.0013462476836275104 4.7278835082393735 0.92536098726845206 0.32781101408370666 54.198551706040185 0.64734613236639604 8.9330181912816733e-05 24.365509377756506 -0.0011866064742899749 3.3484088195590018e-05 -0.0013966788010402185 -0.0015491612410729603 -0.0058073470834059662 51.989861813170414 0.57924573237283583 0.65712166088671897 9.9853469292866368 1.1657939524519647 53.839389823051377 0.82573328978355931 5.5984981446132505 4.1360203513581277 3.9534740597431983 1.2489667196258591
decision_type=2 2 2 2 2 2 2 2 2 2 2 2 2 2 2 2 2 2 2 2 2 2 2 2
left_child=10 2 8 4 20 6 -5 -7 -2 -10 11 14 -13 -14 16 -16 -1 18 19 -12 -3 22 -4 -23
right_child=1 3 21 5 -6 7 -8 -9 9 -11 17 12 13 -15 15 -17 -18 -19 -20 -21 -22 23 -24 -25
leaf_value=0.012930214033740881 -0.047402853998298133 0.041760191863836185 -0.038311722981372427 0.0049333790638315467 -0.017812594041743745 0.024261208680011834 -0.015538980538382638 -0.0004903217816935281 0.001348212606165643 -0.0099602641536669576 0.034941586672800895 -0.048637105177369105 0.0060292108491681023 -0.02778913775349319 -0.017681658908354058 0.0071170991446313616 0.048250532867245427 -0.0064975753825192162 -0.0062056551358288014 0.10378859198915669 0.095790622201943246 -0.062164581854399471 0.019883158495694768 -0.039919237601585139
leaf_weight=100.61941596865654 6.5916845202445975 4.3632175624370557 23.942442692816261 75.114806696772575 4.5883919000625601 30.091304488480091 147.16219414770603 938.50377628952265 148.51889386028051 193.785803809762 6.4586336612701434 5.7344787567853919 33.295366078615189 12.997967898845671 29.754125937819481 436.36316721141338 8.5558308660984022 5.2089495509862891 4.7344850599765769 4.2572250515222549 4.1536460742354393 6.9074185490608198 3.0631018728017798 2.6552431210875511
leaf_count=430 33 21 186 392 32 150 1040 5443 868 1426 30 26 154 65 129 1882 35 24 24 20 22 46 21 21
internal_value=-5.53163e-05 -0.00288283 -0.00890912 -0.000953457 0.0380273 -0.00138243 -0.00862069 0.000278633 -0.00585385 -0.00505375 0.00688035 0.00614363 -0.00844483 -0.0034661 0.00746297 0.0055341 0.0156982 0.0292508 0.041303 0.0622933 0.0681107 -0.0380594 -0.031711 -0.0559878
internal_weight=2237.42 1589.44 385.465 1203.98 13.1053 1190.87 222.277 968.595 348.896 342.305 647.98 627.32 52.0278 46.2933 575.293 466.117 109.175 20.6593 15.4503 10.7159 8.51686 36.5682 27.0055 9.56266
internal_count=12520 9701 2601 7100 75 7025 1432 5593 2327 2294 2819 2721 245 219 2476 2011 465 98 74 50 43 274 207 67
is_linear=0
shrinkage=0.05


Tree=35
num_leaves=29
num_cat=0
split_feature=1 1 1 4 4 3 2 4 3 2 1 0 4 0 2 3 4 4 3 3 3 1 2 3 0 1 4 2
split_gain=15.846 8.19515 12.1581 11.5387 9.13774 11.4164 7.71813 10.6994 6.087 5.92598 6.31486 6.50875 6.25291 5.33 5.27123 5.15897 3.19196 5.05485 8.20063 6.09745 3.18105 3.02889 2.42074 2.13267 9.55306 4.54291 1.24703 0.843068
threshold=1.1599110367521705e-05 0.00022046953355914225 0.00023712759229621574 9.7265007909671919 10.113476692969339 1.3306451756172009 0.0020008054950966252 11.452027098829335 0.69950178264742735 -0.0014003831530874364 -1.0000000180025095e-35 43.611668202670792 1.1195614743433542 62.027572869602075 0.00044483888042445857 1.2025313038804015 2.9239433791734197 5.2197593129420454 0.57106968903744193 0.35083175751397294 0.49847344992754983 8.9330181912816733e-05 -0.0040705392087740369 0.39068206000060912 28.148958175637599 -0.00063740249879062894 13.204134425824087 -0.00021223131252717795
decision_type=2 2 2 2 2 2 2 2 2 2 2 2 2 2 2 2 2 2 2 2 2 2 2 2 2 2 2 2
left_child=9 6 3 8 5 -4 21 20 -3 16 12 -12 -11 -13 -14 -6 23 19 -19 -18 -8 22 -2 24 -1 -25 -5 -23
right_child=1 2 4 26 15 -7 7 -9 -10 10 11 13 14 -15 -16 -17 17 18 -20 -21 -22 27 -24 25 -26 -27 -28 -29
leaf_value=-0.04829076126958412 -0.053245006005366441 0.018422018741149286 -0.0075103253650151873 -0.049846551755655798 -0.0050196994329893716 -0.045656119982071669 -0.059122446272868584 0.083852283442151496 0.068159609644157806 -0.061707074909816306 0.085210783900877426 -0.0037393197227865156 -0.0063350286971806868 0.044082198451659671 0.0033876366447275681 0.006856776308353226 -0.030861216520582442 0.026571707622314533 0.0059700169053352875 0.0020439705653607794 0.0030544880031645669 -0.03457800366119964 -0.0080544045990029352 0.07843792929004792 0.034574430834437266 0.0061944558120013626 -0.0089353753243906001 -0.052403738141538286
leaf_weight=4.6120550930500093 3.7198025882244137 12.394510790705683 503.8463974148035 3.4464367032051078 172.10913150757551 20.408953607082367 3.0667557269334775 3.6226420402526847 12.212437123060225 4.2075263410806647 3.6726985275745418 15.770506851375105 233.59849714487791 9.2408583462238294 345.72774260491133 195.08124438673258 18.198779746890068 53.711018651723862 479.812215231359 62.185096397995949 6.2481558248400688 12.981842271983624 14.573514275252817 4.5810179263353348 14.14574186503887 4.1451259553432447 4.0532941371202469 13.562729865312576
leaf_count=23 20 80 3575 20 1073 146 24 19 76 28 22 95 1221 55 1774 1058 82 230 2139 300 43 89 95 22 66 23 20 102
internal_value=-5.43187e-05 -0.00481283 -0.00367 0.0265588 -0.00475873 -0.00899532 -0.0230812 0.0109401 0.0431068 0.00367065 0.000151993 0.023056 -0.000973872 0.0139291 -0.00053278 0.00129005 0.00702927 0.00628295 0.00804404 -0.00540571 -0.0174161 -0.0328978 -0.0172436 0.0236998 0.0142 0.0441206 -0.0277358 -0.0436859
internal_weight=2234.94 981.328 923.552 32.1067 891.446 524.255 57.7754 12.9376 24.6069 1253.61 612.218 28.6841 583.534 25.0114 579.326 367.19 641.391 613.907 533.523 80.3839 9.31491 44.8379 18.2933 27.4839 18.7578 8.72614 7.49973 26.5446
internal_count=12520 6440 6048 196 5852 3721 392 86 156 6080 3195 172 3023 150 2995 2131 2885 2751 2369 382 67 306 115 134 89 45 40 191
is_linear=0
shrinkage=0.05


Tree=36
num_leaves=24
num_cat=0
split_feature=1 4 3 0 0 1 3 2 4 3 2 3 3 3 4 4 2 2 1 0 2 1 1
split_gain=14.8429 7.31213 16.5468 7.84842 6.47576 4.68144 6.71722 6.30034 4.37122 6.87327 5.00511 3.21741 3.60823 5.84984 4.11526 3.42197 4.64911 3.09076 2.65481 2.06588 1.28293 1.35138 0.00355866
threshold=-0.0015491612410729603 3.8584362017883396 0.61878168091067554 29.024539331719605 88.341932834626718 0.0022910967319862423 0.5581171895812912 0.0081329746114553476 1.2799490829032862 0.19124988926921135 0.0086260418104457965 1.9478001911749538 0.57924573237283583 0.65712166088671897 7.7780195776485224 9.9853469292866368 0.0046306175282784254 0.00018245109313974608 -0.0035152385525212266 26.414302034853431 0.013121702587211572 0.0020830101377008474 0.002576948732933682
decision_type=2 2 2 2 2 2 2 2 2 2 2 2 2 2 2 2 2 2 2 2 2 2 2
left_child=11 2 8 -4 5 7 -7 -3 9 -2 -10 12 15 18 -15 16 -1 -5 -14 -13 21 -6 -22
right_child=1 4 3 17 20 6 -8 -9 10 -11 -12 19 13 14 -16 -17 -18 -19 -20 -21 22 -23 -24
leaf_value=0.014858744134876685 0.0047677213646455992 0.0013850551717004829 0.036675542438150119 -0.05004200741668148 -0.04147232377615552 -0.030750433627962884 -0.0040389146825052574 -0.018930847076109075 0.0010843010511981577 -0.046232535763286189 -0.058927545352285109 0.012172019669529943 0.007221532440977417 -0.0065274287585965615 0.0078396293270329986 0.044859506470581581 -0.027588981258977838 -0.027192614573382453 -0.026272267696026082 0.058057256577177835 -0.057934231684498794 -0.0076383027267827534 -0.055010962178736168
leaf_weight=93.938994243741035 12.645244233310224 1103.2761074900627 3.9615847617387763 23.890414103865623 5.7885129302740079 26.689940795302391 199.16914438456297 39.529381088912487 175.01972603052855 13.833298005163668 3.5447661504149428 4.8786249458789808 8.1616331636905688 57.60711407661438 369.80103105306625 8.5667608231306058 6.9262290000915518 38.89423868060112 21.504247397184372 4.9336972534656525 2.1152920201420775 6.0211695432662964 2.0500962510704994
leaf_count=398 85 6211 24 174 47 257 1331 237 1153 99 28 20 33 259 1582 35 32 299 96 21 19 55 25
internal_value=-5.42376e-05 -0.0024589 -0.00995711 -0.0315803 -0.000987088 -0.000617668 -0.00719544 0.000682333 -0.00291826 -0.0218766 -0.000107022 0.00685715 0.00636547 0.00441296 0.0059032 0.0145207 0.0119439 -0.0358871 -0.0170575 0.0352434 -0.0326371 -0.024222 -0.0564955
internal_weight=2232.75 1656.43 271.789 66.7462 1384.64 1368.66 225.859 1142.81 205.043 26.4785 178.564 576.318 566.506 457.074 427.408 109.432 100.865 62.7847 29.6659 9.81232 15.9751 11.8097 4.16539
internal_count=12520 10044 1862 497 8182 8036 1588 6448 1365 184 1181 2476 2435 1970 1841 465 430 473 129 41 146 102 44
is_linear=0
shrinkage=0.05


Tree=37
num_leaves=25
num_cat=0
split_feature=1 4 3 3 0 0 3 1 1 1 2 0 4 3 3 4 4 1 4 2 4 4 3 4
split_gain=13.4286 5.98711 12.518 7.31035 7.53218 5.08446 4.73436 4.37396 3.92032 4.14218 3.8722 3.89282 3.70048 3.13349 5.51737 2.9927 4.95883 4.10037 2.02855 1.88888 1.73448 3.31745 0.375562 0.266398
threshold=-0.0013462476836275104 4.7278835082393735 0.92536098726845206 0.32781101408370666 54.198551706040185 91.720203884447855 0.64734613236639604 -0.0011866064742899749 -0.0013966788010402185 -0.0015491612410729603 -0.0058073470834059662 53.474376907653685 1.2799490829032862 1.1657939524519647 0.88658917945977656 3.0091913290333729 3.3947236222339092 -0.0025116381002696637 5.5984981446132505 -0.00039160914362218463 4.1360203513581277 3.9534740597431983 1.2489667196258591 8.6331376447639432
decision_type=2 2 2 2 2 2 2 2 2 2 2 2 2 2 2 2 2 2 2 2 2 2 2 2
left_child=8 2 7 4 18 6 -5 -2 9 15 -11 -12 -9 14 19 17 -17 -1 -3 -10 21 -4 -22 -7
right_child=1 3 20 5 -6 23 -8 12 13 10 11 -13 -14 -15 -16 16 -18 -19 -20 -21 22 -23 -24 -25
leaf_value=-0.0089018682606023091 -0.045938850147288768 0.039506043653444518 -0.036493657080916564 -0.0076379776665172587 -0.016472989245024158 -0.034507819397102901 0.00051570799551030799 -0.022494747512843194 0.034647294128225016 -0.047300199059425944 0.0047281791001592749 -0.029150203557474066 -0.0028394716655776122 -0.0063232427119970765 0.080659816852862359 -0.03677543844284261 0.006418082914284271 0.045289033094103759 0.08775685153246543 -0.0087806985255281262 -0.061438065831188493 0.018653588286435627 -0.038920673533141208 -0.056484636350286645
leaf_weight=5.1486731171607962 6.4406760632991782 4.419337719678877 22.673763856291774 218.39411994814873 4.4821165576577178 2.258688546717166 963.24832620471716 25.93225422501564 6.3885335028171539 5.6534372121095648 35.066435649991035 11.183512955904005 312.70328716933727 5.202095925807952 5.1849691569805136 6.7254512608051291 554.07525058090687 10.83985026180744 4.2955799996852875 4.1176276504993456 6.6312231943011266 3.0999150276184073 2.5692165270447731 3.5402334928512573
leaf_count=24 33 21 186 1416 32 23 5550 185 29 26 162 57 2109 24 24 30 2373 49 22 21 46 21 21 36
internal_value=-5.33178e-05 -0.00254046 -0.00800988 -0.000809172 0.0361993 -0.00122048 -0.000991277 -0.00512098 0.00599885 0.00529075 -0.00823858 -0.00346382 -0.00434465 0.0273062 0.0384554 0.00650821 0.00590008 0.0278383 0.0632889 0.0176268 -0.0365135 -0.0298609 -0.0551501 -0.0479246
internal_weight=2230.27 1580.69 380.05 1200.64 13.197 1187.44 1181.64 345.076 649.586 628.693 51.9034 46.2499 338.636 20.8932 15.6911 576.789 560.801 15.9885 8.71492 10.5062 34.9741 25.7737 9.20044 5.79892
internal_count=12520 9701 2601 7100 75 7025 6966 2327 2819 2721 245 219 2294 98 74 2476 2403 73 43 50 274 207 67 59
is_linear=0
shrinkage=0.05


Tree=38
num_leaves=28
num_cat=0
split_feature=1 0 3 1 2 4 0 0 1 2 3 4 2 4 0 0 4 2 2 4 0 2 2 3 3 1 1
split_gain=12.6514 4.90574 5.29724 5.10759 4.65765 9.29474 7.79966 4.46026 4.41102 3.37844 3.14767 7.72171 5.09074 5.4576 4.89183 4.76009 4.51359 3.00565 5.30851 1.93483 1.81677 1.49827 1.36209 3.45032 2.21138 0.37676 1.40208
threshold=-0.00022268175126205489 88.341932834626718 1.8631794431779265 0.003601698017064781 0.0020799821069802387 2.2050094568621295 60.819372702247726 49.56397735927851 -0.0045387939578740979 -0.014338590424976315 0.5581171895812912 3.8584362017883396 0.0063419750782440784 9.3014950108134311 11.715449813443387 24.813273871199367 6.202798530616465 -0.010824148842572877 -0.0097658925974989912 38.442517660526541 20.106840959316916 0.008899089622739333 0.0063419750782440784 0.80394768516592985 0.81248443492626665 0.0023636836026977863 0.0033470538869051496
decision_type=2 2 2 2 2 2 2 2 2 2 2 2 2 2 2 2 2 2 2 2 2 2 2 2 2 2 2
left_child=8 2 4 7 6 -6 -2 -4 9 19 12 15 13 -10 -13 -12 -14 20 -19 -1 -11 22 24 -24 -3 -23 -27
right_child=1 21 3 -5 5 -7 -8 -9 10 17 11 14 16 -15 -16 -17 -18 18 -20 -21 -22 25 23 -25 -26 26 -28
leaf_value=0.006210889024051456 -0.0045151994103915368 -0.057238552278232581 0.071366064153333617 -0.03066184510413782 0.039029004460402951 -0.0013871858639108495 -0.020766171084058996 0.016694066003454164 0.0079378515916940524 0.022172851493472256 0.02579568815509882 0.038389008752923379 -0.063565099153852583 0.046714035606496007 0.0017120313298549256 -0.030995947938745778 -0.00040831692268409638 -0.031417161257149009 0.016604194821138396 -0.033997558746426307 0.063779784777634449 -0.057024608032096927 0.045920945831525686 -0.038124325978016023 0.0049116313803426442 -0.00020320340151729619 -0.055382987575597099
leaf_weight=6.6954731047153455 530.09555949270725 3.5962813273072261 4.830429941415793 4.2925171852111808 14.725001119077204 419.33201369643211 85.782241359353065 16.383344084024429 202.11649809777737 5.6624247431755048 4.2752160578966167 9.2014411836862546 4.4659460708498937 9.5008264333009702 759.2083695307374 26.938755586743355 7.7175911366939545 6.1940959542989722 81.178406000137329 5.4089197963476181 4.8889506459236145 3.5196568891406042 2.396222211420536 2.4902325049042702 2.3774455711245537 1.7903661802411077 3.2246870994567871
leaf_count=27 3360 33 23 24 111 2764 607 80 980 23 23 39 29 40 3588 178 40 25 333 22 20 33 20 21 20 19 38
internal_value=-5.21128e-05 -0.00388548 -0.00343601 0.0190783 -0.00398296 -1.61023e-05 -0.00677871 0.029143 0.00365065 0.0131636 0.00262792 0.00116094 0.00786933 0.00967876 0.00215123 -0.0232175 -0.0235588 0.0162439 0.0131998 -0.0117565 0.0414513 -0.0288083 -0.0164887 0.00308984 -0.0325038 -0.0444847 -0.0356839
internal_weight=2228.29 1094.84 1075.44 25.5063 1049.93 434.057 615.878 21.2138 1133.45 110.028 1023.42 799.624 223.801 211.617 768.41 31.214 12.1835 97.9239 87.3725 12.1044 10.5514 19.3949 10.8602 4.88645 5.97373 8.53471 5.01505
internal_count=12520 7153 6969 127 6842 2875 3967 103 5367 450 4917 3828 1089 1020 3627 201 69 401 358 49 43 184 94 41 53 90 57
is_linear=0
shrinkage=0.05


Tree=39
num_leaves=29
num_cat=0
split_feature=1 1 1 4 4 3 2 4 3 3 0 4 3 2 0 4 3 4 4 4 3 0 3 4 1 2 4 1
split_gain=11.5731 7.45669 10.7583 10.2383 7.84112 10.9476 7.106 9.2433 5.09359 4.50857 4.37805 4.90353 16.5854 12.2054 11.2971 4.8761 4.6073 3.47303 7.82049 6.64336 4.50325 3.18448 3.03183 2.98073 2.91884 2.0098 1.18338 0.828402
threshold=1.1599110367521705e-05 0.00022046953355914225 0.00023712759229621574 9.7265007909671919 10.113476692969339 1.3306451756172009 0.0020008054950966252 11.452027098829335 0.69950178264742735 1.2025313038804015 29.336596204895667 6.940572685853688 0.78243180376825372 0.0053870985886335107 79.205137397239199 3.8584362017883396 0.37035266021446905 15.199789123855343 22.659793959474474 14.567427747099192 0.20508713502675111 24.365509377756506 0.49847344992754983 19.423677511044065 8.9330181912816733e-05 0.0010106988048348422 13.204134425824087 0.0001879619864796345
decision_type=2 2 2 2 2 2 2 2 2 2 2 2 2 2 2 2 2 2 2 2 2 2 2 2 2 2 2 2
left_child=10 6 3 8 5 -4 24 22 -3 -6 17 12 13 -12 16 -14 -13 19 23 20 -1 -20 -8 -19 25 -2 -5 -26
right_child=1 2 4 26 9 -7 7 -9 -10 -11 11 14 15 -15 -16 -17 -18 18 21 -21 -22 -23 -24 -25 27 -27 -28 -29
leaf_value=-0.044636371060187148 -0.023458107563386756 0.01772036864994235 -0.0066188323075033811 -0.048625691981650725 -0.0044341997545362727 -0.044636315233669045 -0.058538792727918204 0.076745769225402799 0.062736106324294702 0.0066885972892064063 0.0055962460251517852 0.05965590824736975 -0.045291907312113383 -0.039580754221338214 0.075565267586260199 -0.015958047998810929 0.0033158843806370326 -0.0066370734844847946 0.0068816139253502356 0.058162868087962206 0.011546938543799071 0.039278638326973592 0.0032998429150783988 -0.036606244898071245 -0.049895083244175374 0.021759563124400812 -0.0083861668857852182 -0.031541784014326828
leaf_weight=3.6376091092824927 15.025266841053964 12.482231557369234 497.08746587485075 3.3415125012397757 170.83285108208656 19.686041653156281 2.9076965227723104 3.7614017426967612 12.654911592602728 195.2194055467844 261.83629596233368 3.6505138576030722 17.672266334295273 15.855881765484808 5.5104987472295752 71.421903640031815 607.59755379706621 30.849869787693024 23.4714285582304 7.5928306728601447 182.63987747579813 11.206952750682829 6.2266224250197411 11.349096193909643 15.034248098731043 2.9378968030214301 4.0314054787158966 10.402293555438517
leaf_count=18 96 80 3575 20 1073 146 24 19 76 1058 1363 16 136 97 29 403 2845 132 95 32 820 46 43 48 115 19 20 76
internal_value=-5.09559e-05 -0.00414722 -0.00306095 0.0251866 -0.00410116 -0.00806708 -0.0218095 0.0107792 0.0403829 0.0014977 0.00312219 0.00157232 -0.00300571 0.00301669 0.00429487 -0.0217766 0.00365236 0.00875242 -0.000240454 0.0123185 0.0104498 0.0173513 -0.016385 -0.0146971 -0.0314928 -0.0160627 -0.0266233 -0.0423895
internal_weight=2225.92 971.631 915.336 32.5101 882.826 516.774 56.2954 12.8957 25.1371 366.052 1254.29 983.545 366.786 277.692 616.759 89.0942 611.248 270.748 76.8773 193.87 186.277 34.6784 9.13432 42.199 43.3997 17.9632 7.37292 25.4365
internal_count=12520 6440 6048 196 5852 3721 392 86 156 2131 6080 4889 1999 1460 2890 539 2861 1191 321 870 838 141 67 180 306 115 40 191
is_linear=0
shrinkage=0.05


Tree=40
num_leaves=28
num_cat=0
split_feature=1 1 1 4 4 3 2 0 1 1 3 3 4 2 4 4 0 4 2 3 2 1 3 4 4 3 2
split_gain=10.4672 6.88643 9.5918 9.03449 7.1279 10.3029 6.58172 8.35654 4.53406 4.06915 4.06192 3.60717 9.20613 8.75199 7.1937 5.50177 4.74203 4.28088 3.07078 2.81446 2.99875 2.8106 2.01083 1.76993 1.12416 1.03886 0.84594
threshold=1.1599110367521705e-05 0.00022046953355914225 0.00023712759229621574 9.7265007909671919 10.113476692969339 1.3306451756172009 0.0020008054950966252 66.493990230646418 0.00022697504726720832 -0.0045387939578740979 1.2025313038804015 0.56626364967256371 3.8584362017883396 0.0053870985886335107 10.943999855778275 4.1360203513581277 24.813273871199367 6.202798530616465 -0.014338590424976315 0.58394834602126144 -0.0037394313327912538 8.9330181912816733e-05 0.65272263321779656 38.442517660526541 13.204134425824087 0.84960320716717597 -0.00021223131252717795
decision_type=2 2 2 2 2 2 2 2 2 2 2 2 2 2 2 2 2 2 2 2 2 2 2 2 2 2 2
left_child=9 6 3 8 5 -4 21 -8 -3 18 -6 13 16 14 -11 -14 -13 -15 23 -20 -21 22 -2 -1 -5 -9 -23
right_child=1 2 4 24 10 -7 7 25 -10 11 -12 12 15 17 -16 -17 -18 -19 19 20 -22 26 -24 -25 -26 -27 -28
leaf_value=0.0055579989333391913 0.0066326294303217393 0.0025491583217337878 -0.0063158402739227244 -0.047553644609721037 -0.0042234984672534694 -0.043740642193686868 0.053988732952432596 -0.009700290190166834 0.050080848750930718 0.0086636716748264737 0.0063332458686828144 0.02383652961075252 0.037884457724554302 -0.048197158436430798 0.07030242840203553 0.0012274491743231274 -0.028554200945845067 -0.0032406299779362438 0.040964964364485254 0.018426828691387107 -0.0015621919559899427 -0.032166870257424221 -0.028226807501918014 -0.032939880895275608 -0.0079961901353518567 -0.048493269806915734 -0.050666535871799978
leaf_weight=6.6868676096200925 6.5417790040373829 6.831326678395274 494.94386728107929 3.248382329940795 170.39896026998758 19.099683597683907 5.9086842164397222 3.9286224693059921 18.892844751477242 238.90911583602428 195.84771037846804 4.8940075188875189 10.364150628447531 9.6264848783612269 4.829202488064765 827.59255664795637 36.768687792122364 11.769136413931845 9.4894793629646284 61.314104974269867 27.036089926958084 12.286001577973366 11.253152184188364 5.3937261402606964 4.0169951468706131 3.0779048502445221 12.432780385017395
leaf_count=27 44 42 3575 20 1073 146 37 30 114 1182 1058 26 59 62 20 3959 261 61 39 249 113 89 71 22 20 19 102
internal_value=-5.09259e-05 -0.00395527 -0.00291669 0.0235526 -0.00390865 -0.00770639 -0.0210674 0.0101923 0.0374583 0.00296354 0.00142164 0.00208119 0.000540261 0.00719344 0.00988492 0.00168084 -0.0224 -0.0234678 0.0121526 0.0150892 0.01231 -0.0305638 -0.0154118 -0.0116305 -0.0256825 -0.0267417 -0.0414716
internal_weight=2223.38 968.709 913.28 32.9895 880.29 514.044 55.4289 12.9152 25.7242 1254.67 366.247 1144.75 879.619 265.134 243.738 837.957 41.6627 21.3956 109.92 97.8397 88.3502 42.5137 17.7949 12.0806 7.26538 7.00653 24.7188
internal_count=12520 6440 6048 196 5852 3721 392 86 156 6080 2131 5630 4305 1325 1202 4018 287 123 450 401 362 306 115 49 40 49 191
is_linear=0
shrinkage=0.05


Tree=41
num_leaves=29
num_cat=0
split_feature=1 1 1 4 4 3 2 4 3 1 0 1 2 4 3 1 0 4 4 4 1 3 0 4 1 2 4 2
split_gain=9.46817 6.34755 8.56097 7.9912 6.47779 9.69267 6.10234 7.97827 4.18811 3.91757 3.73742 4.73497 4.65097 4.58331 7.83311 6.46931 4.05525 3.11664 7.06095 5.9916 3.87382 2.88977 2.82803 2.71867 2.707 1.86786 1.06777 0.841604
threshold=1.1599110367521705e-05 0.00022046953355914225 0.00023712759229621574 9.7265007909671919 10.113476692969339 1.3306451756172009 0.0020008054950966252 11.452027098829335 0.69950178264742735 0.00087295955133437364 29.336596204895667 1.0000000180025095e-35 -0.00077904377822413096 9.9186935995201324 0.68371823895034434 -0.00044810955120544444 62.885007964143348 15.199789123855343 22.659793959474474 14.567427747099192 -0.0026148950879293915 0.49847344992754983 24.365509377756506 19.423677511044065 8.9330181912816733e-05 0.00040963740406141374 13.204134425824087 -0.00021223131252717795
decision_type=2 2 2 2 2 2 2 2 2 2 2 2 2 2 2 2 2 2 2 2 2 2 2 2 2 2 2 2
left_child=10 6 3 8 5 -4 24 21 -3 -6 17 13 -13 14 -12 -15 -14 19 23 20 -1 -8 -20 -19 25 -2 -5 -26
right_child=1 2 4 26 9 -7 7 -9 -10 -11 11 12 16 15 -16 -17 -18 18 22 -21 -22 -23 -24 -25 27 -27 -28 -29
leaf_value=0.019817039747331934 -0.024603644363352682 0.014475106797653355 -0.0060255656697855171 -0.046510964653503711 0.012135967373692174 -0.042858665615730679 -0.058202670872138429 0.069319349263654323 0.054406541078448306 -0.0011284209778239576 0.0036397532270359013 0.065301032158793321 -0.0052517999717176323 0.007323927646827229 -0.008190322459006541 -0.011942295544957068 0.045547186073946831 -0.0065908880990826271 0.0063067778742394668 0.054899523931885956 0.0045302127095543064 0.0027941056203070929 0.036819796825479235 -0.035276025245683892 -0.031228932144658675 0.012166053333017098 -0.0076232475323246189 -0.049946736809303005
leaf_weight=62.062283098697662 12.925502032041551 12.891960784792902 492.90138420090079 3.1574689745903006 68.452824175357819 18.532596558332443 2.8141952976584417 3.909424051642417 13.382850065827368 297.9744096621871 289.70654339343309 5.2219914048910168 11.836949251592161 350.70477300882339 270.64686741679907 49.753061816096306 5.8803904950618735 30.813370570540428 23.449582546949387 7.5996004045009604 124.734121568501 6.263242743909359 11.230505272746084 11.28526298701763 12.028881937265396 4.7132955938577643 4.0031985193490982 11.992554999887943
leaf_count=256 83 80 3575 20 368 146 24 19 76 1763 1476 28 71 1560 1455 265 34 132 95 32 582 43 46 48 89 32 20 102
internal_value=-5.03585e-05 -0.00377149 -0.00277894 0.022053 -0.00372472 -0.00736027 -0.0203232 0.00960241 0.0348138 0.00134952 0.00281388 0.00138126 0.0238312 0.000845271 -0.00207409 0.00493028 0.0116084 0.00801102 -0.000518249 0.0113797 0.00960919 -0.0161162 0.0161879 -0.0142804 -0.029652 -0.0147783 -0.0247706 -0.0405737
internal_weight=2220.87 965.944 911.297 33.4355 877.861 511.434 54.6471 12.9869 26.2748 366.427 1254.93 983.751 22.9393 960.811 560.353 400.458 17.7173 271.175 76.7787 194.396 186.796 9.07744 34.6801 42.0986 41.6602 17.6388 7.16067 24.0214
internal_count=12520 6440 6048 196 5852 3721 392 86 156 2131 6080 4889 133 4756 2931 1825 105 1191 321 870 838 67 141 180 306 115 40 191
is_linear=0
shrinkage=0.05


Tree=42
num_leaves=29
num_cat=0
split_feature=1 1 1 3 4 3 3 2 0 3 2 1 0 4 3 3 4 4 3 3 1 3 3 0 1 4 3 1
split_gain=8.56446 5.85868 7.65166 7.30667 5.89338 12.8379 5.74277 5.64776 7.22557 4.16856 3.42014 5.91547 6.26983 5.68603 5.11982 4.46222 2.78518 4.77611 5.96868 5.51135 2.6047 1.88787 1.69473 7.53089 3.38119 1.14178 1.06734 0.861605
threshold=1.1599110367521705e-05 0.00022046953355914225 0.00023712759229621574 1.1965970840720881 9.1265294469566793 1.2489667196258591 0.5581171895812912 0.0020008054950966252 66.493990230646418 0.69950178264742735 -0.0013701423914942998 -1.0000000180025095e-35 43.611668202670792 1.2799490829032862 0.37035266021446905 1.2141467897114944 2.9239433791734197 5.2197593129420454 0.34319168070815004 0.35083175751397294 8.9330181912816733e-05 0.65272263321779656 0.3966779125192757 28.148958175637599 -0.00063740249879062894 1.1195614743433542 0.84960320716717597 0.0001879619864796345
decision_type=2 2 2 2 2 2 2 2 2 2 2 2 2 2 2 2 2 2 2 2 2 2 2 2 2 2 2 2
left_child=10 7 3 9 5 -4 -6 20 -9 -3 16 13 -13 25 -15 -14 22 19 -19 -18 21 -2 23 -1 -24 -12 -10 -22
right_child=1 2 4 -5 6 -7 -8 8 26 -11 11 12 15 14 -16 -17 17 18 -20 -21 27 -23 24 -25 -26 -27 -28 -29
leaf_value=-0.040709414849424086 0.0071837067871894427 0.011826129854730897 -0.0056517606045092209 -0.027476024875168033 -0.036536592303629024 -0.04642742130328413 0.0017086464592720929 0.048649903014629646 -0.008559331553971275 0.050816422035727171 -0.060878800907623092 0.082933355407843953 0.024006440642878619 0.015328383247129049 -0.0019433594310522056 -0.027652607717271689 -0.031084406833249052 0.055806321611067411 0.0056399911429853402 0.00017884949851999039 -0.047746580600050499 -0.026807885555802165 0.069200019289437087 0.030700911947054904 0.0064220545801287887 -0.024594840505364382 -0.048229565412338263 -0.028239982984409301
leaf_weight=4.9613848030567231 6.5029713064432171 13.318089336156847 441.13731560856104 6.3884006440639487 10.05964934080839 20.186676017940044 404.2100145816803 6.1121146306395513 3.8427207693457603 14.126066461205481 3.9902180731296522 3.6894045323133495 19.867891393601898 46.756233967840672 521.10292110592127 5.294096164405345 18.151860997080803 5.9956914931535712 534.40734821557999 63.108069308102131 13.702083989977838 10.98481225967407 4.4740323275327682 14.430527508258818 4.1199325621128065 4.7482054382562637 3.0344823598861694 9.646089240908621
leaf_count=25 44 82 3222 36 76 162 2392 37 30 78 28 21 119 253 2689 31 82 25 2366 303 115 71 21 66 23 28 19 76
internal_value=-4.96455e-05 -0.00359593 -0.00264728 0.0206845 -0.0035488 -0.00743603 0.000779943 -0.0196244 0.00909293 0.0318952 0.00267203 -3.16416e-05 0.0220626 -0.00113718 -0.000521243 0.0131373 0.00519175 0.00449713 0.00619658 -0.00680474 -0.0287589 -0.0141678 0.0206217 0.0124307 0.0391044 -0.0411632 -0.0260633 -0.0396876
internal_weight=2218.35 963.251 909.426 33.8326 875.594 461.324 414.27 53.8253 12.9893 27.4442 1255.1 605.449 28.8514 576.598 567.859 25.162 649.649 621.663 540.403 81.2599 40.836 17.4878 27.9859 19.3919 8.59396 8.73842 6.8772 23.3482
internal_count=12520 6440 6048 196 5852 3384 2468 392 86 160 6080 3169 171 2998 2942 150 2911 2776 2391 385 306 115 135 91 44 56 49 191
is_linear=0
shrinkage=0.05


Tree=43
num_leaves=25
num_cat=0
split_feature=1 2 4 3 0 1 1 4 4 1 0 3 4 4 3 3 2 4 3 0 0 0 2 1
split_gain=7.91797 5.69604 5.61398 13.94 6.60836 5.43654 4.96458 6.81997 4.52968 4.4721 2.89334 2.84087 3.1413 10.6266 8.31402 6.00823 6.98035 5.67062 4.74617 2.79479 1.89937 1.66554 1.66335 0.964558
threshold=-0.0015491612410729603 0.008899089622739333 3.8584362017883396 0.61878168091067554 29.024539331719605 0.001432187533294438 0.0024030021964477348 38.442517660526541 1.2799490829032862 -0.0014169210774668815 88.341932834626718 1.9478001911749538 12.694367538797279 9.9186935995201324 1.3306451756172009 0.934039258335703 -0.0003037250661456769 17.569567567246647 0.55237243233656996 69.308087717132125 26.414302034853431 73.674744732542536 0.0094836609506574483 0.0030285705223044306
decision_type=2 2 2 2 2 2 2 2 2 2 2 2 2 2 2 2 2 2 2 2 2 2 2 2
left_child=11 2 3 8 -5 21 9 -8 -2 -4 19 12 13 18 -15 17 -17 -14 -1 -7 -13 -3 -23 -12
right_child=1 5 6 4 -6 10 7 -9 -10 -11 23 20 15 14 -16 16 -18 -19 -20 -21 -22 22 -24 -25
leaf_value=0.010706352410501691 -0.021298332900811998 -0.063465056678917858 -0.015637642152774384 0.032987018145990143 -0.032940174363532047 -0.045923478243738283 -0.0089576723274470693 0.057472284375706145 0.0013974016473686894 0.0019262422618631593 -0.013559578672966453 0.0093122886438475033 0.0055045324085429047 0.014656586316521371 0.05247383660329108 0.0014115270187645493 -0.021976538660039208 0.048782150896511757 -0.0037769926623519227 0.0042911542952432571 0.053227214208081852 -7.988175674447217e-05 -0.036656484502421156 -0.055129437699970633
leaf_weight=93.889615900814533 25.167393751442432 4.3537525981664684 37.486102029681206 4.0677597224712363 57.973726391792297 3.0315171405673018 179.40316767245531 3.9486596286296836 173.83948073536158 1091.8592542186379 2.3551073893904677 4.8510513156652433 23.751338988542557 77.228474736213684 17.902591198682785 162.53136210143566 39.694222956895828 11.109465301036833 142.28698149323463 32.238594032824039 5.0000323355197906 3.9033263102173832 15.259738571941851 3.4245333820581436
leaf_count=398 183 27 176 24 473 20 1294 20 1154 6259 25 20 99 325 77 684 177 46 629 220 21 24 103 42
internal_value=-4.92152e-05 -0.00182461 -0.00122745 -0.00792413 -0.0286176 -0.0163799 0.000104285 -0.00752704 -0.00147281 0.00134325 -0.00539842 0.00498092 0.00451954 0.00766394 0.0217734 0.000125521 -0.00317924 0.0192963 0.00198071 -2.48661e-05 0.0316018 -0.0355487 -0.0292062 -0.0381904
internal_weight=2216.56 1638.31 1573.75 261.048 62.0415 64.5666 1312.7 183.352 199.007 1129.35 41.0498 578.245 568.394 331.308 95.1311 237.086 202.226 34.8608 236.177 35.2701 9.85108 23.5168 19.1631 5.77964
internal_count=12520 10044 9583 1834 497 461 7749 1314 1337 6435 307 2476 2435 1429 402 1006 861 145 1027 240 41 154 127 67
is_linear=0
shrinkage=0.05


Tree=44
num_leaves=25
num_cat=0
split_feature=1 0 3 1 4 2 4 4 1 4 3 3 2 0 4 0 0 1 2 2 2 4 3 1
split_gain=7.32161 4.18655 4.26104 4.64075 4.13057 3.85167 8.64786 6.98045 3.00341 2.86795 6.84769 2.4239 6.43891 6.27189 3.48454 5.32826 4.84301 2.33147 2.63322 1.67242 1.46694 1.07356 2.06639 0.00135581
threshold=-0.00022268175126205489 88.341932834626718 1.8631794431779265 0.003601698017064781 25.265474137200105 0.0020799821069802387 2.2050094568621295 1.7753975335858823 -0.0045387939578740979 38.442517660526541 1.8177244026559098 1.7795124883851261 -0.0060665396262923324 39.623204977195648 9.9186935995201324 29.024539331719605 60.277448880976472 -0.0074434830450515457 -0.0085990139924392844 -0.010824148842572877 0.013121702587211572 8.6331376447639432 0.7045786999030349 0.002576948732933682
decision_type=2 2 2 2 2 2 2 2 2 2 2 2 2 2 2 2 2 2 2 2 2 2 2 2
left_child=8 2 5 4 -4 7 -7 -2 9 17 -11 14 -13 -14 15 -10 -16 19 -19 -1 21 22 -3 -22
right_child=1 20 3 -5 -6 6 -8 -9 11 10 -12 12 13 -15 16 -17 -18 18 -20 -21 23 -23 -24 -25
leaf_value=0.050132136414973417 -0.030470222793635829 -0.028339316839780977 0.013005508937473856 -0.030162003067384091 0.061415879107521033 0.03802321673529932 -0.0008098508557334331 -0.0044953350789451616 0.0096476554832911655 -0.047823468767424826 0.029578905868955032 0.041368430826928392 -0.038384035618245514 0.0019022953402311584 0.0040686397139943816 -0.0022420333409839842 0.0212631534134173 -0.0073273452522230444 0.014583593248199488 0.018035399272875934 -0.056087634814515723 -0.043242966951041489 0.016559349598609323 -0.054153944738561589
leaf_weight=6.4823501408100155 27.076445154845715 7.0020066350698489 15.266498118638998 4.2585654556751242 6.1940563023090354 14.848844923079012 415.55560537427664 578.20040667802095 116.94772017002106 6.3418774306774122 5.2006761133670807 5.4517018944025031 17.911539182066917 20.973709136247635 332.23410619795322 485.05776308476925 46.709575310349464 17.514796987175941 63.156708836555481 10.853879377245901 1.8836665153503411 3.6322159171104422 4.0418965071439743 1.7474256344139574
leaf_count=27 208 68 75 24 28 111 2764 3759 531 26 21 23 82 103 1480 2480 218 71 261 44 20 35 36 25
internal_value=-4.82807e-05 -0.00299572 -0.00258682 0.0175167 0.026978 -0.00308605 0.00052988 -0.0056573 0.00275598 0.0106251 -0.0129486 0.00191517 -0.00952006 -0.0166546 0.00243202 6.76998e-05 0.00618808 0.0134014 0.00982645 0.030037 -0.0267025 -0.0196625 -0.0119071 -0.0551571
internal_weight=2214.54 1079.71 1061.4 25.7191 21.4606 1035.68 430.404 605.277 1134.84 109.55 11.5426 1025.29 44.337 38.8852 980.949 602.005 378.944 98.0077 80.6715 17.3362 18.3072 14.6761 11.0439 3.63109
internal_count=12520 7153 6969 127 103 6842 2875 3967 5367 450 47 4917 208 185 4709 3011 1698 403 332 71 184 139 104 45
is_linear=0
shrinkage=0.05


Tree=45
num_leaves=30
num_cat=0
split_feature=1 1 1 4 4 3 2 4 1 3 3 4 2 4 3 1 4 4 4 0 0 3 3 3 1 2 4 4 3
split_gain=6.66348 5.33242 6.80205 6.78708 5.31974 8.806 5.16983 6.93821 3.77226 3.48794 2.9745 8.15522 8.03136 5.51011 5.96811 4.81179 4.76193 4.22648 4.06712 3.9277 3.85078 3.89939 3.25683 2.77483 2.49538 2.33224 1.60835 1.03473 0.87802
threshold=1.1599110367521705e-05 0.00022046953355914225 0.00023712759229621574 9.7265007909671919 10.113476692969339 1.3306451756172009 0.0020008054950966252 11.452027098829335 0.00022697504726720832 1.2025313038804015 0.56626364967256371 3.8584362017883396 0.0053870985886335107 7.7780195776485224 0.43013217140752835 -0.00042126649244822451 4.1360203513581277 6.940572685853688 6.202798530616465 73.008272223606625 24.813273871199367 0.78243180376825372 0.68371823895034434 0.49847344992754983 8.9330181912816733e-05 -0.0040705392087740369 3.9534740597431983 13.204134425824087 0.80821001121586333
decision_type=2 2 2 2 2 2 2 2 2 2 2 2 2 2 2 2 2 2 2 2 2 2 2 2 2 2 2 2 2
left_child=10 6 3 8 5 -4 24 23 -3 -6 12 20 13 15 -15 -1 22 -18 26 -20 -12 -22 -13 -8 25 -2 -14 -5 -26
right_child=1 2 4 27 9 -7 7 -9 -10 -11 11 16 18 14 -16 -17 17 -19 19 -21 21 -23 -24 -25 28 -27 -28 -29 -30
leaf_value=0.0026365824763585686 -0.05001680932338623 -0.00043754509454983163 -0.0052214724566459559 -0.045736239018522959 -0.0038100924414519368 -0.041296358344003317 -0.057934277482382814 0.063226239202693588 0.042083770974509695 0.0059819165936520853 0.019948809726115388 0.069395275003793735 -0.023307254177273751 -0.008309309609861008 0.04309647114097051 0.019750053382003408 -0.0055607397188833611 0.0032083708020812854 -0.022696072352403677 0.039615952707048013 -0.010749287653414439 -0.043969140055759838 0.012681055170753023 0.0025506558692553693 -0.048548021858233356 -0.0040864149623745403 -0.065193200906855667 -0.0071829120135920542 -0.028791710657526989
leaf_weight=171.55873720347881 3.4563929885625866 7.0543613359332111 487.12145600095391 3.0856130272150031 169.45121574401855 17.525021553039551 2.7173838466405851 4.0293821096420279 20.013748556375504 196.28624367713928 5.0417062491178504 4.2261770665645582 4.0030253827571887 7.6252461224794414 21.754160478711128 54.003865346312523 167.69894818216562 760.68678048253059 8.0415297225117666 3.6890665739774695 18.330471992492676 17.050543025135994 6.3120859712362289 6.2746104672551155 11.131310351192953 13.793804429471491 5.3613248988986015 3.9919865876436234 11.366493158042429
leaf_count=802 20 42 3575 20 1073 146 24 19 114 1058 26 21 29 33 94 314 877 3491 41 20 120 141 38 43 101 95 33 20 90
internal_value=-4.69057e-05 -0.00318905 -0.00228771 0.0196033 -0.00314651 -0.00647426 -0.0186391 0.00870395 0.0310021 0.00144514 0.00234915 0.00105703 0.00693345 0.00938674 0.0297544 0.00673386 0.00200374 0.00162436 -0.0227157 -0.00310003 -0.0209328 -0.0267583 0.0354253 -0.0157279 -0.0275966 -0.0132894 -0.047288 -0.023991 -0.0385666
internal_weight=2212.68 957.299 904.53 34.1457 870.384 504.646 52.7694 13.0214 27.0681 365.737 1255.38 979.347 276.037 254.942 29.3794 225.563 938.924 928.386 21.0949 11.7306 40.4227 35.381 10.5383 8.99199 39.748 17.2502 9.36435 7.0776 22.4978
internal_count=12520 6440 6048 196 5852 3721 392 86 156 2131 6080 4714 1366 1243 127 1116 4427 4368 123 61 287 261 59 67 306 115 62 40 191
is_linear=0
shrinkage=0.05


Tree=46
num_leaves=26
num_cat=0
split_feature=1 2 1 4 3 0 4 3 1 1 2 0 3 0 3 2 3 4 3 3 0 0 2 0 1
split_gain=6.16526 4.62894 4.78715 4.45855 5.65326 17.5832 11.2014 5.50545 3.88599 2.98355 3.73168 3.48297 2.87319 4.94046 3.72011 2.74774 2.65868 2.9413 2.57709 5.27432 4.26886 1.70291 1.66862 1.61988 1.70729
threshold=-0.0013462476836275104 0.008899089622739333 0.001432187533294438 1.2799490829032862 0.36373722553737392 82.335357014770025 3.1589050130007212 0.19124988926921135 -0.0013966788010402185 -0.0015491612410729603 -0.0058073470834059662 53.474376907653685 1.1657939524519647 53.839389823051377 0.82573328978355931 0.0029360144366030743 1.9478001911749538 12.694367538797279 1.1736628836981813 1.3740974912943293 79.669048153911447 26.414302034853431 0.0013971348722575663 73.674744732542536 8.9330181912816733e-05
decision_type=2 2 2 2 2 2 2 2 2 2 2 2 2 2 2 2 2 2 2 2 2 2 2 2 2
left_child=8 3 23 7 5 -5 -6 15 9 16 -11 -12 13 14 -10 -2 17 -1 20 -20 -4 -18 -9 -3 -25
right_child=1 2 18 4 6 -7 -8 22 12 10 11 -13 -14 -15 -16 -17 21 -19 19 -21 -22 -23 -24 24 -26
leaf_value=0.0069538614139623674 -0.010966987925104086 -0.062866514886591951 -0.03583299117979049 0.0060070012095643647 -0.018723779787519552 0.11176660397657426 -0.00053632255628231187 -0.054600422182747015 0.030018427665441473 -0.046666183490308037 0.004198443666695517 -0.028028094234152114 -0.0070284491811268175 -0.0070066361430271441 0.088825328800815478 0.045602416847427087 0.008897638017382966 -0.00033924481154868664 0.05661086991087351 -0.008601668375600292 0.0044985471685093179 0.050451115822527884 -0.013653356251400029 -0.0049402818882960274 -0.037768565312463587
leaf_weight=331.6645725518465 8.7267875671386737 3.9145816192030933 12.157523863017561 113.94606044143438 90.742489673197269 4.0704505592584601 1262.6633396223187 9.8809854164719564 6.6250562220811862 5.6121612638235083 35.154624819755554 11.010054498910902 5.2269786447286597 4.7488972693681708 4.5268974155187607 2.8468748554587355 4.8336423188447935 237.05897571146488 4.566216714680194 9.659994073212145 14.252168912440537 5.0326320379972458 3.3253198787569991 5.7784741297364262 12.588613972067831
leaf_count=1429 60 25 90 729 685 30 7614 78 30 26 162 57 24 24 20 21 20 1006 29 61 127 21 27 36 89
internal_value=-4.65577e-05 -0.00175344 -0.015039 -0.00119477 -0.000840563 0.0096547 -0.00175575 -0.0222272 0.00403827 0.00333131 -0.00816763 -0.00348743 0.0251311 0.0357027 0.0538898 0.00294788 0.00436032 0.0039139 -0.0048263 0.0123297 -0.0140678 0.0300934 -0.04429 -0.0336643 -0.0274405
internal_weight=2210.61 1559.12 62.9176 1496.2 1471.42 118.017 1353.41 24.78 651.494 630.367 51.7768 46.1647 21.1278 15.9009 11.152 11.5737 578.59 568.724 40.6359 14.2262 26.4097 9.86627 13.2063 22.2817 18.3671
internal_count=12520 9701 457 9244 9058 759 8299 186 2819 2721 245 219 98 74 50 81 2476 2435 307 90 217 41 105 150 125
is_linear=0
shrinkage=0.05


Tree=47
num_leaves=28
num_cat=0
split_feature=1 4 4 2 3 2 2 2 4 0 0 0 4 4 1 4 2 3 3 4 2 2 1 1 4 4 1
split_gain=6.04675 6.41558 7.30495 6.206 5.76759 5.46385 5.31648 9.3295 8.38097 10.9666 10.0638 4.90063 5.43146 4.65394 6.55443 4.5556 3.97031 3.84482 3.43333 3.36108 3.07742 3.90358 3.81184 2.43433 1.81711 1.21568 0.0293374
threshold=0.001605358212736552 13.892085156907173 14.270110483961846 -0.0088853823615943611 0.95852034859982727 0.0081329746114553476 0.0020799821069802387 0.0015224605150668815 9.1265294469566793 78.814126707181458 60.05724701752046 79.205137397239199 18.032977136330551 6.7895750109647031 0.0001879619864796345 5.331407523785038 -0.0037394313327912538 0.57106968903744193 1.1657939524519647 8.9542029749812837 -0.00096738102421939354 0.00077954423463133537 0.0017607340071553736 0.0022910967319862423 4.1902005011439831 12.787818167714603 0.0023279076534171721
decision_type=2 2 2 2 2 2 2 2 2 2 2 2 2 2 2 2 2 2 2 2 2 2 2 2 2 2 2
left_child=5 16 4 -4 -3 6 7 15 10 -10 -8 12 25 24 -15 -1 19 -9 -5 23 22 -22 -18 -2 -13 -7 -21
right_child=1 2 3 18 -6 11 8 17 9 -11 -12 13 -14 14 -16 -17 20 -19 -20 26 21 -23 -24 -25 -26 -27 -28
leaf_value=-0.0037525546600754309 0.012953199870875235 -0.0029379689032833695 0.055501103977531621 -0.015735151203941613 0.093298828779936283 -0.054493614999201058 0.021683359153598546 0.0020182321349169917 0.013743152795021954 0.098161602537735038 -0.0044981136446843838 0.005587126321098472 0.018405821446988886 0.071999239931240605 -0.0084641823597109735 0.0028875068614061441 -0.031160001028811637 -0.022101865096452063 0.0025617834868457926 -0.061685228830156619 -0.029300742707814686 -0.0086967645244525275 0.017739269715545028 -0.05561487248306738 -0.048571739230193055 -0.025978731353118786 -0.055559418879535596
leaf_weight=349.85098344087601 4.0588931739330274 2.6194162741303435 4.8370099663734427 34.521303422749043 3.838035449385643 11.961124420166021 45.929885625839233 22.312525697052479 146.2585001885891 3.9510778486728659 182.72372710704803 2.3653689026832607 4.097272776067256 4.1535581797361356 6.4785154610872269 987.21043786406517 5.0560248941183117 63.661311201751232 99.644391939043999 4.0711392760276794 26.891728490591049 158.35732289031148 18.820571891963482 1.9005128443241117 4.4860511273145676 5.436779871582984 3.7592523619532585
leaf_count=2158 28 20 25 204 24 79 264 140 731 22 1175 21 20 21 43 4797 35 369 534 27 215 1291 150 22 35 27 43
internal_value=-4.59323e-05 -0.0058935 0.00227497 -0.000140078 0.0542611 0.00112422 0.00152486 0.000123497 0.00678846 0.0159637 0.000760986 -0.0173965 -0.0333857 0.00226145 0.0229699 0.00115009 -0.0112237 -0.0158421 -0.00214608 -0.0372095 -0.0095102 -0.0116877 0.00738453 -0.00891383 -0.0298741 -0.0455828 -0.0587443
internal_weight=2209.25 368.376 145.46 139.003 6.45745 1840.88 1801.9 1423.04 378.863 150.21 228.654 38.9787 21.4952 17.4835 10.6321 1337.06 222.915 85.9738 134.166 13.7898 209.126 185.249 23.8766 5.95941 6.85142 17.3979 7.83039
internal_count=12520 2618 807 763 44 9902 9656 7464 2192 753 1439 246 126 120 64 6955 1811 509 738 120 1691 1506 185 50 56 106 70
is_linear=0
shrinkage=0.05


Tree=48
num_leaves=23
num_cat=0
split_feature=1 4 4 2 2 3 4 0 0 3 1 0 2 4 4 3 3 0 1 1 4 2
split_gain=5.48572 6.23111 6.2486 5.36204 5.02308 4.77535 4.49293 13.9796 7.43562 7.27957 8.92261 5.0515 4.06244 3.17479 4.16052 3.15234 4.33832 3.05335 2.55546 3.03551 1.9636 0.236351
threshold=0.0015146585251719637 13.892085156907173 14.270110483961846 -0.0088853823615943611 0.008899089622739333 0.95852034859982727 8.8640015548072366 79.205137397239199 60.463644438096246 1.2997262233013842 0.00023110073702781178 29.024539331719605 -0.0034784698304791135 8.9542029749812837 5.2697309296913817 1.6283057739221312 1.5349214515201288 64.417358752385397 -0.0015491612410729603 0.0012000583817536328 6.940572685853688 -0.0040705392087740369
decision_type=2 2 2 2 2 2 2 2 2 2 2 2 2 2 2 2 2 2 2 2 2 2
left_child=4 12 5 -4 6 -3 9 8 -8 11 -11 -1 13 14 -2 16 -14 -5 -6 20 -20 -15
right_child=1 2 3 17 18 -7 7 -9 -10 10 -12 -13 15 21 -16 -17 -18 -19 19 -21 -22 -23
leaf_value=0.0096219725575794821 -0.059243420084196655 -0.0027966769494853772 0.051382670288524127 0.0058383288916273686 0.014923662530444021 0.083892219198958839 0.001660225539491829 0.093393461529686361 0.014992075149129109 -0.0077637367792847082 -0.057879136476527843 -0.0013166028306570829 -0.008907040056981003 -0.058824639060186305 0.020634563381990646 -0.059564706224620956 0.050910247211572494 -0.0091918265291876227 -0.058323580165448786 0.013310249644094796 -0.024014387684000958 -0.041323597316147348
leaf_weight=121.48232409358025 2.5977962091565159 2.6142992600798598 4.9601343423128119 68.752801477909088 4.4254294782876995 4.0490968078374863 696.07124069333076 4.363797463476657 123.07974022626877 37.518745146691799 11.636097632348536 804.53746972978115 211.88490572571754 6.6051740944385537 4.3765460625290871 3.0114472433924666 3.075143761932849 66.446951627731323 6.0285220965743127 3.9807112142443648 13.529872119426726 2.7250822857022259
leaf_count=573 21 20 25 364 19 24 3254 24 633 221 101 4817 1718 60 38 24 20 380 52 27 83 22
internal_value=-4.58279e-05 -0.00550241 0.00257366 0.000324612 0.00109259 0.0498809 0.00141952 0.00413885 0.00366337 -0.000876899 -0.0196272 0.000118403 -0.0105638 -0.0346376 -0.00911831 -0.00876301 -0.00805131 -0.00154858 -0.0199356 -0.0264892 -0.0345896 -0.0537131
internal_weight=2207.75 381.099 146.823 140.16 1826.65 6.6634 1798.69 823.515 819.151 975.175 49.1548 926.02 234.276 16.3046 6.97434 217.971 214.96 135.2 27.9645 23.5391 19.5584 9.33026
internal_count=12520 2716 813 769 9804 44 9623 3911 3887 5712 322 5390 1903 141 59 1762 1738 744 181 162 135 82
is_linear=0
shrinkage=0.05


Tree=49
num_leaves=18
num_cat=0
split_feature=1 2 1 0 3 4 0 0 1 0 4 3 2 2 4 2 4
split_gain=5.14004 4.24779 4.20806 3.99413 6.77983 5.81963 4.48727 7.01915 3.8259 3.5733 3.42129 8.48219 4.61372 2.18715 2.08665 1.52208 0.369402
threshold=-0.0020689429815602951 -0.01744289136528537 -0.0021027690741259315 55.158607591087566 1.2489667196258591 10.866387842213534 41.647721708250153 43.018264453162864 -0.0026148950879293915 89.925142041090382 5.331407523785038 0.32781101408370666 -0.0048134609763627592 0.0081329746114553476 7.9234745905730515 0.0064894645536015547 8.8080031426722716
decision_type=2 2 2 2 2 2 2 2 2 2 2 2 2 2 2 2 2
left_child=2 -2 3 6 5 -5 8 -8 -1 10 12 -12 -3 15 -4 -11 -15
right_child=1 9 14 4 -6 -7 7 -9 -10 13 11 -13 -14 16 -16 -17 -18
leaf_value=0.0085435152610678841 0.048249685439592627 -0.024876236281080061 0.011640393436980956 0.010002517793238181 -0.036148083577880775 0.049429470375888573 -0.04083193265429147 -0.0016106123689742424 -0.0054175968832247852 -0.024993698408226944 0.050281017983060186 -0.00012292965113669553 -0.00354114774172042 -0.033877539961201068 0.054469042784131144 0.028411674467216371 -0.05530737640599849
leaf_weight=223.96687689423561 4.3236215561628333 26.795345492660999 5.2787647396326047 24.392919570207596 5.0948479622602454 15.18631689250469 13.213564187288283 83.445590764284134 62.840654730796814 3.1497649624943724 8.4030211418867093 1247.0807572491467 466.46209566295147 4.6071411035954934 6.1657325476408005 2.314547598361969 3.568589810281992
leaf_count=924 20 141 23 102 23 62 56 357 266 31 46 7148 3179 53 26 20 43
internal_value=-4.53798e-05 -0.0012492 0.00479281 0.00399298 0.0181419 0.0251304 0.00234462 -0.00697227 0.00548458 -0.00137063 -0.0011718 0.000214427 -0.00470014 -0.026863 0.0347144 -0.0023725 -0.0432314
internal_weight=2206.29 1766.7 439.585 428.141 44.6741 39.5792 383.467 96.6592 286.808 1762.38 1748.74 1255.48 493.257 13.64 11.4445 5.46431 8.17573
internal_count=12520 10681 1839 1790 187 164 1603 413 1190 10661 10514 7194 3320 147 49 51 96
is_linear=0
shrinkage=0.05


Tree=50
num_leaves=27
num_cat=0
split_feature=1 3 2 2 4 2 0 0 3 0 4 3 0 4 3 0 1 2 2 0 4 1 1 1 3 3
split_gain=4.94064 5.80052 5.5782 6.18831 4.90879 4.75086 4.22619 10.0369 9.13538 5.51004 4.07727 8.19871 6.24906 7.17035 5.84117 4.53383 3.51102 8.36111 5.41073 3.4684 3.3349 2.93376 2.26844 2.98388 1.66826 1.26719
threshold=0.001605358212736552 1.2025313038804015 0.0075276834680944047 0.0079225468847635722 30.888040052131633 0.008899089622739333 60.819372702247726 57.589644618753262 0.7045786999030349 63.084579317235558 7.1227987478101404 1.2997262233013842 79.205137397239199 9.3014950108134311 0.37035266021446905 76.647004351719303 0.0022910967319862423 -0.0011193457730901411 0.00094996834912053363 24.813273871199367 7.825402432062659 0.00023110073702781178 0.0013477350278497948 -0.0015491612410729603 0.97758787242379219 0.51460643565381636
decision_type=2 2 2 2 2 2 2 2 2 2 2 2 2 2 2 2 2 2 2 2 2 2 2 2 2 2
left_child=5 6 16 -4 -5 10 7 19 -9 25 11 14 15 -14 -1 -12 17 -3 -18 -2 -11 -13 23 -7 -25 -8
right_child=1 2 3 4 -6 22 9 8 -10 20 12 21 13 -15 -16 -17 18 -19 -20 -21 -22 -23 -24 24 -26 -27
leaf_value=0.0078269110810528352 0.04648520174769092 0.066318453524211937 0.084856630550452616 0.025291813137739275 -0.037851622246517919 0.012589447953900832 -0.014044907623869902 -0.0070731738181684465 0.067001447248947091 -0.0034520989019399895 0.0032294049817357218 -0.018971359899430305 0.0037349281796899567 0.090536840299727847 -0.0029280285963211904 -0.037145784944231923 -0.032388593577641976 -0.00022564113763916347 -0.00015911667335029525 -0.010682561447273649 -0.021035642497348891 -0.057329437603806092 0.021971282207285586 -0.038448893976526045 0.0027176989977322863 -0.055181672729317323
leaf_weight=162.34470349550247 2.7267945110797873 5.7730983495712307 3.6290819868445423 17.548838652670387 3.7325950339436522 4.4489521384239259 2.2852629199624053 7.758807040750983 8.9791595190763456 50.405983287841082 1041.2492160052061 17.083073973655704 5.1907541453838331 4.3923565745353699 567.79683163017035 6.9998111128807059 17.330013625323772 25.889151155948639 52.389722585678101 98.277532294392586 57.986631736159325 7.0387438684701911 2.9393123611807814 17.407129835337404 2.8662495836615554 10.35383555293083
leaf_count=950 20 28 20 106 24 19 20 66 64 438 5054 116 33 23 3439 40 95 148 302 755 453 65 19 128 16 79
internal_value=-4.37334e-05 -0.00535709 0.00330898 0.0245081 0.014217 0.00101061 -0.00994075 -0.0031965 0.0326645 -0.0165017 0.00132453 -0.00148421 0.00332724 0.04352 -0.000536701 0.00295979 -0.00189984 0.0119076 -0.0081703 -0.00913921 -0.0128587 -0.0301642 -0.0195543 -0.0244914 -0.0326288 -0.0477438
internal_weight=2204.82 365.067 126.293 24.9105 21.2814 1839.76 238.774 117.742 16.738 121.032 1812.1 754.263 1057.83 9.58311 730.142 1048.25 101.382 31.6622 69.7197 101.004 108.393 24.1218 27.6616 24.7223 20.2734 12.6391
internal_count=12520 2618 723 150 130 9902 1895 905 130 990 9720 4570 5150 56 4389 5094 573 176 397 775 891 181 182 163 144 99
is_linear=0
shrinkage=0.05


Tree=51
num_leaves=29
num_cat=0
split_feature=1 3 2 2 4 2 0 4 2 2 4 0 0 3 0 0 3 0 4 1 3 0 4 3 0 4 4 3
split_gain=4.48445 5.27728 4.96232 5.24447 4.4315 4.41057 4.82187 4.79236 4.48702 8.4253 6.29829 7.99333 6.9573 4.55226 3.89155 8.92758 7.75746 5.25614 3.89148 5.86628 3.56096 3.33018 3.25986 3.24026 3.07969 1.81516 1.14969 0.938717
threshold=0.001605358212736552 1.2025313038804015 0.0075276834680944047 0.0079225468847635722 30.888040052131633 0.0081329746114553476 79.205137397239199 18.032977136330551 0.0020799821069802387 0.0015224605150668815 9.3014950108134311 52.709177551131482 60.819372702247726 0.37035266021446905 60.819372702247726 57.589644618753262 0.7045786999030349 63.295058736344636 6.7895750109647031 0.0001879619864796345 0.57106968903744193 81.48160048938658 7.825402432062659 1.6407612332977295 24.813273871199367 4.1902005011439831 12.787818167714603 0.50928258468744325
decision_type=2 2 2 2 2 2 2 2 2 2 2 2 2 2 2 2 2 2 2 2 2 2 2 2 2 2 2 2
left_child=5 14 21 -4 -5 8 7 26 9 13 11 -10 -12 -1 15 24 -17 27 25 -20 -11 23 -19 -3 -2 -8 -7 -16
right_child=1 2 3 4 -6 6 18 -9 10 20 12 -13 -14 -15 17 16 -18 22 19 -21 -22 -23 -24 -25 -26 -27 -28 -29
leaf_value=0.010491538061714673 0.042943636601657731 0.0066866887357439793 0.077256326437342537 0.023703759917287234 -0.036752383778156532 -0.053117565403905311 0.0090754455661497726 0.016174952002539766 0.039323988348806488 0.0019421020250899703 0.0005539104044129593 -0.0011346454987047846 0.023037326615876499 9.8265509577285799e-05 -0.016690292975772292 -0.0067543136092356989 0.06093864582128479 -0.0027605816121991172 0.06809581560577338 -0.0078403901264668622 -0.021307992634308895 -0.041590083266316039 -0.020343709541062942 -0.01283232848818612 -0.010222162348982223 -0.046706517197320857 -0.024973042215150097 -0.050811728133798778
leaf_weight=115.30472887307405 2.8020546883344641 64.529375493526459 3.7825670391321209 17.782085135579113 3.6540450602769843 11.293601207435136 2.2520538866519955 4.117090478539466 12.917054831981657 22.309650234878063 56.141777947545052 222.40182644873857 88.879545077681541 1221.1664408817887 2.4472395181655875 7.7198539525270489 9.3682011663913709 49.803757704794407 4.2202844992279989 6.4007241278886795 62.901580147445202 5.0016903653740874 55.999226309359074 31.710377044975758 97.586746785789728 4.1380892843008041 5.3462723046541205 11.430082276463507
leaf_count=631 20 373 20 106 24 79 21 20 72 140 268 1406 446 6324 22 66 64 434 21 43 369 37 444 163 755 35 27 90
internal_value=-4.37009e-05 -0.00511757 0.00313129 0.0229764 0.0133983 0.000959101 -0.0159512 -0.0321245 0.00131352 2.30317e-05 0.00613726 0.0010862 0.0143334 0.00099495 -0.00951614 -0.00305144 0.0303571 -0.0158618 0.00378353 0.0223331 -0.0152207 -0.00181201 -0.012067 0.000255299 -0.0087382 -0.0270475 -0.0440749 -0.0447945
internal_weight=2203.41 363.617 126.46 25.2187 21.4361 1839.79 37.7681 20.757 1802.02 1421.68 380.34 235.319 145.021 1336.47 237.157 117.477 17.0881 119.68 17.0112 10.621 85.2112 101.241 105.803 96.2398 100.389 6.39014 16.6399 13.8773
internal_count=12520 2618 723 150 130 9902 246 126 9656 7464 2192 1478 714 6955 1895 905 130 990 120 64 509 573 878 536 775 56 106 112
is_linear=0
shrinkage=0.05


Tree=52
num_leaves=18
num_cat=0
split_feature=1 1 2 0 3 4 0 0 1 4 3 3 2 0 1 2 2
split_gain=4.28824 3.76916 3.63216 3.50546 6.12662 5.15816 4.05675 6.37778 3.43505 3.22718 11.9112 5.82908 4.59706 3.84072 3.70994 2.08709 1.30171
threshold=-0.0020689429815602951 -0.0021027690741259315 -0.01744289136528537 55.158607591087566 1.2489667196258591 10.866387842213534 41.647721708250153 43.018264453162864 -0.0026148950879293915 3.8584362017883396 0.56626364967256371 0.53428504926504483 -0.0012306270584669374 88.341932834626718 -0.0018761861428239766 -0.002114576984466265 0.013121702587211572
decision_type=2 2 2 2 2 2 2 2 2 2 2 2 2 2 2 2 2
left_child=1 3 -2 6 5 -5 8 -8 -1 10 11 -4 -12 14 -11 -3 -15
right_child=2 15 9 4 -6 -7 7 -9 -10 13 12 -13 -14 16 -16 -17 -18
leaf_value=0.0079503528338146882 0.044219821466853972 0.057737434673650112 -0.0017557292322800469 0.0092161235475730404 -0.035043692229055561 0.04627683314926101 -0.039207160459411541 -0.0017007702091427802 -0.005281102588021779 -0.015241805659016439 0.0060423891987619388 0.039554099253579666 -0.028733860635922322 -0.01831844450908382 0.00031700720348109347 0.014590493642777395 -0.055009452330167623
leaf_weight=224.04484564065933 4.4012111425399771 4.8082453161478043 189.69692774862051 24.42865064740181 5.0439119189977637 15.249731078743933 13.115558460354803 83.461587473750114 62.801796659827232 39.366080835461617 11.209242157638071 8.942060247063635 62.425156630575657 10.322757650166748 1433.1907114125788 6.7195965200662595 3.1564820781350127
leaf_count=924 20 20 1261 102 23 62 56 357 266 180 68 64 532 102 8410 29 44
internal_value=-4.35845e-05 0.00437403 -0.00114547 0.0036144 0.0168616 0.0234598 0.00206925 -0.00679429 0.00505348 -0.00125903 -0.00626336 0.000103901 -0.0234399 -0.000342126 -9.89289e-05 0.032587 -0.0269105
internal_weight=2202.38 439.674 1762.71 428.146 44.7223 39.6784 383.424 96.5771 286.847 1758.31 272.273 198.639 73.6344 1486.04 1472.56 11.5278 13.4792
internal_count=12520 1839 10681 1790 187 164 1603 413 1190 10661 1925 1325 600 8736 8590 49 146
is_linear=0
shrinkage=0.05


Tree=53
num_leaves=25
num_cat=0
split_feature=1 3 2 4 2 4 3 4 3 4 2 2 3 4 3 0 2 4 3 0 4 3 2 4
split_gain=4.12119 6.71088 4.37661 3.74039 3.60963 4.31165 3.6039 3.46384 10.6187 5.61593 5.60039 8.99791 3.16071 3.00921 5.65782 2.7508 2.88209 2.33362 1.37989 0.718353 1.1679 0.477433 0.443042 0.00388536
threshold=0.0022910967319862423 0.5581171895812912 0.008899089622739333 6.2370507816304155 0.0012337942081556144 4.0263261433803388 0.94867692216641364 5.331407523785038 0.32781101408370666 5.485767696669936 -0.0048134609763627592 -0.0039100577140726558 0.57514363039924066 38.442517660526541 1.7997152300789723 74.772427759376924 0.011903779073897837 4.0603938552649419 1.1289834691404788 68.707837304642325 8.087233521781636 0.58394834602126144 -0.0023447126247984613 10.647316761383811
decision_type=2 2 2 2 2 2 2 2 2 2 2 2 2 2 2 2 2 2 2 2 2 2 2 2
left_child=2 3 7 4 22 -6 15 10 -9 -10 17 -12 -3 14 -14 21 -17 -1 -8 23 -21 -4 -2 -5
right_child=1 12 6 19 5 -7 18 8 9 -11 11 -13 13 -15 -16 16 -18 -19 -20 20 -22 -23 -24 -25
leaf_value=-0.0095775453076954835 -0.025432322847098621 0.049945255880735034 -0.04050337315474932 -0.055871749219223235 -0.036168112689212807 0.022997606978249503 0.032923675527200408 0.05770342726264719 0.026277456474017892 0.0015439717717619268 0.032113632327909751 -0.0024722779081223114 -0.0024108294694491438 0.032957869478886959 -0.036226898231557191 -0.030478480467524119 0.0081891732611668443 -0.03466262766354148 -0.0083050731023065517 -0.0020478723528537844 -0.0564939058761759 -0.066850166625453844 -0.05616780471400238 -0.058434774348343266
leaf_weight=20.075064763426781 1.6666363552212713 2.7830567620694628 3.7682481706142452 7.0290752202272397 4.9252954199910155 8.2154202647507173 4.1227742806076986 8.5928367525339109 23.335704401135445 1390.1906877309084 19.617085009813309 454.51549611985683 178.51423556730151 5.4398019760847083 13.290113203227518 12.977446846663954 7.6653440780937663 17.227381825447083 3.9970614463090897 1.8654261454939836 2.0867705941200256 3.1625901386141777 3.954383932054049 1.8725657835602758
leaf_count=101 20 26 27 77 49 86 21 39 129 7073 93 3022 1270 31 75 96 61 82 20 21 22 20 41 18
internal_value=-4.22743e-05 -0.00635073 0.00069979 -0.0277572 -0.0135222 0.000821597 -0.0166491 0.00102005 0.00228916 0.00195229 -0.00250888 -0.0010413 -0.00296731 -0.00371389 -0.00475394 -0.0252708 -0.0161199 -0.0211626 0.0126285 -0.0485349 -0.0307955 -0.0525256 -0.0470547 -0.0564109
internal_weight=2200.89 231.643 1969.25 31.6156 18.7617 13.1407 35.6935 1933.55 1422.12 1413.53 511.435 474.133 200.027 197.244 191.804 27.5736 20.6428 37.3024 8.11984 12.8538 3.9522 6.93084 5.62102 8.90164
internal_count=12520 1736 10784 334 196 135 245 10539 7241 7202 3298 3115 1402 1376 1345 204 157 183 41 138 43 47 61 95
is_linear=0
shrinkage=0.05


Tree=54
num_leaves=18
num_cat=0
split_feature=1 1 2 0 3 4 0 2 2 0 4 3 1 2 2 2 4
split_gain=3.75826 3.37698 3.26126 3.17114 5.55328 4.62622 3.68956 4.24485 4.00642 2.96258 2.84469 11.6788 3.35184 2.08735 2.08856 1.86418 0.398655
threshold=-0.0020689429815602951 -0.0021027690741259315 -0.01744289136528537 55.158607591087566 1.2489667196258591 10.866387842213534 51.634459778434142 0.0013971348722575663 0.00024352585982201361 89.925142041090382 3.8584362017883396 0.56626364967256371 -0.0018761861428239766 0.0081329746114553476 0.0066351404148162771 -0.002114576984466265 8.8080031426722716
decision_type=2 2 2 2 2 2 2 2 2 2 2 2 2 2 2 2 2
left_child=1 3 -2 6 5 -5 7 -1 -8 10 11 -4 -12 14 -11 -3 -15
right_child=2 15 9 4 -6 -7 8 -9 -10 13 12 -13 -14 16 -16 -17 -18
leaf_value=0.003887331430286696 0.041697158993896533 0.054386887863176747 0.00058074591108845319 0.0087210944749107396 -0.033770939342472911 0.04378554019363462 -0.055104926038728658 -0.033401339016752143 -0.0054585946627521351 -0.025999706684357016 -0.014578173554902044 -0.023012906333555072 0.00024709720169835723 -0.03181119882146017 0.038093725805391443 0.01373074445153416 -0.054920744758263584
leaf_weight=354.47269517183304 4.4455077350139609 4.8446433395147324 195.34130105376244 24.44677509367466 4.9852825552225104 15.289749145507811 5.5058531910181072 7.8001205623149863 15.514519825577734 3.2714763060212118 39.164948113262653 71.70313835144043 1436.7763335034251 4.2850776426494122 2.0786401480436325 6.7450258880853635 3.3059440441429615
leaf_count=1478 20 20 1297 102 23 62 24 34 67 33 180 594 8443 53 18 29 43
internal_value=-4.14668e-05 0.00409401 -0.00107419 0.00337289 0.0159724 0.0222131 0.0019028 0.00308447 -0.0184624 -0.00118247 -0.00100551 -0.0057543 -0.0001463 -0.0250173 -0.00109797 0.0307256 -0.0418756
internal_weight=2199.98 439.605 1760.37 428.015 44.7218 39.7365 383.293 362.273 21.0204 1755.93 1742.99 267.044 1475.94 12.9411 5.35012 11.5897 7.59102
internal_count=12520 1839 10681 1790 187 164 1603 1512 91 10661 10514 1891 8623 147 51 49 96
is_linear=0
shrinkage=0.05


Tree=55
num_leaves=28
num_cat=0
split_feature=1 3 2 4 2 3 3 4 2 2 3 0 4 3 2 3 4 0 2 4 3 0 0 3 2 1 4
split_gain=3.72463 6.26196 4.02289 3.62679 3.42103 4.15952 3.23558 2.95078 7.2017 5.57291 5.14868 16.5405 6.94737 2.85841 7.48897 3.70514 3.26945 2.6725 2.69491 2.62157 1.19561 0.726089 1.15297 0.472345 0.442775 0.282037 0.00365664
threshold=0.0022910967319862423 0.5581171895812912 0.008899089622739333 6.2370507816304155 0.0012337942081556144 0.32781101408370666 0.94867692216641364 1.2799490829032862 -0.0010755503209334825 0.0013971348722575663 0.33589848924775695 80.358516685117692 3.1589050130007212 0.60999148842221895 0.0046306175282784254 0.63568076824385911 9.1265294469566793 74.772427759376924 0.011903779073897837 38.442517660526541 1.1289834691404788 68.707837304642325 75.494197077653965 0.58394834602126144 -0.0023447126247984613 0.003428997600954387 10.647316761383811
decision_type=2 2 2 2 2 2 2 2 2 2 2 2 2 2 2 2 2 2 2 2 2 2 2 2 2 2 2
left_child=2 3 7 4 24 -6 17 8 -1 -10 11 -9 -12 14 16 25 -3 23 -19 -17 -8 26 -23 -4 -2 -15 -5
right_child=1 13 6 21 5 -7 20 10 9 -11 12 -13 -14 15 -16 19 -18 18 -20 -21 -22 22 -24 -25 -26 -27 -28
leaf_value=0.034414437573841765 -0.024685586021869925 -0.041550057947573132 -0.039638523385163403 -0.055556176319813556 -0.043191475002717139 0.018753320633403521 0.030237943625280962 0.0081435166597618302 -0.051237367699794478 0.00061489064749107691 -0.012080941840305615 0.12221976021596986 0.0013018875374004211 -0.057107675351258103 0.087740901274789784 -0.0040193751272465487 0.032679725048544689 -0.029484305177554512 0.0080756095668894443 0.030980061179407638 -0.0080549776115089421 -0.00077966860152290469 -0.055608144924429448 -0.066237384762026286 -0.055834283299392343 -0.032852644131619001 -0.058094229379467802
leaf_weight=5.6941793933510807 1.6332100629806516 3.2860300838947278 3.6837558820843723 6.7247721925377828 3.8189519122242919 9.3328698091208917 4.1720871552824956 115.514184653759 12.049130760133268 9.0919791609048826 102.90040544420481 3.2674805074930182 1684.3686072528362 2.8572063073515883 3.0953350998461246 180.08338651433587 2.7040963470935822 12.695203088223936 7.6555532552301875 5.5141406506299964 3.9858234375715256 1.8033644407987588 2.0474612303078175 3.0517982840538025 3.7847360596060815 2.0645102448761463 1.798702500760555
leaf_count=31 20 32 27 77 39 96 21 653 98 68 769 22 8898 27 29 1239 23 96 61 31 20 19 24 20 41 21 18
internal_value=-4.00817e-05 -0.00605287 0.000664263 -0.0269815 -0.0130082 0.00076614 -0.0160763 0.000969511 -0.015495 -0.0289377 0.00120131 0.0112816 0.000531383 -0.00280838 0.0245911 -0.004115 -0.00804083 -0.0243905 -0.015355 -0.00297953 0.0115286 -0.0479509 -0.0299316 -0.0516901 -0.0464447 -0.0469334 -0.0560918
internal_weight=2198.68 230.549 1968.13 30.9441 18.5698 13.1518 35.2442 1932.89 26.8353 21.1411 1906.05 118.782 1787.27 199.605 9.08546 190.519 5.99013 27.0863 20.3508 185.598 8.15791 12.3743 3.85083 6.73555 5.41795 4.92172 8.52347
internal_count=12520 1736 10784 334 196 135 245 10539 197 166 10342 675 9667 1402 84 1318 55 204 157 1270 41 138 43 47 61 48 95
is_linear=0
shrinkage=0.05


Tree=56
num_leaves=28
num_cat=0
split_feature=1 1 1 3 2 0 4 3 3 0 3 2 4 4 4 0 2 3 4 0 1 4 1 2 4 3 4
split_gain=3.46492 4.99396 5.93375 6.35649 4.63333 5.88409 4.14955 5.64947 3.65087 3.34468 3.01352 6.6967 5.17672 4.82248 5.41048 4.50514 4.0906 3.85179 3.74369 3.47765 3.38161 3.2246 2.36457 2.28378 1.66451 1.21663 0.919954
threshold=1.1599110367521705e-05 0.00022046953355914225 0.00023712759229621574 1.1965970840720881 0.0020008054950966252 66.493990230646418 5.331407523785038 0.34319168070815004 0.69950178264742735 91.720203884447855 0.57106968903744193 0.0053870985886335107 10.943999855778275 3.8584362017883396 4.1360203513581277 24.813273871199367 0.00018245109313974608 0.68371823895034434 6.202798530616465 73.008272223606625 -0.00042126649244822451 6.940572685853688 8.9330181912816733e-05 -0.0040705392087740369 3.9534740597431983 0.84960320716717597 4.9105358119596234
decision_type=2 2 2 2 2 2 2 2 2 2 2 2 2 2 2 2 2 2 2 2 2 2 2 2 2 2 2
left_child=10 4 3 8 22 -6 7 -4 -3 -8 11 12 20 15 17 -12 -17 -15 24 -20 -1 -16 23 -2 -13 -7 -24
right_child=1 2 6 -5 5 25 9 -9 -10 -11 13 18 -14 14 21 16 -18 -19 19 -21 -22 -23 26 -25 -26 -27 -28
leaf_value=0.0041920572016874574 -0.049063020616811531 0.010405840201842266 0.0046985299856326691 -0.026493418319762964 0.042848223489859116 -0.0051795863830243639 1.0918889591156908e-05 -0.013493063018336355 0.046531811297968913 -0.043725937020314354 0.028958526237051765 -0.020765662613381579 0.052557841583661592 0.074966944493066831 -0.0056617837043924733 -0.038924852554407141 -0.0027810526613125633 0.012524808269550795 -0.021426437579536099 0.037333578861459785 0.018063197542255906 0.0020371633761399415 -0.026206819711177488 -0.0031006511176211362 -0.064577913218617597 -0.048408447535008933 -0.046956149777830476
leaf_weight=197.04212422668934 3.3743968755006817 13.490891978144647 59.432442817837 6.2885366678237906 6.3263544142246229 3.6032540798187256 642.07078351080418 151.3925139605999 14.521147683262823 4.4011501967906943 4.5931326001882544 3.7941111922264117 6.4754946976900092 4.0606901049613935 165.57425522059202 18.91584624350071 13.354999229311941 6.3035415038466454 7.856110177934168 3.7058270424604416 56.547153949737549 761.54847575724125 10.049465648829939 13.57616041600704 5.0578136369585991 2.9685191512107849 11.403726972639559
leaf_count=912 20 82 451 36 37 30 4140 1204 78 57 24 29 27 20 870 149 109 38 41 20 326 3482 107 95 33 19 84
internal_value=-4.00267e-05 -0.00233031 -0.00145745 0.0189348 -0.0175 0.00842822 -0.00227335 -0.00836478 0.0291332 -0.00028684 0.00168093 0.00624784 0.00841241 0.000366289 0.00106382 -0.0173727 -0.0239671 0.0369895 -0.021328 -0.0025927 0.00728514 0.000662213 -0.0262082 -0.0122505 -0.0457991 -0.0247064 -0.0372364
internal_weight=2197.73 942.899 891.597 34.3006 51.3019 12.8981 857.297 210.825 28.012 646.472 1254.83 280.479 260.065 974.351 937.487 36.864 32.2708 10.3642 20.4139 11.5619 253.589 927.123 38.4037 16.9506 8.85192 6.57177 21.4532
internal_count=12520 6440 6048 196 392 86 5852 1655 160 4197 6080 1388 1265 4692 4410 282 258 58 123 61 1238 4352 306 115 62 49 191
is_linear=0
shrinkage=0.05


Tree=57
num_leaves=26
num_cat=0
split_feature=1 3 2 0 4 0 2 0 0 4 0 2 2 0 4 2 3 3 0 1 0 1 3 3 3
split_gain=3.34094 4.68113 4.62989 4.60987 5.3721 4.04577 3.73201 3.59591 8.03644 6.51508 5.09356 3.38811 7.48987 5.2759 5.98545 4.19614 3.19999 3.08655 3.00879 2.92132 2.63754 2.43775 1.67593 1.84328 1.23038
threshold=0.001605358212736552 1.2025313038804015 0.0075276834680944047 79.205137397239199 30.888040052131633 82.335357014770025 0.0094836609506574483 60.819372702247726 57.589644618753262 10.184751054328872 63.084579317235558 0.0020799821069802387 0.0015224605150668815 45.48009171475401 9.1265294469566793 0.0011009718673146154 0.57106968903744193 0.60545016030212173 81.48160048938658 0.0022910967319862423 24.813273871199367 -0.0015491612410729603 0.97311831179885877 0.54242615543532147 0.51460643565381636
decision_type=2 2 2 2 2 2 2 2 2 2 2 2 2 2 2 2 2 2 2 2 2 2 2 2 2
left_child=6 7 18 4 -4 -5 11 8 20 -10 24 12 15 -13 -15 -1 -14 -12 19 -3 -2 -8 23 -23 -9
right_child=1 2 3 5 -6 -7 21 10 9 -11 17 13 16 14 -16 -17 -18 -19 -20 -21 -22 22 -24 -25 -26
leaf_value=0.00015959869473655626 0.039338596952930717 0.013095585358188975 0.061099383756843643 -0.041974944340978641 -0.010312337222460485 0.020345604087588814 0.013751907537143119 -0.012394200314886486 0.0023841904425779144 0.06442528430245624 0.0015844114747151439 0.069704824971903195 0.0016979157381832963 -0.000458226170863182 0.012096516781483983 0.012460612830195701 -0.020378763123796467 -0.016989972490964966 -0.040123300383553405 -0.0055622233275272916 -0.0093089448915273845 -0.018245435263683354 0.0073183447305180897 -0.054567472616264628 -0.053738155069389261
leaf_weight=1261.1441150456667 2.8695027604699126 30.959150783717632 9.9948330372571963 3.9191800504922849 3.575759455561637 7.7618361823260784 4.2245043516159084 2.2156881392002097 9.835482060909273 7.4268478006124488 32.168973315507174 3.1398751586675635 22.328235909342766 234.0600503012538 159.71271342039108 73.360726915299892 61.971725806593895 73.393275465816259 4.7970610335469237 65.084373168647289 96.013364996761084 7.2588134594261664 2.6976260393857947 6.7327117249369621 9.5804656967520696
leaf_count=6506 20 168 51 21 20 58 18 20 82 48 299 16 140 1489 789 449 369 592 37 368 755 63 15 48 79
internal_value=-3.96622e-05 -0.00444693 0.00331627 0.0224626 0.0422829 -0.000564002 0.000823241 -0.00863907 -0.00240195 0.0290764 -0.0148117 0.00106513 -7.72475e-05 0.00514869 0.00463393 0.000835813 -0.0145314 -0.0113296 -0.00147817 0.000452028 -0.00789723 -0.0201777 -0.0287663 -0.0357236 -0.0459725
internal_weight=2196.23 359.596 126.092 25.2516 13.5706 11.681 1836.63 233.504 116.145 17.2623 117.358 1815.72 1418.8 396.913 393.773 1334.5 84.3 105.562 100.841 96.0435 98.8829 20.9137 16.6892 13.9915 11.7962
internal_count=12520 2618 723 150 71 79 9902 1895 905 130 990 9758 7464 2294 2278 6955 509 891 573 536 775 144 126 111 99
is_linear=0
shrinkage=0.05


Tree=58
num_leaves=14
num_cat=0
split_feature=1 4 4 3 3 2 1 1 2 2 0 2 2
split_gain=3.10032 3.38983 3.7162 2.99367 4.32538 2.8412 2.62814 5.44087 11.5134 4.81356 4.72768 4.54603 3.9043
threshold=-0.0023876087513422513 2.8109166915756636 3.7956709481337048 1.9478001911749538 1.8631794431779265 -0.01744289136528537 0.0030285705223044306 0.0029134474473163645 0.0037291547401824281 0.00094996834912053363 85.286157414252969 -0.00012635336360428126 0.0099339351444600616
decision_type=2 2 2 2 2 2 2 2 2 2 2 2 2
left_child=1 -1 -3 4 -4 -2 7 12 -9 11 -11 -8 -7
right_child=5 2 3 -5 -6 6 9 8 -10 10 -12 -13 -14
leaf_value=-0.039992274779066583 0.03885446642146146 0.041240068531193101 0.0042444919820628681 0.035156713087482548 -0.031432951633131333 -0.00037738065287026997 -0.013264351954145898 -0.014490337054058562 0.08029907019692939 0.00074302033755006846 -0.038724856566648841 -0.054796210112254919 -0.021325081256293746
leaf_weight=4.2866666018962851 4.4899024069309226 6.8386289477348319 332.34747566282749 7.5533991754055014 8.718103811144827 1649.7710348814726 27.392563361674547 6.5259644314646703 6.2922509536147118 101.66787404567003 8.1994605399668199 8.6756406649947149 22.54790898039937
leaf_count=20 20 28 1381 31 36 9632 211 51 45 728 90 70 177
internal_value=-3.92837e-05 0.00420508 0.00473809 0.00402205 0.00333253 -0.00087112 -0.000968529 -0.000411082 0.0320402 -0.00740545 -0.00220249 -0.0232542 -0.000659819
internal_weight=2195.31 359.744 355.458 348.619 341.066 1835.56 1831.07 1685.14 12.8182 145.936 109.867 36.0682 1672.32
internal_count=12520 1496 1476 1448 1417 11024 11004 9905 96 1099 818 281 9809
is_linear=0
shrinkage=0.05


Tree=59
num_leaves=25
num_cat=0
split_feature=1 4 3 3 2 2 3 2 0 1 2 4 3 2 3 3 3 2 2 2 3 4 3 4
split_gain=2.92514 2.54392 4.91181 9.81675 4.24214 4.21513 3.8996 3.22845 6.30908 3.04316 2.4713 2.00122 3.79596 4.55004 7.62822 3.74931 3.61504 2.6895 2.83802 1.99906 1.60426 0.980308 0.936662 0.882634
threshold=-0.0039712936794550338 21.502018168267487 0.96793467581307702 1.1736628836981813 -0.001641827450683808 -0.0070919320457122894 1.6407612332977295 0.0067589729838178911 62.885007964143348 0.0070259766114574304 0.008899089622739333 19.423677511044065 1.0383134277375059 -0.0022225967277023635 1.3653222321714236 0.90685375992902484 1.3482701009333911 0.00071904892755747529 -0.010824148842572877 -0.004538003929533573 1.5591998380336447 24.721086002625913 1.5349214515201288 14.151584336203594
decision_type=2 2 2 2 2 2 2 2 2 2 2 2 2 2 2 2 2 2 2 2 2 2 2 2
left_child=11 6 4 21 -3 -5 9 8 -8 10 -2 15 -13 14 -14 17 19 18 -1 -17 -18 -4 -15 -11
right_child=1 2 3 5 -6 -7 7 -9 -10 23 -12 12 13 22 -16 16 20 -19 -20 -21 -22 -23 -24 -25
leaf_value=0.026574327297805712 -8.1487990484250676e-05 0.064619420338211317 -0.025196347433345253 0.042011525779184378 -0.0021421798365367775 0.0049181082900635591 -0.0067888843329028869 0.032756485723218383 -0.041794473194907367 -0.01969142619431638 -0.011700154091175113 0.031488795316986465 -0.047291313458364792 -0.020551600798870827 0.010546148626448294 0.043008526508237437 -0.018462023858062313 0.032281930688241374 -0.010975388346929382 0.017457380743126485 0.018857729378713588 -0.056474354842953656 -0.051977189031608778 -0.061454328756739909
leaf_weight=6.116490274667739 1771.0182414874434 6.3388561606407166 4.3079859986901266 8.2524718493223173 3.8093293458223325 106.45271608605981 70.807570867240429 4.0068123117089263 15.731220752000807 2.7202850505709639 46.981168478727341 8.3365465104579908 6.7021393030881873 4.7585627734661085 38.161663666367531 16.638105139136314 6.3288472741842252 5.874176785349845 28.381027430295944 14.178258061408998 5.2837200462818146 5.985904186964035 4.7260792404413223 2.3650933466851711
leaf_count=26 10376 30 23 35 21 510 357 25 90 29 377 34 27 20 155 70 26 24 116 58 22 30 22 17
internal_value=-3.81027e-05 -0.000524579 0.00610521 0.00338922 0.0395591 0.0075868 -0.000992798 -0.0111207 -0.0131523 -0.000489783 -0.00038174 0.00681262 7.28885e-05 -0.00474602 0.00190589 0.011915 0.0222935 0.0010076 -0.00431774 0.0312527 -0.00148153 -0.0433845 -0.0362106 -0.0391144
internal_weight=2194.26 2048.78 135.147 124.999 10.1482 114.705 1913.63 90.5456 86.5388 1823.08 1818 145.486 62.685 54.3484 44.8638 82.8006 42.4289 40.3717 34.4975 30.8164 11.6126 10.2939 9.48464 5.08538
internal_count=12520 11920 649 598 51 545 11271 472 447 10799 10753 600 258 224 182 342 176 166 142 128 48 53 42 46
is_linear=0
shrinkage=0.05


Tree=60
num_leaves=28
num_cat=0
split_feature=1 3 4 2 3 4 1 3 3 2 0 0 3 4 2 3 3 3 4 3 4 4 4 3 2 4 1
split_gain=2.81063 5.8353 3.55907 3.69116 3.46616 2.99336 7.31868 4.30386 4.82132 3.95523 3.74633 3.61882 4.75017 3.82838 2.86769 4.6613 11.0393 4.58887 5.96114 3.03686 2.4089 1.90432 1.887 0.537838 0.535213 0.00635894 0.000748102
threshold=0.0022910967319862423 0.5581171895812912 7.3862274628140066 0.0012337942081556144 0.32781101408370666 21.502018168267487 0.0014196396814676329 0.93906415490234896 1.1160760248834667 0.008899089622739333 74.772427759376924 13.380260947158961 1.4678753107254969 9.2012699785234577 -0.0021672194083122149 0.97758787242379219 0.90685375992902484 0.60999148842221895 10.184751054328872 0.63568076824385911 16.254265084421942 25.265474137200105 23.581423296159304 0.58394834602126144 -0.002712409646768887 11.135943702462233 0.0031018551685584321
decision_type=2 2 2 2 2 2 2 2 2 2 2 2 2 2 2 2 2 2 2 2 2 2 2 2 2 2 2
left_child=5 2 3 24 -5 9 7 -7 -9 11 23 13 -13 -1 15 16 -3 18 -16 -19 -12 -8 -17 -11 -2 26 -4
right_child=1 14 25 4 -6 6 21 8 -10 10 20 12 -14 -15 17 22 -18 19 -20 -21 -22 -23 -24 -25 -26 -27 -28
leaf_value=-0.0013971232868756299 -0.021444991594771264 -0.028190176110291617 -0.055768377786276316 -0.043510073290788584 0.010313139021422656 0.040970945440867337 0.024437635176783424 -0.032094354724941425 0.0049516142359762056 -0.037866518219624196 -0.0027939892284368807 0.00088539492166615915 -0.0079963910532780819 0.035219214563459611 0.007847483513675875 -0.022895028189154974 0.075977632908682161 -0.044571792734635247 0.10159548099554042 -0.00072983634283343621 -0.051590827977321264 0.066686583062511615 -0.067403353876059294 -0.066529324431661929 -0.055452151263103593 -0.058376830818275563 -0.054569391663876358
leaf_weight=13.500561386346819 1.5022306330502031 9.1532881557941455 2.1016697771847239 3.9795014634728458 12.0447925850749 7.5438295006752005 4.9334056824445707 9.5283468216657621 112.21839407086372 3.5088073685765293 21.118064325302843 1600.0836707353592 166.17251477390528 15.148058563470839 5.4036198630928984 4.6823994591832143 3.5220746323466292 4.0476605035364619 2.4711455926299095 163.51908583194017 2.8732662498950949 5.8061449527740479 4.8459220677614212 3.067397803068161 5.0341573730111184 1.9049838110804556 3.4148764051496983
leaf_count=59 20 80 23 42 127 32 22 41 479 27 166 8978 854 65 52 28 21 40 19 1136 15 25 26 21 58 18 46
internal_value=-3.67256e-05 -0.00529647 -0.0258507 -0.0159702 -0.00305341 0.000572412 0.00761755 0.00432308 0.00205226 3.19864e-05 -0.0178024 0.000335709 4.97807e-05 0.0179639 -0.00217845 -0.019108 0.000754699 -3.58616e-05 0.0372661 -0.00178886 -0.00863803 0.0472788 -0.0455311 -0.051236 -0.0476364 -0.0558862 -0.0550262
internal_weight=2193.13 227.627 29.9822 22.5607 16.0243 1965.5 140.03 129.291 121.747 1825.47 30.5675 1794.9 1766.26 28.6486 197.645 22.2037 12.6754 175.442 7.87477 167.567 23.9913 10.7396 9.52832 6.57621 6.53639 7.42153 5.51655
internal_count=12520 1736 334 247 169 10784 599 552 520 10185 229 9956 9832 124 1402 155 101 1247 71 1176 181 47 54 48 78 87 69
is_linear=0
shrinkage=0.05


Tree=61
num_leaves=27
num_cat=0
split_feature=1 1 3 3 4 0 2 4 4 2 0 2 2 4 4 4 1 3 3 4 2 3 4 0 0 2
split_gain=2.65181 4.47862 6.13325 9.15633 6.05435 6.63097 4.46002 4.42153 10.1376 4.08427 3.64221 5.89499 5.68665 3.12937 3.93225 3.09448 3.30898 3.02861 3.53047 2.9553 6.82826 4.98794 2.55728 1.01116 0.752909 0.314793
threshold=0.0015146585251719637 0.0014196396814676329 0.91189732458874151 1.3998663316219428 5.4260174974019142 62.631419052319231 0.0084139995374127325 13.892085156907173 14.151584336203594 -0.0034784698304791135 64.417358752385397 0.0010640498554523872 0.0044646492570540328 8.9542029749812837 5.2697309296913817 6.7895750109647031 0.00092459257137467177 1.6283057739221312 1.5349214515201288 1.2799490829032862 -0.0010755503209334825 0.33589848924775695 3.5171641069823729 86.337164739191223 56.813416805459589 -0.0039889824198537363
decision_type=2 2 2 2 2 2 2 2 2 2 2 2 2 2 2 2 2 2 2 2 2 2 2 2 2 2
left_child=1 6 4 24 22 -6 19 9 -9 13 11 -10 -12 14 -2 23 -17 18 -11 20 -1 -21 -3 -8 -4 -15
right_child=7 2 3 -5 5 -7 15 8 10 17 12 -13 -14 25 -16 16 -18 -19 -20 21 -22 -23 -24 -25 -26 -27
leaf_value=0.03183771306640075 -0.058560246941495524 0.033531450062490468 -0.052821484795661892 0.048859298032407329 0.029128194219148296 0.10463449945942614 -0.057971002020852959 0.079514914943729698 -0.0030193140535266336 -0.0065749474078411717 -0.042316635997841384 0.025759217127859352 -0.0016815150516848042 -0.058189183127468153 0.020960232858475786 0.00021651188102339634 -0.049059194822027329 -0.058614821126018096 0.046575711892774117 0.011352887852374635 -0.029752090243183822 0.00030100438094037859 -0.031866154675390675 -0.020808100960911957 -0.023469830085007533 -0.036016969177599993
leaf_weight=5.7935650646686581 2.4221318513154975 2.701031111180785 3.8322432190179807 4.924668848514556 7.4774578809738141 4.7578654438257217 5.2739090099930781 4.192996770143508 45.648334801197052 203.65875906869769 10.157285138964651 29.162574037909508 56.512404847890139 6.6211015954613677 4.3405358605086803 18.250174716115001 4.188983127474784 2.7462246641516677 3.1729965433478347 108.94016356021166 20.158553890883923 1623.88383615762 3.3474011123180389 2.8032892793416977 5.0823853984475136 2.1112991869449607
leaf_count=31 21 21 22 24 44 29 46 27 243 1718 56 156 331 65 38 107 30 24 20 598 161 8604 23 31 33 17
internal_value=-3.62065e-05 0.000748377 0.0192526 -0.00585952 0.0382603 0.0584898 0.000416173 -0.00389073 0.00289645 -0.00828358 0.000625738 0.00819905 -0.00787237 -0.0330545 -0.007521 -0.018535 -0.00898237 -0.00645216 -0.00575957 0.000744993 -0.0160027 0.00099582 -0.00266173 -0.0450732 -0.0360876 -0.0528284
internal_weight=2192.16 1821.42 32.1231 13.8393 18.2838 12.2353 1789.29 370.747 145.674 225.073 141.481 74.8109 66.6697 15.4951 6.76267 30.5164 22.4392 209.578 206.832 1758.78 25.9521 1732.82 6.04843 8.0772 8.91463 8.7324
internal_count=12520 9804 196 79 117 73 9608 2716 813 1903 786 399 387 141 59 214 137 1762 1738 9394 192 9202 44 77 55 82
is_linear=0
shrinkage=0.05


Tree=62
num_leaves=23
num_cat=0
split_feature=4 3 2 2 3 4 0 4 3 0 1 0 4 4 4 4 4 4 1 1 2 1
split_gain=2.59181 8.57458 5.26695 7.79098 5.16711 5.91238 5.73346 5.02042 4.94025 3.58821 3.89086 3.11858 7.38555 6.31039 2.46476 2.04198 5.48083 4.0856 1.89453 1.81106 1.28815 0.825201
threshold=5.331407523785038 0.32781101408370666 -0.0048134609763627592 -0.0039100577140726558 0.36373722553737392 3.1589050130007212 83.73068187682729 5.485767696669936 0.35846040516129313 61.809702222528919 -0.0014514587527077458 30.667081905150209 6.1153059315573097 8.9063600714602895 3.8584362017883396 4.0603938552649419 3.2731115097766188 4.7278835082393735 -0.0002345097613425384 0.00071618202039802636 -0.0056886837343912968 -0.001847626418137571
decision_type=2 2 2 2 2 2 2 2 2 2 2 2 2 2 2 2 2 2 2 2 2 2
left_child=2 19 15 8 6 -6 -5 9 -4 10 -3 12 -9 -13 -10 16 18 -17 -1 -2 -18 -19
right_child=1 7 3 4 5 -7 -8 11 14 -11 -12 13 -14 -15 -16 17 20 21 -20 -21 -22 -23
leaf_value=-0.01562333966821376 0.060315563031031333 -0.0030353897956280542 -0.0049939997567163674 0.0030551661974736332 -0.01710559596732502 -0.0022583763437686536 0.054239494255397105 0.040697098980948358 0.080668726562344917 -0.013880042366825249 0.04673660483919595 -0.005434630626521956 0.0032667681806829319 0.0017804433386093854 0.03298033629867482 -0.06354568607121909 0.04165414958467592 0.0023491385144311862 -0.055929858005041327 0.016737346781701586 0.0016653663750247683 -0.026262156703826801
leaf_weight=7.3830707967281342 7.0703663825988752 5.446470290422444 6.999300733208659 131.68539355695248 92.309932954609394 245.0552854500711 5.7083709351718417 13.875241979956625 3.8505537807941428 5.2038388326764098 14.070840604603291 460.31711802631617 262.56077462434769 887.02425191923976 9.1433849930763227 6.9149389006197479 4.0161513164639473 4.4610551595687875 4.8177353441715258 3.5971217378973961 4.039371728897093 5.7923592627048466
leaf_count=35 33 24 31 853 732 1634 49 64 19 35 82 2835 1169 4704 45 34 19 19 28 24 21 31
internal_value=-3.63053e-05 0.000937562 -0.00307253 -0.00170446 -0.00299205 -0.00632088 0.00518175 0.000648415 0.0288706 0.0230111 0.0328473 0.000307955 0.00514552 -0.000684576 0.0471121 -0.0211583 -0.010406 -0.0338445 -0.0315392 0.0456208 0.0216021 -0.013814
internal_weight=2191.34 1659.17 532.177 494.752 474.759 337.365 137.394 1648.5 19.9932 24.7211 19.5173 1623.78 276.436 1347.34 12.9939 37.4247 20.2563 17.1684 12.2008 10.6675 8.05552 10.2534
internal_count=12520 8970 3550 3363 3268 2366 902 8913 95 141 106 8772 1233 7539 64 187 103 84 63 57 40 50
is_linear=0
shrinkage=0.05


Tree=63
num_leaves=16
num_cat=0
split_feature=0 1 2 4 1 3 2 2 2 2 3 4 4 1 3
split_gain=2.56843 2.35712 2.88385 2.70285 2.80916 2.55673 2.4714 2.17559 1.88722 2.29965 1.48663 1.19025 0.425489 1.54791 0.00013583
threshold=89.925142041090382 -0.0045387939578740979 -0.014338590424976315 44.297816793587721 0.0070259766114574304 0.58394834602126144 -0.0035656036696849465 0.0020799821069802387 0.0081329746114553476 0.0067589729838178911 1.2141467897114944 38.442517660526541 8.8080031426722716 0.0023636836026977863 1.3998663316219428
decision_type=2 2 2 2 2 2 2 2 2 2 2 2 2 2 2
left_child=1 2 11 4 7 -4 -7 -3 9 -2 -6 -1 13 -10 -14
right_child=8 3 5 -5 10 6 -8 -9 12 -11 -12 -13 14 -15 -16
leaf_value=-0.0016044710678934531 -0.026068761706479888 -0.0012891771519761789 0.035168276907335504 0.037072082181971604 -0.011808986372414934 0.012969415082621814 -0.0054013093155825817 0.0022878481225328067 -0.054776708554792192 0.042118668714095399 -0.051597961733404231 -0.033317390831341179 -0.05405862457237736 0.0092401632077977747 -0.054735256657798596
leaf_weight=6.5625943690538389 3.2815085798501951 1453.8371305912733 9.2254215031862241 4.8307324945926657 6.2234755456447584 61.417714655399323 26.082271054387093 600.72786946967244 2.3756127916276459 1.9841395542025564 3.7694436609745026 5.3878467082977295 1.5589725077152254 1.5672213993966577 1.4148286506533621
leaf_count=27 34 8062 39 23 50 253 109 3766 31 17 22 22 24 22 19
internal_value=-3.56329e-05 9.24189e-05 0.00727003 -0.00028452 -0.000371929 0.010133 0.00749341 -0.000243302 -0.02293 -0.000375177 -0.0268178 -0.0159022 -0.040101 -0.0293309 -0.0543805
internal_weight=2190.25 2178.06 108.676 2069.39 2064.56 96.7254 87.5 2054.57 12.1823 5.26565 9.99292 11.9504 6.91664 3.94283 2.9738
internal_count=12520 12373 450 11923 11900 401 362 11828 147 51 72 49 96 53 43
is_linear=0
shrinkage=0.05


Tree=64
num_leaves=28
num_cat=0
split_feature=1 1 3 3 4 0 1 4 1 0 1 0 4 2 1 3 4 4 3 2 4 4 0 4 0 0 4
split_gain=2.49582 5.73951 6.8002 11.1628 6.02071 12.5727 5.70363 8.03024 5.31972 4.984 4.45961 3.61737 3.36135 4.40863 3.33716 3.18202 6.93738 5.27786 3.7135 6.57163 3.82055 2.87121 2.75746 2.45249 1.67022 3.1402 0.0108615
threshold=0.00071618202039802636 0.00065368459489900676 0.80821001121586333 0.61878168091067554 6.3745055380246365 57.179399316981019 0.00051362540419008795 10.113476692969339 0.00069459446454855922 48.066200953999171 0.00073302157755461572 74.772427759376924 1.1195614743433542 -0.00046074152035580068 0.00047941054239697417 1.2025313038804015 8.2494371112766185 9.9186935995201324 0.24607583171503303 0.0050515134565412021 4.1360203513581277 6.1568882485014296 60.277448880976472 13.094106079951402 46.493656451585167 67.549195441721551 6.6528061125762212
decision_type=2 2 2 2 2 2 2 2 2 2 2 2 2 2 2 2 2 2 2 2 2 2 2 2 2 2 2
left_child=1 6 3 9 5 -4 12 11 -6 -3 24 -8 13 -1 -14 18 21 -18 19 -12 -20 -17 -5 -9 -2 26 -26
right_child=10 2 4 22 8 -7 7 23 -10 -11 15 -13 14 -15 -16 16 17 -19 20 -21 -22 -23 -24 -25 25 -27 -28
leaf_value=0.023025843753489192 -0.0039510667982519208 -0.014579101562096262 0.15942114370445878 -0.055602337449146499 0.049351812828524237 0.0098435742260575398 -0.048456998142908957 0.046045635568983945 -0.0055946641063091985 0.044643751106448949 0.031108414484294019 0.012700476279147999 0.00080737396327089394 -0.051272366850770218 0.02013291624957432 -0.0016890919170407922 0.042530417600716824 0.003713021869007157 -0.017384534039382348 -0.044356734263411086 -0.0034431525467706705 -0.058161030756021151 -0.0055216821010033359 -0.0057913284932587092 -0.060064686674899927 -0.0038414842349083164 -0.064175283334498567
leaf_weight=2.8628094047307968 4.2261605486273757 5.0642705634236398 2.7324246689677265 7.2333499416708928 9.2242519110441226 2.8915282785892487 16.788183771073825 4.0450047105550748 8.4314829111099225 11.901025131344793 15.62815682590008 2.824694611132144 1438.2758655622602 6.5985150560736638 22.690904192626476 3.5375083535909635 9.2462470680475217 165.4218293428421 56.817495554685593 3.5379000306129447 363.78120501711965 6.188176766037941 4.433113805949688 5.2344591319561005 3.0223084762692434 3.5761652588844299 3.4317362383008003
leaf_count=19 27 32 20 47 55 23 123 23 50 86 113 25 7330 56 145 31 69 898 464 30 2675 53 30 25 22 28 21
internal_value=-3.41539e-05 0.00104878 0.0173938 0.00107588 0.0374632 0.0825166 0.000482864 -0.0215175 0.0231122 0.0269653 -0.00266549 -0.0396489 0.000915147 -0.0287912 0.00110753 -0.00203392 0.00347938 0.00576786 -0.00434565 0.0171782 -0.00532645 -0.0376206 -0.0365723 0.0168049 -0.0303164 -0.0414253 -0.0622504
internal_weight=2189.65 1551.23 51.9114 28.6318 23.2797 5.62395 1499.32 28.8923 17.6557 16.9653 638.415 19.6129 1470.43 9.46132 1460.97 624.159 184.394 174.668 439.765 19.1661 420.599 9.72569 11.6665 9.27946 14.2564 10.0302 6.45404
internal_count=12520 8089 343 195 148 43 7746 196 105 118 4431 148 7550 75 7475 4333 1051 967 3282 143 3139 84 77 48 98 71 43
is_linear=0
shrinkage=0.05


Tree=65
num_leaves=29
num_cat=0
split_feature=1 3 4 2 4 2 3 3 3 4 3 2 4 1 3 3 4 1 1 1 3 0 4 4 0 4 2 4
split_gain=2.40015 5.27023 3.53238 3.08047 3.74098 2.54578 4.44133 9.61619 4.17461 4.8056 2.80516 2.54015 2.3888 7.45749 4.3545 3.21962 6.79745 2.85546 2.3509 2.92407 2.82905 2.7823 1.83514 1.01575 0.774052 1.28312 0.454687 0.00243246
threshold=0.0022910967319862423 0.5581171895812912 6.2370507816304155 0.0012337942081556144 4.0263261433803388 -0.0021672194083122149 0.97758787242379219 0.90685375992902484 0.60999148842221895 10.184751054328872 0.63568076824385911 0.0099339351444600616 21.502018168267487 0.0014196396814676329 0.93906415490234896 1.4678753107254969 9.2467748763942428 -0.0039712936794550338 -0.0025116381002696637 0.0010553971101064932 0.54242615543532147 83.73068187682729 23.581423296159304 25.265474137200105 68.707837304642325 8.0185315821952354 -0.0023447126247984613 10.504706293849141
decision_type=2 2 2 2 2 2 2 2 2 2 2 2 2 2 2 2 2 2 2 2 2 2 2 2 2 2 2 2
left_child=11 2 3 26 -5 6 7 -3 9 -7 -10 12 15 14 -14 17 -17 -1 -13 20 -20 -21 -8 -15 27 -26 -2 -4
right_child=1 5 24 4 -6 8 22 -9 10 -11 -12 18 13 23 -16 16 -18 -19 19 21 -22 -23 -24 -25 25 -27 -28 -29
leaf_value=0.010156182709575096 -0.022098049195096781 -0.02679038644842472 -0.055001671286677524 -0.034260072628825029 0.021910088316907481 0.0082000259094765129 -0.021879526370285809 0.069574980880917278 -0.043680531518591859 0.090662141454005696 -0.00066275718369388447 0.027127620933431074 0.041008524031661497 0.029895572116441019 0.0014260177888677902 -0.031021738978308851 -0.002270756022388696 0.00044196513138800405 -0.013087040416680053 -0.022387106966507628 -0.064061105011655337 0.037597071268040953 -0.066314149307784398 0.061201067881670894 0.0046591580005127973 -0.05548362156726741 -0.055039094628898791 -0.057111798881893563
leaf_weight=79.520729869604111 1.5235740207135675 8.864246744662525 5.9810967631638032 4.6056514680385581 8.3174194023013097 5.3776104860007745 4.6116911545395833 3.6567855626344672 3.8797739669680587 2.6312293112277985 163.18153997510672 2.7172589451074627 7.3752082884311667 4.606937959790228 120.007409080863 23.919647619128227 146.27936652302742 1553.4827372282743 5.2374577559530753 5.2226405963301641 5.6673371568322182 3.0692770294845104 4.6833734214305878 5.9216296970844269 1.6676604002714159 1.894052632153034 3.3528979122638765 1.7698835618793962
leaf_count=330 20 80 75 49 86 52 28 21 40 19 1136 11 31 20 512 165 708 8832 47 39 39 25 26 25 20 23 41 20
internal_value=-3.48608e-05 -0.00491435 -0.0247708 -0.0108858 0.00189161 -0.00197831 -0.0180844 0.00135326 2.87262e-05 0.0352922 -0.00166179 0.000526903 0.000718008 0.00706046 0.00371777 0.000232929 -0.0063114 0.000915009 -0.0164009 -0.0225623 -0.0395788 -0.000183792 -0.0442682 0.0475029 -0.0466176 -0.0273237 -0.0447472 -0.0554835
internal_weight=2189.03 225.998 29.1122 17.7995 12.9231 196.886 21.8161 12.521 175.07 8.00884 167.061 1963.03 1941.11 137.911 127.383 1803.2 170.199 1633 21.914 19.1967 10.9048 8.29192 9.29506 10.5286 11.3127 3.56171 4.87647 7.75098
internal_count=12520 1736 334 196 135 1402 155 101 1247 71 1176 10784 10623 588 543 10035 873 9162 161 150 86 64 54 45 138 43 61 95
is_linear=0
shrinkage=0.05


Tree=66
num_leaves=20
num_cat=0
split_feature=0 4 3 2 2 0 3 4 0 0 1 4 4 4 2 2 4 1 3
split_gain=2.31191 2.16309 8.26768 4.98599 7.00025 7.67304 4.83202 4.5467 3.3246 2.56095 1.88748 1.87748 5.00658 3.83692 1.80976 2.11375 0.433979 1.53512 0.000125522
threshold=89.925142041090382 5.331407523785038 0.32781101408370666 -0.0048134609763627592 -0.0023447126247984613 44.023970352285694 0.68371823895034434 5.485767696669936 39.407322067370302 30.667081905150209 0.00069459446454855922 4.0603938552649419 3.2731115097766188 4.7278835082393735 0.0081329746114553476 0.0067589729838178911 8.8080031426722716 0.0023636836026977863 1.3998663316219428
decision_type=2 2 2 2 2 2 2 2 2 2 2 2 2 2 2 2 2 2 2
left_child=1 3 10 11 5 -5 -6 8 -4 -9 -3 12 -1 -13 15 -2 17 -16 -18
right_child=14 2 7 4 6 -7 -8 9 -10 -11 -12 13 -14 -15 16 -17 18 -19 -20
leaf_value=-0.030503064549233145 -0.02523641276868719 0.062039596193233404 0.047977420338494885 0.0076630379456789112 -0.00049315413790272731 0.061487328228986365 -0.012551580947540365 0.0047467938444130456 0.0090929552620262824 -0.00053946379609783458 0.018468382649570899 -0.061815548171904357 0.020359941703805624 -0.013237917541262884 -0.054518622536765149 0.040032157432182969 -0.053833185611454504 0.010045295754659532 -0.054499293517672291
leaf_weight=12.03992658108473 3.2116007693111879 6.4410086646676046 8.1970127597451228 59.437550105154514 307.28899174183607 7.4515201598405829 113.8617087341845 276.40583388134837 16.688669502735138 1338.9644348993897 4.0474544763565063 6.771061901003125 8.0883415266871435 10.170765884220598 2.2695161849260335 2.0211081951856613 1.4791146107017996 1.5490698926150797 1.355285547673702
leaf_count=63 34 28 39 294 2094 39 879 1233 101 7453 26 34 40 50 31 17 24 22 19
internal_value=-3.45209e-05 8.561e-05 0.000974764 -0.00270955 -0.00136677 0.0136591 -0.00375325 0.000691806 0.021901 0.000365067 0.0452256 -0.0203877 -0.0100643 -0.0326527 -0.0220263 -2.67474e-05 -0.0393293 -0.0283272 -0.0541517
internal_weight=2187.74 2175.85 1650.74 525.11 488.04 66.8891 421.151 1640.26 24.8857 1615.37 10.4885 37.0701 20.1283 16.9418 11.8857 5.23271 6.65299 3.81859 2.8344
internal_count=12520 12373 8880 3493 3306 333 2973 8826 140 8686 54 187 103 84 147 51 96 53 43
is_linear=0
shrinkage=0.05


Tree=67
num_leaves=27
num_cat=0
split_feature=1 3 2 2 4 0 0 3 0 3 0 3 1 4 0 1 3 2 1 2 4 0 0 2 1 3
split_gain=2.21018 3.50882 4.3183 4.27921 4.12092 3.45973 7.04018 5.77628 5.02469 3.1257 2.74105 2.82483 2.60896 4.57438 5.28958 4.51312 3.70747 3.61787 3.09618 2.96602 2.84868 3.52611 2.4752 1.51848 1.17374 1.07423
threshold=0.001605358212736552 1.2025313038804015 0.0075276834680944047 0.0079225468847635722 30.888040052131633 60.819372702247726 57.589644618753262 0.7045786999030349 63.084579317235558 1.1354378491368078 81.48160048938658 1.6407612332977295 0.0014031196685539984 17.363750773988325 70.248947116462247 0.001432187533294438 1.2213858747382578 0.0084139995374127325 0.0013884940053170427 0.0020799821069802387 6.7895750109647031 79.205137397239199 24.813273871199367 0.0012337942081556144 0.00083145460942013482 0.51904857275190397
decision_type=2 2 2 2 2 2 2 2 2 2 2 2 2 2 2 2 2 2 2 2 2 2 2 2 2 2
left_child=12 5 10 -4 -5 6 22 -8 25 -10 11 -3 17 14 16 -16 -14 18 19 -1 24 -22 -2 -20 -19 -7
right_child=1 2 3 4 -6 8 7 -9 9 -11 -12 -13 13 -15 15 -17 -18 20 23 -21 21 -23 -24 -25 -26 -27
leaf_value=-0.00028605656891644718 0.039462194179110052 0.0061821150264329662 0.069377706664859901 0.022513645329773384 -0.036305811895572471 -0.015098390322367802 -0.0050174762212200526 0.053208946340314027 -0.0075678449344725608 -0.041074169733503169 -0.039171482505017605 -0.012125096463089024 0.0052656082963325008 0.063915880841682024 -0.010307276027110283 0.054690956513550951 -0.035958020026591417 -0.056729885131413776 -0.0062114425953149885 0.0048089288085751058 -0.023230243152502023 0.018277737843049643 -0.0078496107269620183 -0.051107563385110889 -0.013606442372190511 -0.052948993704825746
leaf_weight=1381.0447084270418 2.8486652709543696 64.67461321502924 3.9413035660982159 17.813384868204597 3.575471729040145 2.3687070384621611 7.4820834919810322 9.8889981433749181 95.625917728990316 7.5068014413118354 4.6299540773034087 31.253580339252949 31.038584604859352 3.8610804229974738 3.8076681047677985 8.9433122798800451 6.6168346479535094 5.2178954668343094 3.3895346373319617 360.13421892374754 13.9189410507679 8.0905006527900678 93.525763124227524 4.2382941767573357 2.2619548700749874 8.9850449562072736
leaf_count=7248 20 373 20 106 24 22 66 64 837 54 37 163 202 17 25 60 39 55 20 2052 84 52 755 28 20 77
internal_value=-3.3557e-05 -0.0036497 0.00305178 0.0215029 0.0126811 -0.0073461 -0.00117002 0.0281296 -0.0134822 -0.0100067 -0.00159598 0.000217592 0.000665217 0.0114648 0.00744708 0.0352813 -0.00197823 0.000335652 0.000628509 0.000767757 -0.0170317 -0.00797223 -0.00645115 -0.0311573 -0.0436891 -0.0450523
internal_weight=2186.68 354.12 125.888 25.3302 21.3889 228.232 113.746 17.3711 114.486 103.133 100.558 95.9282 1832.56 54.2675 50.4064 12.751 37.6554 1778.3 1748.81 1741.18 29.4893 22.0094 96.3744 7.62783 7.47985 11.3538
internal_count=12520 2618 723 150 130 1895 905 130 990 891 573 536 9902 343 326 85 241 9559 9348 9300 211 136 775 48 75 99
is_linear=0
shrinkage=0.05


Tree=68
num_leaves=19
num_cat=0
split_feature=1 2 4 3 2 2 3 3 4 0 0 2 4 4 4 4 1 0
split_gain=2.18681 2.54411 2.13621 7.48935 4.48601 6.63113 4.55438 4.4235 3.92886 3.03533 2.46796 1.98196 3.38969 1.7266 4.56847 3.60245 1.29755 1.35106
threshold=0.0070259766114574304 0.0035268567948439915 5.331407523785038 0.32781101408370666 -0.0048134609763627592 -0.0039100577140726558 0.36373722553737392 0.35846040516129313 5.485767696669936 61.809702222528919 9.4281836697370256 0.0077424482681658366 29.794673271572627 4.0603938552649419 3.2731115097766188 4.7278835082393735 -0.0011573891270474921 46.923981259729381
decision_type=2 2 2 2 2 2 2 2 2 2 2 2 2 2 2 2 2 2
left_child=2 -2 4 16 13 7 -7 -6 9 -5 -10 -3 -13 14 -1 -15 -4 -18
right_child=1 11 3 8 5 6 -8 -9 10 -11 -12 12 -14 15 -16 -17 17 -19
leaf_value=-0.029371078276191606 0.020008133903339706 -0.064372209569583144 0.068971860080883338 0.02914677420019331 -0.005513749051284822 0.0050494822367235237 -0.0057664048299874079 0.043633634919213633 0.027075138344669916 -0.013767694115182036 0.00025657348528353451 -0.047410694444786565 0.024621352954769068 -0.060035421953575169 0.019247644064757957 -0.012608729829328006 0.051648445166520375 0.0082519175516060621
leaf_weight=11.890201754868032 2.9839041382074347 3.2919561192393285 3.3093498349189758 19.994307041168216 7.0028997063636806 137.28264635801315 334.43507518991828 13.223489224910734 8.6246499270200712 5.1899141669273368 1600.1551094539464 3.8669571243226528 2.8274086862802505 6.6242851428687599 8.139221675693987 10.122350499033926 3.795700363814829 3.400106742978096
leaf_count=63 22 22 14 106 31 899 2365 64 37 35 8646 32 20 34 40 50 17 23
internal_value=-3.33845e-05 -0.020503 8.87842e-05 0.000977664 -0.00267588 -0.00141663 -0.00261869 0.0266175 0.000707107 0.020303 0.000400348 -0.0326077 -0.0169875 -0.0195206 -0.00961422 -0.0313688 0.0430599 0.0311431
internal_weight=2186.16 12.9702 2173.19 1644.47 528.72 491.944 471.718 20.2264 1633.96 25.1842 1608.78 9.98632 6.69437 36.7761 20.0294 16.7466 10.5052 7.19581
internal_count=12520 96 12424 8878 3546 3359 3264 95 8824 141 8683 74 52 187 103 84 54 40
is_linear=0
shrinkage=0.05


Tree=69
num_leaves=17
num_cat=0
split_feature=0 4 2 1 1 1 3 4 2 1 4 1 2 1 3 2
split_gain=2.07858 2.08167 4.22939 4.22731 2.24611 5.52038 5.48373 4.69481 6.59664 4.60704 3.32894 1.75918 2.39651 0.965738 0.00789571 0.000486476
threshold=89.925142041090382 1.1195614743433542 -0.00081751606085450612 0.00045562160870049612 0.00071618202039802636 0.00065368459489900676 0.80821001121586333 4.250241370043109 -0.0003385193805098829 0.00051362540419008795 4.4409877063826082 0.00093496301982598517 0.0081329746114553476 0.0030285705223044306 0.20508713502675111 0.011903779073897837
decision_type=2 2 2 2 2 2 2 2 2 2 2 2 2 2 2 2
left_child=1 2 -1 14 5 9 -7 8 -6 -3 -9 -2 -13 -14 -4 -15
right_child=11 4 3 -5 7 6 -8 10 -10 -11 -12 12 13 15 -16 -17
leaf_value=0.029981774767719273 -0.055322966077865902 0.0010477468439068569 -0.060116393669590464 0.015904658718764248 0.014610741806001862 0.002287263910010343 0.034937412059325164 0.032019988892582167 -0.021619085674646932 -0.019573837030748401 -0.001184875421154028 0.019096670746066718 -0.0090059105983856073 -0.054537438124293208 -0.056679095487365883 -0.053182450678553886
leaf_weight=3.1379442363977423 2.8424604870378962 1458.6835232339799 3.2922430485486966 2.6850554794073105 15.906753253191708 28.022810317575932 23.767441891133785 7.6552087366580954 59.788355983793736 27.596716642379761 539.91165103390813 3.9052080586552602 2.1933826506137848 1.3258186839520933 3.3920223116874695 1.3238462321460245
leaf_count=19 36 7454 25 22 117 189 148 59 500 188 3618 38 30 18 34 25
internal_value=-3.23385e-05 8.02584e-05 -0.0202593 -0.0370859 0.00019796 0.00122402 0.017271 -0.00233412 -0.0140057 0.000664853 -0.000720658 -0.0211499 -0.0100465 -0.0335461 -0.0583721 -0.0538604
internal_weight=2185.43 2173.84 12.5073 9.36932 2161.33 1538.07 51.7903 623.262 75.6951 1486.28 547.567 11.5907 8.74826 4.84305 6.68427 2.64966
internal_count=12520 12373 100 81 12273 7979 337 4294 617 7642 3677 147 111 73 59 43
is_linear=0
shrinkage=0.05


Tree=70
num_leaves=15
num_cat=0
split_feature=1 2 1 4 2 4 4 2 1 3 4 0 2 2
split_gain=1.97243 2.33999 1.93454 2.51408 1.92033 3.16581 1.88613 3.90088 4.04777 2.28742 6.01069 5.1492 1.38064 2.04048
threshold=0.0070259766114574304 0.0035268567948439915 -0.0074434830450515457 38.442517660526541 0.0077424482681658366 29.794673271572627 1.1195614743433542 -0.00081751606085450612 0.00045562160870049612 0.37035266021446905 3.1589050130007212 84.381562393707782 -0.010824148842572877 -0.0069030819237533283
decision_type=2 2 2 2 2 2 2 2 2 2 2 2 2 2
left_child=2 -2 3 12 -3 -6 7 -4 -9 11 -11 -8 -1 -14
right_child=1 4 6 -5 5 -7 9 8 -10 10 -12 -13 13 -15
leaf_value=0.043328618316397713 0.018852777962726438 -0.063519817704221174 0.028019956399064263 -0.010811998202780634 -0.046472573403497974 0.023508975512871302 0.0039644402621121276 -0.057904864870425489 0.01493627620517945 -0.013107781970576805 0.00014693165187561303 0.05464918290338297 -0.0090688427243482347 0.034551031068762117
leaf_weight=6.2385654747486159 3.0169799700379363 3.1680651307106 3.1884143725037566 7.0994827449321738 3.7284264229238033 2.8524285480380058 176.66246352344751 6.4082646593451482 2.7153761386871338 89.643983721733093 1864.1631724238396 5.1573002934455863 5.1231920272111928 5.6243203878402674
leaf_count=27 22 22 19 29 32 20 1062 59 22 716 10399 47 21 23
internal_value=-3.1695e-05 -0.0196279 8.34804e-05 0.014175 -0.0315365 -0.0161395 -7.45329e-05 -0.0195884 -0.0362259 3.79658e-05 -0.000461217 0.00540211 0.0246186 0.013758
internal_weight=2184.79 12.7659 2172.02 24.0856 9.74892 6.58085 2147.94 12.3121 9.12364 2135.63 1953.81 181.82 16.9861 10.7475
internal_count=12520 96 12424 100 74 52 12324 100 81 12224 11115 1109 71 44
is_linear=0
shrinkage=0.05


Tree=71
num_leaves=19
num_cat=0
split_feature=0 0 2 1 4 3 3 0 4 1 1 2 2 3 1 1 1 2
split_gain=1.99977 1.85251 3.27282 6.51669 2.36333 4.83269 2.75634 9.40064 5.74091 2.11991 1.73052 2.18991 1.41632 1.33403 0.942819 0.645799 0.00510418 0.000449128
threshold=89.925142041090382 13.380260947158961 -0.012490682221885372 -0.0026148950879293915 1.1195614743433542 0.19124988926921135 0.37035266021446905 83.73068187682729 3.1589050130007212 -0.001623533432861257 0.00093496301982598517 0.0081329746114553476 -0.0076354039552118938 1.0487261325821973 0.0030285705223044306 0.00035562437269054398 1.1599110367521705e-05 0.011903779073897837
decision_type=2 2 2 2 2 2 2 2 2 2 2 2 2 2 2 2 2 2
left_child=1 2 13 12 5 15 7 -6 -8 -5 -2 -12 -4 -1 -13 -3 -7 -16
right_child=10 4 3 9 6 16 8 -9 -10 -11 11 14 -14 -15 17 -17 -18 -19
leaf_value=0.0064364348209488458 -0.055183399176152281 -0.0077285421717828255 0.031721689498170155 -0.028496795259193103 0.0042022334966249934 -0.059438700444711889 -0.0131424781920522 0.080738584218343137 5.6462126359261259e-05 0.01538748593533321 0.017472819241612338 -0.0088563762399513253 0.065604944378899854 -0.027929062199584978 -0.054340692903789692 0.023748058600838656 -0.056328531879568926 -0.053008583049187478
leaf_weight=5.700007349252699 2.7806700207293025 3.6566931903362256 6.8754333853721601 5.3335267007350922 174.54170491173863 2.4070711880922318 86.199499618262053 4.106396757066249 1861.1956080123782 5.6854733079671878 3.9750541225075704 2.1868661679327488 5.5929633378982544 5.5968169420957565 1.2735958620905878 2.9394143894314766 2.9187393262982368 1.2574968039989469
leaf_count=24 36 27 30 22 1052 20 697 27 10348 27 38 30 24 23 18 21 31 25
internal_value=-3.06945e-05 7.9246e-05 0.0115253 0.0221618 -0.000106978 -0.0223066 1.75075e-05 0.00596149 -0.000527776 -0.00585382 -0.0208499 -0.00986752 0.0469207 -0.0105894 -0.0329028 0.00629833 -0.0577342 -0.0536789
internal_weight=2184.22 2172.75 34.7842 23.4874 2137.97 11.9219 2126.04 178.648 1947.4 11.019 11.4737 8.69301 12.4684 11.2968 4.71796 6.59611 5.32581 2.53109
internal_count=12520 12373 150 103 12223 99 12124 1079 11045 49 147 111 54 47 73 48 51 43
is_linear=0
shrinkage=0.05


Tree=72
num_leaves=24
num_cat=0
split_feature=1 1 2 1 3 3 4 0 0 0 2 2 0 2 0 4 4 1 0 2 2 3 0
split_gain=1.88311 5.02744 9.70504 4.02352 3.60647 9.62991 6.53442 4.94195 3.24179 2.82385 5.15169 2.36094 2.28383 2.17057 4.03974 6.25011 4.65821 2.17866 2.5493 2.34546 2.12467 1.64299 0.537467
threshold=0.0030285705223044306 0.0029134474473163645 0.0037291547401824281 0.0039507600645793959 0.99848077178705641 1.0548787084928879 21.20511760868126 52.179369876113505 55.381963764654088 75.144911527264682 0.007098994904542578 0.005841384255497962 69.584337816293058 0.0081329746114553476 79.205137397239199 19.117856521708735 6.7895750109647031 0.0024030021964477348 83.73068187682729 0.0020799821069802387 0.0025947944685508211 0.67870647415601293 78.814126707181458
decision_type=2 2 2 2 2 2 2 2 2 2 2 2 2 2 2 2 2 2 2 2 2 2 2
left_child=1 13 8 9 6 -6 20 -7 -3 10 12 -4 -2 17 15 -15 -16 19 -19 -1 -5 -11 -23
right_child=3 2 11 4 5 7 -8 -9 -10 21 -12 -13 -14 14 16 -17 -18 18 -20 -21 -22 22 -24
leaf_value=-0.00027874502918383992 -0.019144558306371275 0.015157789546763152 0.1078322598123604 -0.038664198289425862 0.10027493109834076 -0.038914278169585301 0.039228320902011136 0.010427433130137498 -0.05884318871230907 -0.003536223476176944 0.038387630767739128 0.047296404787695166 0.018951932660005777 -0.036533818494350938 -0.026755948939821857 0.024315295178403269 0.019075875477522687 -0.0075226000118157237 -0.05798563519181852 0.0038551548290288191 -0.0097043614117092794 -0.064401696835188191 -0.038679214796344244
leaf_weight=1485.8848214745522 39.440265029668808 3.9423208534717542 2.9139992073178291 11.075669076293712 2.7798836305737487 5.7551830857992163 5.2189711630344382 42.91911543905735 2.3694656789302826 2.8783577494323245 4.9665826708078376 3.6010357290506363 4.3698723316192618 20.424140974879268 8.2134120166301745 5.3191117942333213 17.058317773044109 41.299921799451113 2.6641723290085784 446.14666169881821 14.791963659226893 2.9448959529399854 6.5424539782106876
leaf_count=7951 305 31 20 122 20 34 29 267 20 34 37 25 34 149 83 26 118 325 24 2644 152 19 51
internal_value=-2.9727e-05 0.000359976 0.0315643 -0.00556225 0.00163898 0.00976267 -0.0118072 0.00459334 -0.0126224 -0.0152837 -0.00987343 0.0743725 -0.0153446 0.000162517 -0.0100204 -0.0239611 0.00418035 0.000425413 -0.0105806 0.000675859 -0.022104 -0.0366248 -0.0466635
internal_weight=2183.52 2039.84 12.8268 143.683 82.5408 51.4542 31.0866 48.6743 6.31179 61.1424 48.7767 6.51503 43.8101 2027.01 51.015 25.7433 25.2717 1976 43.9641 1932.03 25.8676 12.3657 9.48735
internal_count=12520 11416 96 1104 624 321 303 301 51 480 376 45 339 11320 376 175 201 10944 349 10595 274 104 70
is_linear=0
shrinkage=0.05


Tree=73
num_leaves=20
num_cat=0
split_feature=1 2 2 4 4 3 2 2 3 0 0 0 2 0 4 1 1 2 1
split_gain=1.85322 2.16874 1.83853 2.91589 1.76753 6.55773 4.37611 6.70917 4.73563 3.65144 8.86639 6.9068 5.45946 4.83839 3.44653 3.08748 5.4485 1.59434 0.00129617
threshold=0.0070259766114574304 0.0035268567948439915 0.0077424482681658366 29.794673271572627 8.9063600714602895 1.4678753107254969 0.0041924349728705854 0.0034526756232915461 0.72290794353582133 57.406176476666431 59.042129577646818 60.277448880976472 0.003660996746431056 56.164004867877459 9.2012699785234577 3.3484088195590018e-05 -0.00046287514156329029 0.00040963740406141374 0.00047941054239697417
decision_type=2 2 2 2 2 2 2 2 2 2 2 2 2 2 2 2 2 2 2
left_child=4 -2 -3 -4 5 6 7 -1 -8 13 12 -12 -11 14 -6 16 -7 -15 -17
right_child=1 2 3 -5 9 15 8 -9 -10 10 11 -13 -14 17 -16 18 -18 -19 -20
leaf_value=-0.0004571372567822678 0.017624655028207058 -0.062813275696573204 -0.045746593272128343 0.021540580980783056 0.018620405522369668 -0.038587635625592323 -0.0034785902963583096 0.019667282539250552 -0.02396913466198114 0.022494631239927884 -0.023350656650549265 0.0055527509476559801 0.080458098347724064 -0.055605336551371599 -0.00035660042556893328 -0.057955793453712323 0.025373352904053584 -0.018160392090368602 -0.056477230868884169
leaf_weight=895.90142810717225 3.0447289347648612 3.0570435374975187 3.6199400648474693 2.8998821452260017 24.773161944001913 9.3927438780665398 108.04592132568359 43.422744832932949 38.155144028365612 25.477589853107933 22.406553149223328 266.53282363340259 4.8330067396163932 3.420107617974284 699.48362750187516 2.2190159112215033 5.1579672917723665 16.838938593864441 4.4642946794629097
leaf_count=5436 22 22 32 20 138 52 819 296 268 135 117 1549 25 19 3380 20 35 90 45
internal_value=-2.98274e-05 -0.0191335 -0.0308199 -0.0158186 8.12605e-05 -0.00131758 -0.000779287 0.000473167 -0.00882616 0.00153663 0.00601017 0.00331136 0.0317369 -0.000381628 0.000292507 -0.028836 -0.0159146 -0.0244818 -0.0569681
internal_weight=2183.15 12.6216 9.57687 6.51982 2170.53 1106.76 1085.53 939.324 146.201 1063.77 319.25 288.939 30.3106 744.516 724.257 21.234 14.5507 20.259 6.68331
internal_count=12520 96 74 52 12424 6971 6819 5732 1087 5453 1826 1666 160 3627 3518 152 87 109 65
is_linear=0
shrinkage=0.05


Tree=74
num_leaves=27
num_cat=0
split_feature=1 1 3 3 3 0 1 4 0 1 0 2 1 2 4 3 4 2 3 2 4 4 4 0 0 4
split_gain=1.80987 4.52692 5.362 9.92331 5.19574 5.06092 4.64536 7.47162 4.3546 4.13021 3.59728 2.88664 2.83243 3.02828 3.00748 2.56978 6.04717 4.91074 3.10199 4.28584 3.65522 2.87149 2.17778 1.55925 3.08823 0.00929444
threshold=0.00071618202039802636 0.00065368459489900676 0.80821001121586333 0.61878168091067554 1.3580220774029894 55.381963764654088 0.00051362540419008795 10.113476692969339 48.066200953999171 0.00073302157755461572 74.772427759376924 0.0033359130148524767 0.00047941054239697417 0.0084139995374127325 4.250241370043109 1.2025313038804015 8.2494371112766185 0.0010640498554523872 0.22094213942064744 0.0052482701083943492 4.1360203513581277 6.1568882485014296 13.094106079951402 46.493656451585167 67.549195441721551 6.6528061125762212
decision_type=2 2 2 2 2 2 2 2 2 2 2 2 2 2 2 2 2 2 2 2 2 2 2 2 2 2
left_child=1 6 3 8 5 -4 12 10 -3 23 -8 -5 13 -1 -14 18 21 -18 19 -11 -20 -17 -9 -2 25 -25
right_child=9 2 4 11 -6 -7 7 22 -10 15 -12 -13 14 -15 -16 16 17 -19 20 -21 -22 -23 -24 24 -26 -27
leaf_value=0.00075271036114666961 -0.0038374952480312412 -0.014639373895546193 0.072170915205924044 -0.050054647786802159 -0.01425244673693301 0.020933023040680496 -0.047129949207277651 0.044072674171889474 0.040494927312876336 0.032001691272044164 0.014812951447716502 0.008215197865735397 -0.021495111398584416 -0.01938361053659628 0.026308781524931487 6.752436165212803e-05 -0.0069600904200339793 0.011051731877362476 -0.016109690942508467 -0.038998384145487376 -0.0026715609059599983 -0.057577887137657782 -0.0046808329138223505 -0.059456724953328904 -0.0028457232373333982 -0.063342288356618481
leaf_weight=1426.3406066298485 4.2178881093859664 5.0510278865695062 8.7763138189911896 8.567996606230734 4.7578624933958045 10.688933327794073 15.937500674277549 4.1019001975655538 12.308285519480703 11.71580323204398 2.7479941546916953 2.8266022950410834 3.9709246680140522 18.919004090130329 19.191464938223362 3.4401319175958616 55.342964388430119 119.66469638049603 58.820442207157612 2.5965536311268798 362.2167019546032 5.8069339618086815 5.1871496438980103 2.886276572942732 3.5171508938074112 3.2972775548696518
leaf_count=7273 27 32 52 58 28 68 123 23 86 84 25 19 32 130 115 31 294 673 491 23 2684 53 25 22 28 21
internal_value=-2.94909e-05 0.00089113 0.0152551 0.000654947 0.032586 0.0440347 0.000382603 -0.0198011 0.0244525 -0.002281 -0.0380203 -0.0355999 0.000767117 0.000489118 0.0181134 -0.00167592 0.00327368 0.00535582 -0.00377076 0.0191208 -0.00454892 -0.0361324 0.016848 -0.0292171 -0.0402522 -0.0615286
internal_weight=2182.9 1549.37 52.977 28.7539 24.2231 19.4652 1496.4 27.9745 17.3593 633.523 18.6855 11.3946 1468.42 1445.26 23.1624 619.604 184.255 175.008 435.35 14.3124 421.037 9.24707 9.28905 13.9186 9.70071 6.18355
internal_count=12520 8089 343 195 148 120 7746 196 118 4431 148 77 7550 7403 147 4333 1051 967 3282 107 3175 84 48 98 71 43
is_linear=0
shrinkage=0.05


Tree=75
num_leaves=24
num_cat=0
split_feature=1 1 2 1 0 3 3 4 0 0 2 2 0 2 2 2 0 0 1 0 2 3 0
split_gain=1.80729 4.46647 8.2519 3.63838 3.06535 3.05898 8.01614 5.9079 4.38583 2.6711 4.57728 2.07538 2.04442 1.96036 5.01182 7.18474 4.72511 4.14745 7.87558 3.39289 1.89066 1.59977 0.526898
threshold=0.0030285705223044306 0.0029134474473163645 0.0037291547401824281 0.0039507600645793959 55.381963764654088 0.99848077178705641 1.0548787084928879 21.20511760868126 52.179369876113505 75.144911527264682 0.007098994904542578 0.0025947944685508211 69.584337816293058 -0.00059431764041695246 0.00016242643768737966 3.321507391262913e-05 45.90125597170946 49.117198650908371 0.001099002417010331 45.70045556264725 0.005841384255497962 0.67870647415601293 78.814126707181458
decision_type=2 2 2 2 2 2 2 2 2 2 2 2 2 2 2 2 2 2 2 2 2 2 2
left_child=1 13 4 9 -3 7 -7 11 -8 10 12 -5 -2 17 15 -15 -16 19 -19 -1 -4 -11 -23
right_child=3 2 20 5 -6 6 8 -9 -10 21 -12 -13 -14 14 16 -17 -18 18 -20 -21 -22 22 -24
leaf_value=0.0017112382531721518 -0.018441433720020464 0.014509558405261523 0.096561126920849005 -0.037879113516241063 -0.058361924179771096 0.088534176134463613 -0.037639040017108487 0.036781443661026036 0.0093079072428771462 -0.0030481126250099834 0.035322037199707598 -0.0089258384601822449 0.017373338970538763 -0.0051905868244501146 0.015650285872491159 -0.035684189753306637 -0.00074122776281226052 0.0057557673130284696 0.048364519476791448 -0.009695758017219629 0.043571200073367983 -0.063740759051085477 -0.037901887346763946
leaf_weight=826.08568282425404 38.974325265735388 3.9699278771877271 3.0890470519661903 10.751323081552988 2.2673433870077133 2.9689268544316283 5.6194298565387717 5.3123866319656363 43.368059795349836 2.8542969636619082 5.0935425385832778 14.586400628089903 4.4383770227432242 133.71488200128078 46.370860695838928 22.57846574485302 847.62888809293509 65.850597627460957 12.983054384589193 70.772786296904087 3.6990501880645752 2.8521515950560552 6.4004742093384266
leaf_count=4012 305 31 20 122 20 20 34 29 267 34 37 152 34 816 257 140 5296 342 85 372 25 19 51
internal_value=-2.98172e-05 0.000351534 0.0295369 -0.00545909 -0.0119803 0.00136743 0.00875748 -0.0111598 0.00392255 -0.0147626 -0.00951875 -0.0212113 -0.0147798 0.000163896 -0.00133517 -0.00959576 0.000108983 0.00177758 0.012773 0.000811091 0.0676852 -0.035772 -0.0458668
internal_weight=2182.23 2039.01 13.0254 143.22 6.23727 82.6065 51.9564 30.6501 48.9875 60.6132 48.5062 25.3377 43.4127 2025.99 1050.29 156.293 894 975.692 78.8337 896.858 6.7881 12.1069 9.25263
internal_count=12520 11416 96 1104 51 624 321 303 301 480 376 274 339 11320 6509 956 5553 4811 427 4384 45 104 70
is_linear=0
shrinkage=0.05


Tree=76
num_leaves=15
num_cat=0
split_feature=1 2 2 4 1 4 3 4 4 2 1 3 0 4
split_gain=1.78456 2.03968 1.74954 2.63975 1.70281 2.29308 2.67161 2.24969 1.61528 3.57316 3.76684 1.87119 5.07211 4.83151
threshold=0.0070259766114574304 0.0035268567948439915 0.0077424482681658366 29.794673271572627 -0.0074434830450515457 19.717656057781433 1.2914300947422912 34.140463587852771 1.1195614743433542 -0.00081751606085450612 0.00045562160870049612 0.37035266021446905 26.414302034853431 3.1589050130007212
decision_type=2 2 2 2 2 2 2 2 2 2 2 2 2 2
left_child=4 -2 -3 -4 5 -1 -7 -8 9 -6 -11 12 -10 -13
right_child=1 2 3 -5 8 6 7 -9 11 10 -12 13 -14 -15
leaf_value=0.042019922590583347 0.016593207062323416 -0.062255736573979814 -0.045101749926394902 0.018881023492409277 0.026619149768379941 -0.026981796751451792 0.037891657661883141 -0.0026544836212924953 -0.023563771545321112 -0.057290262040791878 0.013289148080797128 -0.011878517926120732 0.0073168819629113443 0.00012078522209409999
leaf_weight=5.3968443274498012 3.0639604330062857 2.9539135247468931 3.5253185331821442 2.9702726006507874 3.2222916707396498 4.8327154815197018 6.4055986255407316 7.3425802737474442 14.439183332026003 5.9791695326566678 2.7644803822040558 87.846096098423004 168.10568790882826 1862.8480714038014
leaf_count=24 22 22 32 20 19 20 26 30 72 59 22 716 1037 10399
internal_value=-2.98441e-05 -0.0188576 -0.0303523 -0.015844 7.87682e-05 0.0133293 0.00499613 0.0162369 -6.93384e-05 -0.0183885 -0.0349752 3.34191e-05 0.00487424 -0.000419582
internal_weight=2181.7 12.5135 9.4495 6.49559 2169.18 23.9777 18.5809 13.7482 2145.2 11.9659 8.74365 2133.24 182.545 1950.69
internal_count=12520 96 74 52 12424 100 76 56 12324 100 81 12224 1109 11115
is_linear=0
shrinkage=0.05


Tree=77
num_leaves=21
num_cat=0
split_feature=0 1 4 1 1 3 3 4 4 0 0 2 0 0 0 2 2 0 2 1
split_gain=1.78114 1.67909 2.62329 1.64211 3.66912 5.54247 8.25566 4.71254 3.26859 4.43377 8.34164 6.04665 3.96498 8.55387 3.1666 2.39256 5.50665 2.2202 1.27571 0.446191
threshold=89.925142041090382 0.00093496301982598517 4.0603938552649419 0.0015146585251719637 0.0014196396814676329 0.94419259762302954 1.3998663316219428 5.4260174974019142 13.577309153777799 63.529634949876773 48.879562700097118 0.0054871588723599549 75.970949944233141 76.647004351719303 70.505063783760818 0.0099339351444600616 0.011903779073897837 87.281406246598223 0.0081329746114553476 0.002576948732933682
decision_type=2 2 2 2 2 2 2 2 2 2 2 2 2 2 2 2 2 2 2 2
left_child=3 -2 -3 4 15 7 -7 -6 12 10 -10 -11 14 -14 -5 17 -17 -1 -4 -20
right_child=1 2 18 8 5 6 -8 -9 9 11 -12 -13 13 -15 -16 16 -18 -19 19 -21
leaf_value=0.00044611920640619989 -0.054902501351471789 0.040447199744049506 0.0040089815781267383 -0.0076379108281254965 -0.0024450002055180532 -0.039108727424904989 0.04228198760562471 0.050861256330863469 -0.0063168933708267361 -0.029404258982575787 0.026740105324965364 0.0027654493696625902 0.076024005484688281 -0.00068832141320101755 -0.027799884555903355 -0.056256150591698209 0.0070580563780652476 0.032715776570894091 -0.018864897400344555 -0.053614872827706689
leaf_weight=1760.5424270182848 2.62605370953679 2.029953829944132 2.4381108842790127 148.98036618903279 6.010150812566283 8.0805459842085821 5.0707065612077704 13.367928519845007 36.373812217265368 20.273952797055244 40.147431202232838 52.257478170096874 4.083318665623664 33.016385030001402 22.403018221259117 6.0308691933751088 7.9760557487607002 5.3463846296071997 1.407400883734226 2.6880239844322205
leaf_count=9427 36 20 24 1277 44 51 24 77 202 114 214 297 34 289 187 45 50 41 20 47
internal_value=-2.88241e-05 -0.0199262 -0.00920048 7.37781e-05 0.000684685 0.0173257 -0.00772704 0.0343282 -0.00302304 0.00263096 0.0110267 -0.00622661 -0.0070653 0.0077549 -0.0102735 0.000380553 -0.0202027 0.000543818 -0.0246259 -0.041673
internal_weight=2181.15 11.1895 8.56349 2169.96 1812.43 32.5293 13.1513 19.3781 357.536 149.053 76.5212 72.5314 208.483 37.0997 171.383 1779.9 14.0069 1765.89 6.53354 4.09542
internal_count=12520 147 111 12373 9759 196 75 121 2614 827 416 411 1787 323 1464 9563 95 9468 91 67
is_linear=0
shrinkage=0.05


Tree=78
num_leaves=18
num_cat=0
split_feature=0 2 1 4 3 4 4 3 4 3 0 0 1 2 3 0 1
split_gain=1.66493 2.98746 5.90496 2.05289 4.54581 2.22149 11.7645 5.73018 5.54168 5.602 5.35213 3.16274 1.9279 1.34439 1.22889 0.554799 0.00435141
threshold=13.380260947158961 -0.012490682221885372 -0.0026148950879293915 1.1195614743433542 0.19124988926921135 2.3111946586394096 2.0914601149860403 0.69113697105127248 3.1589050130007212 0.61878168091067554 74.772427759376924 81.48160048938658 -0.001623533432861257 -0.0076354039552118938 1.0487261325821973 63.295058736344636 1.1599110367521705e-05
decision_type=2 2 2 2 2 2 2 2 2 2 2 2 2 2 2 2 2
left_child=1 14 13 4 15 6 7 -5 9 -7 -8 -10 -4 -3 -1 -2 -6
right_child=3 2 12 5 16 8 10 -9 11 -11 -12 -13 -14 -15 -16 -17 -18
leaf_value=0.0060690024233049505 0.019302001396921929 0.030001950519287168 -0.027164853803077149 0.00051078840142975161 -0.058880025232986903 -0.0057295002839342635 0.025593687003517353 -0.048955052559803217 0.00045958613779252343 -0.035535926746035305 0.090449814558103539 -0.011432679624390513 0.014663604157705352 0.063234366836790734 -0.026946403238402979 -0.009799577588979775 -0.055911004510245679
leaf_weight=5.6898854523897153 3.587039038538931 6.8045798689126951 5.3201312720775604 62.117326099425554 2.2531101256608963 66.899642113596201 26.190123669803146 6.4638182073831549 1890.8374143652618 20.623479846864939 3.6207828223705283 57.611547311767936 5.7128362804651278 5.505563423037529 5.5851252973079681 3.0136882811784744 2.7285926267504692
leaf_count=24 25 30 22 428 20 444 173 65 10453 199 27 482 27 24 23 23 31
internal_value=-2.87436e-05 0.0108491 0.0210572 -0.000204223 -0.0211974 -9.03007e-05 0.00724747 -0.0041514 -0.000444912 -0.0127529 0.033471 0.000107957 -0.00550621 0.0448647 -0.0102853 0.00601512 -0.0572538
internal_weight=2180.56 34.6181 23.3431 2145.95 11.5824 2134.36 98.3921 68.5811 2035.97 87.5231 29.8109 1948.45 11.033 12.3101 11.275 6.60073 4.9817
internal_count=12520 150 103 12370 99 12271 693 493 11578 643 200 10935 49 54 47 48 51
is_linear=0
shrinkage=0.05


Tree=79
num_leaves=18
num_cat=0
split_feature=1 2 2 4 4 3 3 2 2 3 4 3 3 1 2 2 2
split_gain=1.65462 1.84266 1.70496 2.46063 1.55664 7.1665 8.55225 5.43639 4.64752 3.60642 3.16402 2.98783 2.71886 2.43845 2.28287 2.02047 1.85644
threshold=0.0070259766114574304 0.0035268567948439915 0.0077424482681658366 29.794673271572627 21.502018168267487 0.96793467581307702 1.1160760248834667 -0.012490682221885372 -0.0029167676016449979 1.6407612332977295 20.769502179652431 1.6670395129626574 1.0433220893010153 -0.0045387939578740979 -0.0085990139924392844 0.0054871588723599549 0.0020799821069802387
decision_type=2 2 2 2 2 2 2 2 2 2 2 2 2 2 2 2 2
left_child=4 -2 -3 -4 9 7 12 -6 -9 13 11 -11 -7 14 -1 -8 -15
right_child=1 2 3 -5 5 6 15 8 -10 10 -12 -13 -14 16 -16 -17 -18
leaf_value=-0.0068544813602952242 0.015047309924055584 -0.061699100517955054 -0.044226797587438582 0.017934909074169458 -0.0030412227174994697 -0.01828448536454939 0.0022731739608183705 0.095721084282664598 0.023684684328763448 -0.031011185580732833 -0.044848661177816065 -0.0038729155807852469 -0.068460340521633009 -0.0012079775262729092 0.016292487839648945 0.018349502097405119 0.0022700405729915059
leaf_weight=14.285300776362417 3.1037025228142729 2.8429129533469659 3.404663447290659 2.9901711270213127 4.9747634232044211 5.8998768627643567 136.1224779933691 4.7966762334108344 4.1990924924612036 11.699132874608038 6.0562213435769072 76.210761032998562 4.9776575639843941 1286.8592948690057 41.881764054298401 22.820770010352135 546.65111850015819
leaf_count=61 22 22 32 20 22 27 600 21 21 61 31 400 24 7296 175 117 3568
internal_value=-2.81518e-05 -0.0182841 -0.0294827 -0.0151605 7.57979e-05 0.0044779 0.00164604 0.038901 0.0620956 -0.000332072 -0.00989266 -0.0074845 -0.0412454 0.000143338 0.0104054 0.00458138 -0.000171025
internal_weight=2179.78 12.3415 9.23775 6.39483 2167.43 183.791 169.821 13.9705 8.99577 1983.64 93.9661 87.9099 10.8775 1889.68 56.1671 158.943 1833.51
internal_count=12520 96 74 52 12424 832 768 64 42 11592 492 461 51 11100 236 717 10864
is_linear=0
shrinkage=0.05


Tree=80
num_leaves=19
num_cat=0
split_feature=0 1 4 1 1 0 4 4 4 4 1 2 2 0 3 3 2 1
split_gain=1.58886 1.64772 2.35811 1.51461 3.28726 5.05987 6.95341 3.66088 3.09831 3.02699 3.20163 2.14696 5.19828 1.96722 1.9479 2.19726 1.22586 0.44962
threshold=89.925142041090382 0.00093496301982598517 4.0603938552649419 0.0015146585251719637 0.0014196396814676329 69.584337816293058 9.3014950108134311 7.6577670632539903 4.1902005011439831 4.4409877063826082 0.0015834776550252008 0.0099339351444600616 0.011903779073897837 87.281406246598223 0.58394834602126144 0.49847344992754983 0.0081329746114553476 0.002576948732933682
decision_type=2 2 2 2 2 2 2 2 2 2 2 2 2 2 2 2 2 2
left_child=3 -2 -3 4 11 7 -7 -6 14 -10 -11 13 -13 -1 15 -5 -4 -18
right_child=1 2 16 8 5 6 -8 -9 9 10 -12 12 -14 -15 -16 -17 17 -19
leaf_value=0.00042672559881419211 -0.05464800070825826 0.037711057071992987 0.0042899380463878234 -0.020766166090303996 0.030603042979833957 0.0097779741615876374 0.099635429222330305 -0.010118298142326938 0.050336989366619789 -0.037988314485533109 -0.0014468403576871037 -0.055191681492266435 0.0069203949662148406 0.030522630727604756 -0.057077680965090499 0.031843142760757677 -0.017897076227432206 -0.053399302143978145
leaf_weight=1759.7167356871068 2.5047544538974753 2.0821706950664503 2.428733829408884 17.627789545804269 8.6031129062175768 4.947861470282076 3.8113224059343338 15.397250138223169 2.772980246692895 6.107021450996398 324.75489820539951 5.8245101720094663 7.9889860823750496 5.4465229362249366 3.1650069281458846 2.2365116700530043 1.3745951987802985 2.5392114389687777
leaf_count=9427 36 20 24 163 58 35 19 84 25 41 2335 45 50 41 30 20 20 47
internal_value=-2.72184e-05 -0.0190433 -0.00845766 6.86291e-05 0.000654947 0.0163497 0.048877 0.00447858 -0.00290967 -0.00168532 -0.00212132 0.00036593 -0.0192694 0.000519588 -0.0206474 -0.0148429 -0.0236142 -0.0409303
internal_weight=2179.33 10.9295 8.42471 2168.4 1811.74 32.7595 8.75918 24.0004 356.664 333.635 330.862 1778.98 13.8135 1765.16 23.0293 19.8643 6.34254 3.91381
internal_count=12520 147 111 12373 9759 196 54 142 2614 2401 2376 9563 95 9468 213 183 91 67
is_linear=0
shrinkage=0.05


Tree=81
num_leaves=27
num_cat=0
split_feature=1 1 1 4 2 4 0 4 3 1 3 0 0 3 2 3 0 2 2 2 3 0 3 3 4 4
split_gain=1.53831 4.42823 4.96483 5.95707 4.07862 5.23161 3.10682 3.03051 3.85223 3.02406 5.36905 4.43028 3.64215 2.67078 2.47475 2.43417 2.42369 2.01394 3.88906 11.783 4.38252 2.60651 7.60069 4.41141 1.96809 1.0525
threshold=1.1599110367521705e-05 0.00022046953355914225 0.00023712759229621574 9.7265007909671919 0.0020008054950966252 11.452027098829335 59.612163608827736 5.3751561432605826 0.34319168070815004 -1.0000000180025095e-35 0.35846040516129313 63.529634949876773 54.198551706040185 0.49847344992754983 0.0038722553517976936 0.39068206000060912 70.505063783760818 -0.0013701423914942998 -0.0012306270584669374 -0.0011962914849351078 0.68778710152222866 46.714222048627349 0.45026851944896523 0.43013217140752835 18.334205330267327 13.204134425824087
decision_type=2 2 2 2 2 2 2 2 2 2 2 2 2 2 2 2 2 2 2 2 2 2 2 2 2 2
left_child=9 4 3 6 15 13 -3 8 -4 17 -11 12 -12 -6 -13 -2 -9 21 20 -20 -19 23 -23 -1 -17 -5
right_child=1 2 7 25 5 -7 -8 16 -10 10 11 14 -14 -15 -16 24 -18 18 19 -21 -22 22 -24 -25 -26 -27
leaf_value=-0.011130133836163439 0.011396175577848637 0.04151131209638137 0.0038945752787107389 -0.045429782167014626 -0.057811496830012667 0.054038543530397387 0.0069672699331944634 0.0019055977090236917 -0.011091562276198785 0.074423727167569204 0.011669770075471481 0.073217959642886341 -0.027890073349274652 0.0036059930988667876 0.014943385936018858 -0.032575351330911446 -0.0054086452075298979 0.0023029841327022282 0.069289649506807091 -0.0014937921919868846 -0.04703033741101844 0.052439747687106165 0.0032517790119226692 0.0031610668033972508 0.014772082385549199 -0.0063302789433602987
leaf_weight=60.056437268853188 4.1758053153753272 17.009828940033916 60.406302560120821 3.0487554296851149 2.4838912859559041 4.18926678597927 10.543466493487356 487.6731145568192 147.81168003380299 3.4478149563074103 19.739461109042171 3.6058253124356261 8.2498448714613897 6.1594869345426559 3.6823742985725403 30.296772286295891 147.52192552760243 8.3556268364191073 5.9432020857930175 547.5721526183188 9.7603766396641713 10.081025764346121 35.546768680214882 535.300287976861 2.3661963790655127 3.952526792883873
leaf_count=269 36 92 455 20 24 19 64 3127 1224 20 110 21 51 43 21 258 1046 41 30 2877 50 44 162 2384 12 20
internal_value=-2.67418e-05 -0.00156973 -0.000748041 0.0178279 -0.0160936 0.0081819 0.0282928 -0.0015091 -0.00674392 0.0011171 0.0148715 0.00905122 9.51056e-06 -0.0140439 0.0437746 -0.0245498 0.000206889 0.000677851 -0.00147988 -0.000733777 -0.0242764 0.00260212 0.0141194 0.00171945 -0.0291454 -0.0233564
internal_weight=2178.98 927.639 877.968 34.5546 49.6714 12.8326 27.5533 843.413 208.218 1251.34 38.7253 35.2775 27.9893 8.64338 7.2882 36.8388 635.195 1212.62 571.631 553.515 18.116 640.985 45.6278 595.357 32.663 7.00128
internal_count=12520 6440 6048 196 392 86 156 5852 1679 6080 223 203 161 67 42 306 4173 5857 2998 2907 91 2859 206 2653 270 40
is_linear=0
shrinkage=0.05


Tree=82
num_leaves=16
num_cat=0
split_feature=0 2 1 0 0 4 1 1 4 3 3 2 4 2 3
split_gain=1.49387 2.69921 5.38067 1.96923 2.81924 7.3054 10.4784 1.73706 1.58828 3.98296 2.00746 1.55554 2.73163 1.26062 1.13704
threshold=13.380260947158961 -0.012490682221885372 -0.0026148950879293915 15.848701996005071 17.816290485386272 5.2197593129420454 -0.0018761861428239766 -0.001623533432861257 1.1195614743433542 0.19124988926921135 0.37035266021446905 -0.0062189241806764875 15.360754874730498 -0.0076354039552118938 1.0487261325821973
decision_type=2 2 2 2 2 2 2 2 2 2 2 2 2 2 2
left_child=1 14 13 11 5 -5 -7 -4 9 -6 -10 12 -2 -3 -1
right_child=3 2 7 4 8 6 -8 -9 10 -11 -12 -13 -14 -15 -16
leaf_value=0.005952523219286375 0.012766496529889863 0.028584768867895873 -0.025833116977430362 -0.040780992133186006 0.0052618342039074473 0.0068400255786101359 0.089580564019722558 0.013847678564315236 0.0049367945168333179 -0.056079641933748342 -0.00060060512527798963 -0.033222750700544819 -0.030165165579506621 0.060983749217805874 -0.025812692571967194
leaf_weight=5.6890508979558927 8.6885440945625323 6.7470696717500669 5.3054882436990738 4.3524618148803738 6.65388325601816 12.968699395656589 5.4280305504798863 5.7439277321100253 179.03130696341395 4.3936791941523552 1907.8129693381488 7.631969451904296 6.4599268585443488 5.4094984382390976 5.5806917250156403
leaf_count=24 38 30 22 22 48 53 25 27 1094 49 10979 35 27 24 23
internal_value=-2.68055e-05 0.0102985 0.0200482 -0.000192883 -3.58058e-05 0.0174712 0.031253 -0.00520545 -0.000225648 -0.019134 -0.000125549 -0.0148152 -0.00554132 0.0430019 -0.00977737
internal_weight=2177.9 34.4757 23.206 2143.42 2120.64 22.7492 18.3967 11.0494 2097.89 11.0476 2086.84 22.7804 15.1485 12.1566 11.2697
internal_count=12520 150 103 12370 12270 100 78 49 12170 97 12073 100 65 54 47
is_linear=0
shrinkage=0.05


Tree=83
num_leaves=15
num_cat=0
split_feature=1 4 1 4 3 4 4 4 3 3 0 0 4 4
split_gain=1.47594 1.77234 1.45102 2.07135 2.3537 2.00313 1.32506 11.8767 6.14931 4.69199 4.3086 3.52655 0.863974 0.326112
threshold=0.0070259766114574304 29.794673271572627 -0.0074434830450515457 19.717656057781433 1.2914300947422912 34.140463587852771 2.0914601149860403 2.3111946586394096 0.19124988926921135 0.69113697105127248 74.772427759376924 57.179399316981019 14.151584336203594 1.907900217998681
decision_type=2 2 2 2 2 2 2 2 2 2 2 2 2 2
left_child=2 12 3 -1 -5 -6 9 10 -9 11 -8 -4 -2 -11
right_child=1 -3 6 4 5 -7 7 8 -10 13 -12 -13 -14 -15
leaf_value=0.03987441659321022 -0.010475394424415137 0.0026402470249962291 -0.012525964256776071 -0.025564908768209962 0.035559342238348959 -0.0028116952549790157 0.024060739876314442 -0.04324899352178041 -0.00010595707037187819 -0.056121778664319055 0.080758466427865785 0.0093089520386846168 -0.049131728256184351 -0.031493115896089899
leaf_weight=5.3097859025001553 2.2216125242412073 5.7729629874229431 41.868120588362217 4.8281624317169216 6.3619117438793165 7.308777779340744 26.526500858366493 8.293215122073887 2021.7645449321717 4.1954793296754351 3.8352272883057585 33.120807349681854 4.1372134499251842 1.9776452705264089
leaf_count=24 29 36 273 20 26 30 173 57 11468 45 27 261 31 20
internal_value=-2.57669e-05 -0.0174169 7.16687e-05 0.0123471 0.00444589 0.015045 -6.48015e-05 0.000182041 -0.000282205 -0.00633127 0.0312227 -0.00288201 -0.0356262 -0.0482316
internal_weight=2177.52 12.1318 2165.39 23.8086 18.4989 13.6707 2141.58 2060.42 2030.06 81.1621 30.3617 74.9889 6.35883 6.17312
internal_count=12520 96 12424 100 76 56 12324 11725 11525 599 200 534 60 65
is_linear=0
shrinkage=0.05


Tree=84
num_leaves=20
num_cat=0
split_feature=0 1 4 4 4 4 3 4 1 0 1 1 1 2 0 3 0 3 2
split_gain=1.42877 1.60002 2.09454 1.37549 5.77111 5.25833 5.92688 4.98555 4.7929 4.31672 8.47647 6.71144 12.3708 6.62551 4.25421 3.25562 1.87421 1.24841 0.343991
threshold=89.925142041090382 0.00093496301982598517 4.0603938552649419 1.8506629958206806 2.3111946586394096 3.0511961567457191 0.61878168091067554 2.0914601149860403 1.1599110367521705e-05 57.406176476666431 -0.0013462476836275104 0.00042040187155356629 0.00062242400824252819 0.0014741758581966471 74.772427759376924 0.12866604996202657 9.4281836697370256 1.1241240899940503 0.0081329746114553476
decision_type=2 2 2 2 2 2 2 2 2 2 2 2 2 2 2 2 2 2 2
left_child=3 -2 -3 9 7 6 -6 8 -5 10 -1 13 -13 -11 -9 -12 -7 18 -4
right_child=1 2 17 4 5 16 -8 14 -10 11 15 12 -14 -15 -16 -17 -18 -19 -20
leaf_value=0.051565295046268736 -0.054426327409293679 0.034692921448598452 -0.021850194188963959 0.018262446733836014 -0.0055242972532058687 0.0222140863610183 -0.039289575839843473 0.02255851125827615 -0.030263435876959219 0.016439386876549247 0.0088467540833091912 0.12150275975181493 0.0061769530734048922 -0.052804445218891632 0.078739984697858367 -0.036542412378323917 0.00023998992920232183 0.0045022180851371054 -0.053345651848739351
leaf_weight=3.6856439113616934 2.3776740916073313 2.1416057124733907 1.4054523482918742 12.158016331493856 56.664415679872036 9.751662150025366 16.864504422992468 26.869182154536251 8.751148045063017 7.1886102817952651 4.7368784546852138 3.0386389046907416 9.9058298021554929 6.6506832614541054 3.8527062088251105 23.802239216864109 1972.6284783221781 2.5069158114492893 2.2626335900276899
leaf_count=16 36 20 13 72 373 43 168 173 75 65 30 24 77 51 25 180 11001 36 42
internal_value=-2.50754e-05 -0.0182559 -0.00791499 6.49137e-05 0.00027572 -0.000138914 -0.0132687 0.0167861 -0.00204717 -0.00746422 -0.0197933 0.00736945 0.033249 -0.0168368 0.029604 -0.0290088 0.000348084 -0.0226922 -0.041278
internal_weight=2177.24 10.6943 8.31661 2166.55 2107.54 2055.91 73.5289 51.6311 20.9092 59.0085 32.2248 26.7838 12.9445 13.8393 30.7219 28.5391 1982.38 6.175 3.66809
internal_count=12520 147 111 12373 11930 11585 541 345 147 443 226 217 101 116 198 210 11044 91 55
is_linear=0
shrinkage=0.05


Tree=85
num_leaves=27
num_cat=0
split_feature=1 1 3 3 4 0 1 1 4 1 0 0 2 1 1 2 1 4 0 1 0 3 3 4 4 4
split_gain=1.42083 3.98597 4.85539 8.74736 4.89719 8.50908 4.34004 4.11801 6.83685 3.84229 3.75151 3.40374 2.74866 2.5326 2.79867 2.41734 2.37612 10.1098 4.63903 2.68993 3.01148 2.61585 1.92408 1.91722 1.51525 1.9375
threshold=0.00071618202039802636 0.00065368459489900676 0.80821001121586333 0.61878168091067554 6.3745055380246365 57.179399316981019 0.00069459446454855922 0.00051362540419008795 10.113476692969339 0.00073302157755461572 48.066200953999171 74.772427759376924 0.0033359130148524767 0.00047941054239697417 0.0004862135418531866 0.0084139995374127325 0.00077348631347973218 8.7562705823852252 56.813416805459589 0.00083145460942013482 51.428775544337647 1.2025313038804015 1.2291502216281029 13.094106079951402 3.636408603341152 6.940572685853688
decision_type=2 2 2 2 2 2 2 2 2 2 2 2 2 2 2 2 2 2 2 2 2 2 2 2 2 2
left_child=1 7 3 10 5 -4 -6 13 11 24 -3 -9 -5 15 -15 -1 17 18 -11 20 -18 -21 -19 -10 -2 -26
right_child=9 2 4 12 6 -7 -8 8 23 16 -12 -13 -14 14 -16 -17 19 22 -20 21 -22 -23 -24 -25 25 -27
leaf_value=0.0006370926291932495 -0.058102450548863219 -0.014455010113766088 0.12610117115706679 -0.049066082301792907 0.04044081133903716 0.0081131934828422118 -0.0080803070676707511 -0.046113609504508574 0.040853725354032422 -0.060361084483342264 0.036537670576405015 0.014214938735333216 0.0080470939770825971 0.040884610752283994 0.0044673965854381079 -0.017591370247825359 0.0012332269449169811 0.081741716594189356 0.021095215068485947 -0.0037220042182238133 -0.06217990578239159 0.0035260635545900222 0.031498345552682015 -0.0046058308760154659 0.0056275398707083986 -0.037917244212906508
leaf_weight=1423.9050082974136 3.2452446222305289 5.0366581305861535 3.1730267256498363 8.2756599336862546 9.8275021314620989 2.9476101696491241 8.6783716678619367 15.28487222641707 4.1980162784457189 3.9819270595908147 12.705785769969223 2.7602541595697394 2.8260198533534995 8.0416865050792712 15.338132858276365 18.422978635877371 3.6062215268611899 4.073664303869009 3.1154700666666031 416.64205882139504 3.8937586545944214 177.52151953056455 3.58010333776474 5.1826481968164444 4.5233101621270162 5.8690501600503922
leaf_count=7273 28 32 20 58 55 23 50 123 23 29 86 25 19 49 98 130 20 24 25 3171 29 1015 20 25 32 38
internal_value=-2.53138e-05 0.000790037 0.0142034 0.000281579 0.0305096 0.0692799 0.0176867 0.000309689 -0.0188862 -0.00202677 0.0220621 -0.0368855 -0.0345275 0.000668876 0.0169934 0.000404259 -0.001446 0.0183798 -0.0246051 -0.00193207 -0.0316889 -0.00155646 0.05824 0.0157381 -0.0282777 -0.0189642
internal_weight=2176.66 1546.6 53.4706 28.8441 24.6265 6.12064 18.5059 1493.13 27.4258 630.052 17.7424 18.0451 11.1017 1465.71 23.3798 1442.33 616.415 14.7512 7.0974 601.664 7.49998 594.164 7.65377 9.38066 13.6376 10.3924
internal_count=12520 8089 343 195 148 43 105 7746 196 4431 118 148 77 7550 147 7403 4333 98 54 4235 49 4186 44 48 98 70
is_linear=0
shrinkage=0.05


Tree=86
num_leaves=23
num_cat=0
split_feature=1 1 2 1 3 3 3 3 0 0 2 0 1 0 0 4 1 3 3 2 0 3
split_gain=1.39036 3.96537 6.98623 3.4405 3.05798 4.33239 7.46846 4.3325 2.89519 2.4499 4.16788 1.96203 1.73448 2.05451 3.30579 1.75389 5.87988 3.11988 1.68971 1.51436 0.514871 0.327821
threshold=0.0030285705223044306 0.0029134474473163645 0.0037291547401824281 0.0039507600645793959 1.8382845442195557 1.4415766877774638 1.515237996360151 1.3740974912943293 55.381963764654088 75.144911527264682 0.007098994904542578 69.584337816293058 0.0024030021964477348 83.73068187682729 75.970949944233141 22.659793959474474 0.0014196396814676329 1.4678753107254969 0.66181841127548557 0.005841384255497962 78.814126707181458 0.93906415490234896
decision_type=2 2 2 2 2 2 2 2 2 2 2 2 2 2 2 2 2 2 2 2 2 2
left_child=1 12 8 9 5 7 -7 -5 -3 10 11 -2 15 14 -14 17 -17 -1 -11 -4 -20 -15
right_child=3 2 19 4 -6 6 -8 -9 -10 18 -12 -13 13 21 -16 16 -18 -19 20 -21 -22 -23
leaf_value=0.00064223701095671897 -0.017681789717815151 0.013928912108713562 0.086609622973399553 -0.00054172168382008216 -0.039450381060963179 0.06934199824389424 0.0055696255322798356 -0.064317227458384876 -0.057913948687940732 0.00053959699849426962 0.033487275490936351 0.017457930852727406 -0.011763572892473147 -0.029308033181421278 0.027635860096116106 0.0028265837147626099 0.042115561655269695 -0.0062964822033358724 -0.06245067320041589 0.040130465672570073 -0.036710232844045447 -0.058352460751192325
leaf_weight=1668.719442166388 38.428259961307049 3.9910371303558332 3.2560107409954071 50.196075106039643 4.2496010176837435 6.1196894720196751 18.3785704895854 2.812189418822526 2.1619793698191643 2.668614398688077 5.166926681995391 4.4303410351276389 37.692128021270037 1.9047606103122228 6.1996708363294593 115.08211189508438 10.38194367289543 179.41970929503441 2.8219300061464292 3.795095406472683 6.235239177942276 1.9828860983252523
leaf_count=9473 305 31 20 440 31 32 101 20 20 32 37 34 301 23 47 490 44 924 20 25 52 18
internal_value=-2.5815e-05 0.000307493 0.0276189 -0.00481811 0.00184696 0.00411125 0.0215 -0.00392513 -0.0113144 -0.0139377 -0.00893503 -0.0140494 0.000129089 -0.00928416 -0.00619844 0.000356977 0.00607768 -3.13827e-05 -0.0344274 0.0615933 -0.0447301 -0.0441221
internal_weight=2176.09 2034.59 13.2041 141.507 81.7561 77.5065 24.4983 53.0083 6.15302 59.7513 48.0255 42.8586 2021.38 47.7794 43.8918 1973.6 125.464 1848.14 11.7258 7.05111 9.05717 3.88765
internal_count=12520 11416 96 1104 624 593 133 460 51 480 376 339 11320 389 348 10931 534 10397 104 45 72 41
is_linear=0
shrinkage=0.05


Tree=87
num_leaves=15
num_cat=0
split_feature=1 2 2 4 1 4 3 4 2 0 2 2 2 3
split_gain=1.36517 1.72636 1.67886 2.14298 1.26519 1.91569 2.12094 1.82822 1.22881 6.05718 5.13517 4.81537 4.7065 2.56441
threshold=0.0070259766114574304 0.0035268567948439915 0.0077424482681658366 29.794673271572627 -0.0074434830450515457 19.717656057781433 1.2914300947422912 34.140463587852771 0.0020799821069802387 45.48009171475401 0.0015224605150668815 0.0023927730975534804 0.0010640498554523872 0.57106968903744193
decision_type=2 2 2 2 2 2 2 2 2 2 2 2 2 2
left_child=4 -2 -3 -4 5 -1 -7 -8 10 -10 12 -11 -6 -12
right_child=1 2 3 -5 8 6 7 -9 9 11 13 -13 -14 -15
leaf_value=0.038241295027679242 0.015321885199695818 -0.060962043576376704 -0.042375564942170402 0.016491609272844213 -0.00081022198174765167 -0.024479532072026411 0.03373781252032914 -0.0029631673638876354 0.063076157442427908 0.015529200989344811 0.0022346456402255054 2.7322581740894809e-05 0.010868762685972096 -0.016423822968686518
leaf_weight=5.2386217266321209 3.0919370651245108 2.69880313426256 3.1740393768996 3.0141166895627975 1334.3340370394289 4.8323013037443188 6.3312464952468854 7.3121957927942276 4.010420247912406 55.064696535468102 24.440803710371256 555.15186728350818 92.225938636809587 74.693961769342422
leaf_count=24 22 22 32 20 7184 20 26 30 22 338 161 3558 587 474
internal_value=-2.55551e-05 -0.0168583 -0.0280544 -0.0137026 6.76391e-05 0.0115531 0.00398591 0.0140679 -5.96414e-05 0.00182871 -0.000819868 0.00142618 -5.51852e-05 -0.0118237
internal_weight=2175.61 11.9789 8.88696 6.18816 2163.64 23.7144 18.4757 13.6434 2139.92 614.227 1525.69 610.217 1426.56 99.1348
internal_count=12520 96 74 52 12424 100 76 56 12324 3918 8406 3896 7771 635
is_linear=0
shrinkage=0.05


Tree=88
num_leaves=25
num_cat=0
split_feature=1 1 1 3 2 4 3 0 3 1 3 2 3 0 3 3 2 4 3 1 1 3 4 3
split_gain=1.3042 3.99031 4.29873 5.30841 3.7214 4.67144 3.32045 2.91367 4.98446 2.73499 4.63778 4.09335 2.57886 2.47082 2.30216 2.00046 4.31361 4.48015 3.99003 3.5826 8.51428 4.94262 1.81684 1.74277
threshold=1.1599110367521705e-05 0.00022046953355914225 0.00023712759229621574 1.1965970840720881 0.0020008054950966252 7.503235850743045 0.69950178264742735 28.148958175637599 0.61878168091067554 -1.0000000180025095e-35 0.35846040516129313 -0.0018013916929711102 1.0328001578147645 87.281406246598223 0.39068206000060912 0.57106968903744193 0.0053870985886335107 10.943999855778275 0.4787414209921374 -0.00042126649244822451 -0.00030026270943905859 0.66181841127548557 18.334205330267327 0.49847344992754983
decision_type=2 2 2 2 2 2 2 2 2 2 2 2 2 2 2 2 2 2 2 2 2 2 2 2
left_child=9 4 3 6 14 23 -3 8 -4 15 -11 -12 -13 -9 -2 16 17 -1 -18 21 -21 -17 -16 -6
right_child=1 2 7 -5 5 -7 -8 13 -10 10 11 12 -14 -15 22 19 18 -19 -20 20 -22 -23 -24 -25
leaf_value=0.0051031916989254097 0.011323368308478025 0.0078457789450293355 -0.044778278770315011 -0.02549908648460375 -0.057401349526879746 0.038777254049518761 0.041874663895218045 -0.0004652964249017431 0.0012910952691010051 0.068491880461711382 -0.023762050974790103 0.028478220617640028 -0.0036946089221297079 -0.018986944647074618 -0.031557342179317903 -0.011936721037821202 -0.034958969070992753 0.047615253572527508 0.013182768925198122 -0.04082483536732457 -0.0031773042478773386 0.0019627416587373468 0.013832951698087778 -0.0030782977346678949
leaf_weight=241.58602114021778 4.17535626143217 13.765697099268438 10.325042478740217 6.1848808526992789 2.2436453457921726 6.2384611666202545 14.958695352077482 798.67216163128614 13.611269503831862 3.5570089593529692 7.6579065024852744 18.305540993809704 9.4409071207046491 18.421528220176697 29.472068656235937 69.98163753002882 12.559618119150402 6.3605487048625937 6.5478579699993125 17.293157815933228 114.15504556149244 743.18284858763218 2.3828462958335868 4.3176139071583748
leaf_count=1169 36 82 69 36 23 32 78 5494 75 20 39 111 53 214 258 337 83 27 36 110 676 3419 12 31
internal_value=-2.47187e-05 -0.00144842 -0.000672955 0.0165195 -0.0153592 0.00779948 0.0255669 -0.00138658 -0.0185811 0.00102803 0.0140675 0.00859954 0.0175312 -0.00088287 -0.0235863 0.000608745 0.00442969 0.00619375 -0.0184615 -0.000471485 -0.00813017 0.000766542 -0.028162 -0.0216543
internal_weight=2175.4 924.769 875.939 34.9093 48.83 12.7997 28.7244 841.03 23.9363 1250.63 38.9614 35.4044 27.7464 817.094 36.0303 1211.67 267.054 247.947 19.1075 944.613 131.448 813.164 31.8549 6.56126
internal_count=12520 6440 6048 196 392 86 160 5852 144 6080 223 203 164 5708 306 5857 1315 1196 119 4542 786 3756 270 54
is_linear=0
shrinkage=0.05


Tree=89
num_leaves=16
num_cat=0
split_feature=1 2 2 4 4 3 2 1 4 1 4 0 4 2 2
split_gain=1.2424 1.59134 1.62459 2.00043 1.25945 5.26501 2.66125 7.76329 2.10105 1.68559 1.62501 5.36315 4.6111 1.3257 0.976542
threshold=0.0070259766114574304 0.0035268567948439915 0.0077424482681658366 29.794673271572627 1.2799490829032862 0.19124988926921135 -0.00092563638369097523 0.00042040187155356629 1.3634283352845606 0.00045562160870049612 1.8506629958206806 58.387463315186189 2.3111946586394096 0.0013971348722575663 -0.00096738102421939354
decision_type=2 2 2 2 2 2 2 2 2 2 2 2 2 2 2
left_child=4 -2 -3 -4 5 6 -1 -8 9 -6 11 -10 -12 14 -7
right_child=1 2 3 -5 8 13 7 -9 10 -11 12 -13 -14 -15 -16
leaf_value=0.040074934759305909 0.014457343331965604 -0.060348761857471213 -0.04153279151453252 0.015703230265752214 0.0036589333581535672 -0.01771083034127684 -0.049637965654708939 0.041916295057124936 -0.03043946332252034 0.051932018202000191 0.014875583523814229 0.015235346838052275 -0.00011588663870088623 -0.0080135211468677428 -0.057007603986481262
leaf_weight=4.7040254473686227 3.1173151656985274 2.5916125290095788 3.0732906255871058 3.0333458930253983 3.7264159917831412 2.1316322013735762 4.8676281645894051 4.4160047248005867 16.040887705981735 3.5132503882050514 52.608643412590027 10.723465640097855 2050.6151900142431 2.9937811456620684 6.1196301057934752
leaf_count=23 22 22 32 20 25 14 38 33 112 24 350 88 11625 27 65
internal_value=-2.47548e-05 -0.016194 -0.027179 -0.013102 6.35932e-05 -0.0110417 0.00943667 -0.00608777 0.000194705 0.0270848 0.000103308 -0.0121393 0.0002591 -0.0365147 -0.0468557
internal_weight=2174.28 11.8156 8.69825 6.10664 2162.46 25.2327 13.9877 9.28363 2137.23 7.23967 2129.99 26.7644 2103.22 11.245 8.25126
internal_count=12520 96 74 52 12424 200 94 71 12224 49 12175 200 11975 106 79
is_linear=0
shrinkage=0.05


Tree=90
num_leaves=22
num_cat=0
split_feature=4 3 2 2 2 2 3 4 1 1 4 0 4 4 4 4 4 1 4 0 1
split_gain=1.21616 6.10263 4.14697 5.63133 4.51753 4.36641 4.11651 3.49249 2.83706 5.69908 2.26488 1.76167 6.73799 4.7224 1.63479 4.12301 3.42982 1.94735 1.45523 1.18515 0.717694
threshold=5.331407523785038 0.32781101408370666 -0.0048134609763627592 -0.0039100577140726558 -0.0036378402579030906 -0.0023447126247984613 0.35846040516129313 5.485767696669936 0.0013477350278497948 0.00024423848151977628 3.8584362017883396 30.667081905150209 6.1153059315573097 8.9063600714602895 4.0603938552649419 3.2731115097766188 4.7278835082393735 -0.0002345097613425384 5.9918495065275454 21.991639133362003 -0.001847626418137571
decision_type=2 2 2 2 2 2 2 2 2 2 2 2 2 2 2 2 2 2 2 2 2
left_child=2 18 14 6 -5 -6 -4 8 9 -3 -8 12 -9 -13 15 17 -16 -1 -2 -17 -18
right_child=1 7 3 4 5 -7 10 11 -10 -11 -12 13 -14 -15 16 19 20 -19 -20 -21 -22
leaf_value=-0.011636182666127199 0.011562348185641934 0.024619871432189161 -0.0062243567073002083 -0.046061223146385777 0.014039008697958372 -0.0030140247629783486 0.072642437170234456 0.037469333817517929 0.058722132584388367 -0.03977330318380512 0.027664848622839602 -0.0047819798544295761 0.0019346808558502562 0.0014857231149470989 -0.058377576329375624 -0.00035982763655521637 0.0032970073162418533 -0.053619363131242229 0.051058916846256276 0.037843171514341523 -0.023651044686057655
leaf_weight=7.1833463311195374 3.4419942125678045 17.259892702102668 6.9993850886821773 5.7547322809696189 41.235947899520397 418.48326550237834 3.9930517673492423 14.056655332446097 3.7877701446413985 4.2901847511529914 9.3594740331172925 455.01438289694488 261.77412728965282 885.16298132762313 6.4866504892706898 4.0871764570474607 4.4381751418113717 4.4875669032335299 7.2326532006263733 4.0335691198706627 5.5734602659940693
leaf_count=35 19 84 31 29 209 3030 19 64 30 27 45 2835 1169 4704 34 19 19 28 38 21 31
internal_value=-2.42619e-05 0.000640547 -0.00212778 -0.000909895 -0.00203551 -0.0014844 0.0248344 0.000395473 0.0188148 0.0118005 0.0411153 0.00010667 0.00374557 -0.000642275 -0.018432 -0.00874282 -0.0300553 -0.0277791 0.0383234 0.0186156 -0.0117049
internal_weight=2174.14 1652.02 522.116 485.826 465.474 459.719 20.3519 1641.35 25.3378 21.5501 13.3525 1616.01 275.831 1340.18 36.2899 19.7917 16.4983 11.6709 10.6746 8.12075 10.0116
internal_count=12520 8970 3550 3363 3268 3239 95 8913 141 111 64 8772 1233 7539 187 103 84 63 57 40 50
is_linear=0
shrinkage=0.05


Tree=91
num_leaves=25
num_cat=0
split_feature=1 4 4 3 2 2 0 2 4 2 1 1 2 3 3 1 2 4 4 2 1 3 3 4
split_gain=1.20186 2.43374 3.22635 5.92507 4.22567 8.5187 3.95255 3.53855 2.50885 4.14823 2.24104 2.15322 6.10524 3.30699 4.11141 2.72147 5.9981 6.36926 3.13117 3.84817 2.67919 2.42577 1.06992 0.645552
threshold=0.001605358212736552 3.9899203914780572 6.3745055380246365 0.5581171895812912 0.0035782058981623792 0.0041924349728705854 58.596645218155494 -0.0088853823615943611 2.8109166915756636 0.0018704972323065896 0.0024030021964477348 0.0012485660927477051 -0.0070919320457122894 0.43519534899471018 0.2941930722008223 0.00096359275346413764 -0.0049088419975768507 12.090302496310819 1.1195614743433542 -0.00081751606085450612 0.0015834776550252008 1.1160760248834667 0.2941930722008223 3.56719840331994
decision_type=2 2 2 2 2 2 2 2 2 2 2 2 2 2 2 2 2 2 2 2 2 2 2 2
left_child=11 8 4 10 6 -6 -3 -5 9 -2 -4 15 -13 14 -14 18 -17 -18 19 -1 -15 -20 -10 -24
right_child=1 2 3 7 5 -7 -8 -9 22 -11 -12 12 13 20 -16 16 17 -19 21 -21 -22 -23 23 -25
leaf_value=0.020270063920972727 -0.041537791063516537 0.014987199087958002 -0.012417759103848758 0.038088615066628667 0.10600784821940888 0.014021592983392908 -0.025158460933760337 -0.0026767710432405072 -0.010388832868091358 0.033991594750816111 -0.04949734715239093 -0.055950190568987347 0.01699113153109227 0.012024609560549068 -0.038403377447602555 0.04010075062439003 -0.018995647373203171 0.01397454832989066 0.0020398203066164075 -0.049315054054434135 0.050114063655247267 -0.0020999065706223141 -0.056693644453892224 -0.028380425813824259
leaf_weight=2.8516441807150841 3.1286000162363079 14.365404203534128 7.4275778457522419 5.4328716769814482 3.0349425747990635 14.745466683059929 10.696264311671255 263.99423824436963 3.1962687931954852 4.3392898291349411 9.0276959314942342 3.6001191884279242 6.313090577721594 71.221878200769424 7.1357837691903114 5.9764896333217612 66.357127297669649 18.797848895192146 1113.034288007766 6.551434535533188 4.936726748943328 518.82284533977509 4.6697651334106904 3.5389320589601994
leaf_count=17 29 134 60 30 25 144 95 1827 31 39 121 19 43 436 55 32 463 93 6052 70 35 2587 47 36
internal_value=-2.38664e-05 -0.00271857 -0.0017161 -0.00363367 0.0110797 0.0297228 -0.00214688 -0.00185476 -0.0201794 0.00234929 -0.0327604 0.00048921 0.00789223 0.0104572 -0.0124004 9.09065e-05 -0.00831923 -0.0117175 0.000557882 -0.0282122 0.0144936 0.00072366 -0.0349311 -0.0444873
internal_weight=2173.2 347.597 328.724 285.882 42.8421 17.7804 25.0617 269.427 18.8729 7.46789 16.4553 1825.6 93.2076 89.6075 13.4489 1732.39 91.1315 85.155 1641.26 9.40308 76.1586 1631.86 11.405 8.2087
internal_count=12520 2618 2436 2038 398 169 229 1857 182 68 181 9902 588 569 98 9314 588 556 8726 87 471 8639 114 83
is_linear=0
shrinkage=0.05


Tree=92
num_leaves=16
num_cat=0
split_feature=0 2 4 0 0 0 3 3 4 3 4 4 2 4 3
split_gain=1.18233 2.57383 4.9468 3.89215 1.82182 2.50716 6.65247 5.83437 1.53763 1.52995 4.82452 2.50798 1.41527 2.4262 1.02271
threshold=13.380260947158961 -0.012490682221885372 9.2012699785234577 11.715449813443387 15.848701996005071 17.816290485386272 0.89500081406163634 1.1899639544296601 6.940572685853688 1.5477499608068648 8.087233521781636 10.504706293849141 -0.0062189241806764875 15.360754874730498 1.0487261325821973
decision_type=2 2 2 2 2 2 2 2 2 2 2 2 2 2 2
left_child=1 14 8 -4 12 6 -6 -8 -3 11 -11 -7 13 -2 -1
right_child=4 2 3 -5 5 9 7 -9 -10 10 -12 -13 -14 -15 -16
leaf_value=0.0045557653113882856 0.01177064649219246 0.011164005321019389 0.070432596467073214 0.0097793996206164656 -0.01867146191698589 -0.0010050510578505894 0.075365932634810479 0.010504232032672303 -0.025204800575961417 -0.037296549883995632 -0.0024691498543474334 0.0029043197539426898 -0.031941186976775192 -0.028702864752413279 -0.025667102837487427
leaf_weight=5.6371828168630582 8.7048271447420138 7.5015213340520877 5.9757585525512678 4.7453578114509583 8.4569148048758525 1252.4178924001753 5.9025681465864173 8.4023784548044187 4.7443093806505203 10.414257325232027 220.1127913556993 610.0999203119427 7.5528175234794608 6.4436972439289084 5.5598623901605606
leaf_count=24 38 34 28 21 39 7879 25 36 20 80 1074 3137 35 27 23
internal_value=-2.43084e-05 0.0092038 0.0187862 0.0435864 -0.000171733 -2.0567e-05 0.0164842 0.0372677 -0.00292609 -0.000200056 -0.00404251 0.000275531 -0.0142607 -0.00544549 -0.0104513
internal_weight=2172.67 34.164 22.9669 10.7211 2138.51 2115.81 22.7619 14.3049 12.2458 2093.04 230.527 1862.52 22.7013 15.1485 11.197
internal_count=12520 150 103 49 12370 12270 100 61 54 12170 1154 11016 100 65 47
is_linear=0
shrinkage=0.05


Tree=93
num_leaves=18
num_cat=0
split_feature=0 1 4 2 2 4 4 1 3 3 1 1 4 2 3 0 0
split_gain=1.14839 1.59706 1.94434 1.30807 2.43254 3.12977 9.84582 2.42328 2.5063 2.18056 2.15572 2.10689 1.96978 1.92696 1.21021 1.18637 0.364485
threshold=89.925142041090382 0.00093496301982598517 4.0603938552649419 0.011903779073897837 0.0094836609506574483 7.9234745905730515 5.9105143531774429 0.0042172361484382756 0.53905675508283457 0.94867692216641364 0.0054008132131363471 0.0048085608234677011 34.140463587852771 0.014201122375755106 1.1241240899940503 77.87804683338868 91.720203884447855
decision_type=2 2 2 2 2 2 2 2 2 2 2 2 2 2 2 2 2
left_child=3 -2 -3 4 10 6 -6 8 -5 -7 11 -1 -12 -9 16 -10 -4
right_child=1 2 14 7 5 9 -8 13 15 -11 12 -13 -14 -15 -16 -17 -18
leaf_value=0.00016421619825010398 -0.054146533103876071 0.034472726866517693 -0.021849542765653332 0.028505790339115891 -0.056496400364517342 -0.046697144288382036 0.080990319216513118 0.066323639212959196 0.0052809826387362792 -0.010529212790498331 -0.021976584853902397 0.022768422596852095 0.016163659234368945 0.013296578815978472 0.0057165029892198033 -0.033255843637453174 -0.054586702148048893
leaf_weight=2086.4422455504537 2.2293399553745976 2.1429792493581754 1.5159790441393854 4.8583413586020496 2.4307926408946541 7.7008741125464466 2.804613720625639 3.0588918775320044 3.4782979860901815 9.082252234220503 18.844252657145265 10.359871339052914 4.1265601068735114 3.8944692462682724 2.4541804250329733 4.6900213994085789 1.9360703583806751
leaf_count=11823 36 20 23 38 25 65 24 20 19 56 146 73 23 26 36 35 32
internal_value=-2.32104e-05 -0.0166964 -0.00632403 5.60653e-05 -6.27273e-05 -0.0165961 0.0171554 0.0127902 6.82503e-05 -0.0271247 0.000109009 0.000275899 -0.0151249 0.036624 -0.0211265 -0.0168458 -0.0402101
internal_weight=2172.05 10.2785 8.04921 2161.77 2141.79 22.0185 5.23541 19.98 13.0267 16.7831 2119.77 2096.8 22.9708 6.95336 5.90623 8.16832 3.45205
internal_count=12520 147 111 12373 12235 170 49 138 92 121 12065 11896 169 46 91 54 55
is_linear=0
shrinkage=0.05


Tree=94
num_leaves=22
num_cat=0
split_feature=1 1 2 1 3 3 3 3 4 0 2 0 3 3 0 1 3 4 3 4 0
split_gain=1.14475 3.55337 6.20138 3.20065 2.8749 3.91751 6.03623 4.09257 2.46312 2.26762 3.71521 1.79608 1.60621 1.59153 2.474 4.40549 1.71625 5.98493 2.23983 1.58938 0.508729
threshold=0.0030285705223044306 0.0029134474473163645 0.0032326139138720848 0.0039507600645793959 1.8382845442195557 1.4415766877774638 1.515237996360151 1.3740974912943293 13.341009915219528 75.144911527264682 0.007098994904542578 69.584337816293058 0.66181841127548557 1.9478001911749538 52.709177551131482 -0.0021368413624516798 1.515237996360151 8.087233521781636 1.5015183197737709 12.402829416061968 78.814126707181458
decision_type=2 2 2 2 2 2 2 2 2 2 2 2 2 2 2 2 2 2 2 2 2
left_child=1 13 8 9 5 7 -7 -5 -3 10 11 -2 -11 16 15 -15 18 -18 -1 -4 -14
right_child=3 2 19 4 -6 6 -8 -9 -10 12 -12 -13 20 14 -16 -17 17 -19 -20 -21 -22
leaf_value=0.00033584312984078196 -0.016916429158671916 -0.041782016530685251 0.033897009680106747 -0.00024371894887817674 -0.038477148129990424 0.062717391767885503 0.0060955814174685798 -0.063587809325311051 0.026862298917759514 0.00077254849348802591 0.031138609955987141 0.01659582325408495 -0.061672284876581433 0.031499980258851215 0.03514107869013499 -0.018460060948902311 -0.040271209005925616 -0.0023410146532416385 0.02671865384078705 0.078997481320695118 -0.035566568895861288
leaf_weight=1770.0447395630181 37.904577620327473 3.3319291919469816 4.2988036721944809 49.878782197833061 4.1537254080176345 6.3419651240110424 18.257253363728523 2.6872843652963629 2.15012326836586 2.6553968526422969 5.2687348648905745 4.4695913940668097 2.7001002132892591 7.4856239259243038 8.1832728832960111 10.748348578810694 10.962561458349226 202.62091518193483 8.0814819522201997 3.580550029873848 6.0424610115587711
leaf_count=10111 305 33 34 440 31 32 101 20 12 32 37 34 20 31 39 52 88 959 40 17 52
internal_value=-2.28084e-05 0.000278926 0.0259788 -0.00438993 0.00204358 0.00422476 0.0206933 -0.003482 -0.0148589 -0.013251 -0.00845818 -0.0133816 -0.0332849 0.000108774 0.0123007 0.00205012 -5.29346e-05 -0.00428785 0.000455751 0.0543916 -0.0436292
internal_weight=2171.85 2031.49 13.3614 140.36 81.319 77.1653 24.5992 52.5661 5.48205 59.0409 47.6429 42.3742 11.398 2018.13 26.4172 18.234 1991.71 213.583 1778.13 7.87935 8.74256
internal_count=12520 11416 96 1104 624 593 133 460 45 480 376 339 104 11320 122 83 11198 1047 10151 51 72
is_linear=0
shrinkage=0.05


Tree=95
num_leaves=12
num_cat=0
split_feature=1 2 2 4 4 1 4 3 0 4 0
split_gain=1.14543 1.51045 1.53016 1.7533 1.16149 1.04715 2.92208 1.61646 1.28841 3.35021 1.93827
threshold=0.0070259766114574304 0.0035268567948439915 0.0077424482681658366 29.794673271572627 44.297816793587721 -0.0045387939578740979 38.442517660526541 1.7997152300789723 13.380260947158961 9.2012699785234577 15.848701996005071
decision_type=2 2 2 2 2 2 2 2 2 2 2
left_child=4 -2 -3 -4 5 6 7 -1 9 -7 -10
right_child=1 2 3 -5 -6 8 -8 -9 10 -11 -12
leaf_value=0.0089062812139591701 0.014071534186506819 -0.059809757293326743 -0.040550090854251403 0.013330702568929934 0.019420282575177663 -0.0048029825446233056 -0.028938959684810025 -0.015718845578212123 -0.016696112122625263 0.034863849498413473 -0.00023731369085906837
leaf_weight=88.692375004291534 3.1218358539044848 2.4629755727946741 2.9584135096520185 3.0835119485855103 7.7206407338380805 12.703127548098566 5.990525394678115 7.2056220322847357 18.048419907689095 9.1622929722070676 2010.243236515671
leaf_count=373 22 22 32 20 32 56 25 30 81 40 11787
internal_value=-2.25586e-05 -0.0156742 -0.0265927 -0.0130519 6.16992e-05 -7.75131e-06 0.00493967 0.00705599 -0.000253628 0.0118187 -0.00038377
internal_weight=2171.39 11.6267 8.5049 6.04193 2159.77 2152.05 101.889 95.898 2050.16 21.8654 2028.29
internal_count=12520 96 74 52 12424 12392 428 403 11964 96 11868
is_linear=0
shrinkage=0.05


Tree=96
num_leaves=19
num_cat=0
split_feature=1 4 2 2 2 2 0 2 2 1 2 0 3 2 4 3 3 3
split_gain=1.08468 1.68183 1.45512 1.99887 1.11288 6.0558 6.22677 4.64463 4.35473 5.21677 5.13018 4.02041 2.49091 5.16905 3.8595 2.30495 8.68784 2.68492
threshold=-0.0074434830450515457 38.442517660526541 -0.010824148842572877 -0.0069030819237533283 0.0020799821069802387 0.0026359737433840906 50.700409913008784 0.0015224605150668815 0.0010640498554523872 -0.0010585799760187695 -0.00016956000554230186 55.158607591087566 1.6283057739221312 0.0041924349728705854 10.113476692969339 0.57106968903744193 0.54242615543532147 1.8631794431779265
decision_type=2 2 2 2 2 2 2 2 2 2 2 2 2 2 2 2 2 2
left_child=1 2 -1 -4 7 6 -6 8 10 -10 -2 -8 14 -14 -7 16 -9 -17
right_child=4 -3 3 -5 5 12 11 15 9 -11 -12 -13 13 -15 -16 17 -18 -19
leaf_value=0.039062184832411528 0.00066270977325565768 -0.0098683740388505262 -0.014636561003217551 0.02896915098636248 0.05807778117814253 -0.0031063123022033096 -0.016239633970035614 -0.011266640254276367 -0.01458264293507619 0.015990307769241433 -0.0071490408311099167 0.013941960718132857 -0.043317461737865777 -0.0020456087308107517 0.0059911191612264068 -0.017889245011770239 0.069087635174596165 0.026964021461702861
leaf_weight=5.9809350967407271 1071.9793226532638 7.0073731392621985 5.0219800919294393 5.5132141858339274 7.1470183730125418 292.05386251397431 12.901745215058325 20.496259763836864 17.114939093589783 75.524158485233784 261.428257137537 76.210114419460297 10.127640839666126 30.236154235899448 194.0395639911294 70.50913205742836 4.0242894217371932 3.5021615773439398
leaf_count=27 5511 29 21 23 38 2088 71 135 78 510 1687 478 51 170 1101 458 27 17
internal_value=-2.15489e-05 0.0106568 0.0193651 0.00818292 -0.00013853 0.00164253 0.0131737 -0.000866006 -0.000140582 0.010342 -0.000868864 0.00957223 -0.000465852 -0.0124011 0.000525215 -0.011365 0.00192103 -0.0157668
internal_weight=2170.82 23.5235 16.5161 10.5352 2147.29 622.716 96.2589 1524.58 1426.05 92.6391 1333.41 89.1119 526.457 40.3638 486.093 98.5318 24.5205 74.0113
internal_count=12520 100 71 44 12420 3997 587 8423 7786 588 7198 549 3410 221 3189 637 162 475
is_linear=0
shrinkage=0.05


Tree=97
num_leaves=27
num_cat=0
split_feature=1 3 4 2 3 2 3 4 3 3 3 4 1 3 3 3 4 4 2 2 0 2 2 2 4 1
split_gain=1.07648 4.37587 3.42827 3.4351 3.53132 2.36601 4.16788 4.28864 4.07719 2.88663 2.47983 1.61573 4.69757 3.08298 3.92479 2.28347 5.69131 8.28027 3.12332 2.17548 3.49313 2.41753 1.83476 0.493352 0.00386848 0.000502614
threshold=0.0022910967319862423 0.5581171895812912 7.3862274628140066 0.0012337942081556144 0.32781101408370666 -0.0021672194083122149 0.60999148842221895 10.184751054328872 1.3897385541292995 0.6744110837187286 0.63568076824385911 21.502018168267487 0.0014196396814676329 0.93906415490234896 1.1160760248834667 1.515237996360151 14.270110483961846 9.2467748763942428 0.0025455683150316104 0.008899089622739333 74.772427759376924 0.0020799821069802387 0.0023523278448508438 -0.0025908945456065697 11.135943702462233 0.0031018551685584321
decision_type=2 2 2 2 2 2 2 2 2 2 2 2 2 2 2 2 2 2 2 2 2 2 2 2 2 2
left_child=11 2 3 23 -5 8 7 -7 9 -3 -8 15 13 -13 -15 19 17 -17 -18 21 -21 -1 -14 -2 25 -4
right_child=1 5 24 4 -6 6 10 -9 -10 -11 -12 12 22 14 -16 16 18 -19 -20 20 -22 -23 -24 -25 -26 -27
leaf_value=-0.00039923112043018205 -0.021250122720287062 -0.058541764458442905 -0.05476161465535332 -0.042411368032981317 0.013589136188769732 0.01045069149632977 -0.041858389818574843 0.088565234801975354 -0.06606638108586059 0.0011441644976594694 0.00046593663872723903 0.033932878610007093 0.053910959437454213 -0.030111982898697605 0.0035137367400592708 -0.02565481673879258 -0.011613928425396399 0.014477312216619893 -0.041699886082462001 -0.04752474763092749 -0.0041032839608256284 0.0040424932600080822 0.012818010433661138 -0.05463133130754038 -0.056946259652321279 -0.053685844282601383
leaf_weight=1233.016131862998 1.5091458112001417 2.3343353904783788 1.7827130332589138 3.7274147756397715 11.501549191772936 5.2021961845457545 3.5376487523317328 2.6532704755663872 3.4649858921766272 15.324320383369921 159.38978839851916 7.5052930563688269 6.4692380130290967 9.4053567051887494 112.1942912042141 17.186439767479897 65.22054610401392 50.973099045455456 9.9412723481655103 5.9197902753949192 21.287409568205476 407.61541087180376 4.682441383600235 4.1523212380707326 1.6270967312157152 2.7772614136338234
leaf_count=6779 22 26 23 42 127 52 40 19 19 110 1136 32 27 41 479 130 304 264 48 48 177 2435 20 56 18 46
internal_value=-2.13146e-05 -0.0033454 -0.0221618 -0.0124796 -0.00011745 -0.000690452 0.00126207 0.0368347 -0.0164764 -0.00674585 -0.000453053 0.000351707 0.00552178 0.00283245 0.000912891 -4.86643e-05 -0.00610501 0.00435799 -0.0155932 0.000471772 -0.013551 0.000704317 0.0366566 -0.0457331 -0.0548532 -0.0541064
internal_weight=2170.4 218.984 27.0775 20.8904 15.229 191.907 170.783 7.85547 21.1236 17.6587 162.927 1951.42 140.257 129.105 121.6 1811.16 143.321 68.1595 75.1618 1667.84 27.2072 1640.63 11.1517 5.66147 6.18707 4.55997
internal_count=12520 1736 334 247 169 1402 1247 71 155 136 1176 10784 599 552 520 10185 746 394 352 9439 225 9214 47 78 87 69
is_linear=0
shrinkage=0.05


Tree=98
num_leaves=13
num_cat=0
split_feature=1 2 0 4 4 3 0 2 0 4 1 0
split_gain=1.05986 1.4231 1.48571 1.84604 1.05679 1.04518 4.73857 8.63255 6.31588 4.04641 6.86308 2.22515
threshold=0.0070259766114574304 0.0035268567948439915 73.008272223606625 29.794673271572627 44.297816793587721 0.37035266021446905 84.381562393707782 0.0046306175282784254 89.925142041090382 3.1589050130007212 -0.0019970126329926226 81.48160048938658
decision_type=2 2 2 2 2 2 2 2 2 2 2 2
left_child=4 -2 -3 -4 5 6 7 -1 -8 10 -7 -11
right_child=1 2 3 -5 -6 9 8 -9 -10 11 -12 -13
leaf_value=0.0062873659946671243 0.01356864472511958 -0.04992350847276731 -0.036870781202439432 0.025817032342017505 0.018524417959752546 0.072102068397980584 0.098450166371071901 -0.025949199730467293 -0.012960946847589243 0.00042481512488135015 -0.013323773512636628 -0.010135035692056952
leaf_weight=163.84267627075315 3.1337848156690589 3.6428632736206037 2.4988918695598841 2.2156987711787224 7.7208048701286307 2.4188705980777732 2.9633007720112792 23.781750302761793 2.2289195880293846 1820.2154206670821 83.979994159191847 51.292269678786397
leaf_count=970 22 28 29 17 32 10 18 177 29 10035 722 431
internal_value=-2.14301e-05 -0.015166 -0.0259407 -0.00740962 5.91976e-05 -7.09006e-06 0.00350525 0.00220132 0.0506235 -0.000352989 -0.0109321 0.000135402
internal_weight=2169.94 11.4912 8.35745 4.71459 2158.44 2150.72 192.817 187.624 5.19222 1957.91 86.3989 1871.51
internal_count=12520 96 74 46 12424 12392 1194 1147 47 11198 732 10466
is_linear=0
shrinkage=0.05


Tree=99
num_leaves=27
num_cat=0
split_feature=1 1 1 3 3 4 0 1 1 4 0 0 0 1 4 1 1 4 0 1 0 3 4 3 4 4
split_gain=1.00989 3.6128 3.58522 4.3464 7.91657 4.23976 6.78173 3.81097 3.6769 6.2421 3.2811 3.25588 2.61579 2.36205 2.54776 2.20406 2.07228 8.80712 4.36008 2.48171 2.87154 2.39814 1.6549 1.58199 1.48978 1.7884
threshold=0.00071618202039802636 0.00073302157755461572 0.00065368459489900676 0.80821001121586333 0.61878168091067554 6.3745055380246365 57.179399316981019 0.00069459446454855922 0.00051362540419008795 10.113476692969339 48.066200953999171 74.772427759376924 60.277448880976472 0.00047941054239697417 4.250241370043109 0.00046442790046774546 0.00077348631347973218 8.7562705823852252 56.813416805459589 0.00083145460942013482 51.428775544337647 0.22094213942064744 13.094106079951402 1.2291502216281029 3.636408603341152 6.940572685853688
decision_type=2 2 2 2 2 2 2 2 2 2 2 2 2 2 2 2 2 2 2 2 2 2 2 2 2 2
left_child=2 24 8 4 10 6 -5 -7 13 11 -4 -10 -6 15 -15 -1 17 18 -3 20 -18 -21 -11 -19 -2 -26
right_child=1 16 3 5 12 7 -8 -9 9 22 -12 -13 -14 14 -16 -17 19 23 -20 21 -22 -23 -24 -25 25 -27
leaf_value=0.00053204344310895204 -0.057746457788119647 -0.059722209399481696 -0.014004813058839992 0.11206507195460431 -0.05344855637245427 0.037565687071826268 0.008323237401632844 -0.0077429367036113226 -0.045160200804139516 0.037516636793778424 0.033665478382524788 0.013988185508795227 -0.0032276153545143533 -0.020694716568895023 0.023587138949945949 -0.015392882027993597 0.0012583980902193502 0.074174751982270318 0.019718863971050226 0.01906003166853304 -0.061367405673787373 -0.0017541531828038507 -0.0044573661648412135 0.029274271184816375 0.0051689979422927636 -0.036841900687104377
leaf_weight=1417.3199293576181 3.1087975427508345 3.8066473230719549 4.9948929995298448 3.3962227627635029 6.5663796067237836 10.031846113502981 2.9382245242595673 8.636520601809023 14.714639343321329 4.2993242368102056 13.015452262014149 2.7635674141347399 4.2846891507506371 3.8922108598053482 19.632166273891926 22.065730776637793 3.6048816218972197 4.2505723088979721 3.1618424654006958 14.179546900093554 3.7185237407684326 575.75807003676891 5.1747066974639893 3.6431307345628738 4.5463734045624715 5.7210898399353027
leaf_count=7256 28 29 32 20 47 55 23 50 123 23 86 25 30 32 115 147 20 24 25 104 29 4082 25 20 32 38
internal_value=-2.09519e-05 -0.00171578 0.000665773 0.0133384 0.000118707 0.0285982 0.0639446 0.0166046 0.00020761 -0.0180923 0.0204449 -0.035808 -0.0336181 0.000544763 0.0162605 0.000287915 -0.00115405 0.0172883 -0.0236771 -0.00161297 -0.0305404 -0.00125387 0.0145905 0.0534521 -0.0274215 -0.0182397
internal_weight=2169.23 625.499 1543.73 53.8642 28.8614 25.0028 6.33445 18.6684 1489.86 26.9522 18.0103 17.4782 10.8511 1462.91 23.5244 1439.39 612.123 14.8622 6.96849 597.261 7.32341 589.938 9.47403 7.8937 13.3763 10.2675
internal_count=12520 4431 8089 343 195 148 43 105 7746 196 118 148 77 7550 147 7403 4333 98 54 4235 49 4186 48 44 98 70
is_linear=0
shrinkage=0.05


end of trees

feature_importances:
Column_4=557
Column_1=535
Column_3=516
Column_2=418
Column_0=331

parameters:
[boosting: gbdt]
[objective: binary]
[metric: binary_logloss]
[tree_learner: serial]
[device_type: cpu]
[data_sample_strategy: bagging]
[data: ]
[valid: ]
[num_iterations: 100]
[learning_rate: 0.05]
[num_leaves: 31]
[num_threads: 8]
[seed: 42]
[deterministic: 0]
[force_col_wise: 0]
[force_row_wise: 0]
[histogram_pool_size: -1]
[max_depth: 5]
[min_data_in_leaf: 20]
[min_sum_hessian_in_leaf: 0.001]
[bagging_fraction: 1]
[pos_bagging_fraction: 1]
[neg_bagging_fraction: 1]
[bagging_freq: 0]
[bagging_seed: 400]
[bagging_by_query: 0]
[feature_fraction: 1]
[feature_fraction_bynode: 1]
[feature_fraction_seed: 30056]
[extra_trees: 0]
[extra_seed: 12879]
[early_stopping_round: 0]
[early_stopping_min_delta: 0]
[first_metric_only: 0]
[max_delta_step: 0]
[lambda_l1: 0]
[lambda_l2: 0]
[linear_lambda: 0]
[min_gain_to_split: 0]
[drop_rate: 0.1]
[max_drop: 50]
[skip_drop: 0.5]
[xgboost_dart_mode: 0]
[uniform_drop: 0]
[drop_seed: 17869]
[top_rate: 0.2]
[other_rate: 0.1]
[min_data_per_group: 100]
[max_cat_threshold: 32]
[cat_l2: 10]
[cat_smooth: 10]
[max_cat_to_onehot: 4]
[top_k: 20]
[monotone_constraints: ]
[monotone_constraints_method: basic]
[monotone_penalty: 0]
[feature_contri: ]
[forcedsplits_filename: ]
[refit_decay_rate: 0.9]
[cegb_tradeoff: 1]
[cegb_penalty_split: 0]
[cegb_penalty_feature_lazy: ]
[cegb_penalty_feature_coupled: ]
[path_smooth: 0]
[interaction_constraints: ]
[verbosity: -1]
[saved_feature_importance_type: 0]
[use_quantized_grad: 0]
[num_grad_quant_bins: 4]
[quant_train_renew_leaf: 0]
[stochastic_rounding: 1]
[linear_tree: 0]
[max_bin: 255]
[max_bin_by_feature: ]
[min_data_in_bin: 3]
[bin_construct_sample_cnt: 200000]
[data_random_seed: 175]
[is_enable_sparse: 1]
[enable_bundle: 1]
[use_missing: 1]
[zero_as_missing: 0]
[feature_pre_filter: 1]
[pre_partition: 0]
[two_round: 0]
[header: 0]
[label_column: ]
[weight_column: ]
[group_column: ]
[ignore_column: ]
[categorical_feature: ]
[forcedbins_filename: ]
[precise_float_parser: 0]
[parser_config_file: ]
[objective_seed: 16083]
[num_class: 1]
[is_unbalance: 0]
[scale_pos_weight: 1]
[sigmoid: 1]
[boost_from_average: 1]
[reg_sqrt: 0]
[alpha: 0.9]
[fair_c: 1]
[poisson_max_delta_step: 0.7]
[tweedie_variance_power: 1.5]
[lambdarank_truncation_level: 30]
[lambdarank_norm: 1]
[label_gain: ]
[lambdarank_position_bias_regularization: 0]
[eval_at: ]
[multi_error_top_k: 1]
[auc_mu_weights: ]
[num_machines: 1]
[local_listen_port: 12400]
[time_out: 120]
[machine_list_filename: ]
[machines: ]
[gpu_platform_id: -1]
[gpu_device_id: -1]
[gpu_use_dp: 0]
[num_gpu: 1]

end of parameters

pandas_categorical:null
