tree
version=v4
num_class=1
num_tree_per_iteration=1
label_index=0
max_feature_idx=4
objective=binary sigmoid:1
feature_names=Column_0 Column_1 Column_2 Column_3 Column_4
feature_infos=[2.6312361594790019:99.950727066953803] [-0.020261077500531965:2.712644343276096] [-0.033753156597759348:2.7132596523911259] [0.00076571044041948816:2.2101687001222299] [0.023457242567258854:6557.9757081408843]
tree_sizes=3327 3418 3425 3325 3414 3444 3121 3319 3107 3216 3225 3335 3128 3440 3346 3011 3223 3436 3136 3227 3332 3431 3149 3099 3332 3135 3031 3420 3338 3135 2806 3150 3457 2374 3471 2285 2911 3224 2803 2291 3353 3127 2288 2280 3229 3241 3137 2699 3120 3005 3049 3124 2695 2387 2919 2078 1743 3027 2391 2723 2704 2571 2915 2704 2590 2589 3022 1766 1841 2894 1772 2597 1940 2177 1750 1959 1773 2504 2184 1541 1760 2625 2085 1953 1640 1643 1634 1762 2164 2594 1860 1844 2063 2586 1858 1854 2568 2701 1735 1838

Tree=0
num_leaves=31
num_cat=0
split_feature=1 4 1 1 4 2 1 1 1 4 4 4 3 0 0 1 0 2 2 3 0 0 3 0 4 2 4 3 3 0
split_gain=589.997 130.338 58.9326 40.9143 46.0047 27.7042 22.663 22.216 21.3732 19.4605 16.7886 15.5391 14.532 13.455 13.2935 12.9603 11.4785 11.1483 9.17962 21.0154 8.70852 8.45092 8.2785 8.27195 8.23284 7.84334 6.33943 5.72066 5.23014 1.95041
threshold=0.001432187533294438 6.5551384688845502 0.0032706250874436908 0.00070083031884626845 15.714216406774407 0.0022981340792059828 0.0054008132131363471 -0.0048289965671685633 -0.00098109595869572109 2.6539935412126856 8.8080031426722716 12.694367538797279 0.92041111351002625 68.483455987377539 85.286157414252969 0.0022212786903836883 89.925142041090382 0.0099339351444600616 -0.0027920095083446834 0.74922516215035329 53.304641842951604 81.48160048938658 0.93906415490234896 35.259990319801155 5.0088606346008167 -0.0024077104291896907 13.094106079951402 0.89141385422568231 0.20508713502675111 74.772427759376924
decision_type=2 2 2 2 2 2 2 2 2 2 2 2 2 2 2 2 2 2 2 2 2 2 2 2 2 2 2 2 2 2
left_child=1 5 10 4 8 9 13 -6 -3 28 15 29 -11 23 -13 20 -15 26 19 -12 -2 24 -17 -4 -7 -20 -5 -23 -1 -8
right_child=2 3 6 17 7 21 11 -9 -10 12 18 14 -14 16 -16 22 -18 -19 25 -21 -22 27 -24 -25 -26 -27 -28 -29 -30 -31
leaf_value=-1.1161281632415778 -1.0492841314655885 -1.1070152653429293 -1.0857038382029749 -1.0722072474027855 -1.1009848340368433 -1.100520856605584 -0.92316960978819296 -1.0627364555757943 -1.0892079909119234 -1.1096957398745073 -1.0770667536012233 -0.99129028759931059 -1.1317913216379218 -1.0524681601632841 -1.0888570595655191 -1.0513178188933303 -0.96766368197903496 -0.98336747216403808 -1.1140828304658734 -0.98262275634083174 -1.0807529859701952 -1.1276849618337113 -0.99976178361958745 -1.0099355671933774 -1.0755355850451074 -1.0427961832344292 -1.0493909341246426 -1.0636312886651651 -1.1402360194140346 -0.96651207069880141
leaf_weight=27.938171148300171 30.203428268432617 328.46228241920471 3.7754285335540763 118.54845595359802 49.080570936203003 95.329570472240448 8.305942773818968 167.62902688980103 346.01802510023117 351.68116790056229 8.6834856271743792 29.259571135044098 94.385713338851929 49.269342362880707 3.9641999602317801 63.6159707903862 4.3417428135871878 4.152971386909484 3.9641999602317801 18.310828387737274 80.794170618057251 28.88202828168869 8.8722570538520795 78.528913497924805 50.40197092294693 144.78768426179886 40.963399589061737 3.9641999602317801 115.52811312675476 3.7754285335540763
leaf_count=148 160 1740 20 628 260 505 44 888 1833 1863 46 155 500 261 21 337 23 22 21 97 428 153 47 416 267 767 217 21 612 20
internal_value=-1.08503 -1.09863 -1.03915 -1.08722 -1.09144 -1.1143 -1.0159 -1.0714 -1.09788 -1.11952 -1.05087 -0.985274 -1.11437 -1.02611 -1.00293 -1.06145 -1.0456 -1.06424 -1.03983 -1.013 -1.07219 -1.09704 -1.04501 -1.01341 -1.09188 -1.0447 -1.06635 -1.11995 -1.13554 -0.936714
internal_weight=2363.42 1822.97 540.453 1054.85 891.19 768.111 181.221 216.71 674.48 589.533 359.232 45.3051 446.067 135.915 33.2238 183.486 53.6111 163.665 175.746 26.9943 110.998 178.578 72.4882 82.3043 145.732 148.752 159.512 32.8462 143.466 12.0814
internal_count=12520 9657 2863 5588 4721 4069 960 1148 3573 3123 1903 240 2363 720 176 972 284 867 931 143 588 946 384 436 772 788 845 174 760 64
is_linear=0
shrinkage=1


Tree=1
num_leaves=31
num_cat=0
split_feature=1 4 1 1 4 2 1 1 4 1 4 3 4 0 1 0 0 2 0 0 2 3 4 3 2 0 3 4 3 4
split_gain=523.723 120.403 49.3537 36.6929 41.6303 25.9976 19.8877 19.6817 18.6707 18.2754 14.3851 13.8914 11.9564 11.3003 11.2525 11.0259 11.022 9.37649 7.8461 7.65096 7.65022 17.7617 7.4792 6.90104 6.89588 6.46079 6.19972 5.52965 5.3145 1.81437
threshold=0.001432187533294438 6.5551384688845502 0.0032706250874436908 0.00070083031884626845 15.714216406774407 0.0022981340792059828 -0.0057847241877571056 -0.00098109595869572109 2.8109166915756636 0.0054008132131363471 8.8080031426722716 1.0433220893010153 12.694367538797279 73.008272223606625 0.0022212786903836883 85.286157414252969 89.925142041090382 0.0099339351444600616 81.48160048938658 53.304641842951604 -0.0027920095083446834 0.69566758251058058 5.0088606346008167 0.93906415490234896 -0.0024077104291896907 35.259990319801155 0.39068206000060912 13.094106079951402 0.89141385422568231 9.7918111830568737
decision_type=2 2 2 2 2 2 2 2 2 2 2 2 2 2 2 2 2 2 2 2 2 2 2 2 2 2 2 2 2 2
left_child=1 5 10 4 7 8 -6 -3 26 13 14 -10 29 25 19 -14 -15 27 22 -2 21 -12 -7 -16 -22 -4 -1 -5 -20 -11
right_child=2 3 9 17 6 18 -8 -9 11 12 20 -13 15 16 23 -17 -18 -19 28 -21 24 -23 -24 -25 -26 -27 -28 -29 -30 -31
leaf_value=-0.037854542034950582 0.033352853647445634 -0.02112552272633475 -0.00064335761135648312 0.012099965396011512 -0.021889398533055143 -0.014836270362847823 0.019414036501639486 -0.0039805411843592776 -0.024295397844957468 0.14624807008011151 -0.0028542117626269969 -0.050268975782608999 0.085053453857325823 0.023101510826112157 0.031486798194063359 -0.0036457911356392566 0.10532354888145057 0.09189958307374417 -0.041427031441893677 0.0040513827266829786 -0.028018031169032551 0.089092428239139265 0.0089734958186440429 0.077677433717618177 0.039281161915306562 0.066061811420540115 -0.057920292527105455 0.033254945412973351 0.020107855754027539 0.10789672999396836
leaf_weight=74.195974752306938 30.734982490539551 324.8778373003006 3.7741634249687186 119.29924261569977 34.646339491009712 94.597116187214851 183.51827524602413 345.301638007164 365.29936741292477 7.8780034482479078 7.0120277851820019 59.922612085938454 30.597298517823219 36.441832631826401 64.672173082828522 3.9566819518804541 4.5892076045274726 4.3585993051528922 28.269046694040298 80.964958965778351 3.9069848656654349 20.929607763886452 50.638407781720161 9.2417781352996808 147.79540149867535 95.032051250338554 80.001464053988457 41.682176157832146 4.0060501545667639 5.0677479803562164
leaf_count=402 160 1740 20 628 185 505 963 1833 1961 39 37 325 155 190 337 21 23 22 153 428 21 106 267 47 767 487 435 217 21 25
internal_value=-1.54858e-05 -0.013019 0.0425914 -0.00209081 -0.00611616 -0.0282316 0.0128547 -0.0122918 -0.0333605 0.0634562 0.03189 -0.0279556 0.0902514 0.0543544 0.0221283 0.0748967 0.0322978 0.0195368 -0.0114901 0.0121139 0.0419762 0.0660182 -0.00653466 0.0372622 0.0375479 0.0635138 -0.0482652 0.0175775 -0.0337892 0.131235
internal_weight=2363.21 1810.61 552.595 1053.68 888.344 756.93 218.165 670.179 579.419 187.337 365.258 425.222 47.4997 139.837 185.614 34.554 41.031 165.34 177.511 111.7 179.644 27.9416 145.236 73.914 151.702 98.8062 154.197 160.981 32.2751 12.9458
internal_count=12520 9657 2863 5588 4721 4069 1148 3573 3123 960 1903 2286 240 720 972 176 213 867 946 588 931 143 772 384 788 507 837 845 174 64
is_linear=0
shrinkage=0.05


Tree=2
num_leaves=31
num_cat=0
split_feature=1 4 1 1 4 4 2 2 4 1 1 4 1 1 0 4 0 4 2 1 4 0 3 0 0 4 3 3 4 2
split_gain=466.025 111.194 41.8137 33.1096 32.131 26.5056 27.4153 24.3883 17.9755 15.0866 13.8028 12.4005 12.1915 9.80875 9.7097 9.57101 9.26748 9.11993 8.65499 8.50697 7.56739 7.46656 6.89135 6.73809 5.92887 5.87089 5.82393 5.07304 3.72265 1.57657
threshold=0.001432187533294438 6.5551384688845502 0.0032706250874436908 -0.00098109595869572109 15.199789123855343 20.769502179652431 0.0091449527824464267 0.0022981340792059828 2.6539935412126856 0.0054008132131363471 0.00091482099943707162 8.8080031426722716 -0.0057847241877571056 0.0022212786903836883 68.483455987377539 12.694367538797279 85.286157414252969 21.20511760868126 -0.0017446750168425005 -0.0043079047838091569 1.4589709447079282 81.48160048938658 1.5862530478014023 53.304641842951604 35.259990319801155 9.0016011246974674 0.93906415490234896 0.26775504310546389 13.341009915219528 0.0039671341756578613
decision_type=2 2 2 2 2 2 2 2 2 2 2 2 2 2 2 2 2 2 2 2 2 2 2 2 2 2 2 2 2 2
left_child=1 7 11 4 19 6 -5 8 27 14 -10 13 -6 23 24 -11 -17 -16 -7 -3 29 -22 25 -2 -4 -13 -15 -1 -24 -9
right_child=2 3 9 5 12 18 -8 20 10 15 -12 22 -14 26 17 16 -18 -19 -20 -21 21 -23 28 -25 -26 -27 -28 -29 -30 -31
leaf_value=-0.0336996644142986 0.031174238863969212 -0.046376082596345687 -0.00061139228198010473 0.0015052194279257629 -0.020314736719969376 0.075939021331790355 0.071597956102691998 -0.066254013858355804 -0.030408664405919501 0.11797105323918455 -0.0018581937893306787 0.086269053196623049 0.012948978659047223 0.029455771023195278 0.043883940671768727 0.077742780577147633 -0.0034699502414131315 -0.007434997336870898 0.025853214960167372 -0.018488462266709384 -0.0033823623797802011 -0.030911609821435287 -0.030121112518624305 0.0038409386397599021 0.06346056332675358 0.040777931169839285 0.071211085426725759 -0.054550037100990129 0.022962587324501772 -0.025759571112570906
leaf_weight=42.275591835379601 31.225607395172119 30.294406592845917 3.772961199283599 525.30930611491203 34.819648772478104 15.65912142395973 14.330968424677847 6.8487711846828443 385.58342945575714 13.660669907927511 47.554129928350449 7.4418988525867453 131.86103864014149 65.64872632920742 44.973314449191093 31.768590360879898 3.9495187997817984 10.72090210020542 19.202459380030632 280.9621489495039 135.82999612390995 30.085979953408241 3.9258471131324795 81.126671850681305 83.887290000915527 151.00188735127449 9.567984387278555 94.126456364989281 20.807391196489334 3.703276053071022
leaf_count=233 160 164 20 2773 188 81 74 37 2104 64 259 38 688 337 229 155 21 55 99 1521 724 165 20 428 416 767 47 527 106 20
internal_value=-2.80937e-05 -0.0124598 0.03965 -0.00199254 -0.0117157 0.00609634 0.00336664 -0.0272267 -0.0322589 0.0585408 -0.0272741 0.0298296 0.00600018 0.020793 0.0503307 0.0823762 0.0687627 0.0340053 0.0483508 -0.0212027 -0.0109855 -0.00837431 0.0390829 0.0114376 0.0607029 0.0429146 0.0347673 -0.0480878 0.0145367 -0.0520424
internal_weight=2361.93 1798.45 563.479 1052.44 477.937 574.502 539.64 746.008 569.54 192.733 433.138 370.746 166.681 187.569 143.354 49.3788 35.7181 55.6942 34.8616 311.257 176.468 165.916 183.177 112.352 87.6603 158.444 75.2167 136.402 24.7332 10.552
internal_count=12520 9657 2863 5588 2561 3027 2847 4069 3123 960 2363 1903 876 972 720 240 176 284 180 1685 946 889 931 588 436 805 384 760 126 57
is_linear=0
shrinkage=0.05


Tree=3
num_leaves=30
num_cat=0
split_feature=1 4 1 1 4 2 4 1 1 3 1 4 1 0 0 4 4 0 2 0 0 2 3 2 0 2 3 2 2
split_gain=415.5 102.641 35.7785 31.4889 34.8823 22.8735 17.2498 16.8508 16.0624 13.5932 12.6991 10.7336 8.86906 8.3179 8.95209 8.09286 7.09931 7.01303 6.98799 6.89771 6.55939 6.28975 14.8841 5.99313 5.71965 5.06809 4.98644 4.72744 1.53742
threshold=0.001432187533294438 6.5551384688845502 0.0032706250874436908 0.00070083031884626845 15.714216406774407 0.0022981340792059828 2.6539935412126856 -0.003790145269659428 -0.001005804262051879 1.0433220893010153 0.0054008132131363471 8.8080031426722716 0.0019715554152660579 73.008272223606625 89.925142041090382 9.7918111830568737 1.4589709447079282 85.286157414252969 0.0099339351444600616 81.48160048938658 52.41060461838142 -0.0027920095083446834 0.67025053981645588 -0.0024077104291896907 60.277448880976472 -0.0053982480490593057 0.20508713502675111 -0.0060665396262923324 0.0039671341756578613
decision_type=2 2 2 2 2 2 2 2 2 2 2 2 2 2 2 2 2 2 2 2 2 2 2 2 2 2 2 2 2
left_child=1 5 11 4 8 6 26 -6 -3 -8 13 12 24 27 -15 -12 28 -17 25 -18 -14 22 -13 -23 -2 -5 -1 -4 -7
right_child=2 3 10 18 7 16 9 -9 -10 -11 15 21 20 14 -16 17 19 -19 -20 -21 -22 23 -24 -25 -26 -27 -28 -29 -30
leaf_value=-0.027513931670772148 0.021305215554315349 -0.019635023043754713 0.010109932209883044 0.052439128146690217 -0.0091942441311345137 -0.065212157285223074 -0.022736643904233057 0.020762407610382162 -0.0040469822316689698 -0.048672961523698571 0.11958792303617766 -0.011154283888736981 0.056064687278525843 0.019736550819666368 0.091704718527079898 0.07379005684083953 -0.0032188261974336997 0.0083831660783793595 0.078363177672744588 -0.029859372994354816 0.023554822376594196 -0.028463117174074206 0.076176948578176404 0.034057799589186671 -0.0039551253693745087 0.014104392659950777 -0.051753139425124155 0.056901455306258168 -0.024806264819580207
leaf_weight=26.502403497695923 43.069025799632072 312.60422785580158 5.7109134793281546 9.1345492452383024 67.760414570569992 6.6161770522594434 368.47442470490932 152.80250409245491 350.61310182511806 58.544056966900826 8.7161934077739698 6.1852656900882748 19.228777170181274 37.414205327630043 4.8851881027221671 37.668829351663589 135.60047706961632 4.5985625982284537 4.6587335169315329 29.601423025131226 80.352172344923019 3.9313788264989844 23.10057757794857 153.22828385233879 46.716901928186417 153.60594160854816 106.39944730699062 98.512979701161385 3.6545768529176712
leaf_count=148 221 1710 29 47 361 37 2032 787 1863 331 39 32 97 190 23 177 724 24 22 165 408 21 111 767 246 798 612 478 20
internal_value=-3.86116e-05 -0.0119236 0.0369972 -0.00189956 -0.00566586 -0.026252 -0.0311885 0.0115593 -0.0113943 -0.0262925 0.0542269 0.0279422 0.0195576 0.0467481 0.0280482 0.0757202 -0.0105 0.066674 0.0179845 -0.00799237 0.0298324 0.0364581 0.0577323 0.0324938 0.0081619 0.0162561 -0.0469195 0.0543375 -0.0508348
internal_weight=2359.89 1786.57 573.319 1051.18 883.78 735.393 559.92 220.563 663.217 427.018 197.507 375.812 189.367 146.523 42.2994 50.9836 175.473 42.2674 167.399 165.202 99.5809 186.446 29.2858 157.16 89.7859 162.74 132.902 104.224 10.2708
internal_count=12520 9657 2863 5588 4721 4069 3123 1148 3573 2363 960 1903 972 720 213 240 946 201 867 889 505 931 143 788 467 845 760 507 57
is_linear=0
shrinkage=0.05


Tree=4
num_leaves=31
num_cat=0
split_feature=1 4 1 1 4 2 4 1 1 3 1 4 1 1 0 4 4 0 4 0 0 3 2 3 0 0 2 2 2 0
split_gain=371.087 94.7206 30.8686 28.2798 31.5727 21.4443 16.594 15.2317 14.8831 12.8733 10.8483 9.34485 8.14034 8.3177 7.29578 7.71295 7.00077 6.86285 6.66321 6.49745 6.3697 6.12985 6.03957 5.94482 4.61963 4.60308 4.39551 2.42801 1.5027 1.36533
threshold=0.001432187533294438 6.5551384688845502 0.0032706250874436908 0.00070083031884626845 15.714216406774407 0.0022981340792059828 2.8109166915756636 -0.0048289965671685633 -0.0027489637599886758 0.92041111351002625 0.0054008132131363471 8.8080031426722716 0.002671591321838918 0.0028371338087190838 68.483455987377539 21.20511760868126 12.694367538797279 51.770524160727796 1.4589709447079282 84.381562393707782 81.48160048938658 0.39068206000060912 0.0099339351444600616 1.7795124883851261 84.381562393707782 35.259990319801155 -0.0053982480490593057 0.0051565303087531831 0.0039671341756578613 74.772427759376924
decision_type=2 2 2 2 2 2 2 2 2 2 2 2 2 2 2 2 2 2 2 2 2 2 2 2 2 2 2 2 2 2
left_child=1 5 11 4 8 6 21 -6 -3 -8 14 12 17 -14 25 -16 29 -2 28 -18 -20 -1 26 24 -13 -4 -5 -25 -7 -12
right_child=2 3 10 22 7 18 9 -9 -10 -11 16 23 13 -15 15 -17 19 -19 20 -21 -22 -23 -24 27 -26 -27 -28 -29 -30 -31
leaf_value=-0.034165666349320403 0.032109581422934776 -0.028952977302813539 -0.0015485450649853052 0.048596187595841459 -0.014026959247991761 -0.064251914391253842 -0.020424645312668625 0.017802819835811577 -0.0077665834654039034 -0.042245291500562318 0.10950163999131012 0.037730239170172299 0.082121468538238207 0.025876619007951591 0.03839174139505612 -0.0084533992085838016 0.066537577750576088 0.0076952241354809117 -0.0030629531105774207 0.0044239546060430056 -0.028836232508006883 -0.054873554420298482 0.072236301754945303 0.016047086932405929 -0.010666750528904286 0.05459893520412043 0.013307024065310617 -0.031982692292361913 -0.023881851337377344 0.076541278387834977
leaf_weight=69.589547351002693 37.966432064771652 97.232668295502663 3.8080158829689017 9.3580073565244657 47.957530319690704 6.3851580619811994 321.93786743283272 173.7879516929388 562.09139387309551 85.554342046380043 10.127827763557432 172.66221721470356 8.8957962989807111 25.176306277513504 46.592895358800888 10.829036250710486 32.846568316221237 119.0157272964716 135.38186620175838 4.8292780965566626 29.131289631128311 73.463312983512878 4.7973818033933631 7.6210977584123594 5.0756651461124411 88.13355840742588 154.64215701818466 4.0188528597354889 3.6074579656124115 4.5549569576978675
leaf_count=402 189 539 20 47 260 37 1794 888 3034 492 44 848 44 125 229 55 151 614 724 25 165 435 22 38 25 416 798 20 20 20
internal_value=-4.70564e-05 -0.011409 0.034594 -0.00181009 -0.00540194 -0.025308 -0.0301492 0.0109189 -0.010891 -0.025006 0.0504054 0.0262101 0.0184081 0.0405614 0.0435404 0.0295574 0.0699894 0.0135999 -0.0100347 0.0585759 -0.00762678 -0.0448 0.0169383 0.0340811 0.0363482 0.0522734 0.0153207 -0.000535854 -0.0496778 0.0992765
internal_weight=2357.07 1774.92 582.154 1049.87 881.07 725.051 550.545 221.745 659.324 407.492 201.722 380.432 191.054 34.0721 149.364 57.4219 52.3586 156.982 174.506 37.6758 164.513 143.053 168.798 189.378 177.738 91.9416 164 11.64 9.99262 14.6828
internal_count=12520 9657 2863 5588 4721 4069 3123 1148 3573 2286 960 1903 972 169 720 284 240 803 946 176 889 837 867 931 873 436 845 58 57 64
is_linear=0
shrinkage=0.05


Tree=5
num_leaves=31
num_cat=0
split_feature=1 4 1 1 4 4 2 2 4 1 0 1 4 0 2 0 2 4 3 2 0 4 1 1 3 0 0 2 3 2
split_gain=331.879 87.3784 26.8344 26.0011 25.8549 20.8724 22.0243 20.0937 15.9896 13.0975 10.8221 9.39444 8.30062 8.64405 7.28699 9.97231 7.04224 6.51853 13.1173 6.40336 6.31535 8.09405 6.1232 5.25439 4.86294 4.75872 4.67943 4.61044 4.47721 2.20261
threshold=0.001432187533294438 6.5551384688845502 0.0032706250874436908 -0.00098109595869572109 13.577309153777799 20.769502179652431 0.0091449527824464267 0.0022981340792059828 2.6539935412126856 0.00091482099943707162 36.476509811119428 0.0054008132131363471 7.6577670632539903 84.381562393707782 -0.00023485133783623932 86.337164739191223 -0.0017446750168425005 5.0088606346008167 0.42528584388612573 0.014201122375755106 73.008272223606625 11.542834532800535 -0.0045387939578740979 0.00074794180973480906 0.26775504310546389 59.612163608827736 70.790990291114781 -0.0034047608737280961 1.7795124883851261 0.008899089622739333
decision_type=2 2 2 2 2 2 2 2 2 2 2 2 2 2 2 2 2 2 2 2 2 2 2 2 2 2 2 2 2 2
left_child=1 7 12 4 22 6 -5 8 24 -10 -6 20 14 28 27 -16 -7 23 -19 25 26 -22 -3 -9 -1 -13 -4 -2 -14 -15
right_child=2 3 11 5 10 16 -8 17 9 -11 -12 19 13 29 15 -17 -18 18 -20 -21 21 -23 -24 -25 -26 -27 -28 -29 -30 -31
leaf_value=-0.030301844850684545 0.0030137777775045573 -0.048606212648117778 0.044853359982765469 0.0012164001718131322 -0.0084568488541624104 0.066179822338626945 0.062577474153173593 -0.023348753544775447 -0.027547210957325614 0.00066603823230578223 0.014243017357763685 0.049215959325053515 0.034232432624742772 0.0045092112804040073 0.0046480785931301153 0.047624300508240826 0.021953347284610764 0.070753086509922139 -0.0043910375736145729 0.016922090283205141 -0.0025315719610346011 0.041773041082891649 -0.018851741852560631 -1.1933464450267241e-05 -0.05140216351006395 0.08263251930451658 0.095326839057801788 0.047875133688944763 0.0018503195502739282 -0.044373682289402819
leaf_weight=39.952669858932495 7.5385292023420361 18.622510850429535 103.76794093847275 526.63630881905556 107.84185409545898 16.522844478487968 15.041340738534926 81.462168663740158 368.91954746842384 46.298629626631737 102.32535257935524 16.174595594406128 210.48645894229412 5.4139353483915311 106.75561214983463 15.452089726924894 19.771549701690674 6.5491153299808493 51.290857553482056 6.1307241618633261 16.88869497179985 26.459690630435944 241.78260661661625 34.265842631459236 86.265592575073242 31.213440462946892 4.8046672344207755 23.834870770573616 11.244463488459585 4.012224406003952
leaf_count=233 37 106 484 2773 574 81 74 449 2104 259 537 71 1023 27 544 78 99 35 273 29 82 131 1344 189 527 140 23 118 56 20
internal_value=-5.39286e-05 -0.0109152 0.0324013 -0.00172467 -0.0104506 0.00537981 0.00292028 -0.0243929 -0.0291387 -0.0244013 0.00259517 0.0469916 0.0246104 0.0305967 0.0156004 0.010082 0.0420872 -0.00958874 0.0041174 0.065006 0.0406455 0.0245118 -0.0209796 -0.016439 -0.0447231 0.0712267 0.047087 0.0370957 0.0325903 -0.0162977
internal_weight=2353.73 1763.55 590.178 1048.54 470.572 577.972 541.678 715.004 541.436 415.218 210.167 205.44 384.738 231.157 153.581 122.208 36.2944 173.568 57.84 53.5188 151.921 43.3484 260.405 115.728 126.218 47.388 108.573 31.3734 221.731 9.42616
internal_count=12520 9657 2863 5588 2561 3027 2847 4069 3123 2363 1111 960 1903 1126 777 622 180 946 308 240 720 213 1450 638 760 211 507 155 1079 47
is_linear=0
shrinkage=0.05


Tree=6
num_leaves=28
num_cat=0
split_feature=1 4 1 4 2 1 4 4 2 1 1 4 4 0 2 2 0 1 0 4 4 2 0 3 0 1 2
split_gain=298.094 77.4457 34.887 27.4688 21.8437 18.6522 18.6918 14.9515 14.2473 12.5018 11.1532 10.2286 9.97993 9.24609 10.3845 8.70121 8.52693 8.3112 7.60593 6.78435 6.13371 5.27924 5.04409 4.04752 4.02101 3.40892 3.11368
threshold=0.0011603414663975411 9.5926677983547393 0.0024030021964477348 2.7442189337755925 0.0013232575884124522 -0.0031540560118757384 20.769502179652431 8.4081684685419518 0.0094836609506574483 0.0054008132131363471 0.0001879619864796345 15.199789123855343 24.721086002625913 29.709630361159785 0.005947930056323548 0.0046306175282784254 36.476509811119428 0.00087295955133437364 88.341932834626718 12.198996034879849 9.7918111830568737 0.0055904014516248166 85.286157414252969 0.61878168091067554 25.21809169137406 0.00022697504726720832 -0.0056886837343912968
decision_type=2 2 2 2 2 2 2 2 2 2 2 2 2 2 2 2 2 2 2 2 2 2 2 2 2 2 2
left_child=1 3 7 15 17 11 8 18 -7 13 -6 24 19 -4 -15 23 -13 -5 26 -9 -11 -17 -22 -1 -3 -8 -2
right_child=2 5 9 4 10 6 25 12 -10 20 -12 16 -14 14 -16 21 -18 -19 -20 -21 22 -23 -24 -25 -26 -27 -28
leaf_value=-0.038004462217356323 0.049182008419018076 -0.052607672225614466 -0.036844017648878929 -0.024002537815151052 -0.015372949225214795 0.001879633272126545 0.039579993613130471 0.020223654134341341 0.070080765045184415 0.097315589243629819 0.0041078931205519075 -0.016082067793254939 -0.027565108332933963 0.041725822542332265 0.020561453584852344 0.05418114394115419 0.016044963254297905 0.00032022480089846818 0.057084737223104615 0.040202180434975525 0.058624167040763925 -0.028000804114458752 0.0042029538190408696 -0.057872849733834747 -0.022123423411150187 0.01102115137624465 0.003693547990633741
leaf_weight=110.81656807661057 3.8426682949066153 16.752220183610916 4.4815036803483954 540.41121752560139 147.66060192883015 414.44623096287251 45.931230455636978 93.37465588748455 7.8017170727252951 9.3841368556022626 146.23588702082634 55.419679567217827 8.0748750269412977 198.50389032065868 81.858933761715889 3.7650999575853339 32.922814428806305 37.563190177083015 7.1875841468572608 77.981584265828133 40.425554990768433 4.0628422349691391 4.7590545415878287 33.346786111593246 30.534525036811829 13.526108637452124 179.05066268146038
leaf_count=671 20 96 22 3054 811 2211 229 457 38 39 792 297 39 933 394 21 172 204 37 378 177 23 24 210 174 66 931
internal_value=-6.01418e-05 -0.0117638 0.0270344 -0.0201977 -0.0167783 0.00222399 0.00683569 0.0164039 0.00313976 0.0386075 -0.00567975 -0.0141551 0.0267558 0.0344074 0.0355464 -0.0398126 -0.00410921 -0.0224218 0.00663204 0.0293156 0.0605317 0.0115272 0.0528923 -0.0426003 -0.032923 0.0330831 0.00464928
internal_weight=2350.12 1641.2 708.925 1023.86 871.871 617.335 481.705 369.512 422.248 339.413 293.896 135.629 179.431 284.844 280.363 151.991 88.3425 577.974 190.081 171.356 54.5687 7.82794 45.1846 144.163 47.2867 59.4573 182.893
internal_count=12520 9069 3451 5786 4861 3283 2544 1862 2249 1589 1603 739 874 1349 1327 925 469 3258 988 835 240 44 201 881 270 295 951
is_linear=0
shrinkage=0.05


Tree=7
num_leaves=30
num_cat=0
split_feature=1 4 1 4 2 1 4 3 1 1 0 3 2 0 4 3 1 4 1 3 4 3 0 0 4 2 3 0 0
split_gain=267.961 77.738 26.4899 24.3771 19.7319 17.0298 14.3975 14.0792 14.0399 11.4316 7.47359 6.09961 7.85655 7.83625 5.95712 10.2347 5.78573 6.46502 5.58928 5.53869 5.49422 5.46226 4.87595 6.58458 4.25021 7.04164 6.50027 1.23018 1.808
threshold=0.001605358212736552 6.5551384688845502 0.00070083031884626845 15.199789123855343 0.0022981340792059828 0.0054008132131363471 2.6539935412126856 0.92041111351002625 -0.001005804262051879 -0.0057847241877571056 57.923102910722868 0.44453668328086898 0.0033359130148524767 60.992441363741406 5.0088606346008167 0.42528584388612573 0.003428997600954387 23.581423296159304 0.00074794180973480906 0.42528584388612573 12.694367538797279 0.39068206000060912 84.381562393707782 61.373951686621922 13.094106079951402 -0.0019817144063711818 1.1657939524519647 74.772427759376924 56.982182880547903
decision_type=2 2 2 2 2 2 2 2 2 2 2 2 2 2 2 2 2 2 2 2 2 2 2 2 2 2 2 2 2
left_child=1 4 3 8 6 10 21 -8 -3 -5 16 12 -12 -13 18 -16 19 -18 -6 -2 27 -1 23 -22 26 -26 -4 28 -7
right_child=5 2 24 9 14 20 7 -9 -10 -11 11 13 -14 -15 15 -17 17 -19 -20 -21 22 -23 -24 -25 25 -27 -28 -29 -30
leaf_value=-0.031937771167785192 0.055477806406108311 -0.017923456070868229 0.017219576811921444 -0.018130470211450565 -0.02205708966804874 0.068745449631281708 -0.017936941494668641 -0.040819082213120333 -0.0029838467360952733 0.013213782957122869 0.042393776822714009 0.00035009936423714694 -0.014171442769344469 0.02779929832961834 0.061870538808247472 -0.0025779520333317125 0.043924604738526253 0.10390089787462518 0.00090212453889785583 0.026614476097952006 0.021500473636982306 -0.053155489487878238 0.0005550649575058684 0.068193155106974476 0.053278020552263286 0.014498026497313363 -0.0067213351658063957 0.060873611579451516 0.11002178932975981
leaf_weight=62.883381560444832 19.015955150127411 291.96838016808033 110.93383006751537 33.842700436711311 79.994980320334435 4.855235889554022 329.98260609805584 84.422998502850533 340.8582314401865 207.10265412926674 8.4645704776048678 29.130235448479652 22.34002947807312 242.03947187960148 6.9440463930368415 54.56865519285202 40.860767707228661 5.0482674092054358 39.645969212055206 131.96297904849052 11.050144717097281 58.599501311779022 4.988233655691146 23.839816689491272 17.736400485038757 34.426830321550369 38.086523815989494 4.8172181993722907 5.8489779978990555
leaf_count=386 92 1655 561 188 449 20 1900 509 1828 1050 42 139 110 1161 36 291 185 23 217 626 48 382 25 103 86 170 194 20 24
internal_value=-6.51023e-05 -0.00946247 -0.000957066 -0.00472334 -0.0222134 0.0303178 -0.0270358 -0.0225985 -0.00987656 0.00881123 0.0273971 0.0224555 0.0013717 0.0248506 -0.00794759 0.00469751 0.0349762 0.0505197 -0.014449 0.0302498 0.0566176 -0.0421725 0.0467941 0.0534049 0.0154005 0.0276839 0.0111008 0.0818566 0.0912996
internal_weight=2346.26 1792 1074.96 873.772 717.042 554.262 535.888 414.406 632.827 240.945 498.862 301.974 30.8046 271.17 181.154 61.5127 196.888 45.909 119.641 150.979 55.3996 121.483 39.8782 34.89 201.184 52.1632 149.02 15.5214 10.7042
internal_count=12520 9902 5732 4721 4170 2618 3177 2409 3483 1238 2378 1452 152 1300 993 327 926 208 666 718 240 768 176 151 1011 256 755 64 44
is_linear=0
shrinkage=0.05


Tree=8
num_leaves=28
num_cat=0
split_feature=1 4 1 4 2 1 4 4 2 1 1 4 4 0 2 2 3 0 0 1 2 2 3 0 0 0 0
split_gain=241.472 66.6474 27.6597 24.5752 19.532 16.4109 15.4681 12.3395 12.2963 9.96362 9.64533 9.01733 8.89454 8.23 8.61099 8.10767 7.6917 7.55666 6.55153 6.34007 5.05143 4.69356 3.98366 3.90329 3.64013 3.16262 2.88441
threshold=0.0011603414663975411 9.5926677983547393 0.0024030021964477348 2.7442189337755925 0.0013232575884124522 -0.0031540560118757384 20.769502179652431 8.4081684685419518 0.0094836609506574483 0.0001879619864796345 0.0054008132131363471 15.199789123855343 24.721086002625913 29.709630361159785 0.005947930056323548 0.0046306175282784254 0.87185595954852391 36.476509811119428 88.341932834626718 0.0022910967319862423 0.014201122375755106 0.0055904014516248166 0.61878168091067554 25.21809169137406 59.612163608827736 60.654463776651959 60.05724701752046
decision_type=2 2 2 2 2 2 2 2 2 2 2 2 2 2 2 2 2 2 2 2 2 2 2 2 2 2 2
left_child=1 3 7 15 16 11 8 18 -7 -6 13 23 19 -4 -15 22 -5 -13 26 -9 24 -17 -1 -3 -12 -8 -2
right_child=2 5 10 4 9 6 25 12 -10 -11 20 17 -14 14 -16 21 -18 -19 -20 -21 -22 -23 -24 -25 -26 -27 -28
leaf_value=-0.03597868955208116 0.010670546505999443 -0.051134991033671244 -0.036772320990910455 -0.016510678165031739 -0.014272602084983439 0.0018515414781652244 0.026129712611666342 0.029167060197620727 0.064298635713586044 0.0042114473185903192 0.039540575917708015 -0.015366190025268959 -0.027499495003860404 0.03706338675716133 0.017985260196215561 0.051173350714134952 -0.028609329251946543 0.014837076017198537 0.051726970169579056 -0.0043384707499253853 0.011072218387440125 -0.02639033038035149 -0.056306285065031769 -0.020593779618026314 0.068139892339100824 0.063404821427187827 -0.0018958449002924088
leaf_weight=106.12722511589527 83.773790299892426 16.101771235466003 4.4794959276914588 358.26709701120853 145.59953932464123 414.40131044387817 54.338927119970322 159.42751689255238 8.0358449369668943 146.02492372691631 16.802926406264305 54.917999133467674 8.0669011771678907 203.81495068967342 83.32604107260704 3.8420474827289572 207.42547756433487 33.245883971452713 7.424445003271102 15.490762919187544 6.33526387810707 3.9614053070545197 31.183790922164917 29.866128146648407 32.932918876409531 6.3561188429594031 100.38042838871479
leaf_count=671 427 96 22 2060 811 2211 264 762 38 792 71 297 39 933 394 21 1198 172 37 73 29 23 210 174 140 31 524
internal_value=-6.90465e-05 -0.0107903 0.0239738 -0.0187492 -0.0155283 0.00213493 0.00643063 0.0145466 0.00303945 -0.0050171 0.0341296 -0.0133378 0.0238325 0.0304779 0.0315271 -0.0377777 -0.020947 -0.00397678 0.0056773 0.0261998 0.0531216 0.0117983 -0.0405952 -0.0312918 0.0584778 0.0300332 0.00382075
internal_weight=2341.95 1619.7 722.255 1002.43 857.317 617.264 483.132 374.564 422.437 291.624 347.692 134.132 182.985 291.62 287.141 145.114 565.693 88.1639 191.579 174.918 56.0711 7.80345 137.311 45.9679 49.7358 60.695 184.154
internal_count=12520 9069 3451 5786 4861 3283 2544 1862 2249 1603 1589 739 874 1349 1327 925 3258 469 988 835 240 44 881 270 211 295 951
is_linear=0
shrinkage=0.05


Tree=9
num_leaves=29
num_cat=0
split_feature=1 4 1 4 2 1 4 2 4 4 3 0 1 0 2 2 1 0 1 0 3 0 0 2 3 3 1 2
split_gain=217.125 61.5398 24.5315 20.901 15.065 14.2504 16.1835 11.4887 11.0171 9.78846 9.05614 9.04328 9.0294 8.47673 7.62146 6.97979 6.95621 6.8478 6.25381 6.15667 5.46852 5.20526 4.3351 4.15725 3.9438 3.41164 3.07853 1.37392
threshold=0.0011603414663975411 8.5808942682225364 0.0032706250874436908 2.7442189337755925 0.0013232575884124522 -0.0031540560118757384 20.769502179652431 0.0094836609506574483 7.6577670632539903 15.199789123855343 1.2647119237010276 86.337164739191223 0.00020707035113931574 84.381562393707782 0.0046306175282784254 -0.0060665396262923324 0.0018558841827541752 36.217578148634054 0.0054008132131363471 61.809702222528919 1.7795124883851261 75.494197077653965 25.21809169137406 0.0055904014516248166 0.61878168091067554 0.934039258335703 0.00022697504726720832 0.008899089622739333
decision_type=2 2 2 2 2 2 2 2 2 2 2 2 2 2 2 2 2 2 2 2 2 2 2 2 2 2 2 2
left_child=1 3 8 14 10 9 7 -7 11 22 -5 16 -6 20 24 -4 -2 -11 19 -17 -10 -20 -3 -16 -1 -13 -8 -15
right_child=2 5 15 4 12 6 26 -9 13 17 -12 25 -14 27 23 18 -18 -19 21 -21 -22 -23 -24 -25 -26 -27 -28 -29
leaf_value=-0.034957766714312478 -0.0037685300616636256 -0.051501390879547318 -0.0098735325527199089 -0.018796667182902651 -0.01558493938002794 3.699028222095512e-06 0.034217821300622973 0.053488023134748833 0.026125494807547417 -0.014922407000258412 -0.042791304161418242 0.029514029144765187 0.0034064577097619691 -0.0043953012870176925 0.047336370756150041 0.04540944713853514 0.015301567177482831 0.013691043415833673 0.06408335396590828 0.024996834727450349 -0.0035648367040467203 0.031768772702178559 -0.020815462548159309 -0.025454655907524937 -0.055520476482559769 0.080451370628399022 0.0074639791317428041 -0.040032203886818163
leaf_weight=103.82456637918949 107.7145086824894 17.472112149000168 7.7545077800750724 449.03846782445908 121.92277173697948 514.06116281449795 47.559126794338226 10.240547269582747 272.12608441710472 53.740472555160522 43.097965136170387 14.563142567873003 128.60400487482548 6.0111638903617841 3.9430660009384146 62.005371123552322 85.998632252216339 34.227311044931412 35.989191830158234 91.375915214419365 16.446142539381981 19.062774404883385 33.727071315050125 3.9031784236431122 30.072128042578697 4.245553031563758 13.893732011318205 4.9167989492416382
leaf_count=671 568 107 36 2625 685 2758 229 48 1281 293 258 72 700 29 21 272 417 176 150 419 80 83 199 23 210 20 66 24
internal_value=-7.23028e-05 -0.0103229 0.0225814 -0.019175 -0.015817 0.000476614 0.00389365 0.00104834 0.0166183 -0.0139057 -0.020898 0.0079115 -0.005836 0.0227965 -0.0367694 0.0367046 0.00469761 -0.00378922 0.0384375 0.0332488 0.0244334 0.0528938 -0.0312873 0.0111259 -0.039576 0.0410118 0.0281691 -0.0204293
internal_weight=2337.54 1609.33 728.21 884.406 742.663 724.922 585.755 524.302 512.022 139.167 492.136 212.522 250.527 299.5 141.743 216.188 193.713 87.9678 208.433 153.381 288.572 55.052 51.1992 7.84624 133.897 18.8087 61.4529 10.928
internal_count=12520 9069 3451 5193 4268 3876 3101 2806 2491 775 2883 1077 1385 1414 925 960 985 469 924 691 1361 233 306 44 881 92 295 53
is_linear=0
shrinkage=0.05


Tree=10
num_leaves=29
num_cat=0
split_feature=1 4 1 4 2 4 3 1 2 1 0 4 1 2 3 2 1 1 0 3 4 3 2 1 0 4 0 4
split_gain=195.816 63.0788 21.0315 21.7004 16.3593 12.41 13.2849 11.7529 10.6464 9.90395 8.43177 7.78516 7.54938 6.31782 9.62531 6.18516 5.59858 5.58755 5.5297 5.41139 5.26378 9.17995 5.06752 4.83122 4.70292 3.48355 4.31842 4.2767
threshold=0.001605358212736552 6.5551384688845502 -0.00047412910761346344 16.664782008530135 0.0022981340792059828 2.6539935412126856 1.0433220893010153 0.0032706250874436908 0.0091449527824464267 -0.0048289965671685633 83.037732284383864 10.943999855778275 -0.0039712936794550338 -0.0027920095083446834 0.78243180376825372 -0.0060665396262923324 0.0054008132131363471 0.0026179411443469918 48.582742121408593 0.39068206000060912 5.0088606346008167 0.42528584388612573 0.014201122375755106 0.00074794180973480906 39.171144898550509 5.1684545043090555 59.824169621098001 5.5984981446132505
decision_type=2 2 2 2 2 2 2 2 2 2 2 2 2 2 2 2 2 2 2 2 2 2 2 2 2 2 2 2
left_child=1 4 3 12 5 19 -7 13 11 -5 -10 -4 -3 14 17 -9 18 -2 -17 -1 23 -22 -18 -6 -16 26 -15 -27
right_child=7 2 8 9 20 6 -8 15 10 -11 -12 -13 -14 25 24 16 22 -19 -20 -21 21 -23 -24 -25 -26 27 -28 -29
leaf_value=-0.02885126990486336 0.029504631927476817 -0.0337018885130171 7.2107986692894198e-05 -0.011861792239764968 -0.020450513971885853 -0.016945783209794254 -0.043911693717604394 -0.0094135345777931565 0.073395749684739567 0.016001438331138342 -0.0026542938371394847 0.013027616740719753 -0.010964971776687482 0.026715147154125037 0.047006965210676953 0.055711713535205237 0.055211021590653109 -0.031490810008643344 0.027603564175571367 -0.050793086625140128 0.058311276027726178 -0.0021693257521370655 0.0080550923628486815 0.00098934057896030332 0.10032241707373513 0.053141635802548881 -0.0033630587745694983 0.018564869646006354
leaf_weight=59.252922236919403 16.189662203192714 40.416879862546921 273.73901888728142 43.787544816732407 78.140313059091568 348.63279601931572 52.559628665447235 7.727472409605979 10.478514462709429 117.39850969612598 5.5884985923767081 201.17749662697315 377.48365570604801 17.337605401873589 12.497708305716516 20.105782061815262 49.150226667523384 4.8882916122674933 134.88099789619446 53.44563789665699 7.0931537300348273 54.33147294819355 6.4441888332366934 39.58742444217205 6.1822586655616751 9.2792454212903959 38.283476680517197 246.73997983336449
leaf_count=386 76 244 1447 243 449 2071 338 36 48 582 26 1017 2125 83 55 87 204 23 604 382 36 291 29 217 27 45 189 1160
internal_value=-7.48286e-05 -0.00830937 -0.0006983 -0.00715278 -0.020061 -0.0245967 -0.0204785 0.0254092 0.00691438 0.00843216 0.0469437 0.00556014 -0.013164 0.0197487 0.0385189 0.0345205 0.0361327 0.0153589 0.0312499 -0.0392569 -0.0070504 0.00481481 0.049745 -0.0132411 0.0646521 0.0173541 0.0060126 0.0198181
internal_weight=2332.82 1763.11 1070.07 579.087 693.043 513.891 401.192 569.707 490.984 161.186 16.067 474.917 417.901 351.398 39.7579 218.309 210.581 21.078 154.987 112.699 179.152 61.4246 55.5944 117.728 18.68 311.64 55.6211 256.019
internal_count=12520 9902 5732 3194 4170 3177 2409 2618 2538 825 74 2464 2369 1658 181 960 924 99 691 768 993 327 233 666 82 1477 272 1205
is_linear=0
shrinkage=0.05


Tree=11
num_leaves=30
num_cat=0
split_feature=1 4 1 2 0 4 4 1 4 3 4 2 2 1 1 0 2 2 2 3 4 4 0 2 0 2 3 0 3
split_gain=177.621 53.1372 29.6377 15.7682 13.9391 13.2452 12.0914 10.3951 14.6468 9.47 8.20361 8.03192 7.78853 7.03374 6.64253 6.79419 7.06861 5.37012 13.3181 5.2959 5.1056 4.83256 4.66082 6.1619 4.93298 4.50345 4.16785 4.08228 1.36296
threshold=0.00074794180973480906 8.087233521781636 0.0024030021964477348 0.0046306175282784254 81.48160048938658 2.7442189337755925 8.4712199057933777 -0.00098109595869572109 13.577309153777799 0.72290794353582133 20.020563762074069 -0.0003037250661456769 0.0094836609506574483 -1.0000000180025095e-35 0.0054008132131363471 29.709630361159785 0.005947930056323548 0.0046306175282784254 0.0069162986150784764 0.76386849910615151 9.7918111830568737 4.8612629388619855 86.337164739191223 0.0060755027743577559 60.05724701752046 -0.0025908945456065697 0.61878168091067554 61.373951686621922 0.7045786999030349
decision_type=2 2 2 2 2 2 2 2 2 2 2 2 2 2 2 2 2 2 2 2 2 2 2 2 2 2 2 2 2
left_child=1 3 6 5 21 26 22 8 25 -7 12 -10 -9 -12 15 -4 -17 19 -19 -8 -16 -5 24 -24 -2 -3 -1 -22 -6
right_child=2 7 14 4 28 9 17 10 11 -11 13 -13 -14 -15 20 16 -18 18 -20 -21 27 -23 23 -25 -26 -27 -28 -29 -30
leaf_value=-0.032991581685658716 0.0084609254529947071 -0.0084898304064830298 -0.035930238641974782 -0.0038988312210425438 -0.046328633751787578 -0.013507337204029607 0.002646742902584604 0.0015017215393775445 -0.0032808959034046946 -0.026739061169374575 0.051491391716251757 0.019790027617295421 0.053327915511021465 0.0017284342604535121 0.077153550467080223 0.03145648727976167 0.014390444926099914 -0.021676101066066839 0.027818531316781265 0.025653987716840396 0.015240944202509566 0.030129796569766915 0.06850009163402658 0.0050183601766245417 -0.0049947563728474122 -0.024468762753044947 -0.055625946917841541 0.047025039600527431 -0.011464505724677618
leaf_weight=89.021353304386139 131.89454934000969 79.493561580777168 4.4198542684316626 16.341634526848793 11.339702636003492 297.76301708817482 29.590784698724747 289.01388363540173 161.26134966313839 247.72670345008373 16.913276582956318 49.24529929459095 7.4358261227607718 12.239605158567427 9.731090307235716 209.92698538303375 85.340662762522697 25.89445723593235 28.606359630823135 161.64770999550819 14.47069790959358 28.858298599720001 6.1564801037311581 10.083427876234053 140.8570464849472 99.023237600922585 26.360899090766907 33.465398639440536 3.7238419950008383
leaf_count=603 697 470 22 92 67 1757 141 1537 859 1483 79 252 34 58 39 933 394 123 133 768 60 154 31 51 751 572 198 141 21
internal_value=-7.68817e-05 -0.0109637 0.0174449 -0.0205392 0.00394495 -0.0227718 0.00999465 -0.00130107 -0.00681804 -0.0195163 0.0052905 0.00211625 0.00280167 0.0305988 0.0285931 0.0256028 0.0265239 0.0181482 0.00430262 0.022094 0.0441334 0.017827 0.00306142 0.029084 0.00151201 -0.0173533 -0.0381628 0.0374302 -0.0377099
internal_weight=2327.85 1435.76 892.086 721.135 60.2635 660.872 534.731 714.626 389.023 545.49 325.603 210.507 296.45 29.1529 357.355 299.688 295.268 245.739 54.5008 191.238 57.6672 45.1999 288.992 16.2399 272.752 178.517 115.382 47.9361 15.0635
internal_count=12520 8236 4284 4375 334 4041 2695 3861 2153 3240 1708 1111 1571 137 1589 1349 1327 1165 256 909 240 246 1530 82 1448 1042 801 201 88
is_linear=0
shrinkage=0.05


Tree=12
num_leaves=28
num_cat=0
split_feature=1 4 1 4 0 0 2 3 2 1 4 3 1 4 4 1 1 2 3 3 1 0 2 4 0 4 0
split_gain=160.579 50.8786 17.2094 16.5306 19.2449 12.3422 11.8461 10.4985 12.1016 10.6267 10.1228 9.38311 9.01023 8.63547 10.3643 8.16781 8.13336 6.93845 6.37911 6.27863 5.99917 6.10812 6.24838 4.66518 3.79242 2.75578 1.42302
threshold=0.0011603414663975411 5.0088606346008167 0.0024030021964477348 9.5926677983547393 56.592581571346706 21.408567780882326 -0.012490682221885372 0.7045786999030349 0.0018282822444372073 -0.0020689429815602951 2.6539935412126856 0.3966779125192757 0.00087295955133437364 12.198996034879849 24.721086002625913 0.00065368459489900676 -0.00098109595869572109 -0.0070919320457122894 1.5974244311242425 0.76386849910615151 0.0054008132131363471 29.709630361159785 0.005947930056323548 9.7918111830568737 46.714222048627349 4.6091446326794063 35.728228011432421
decision_type=2 2 2 2 2 2 2 2 2 2 2 2 2 2 2 2 2 2 2 2 2 2 2 2 2 2 2
left_child=1 7 13 4 12 6 -5 9 25 26 -11 -6 -3 17 19 -10 -7 -2 -19 -15 21 -4 -23 -22 -25 -9 -1
right_child=2 3 20 5 11 16 -8 8 15 10 -12 -13 -14 14 -16 -17 -18 18 -20 -21 23 22 -24 24 -26 -27 -28
leaf_value=-0.03785322403400012 0.074583763959240074 -0.018758843816688266 -0.034693785836398774 0.019781163096744627 0.052579269684628144 -0.0019022496739505637 -0.034387132051657082 -0.0499744129430921 -0.02025568469496844 -0.029600926868556473 -0.010011911011420693 0.00060294221641728251 0.012611077224681994 -0.020412150879260169 -0.028612511479596776 0.057214622185355606 0.010115375291372391 0.0076125874362479341 -0.049891044515874811 0.034220791007977501 0.073253392849304502 0.029592548595033831 0.013598653818896115 -0.0080396582289052106 0.039843904824957511 -0.025402716892567685 -0.062817999315211745
leaf_weight=10.027829185128214 3.8062690496444693 341.94041214883327 4.350300818681716 13.426221340894697 9.1400231868028623 283.46521554887295 40.656383022665977 70.714230015873909 13.828430458903314 102.07727545499802 186.34073738753796 173.69972041249275 24.532414197921753 5.6445369720458975 8.1498130857944471 4.5125867277383795 279.7209532558918 282.45248532295227 4.9066937714815131 76.976766809821129 9.7364649027585966 211.93834368884563 85.78248031437397 4.5673279613256446 43.693221867084503 13.606340214610098 13.251032561063765
leaf_count=62 19 2018 22 75 48 1545 231 478 83 702 1109 960 131 26 39 26 1432 1402 24 352 39 933 394 19 182 87 82
internal_value=-7.86468e-05 -0.00908484 0.0191102 -0.00373907 -0.0100484 0.00187567 -0.0209396 -0.0241353 -0.0380031 -0.0195677 -0.0169449 0.0032012 -0.0166589 0.0117168 0.025182 -0.00119505 0.00406661 0.00751902 0.00663071 0.0304884 0.0269527 0.0241248 0.0249842 0.0416818 0.0353123 -0.0460094 -0.0520639
internal_weight=2322.94 1580.94 742.005 1166.58 549.313 617.269 54.0826 414.358 102.662 311.697 288.418 182.84 366.473 381.937 90.7711 18.341 563.186 291.165 287.359 82.6213 360.068 302.071 297.721 57.997 48.2605 84.3206 23.2789
internal_count=12520 9069 3451 6440 3157 3283 306 2629 674 1955 1811 1008 2149 1862 417 109 2977 1445 1426 378 1589 1349 1327 240 201 565 144
is_linear=0
shrinkage=0.05


Tree=13
num_leaves=31
num_cat=0
split_feature=1 4 1 4 1 4 0 3 1 0 1 2 1 1 4 0 0 0 2 4 0 0 4 1 3 4 0 1 0 0
split_gain=145.169 46.0486 24.4743 16.9678 14.6226 12.0955 11.6278 10.2262 8.90672 8.74297 8.60962 7.74429 7.6104 7.02122 5.04128 4.76969 8.07117 7.67531 4.48516 4.41438 4.08693 4.00517 3.72928 3.32315 4.05139 3.91172 3.03205 1.72648 1.31065 1.17831
threshold=0.00074794180973480906 4.9105358119596234 0.0016834452550686942 15.714216406774407 -0.001005804262051879 6.5551384688845502 60.277448880976472 0.76386849910615151 -0.0020689429815602951 75.970949944233141 -0.0057847241877571056 -0.0034784698304791135 0.0054008132131363471 0.0004862135418531866 6.6528061125762212 57.406176476666431 63.529634949876773 56.592581571346706 0.0055904014516248166 12.694367538797279 41.431913295217051 84.381562393707782 2.3111946586394096 0.00083145460942013482 1.2141467897114944 11.286710421636291 76.647004351719303 -0.00046834562934916496 35.728228011432421 74.772427759376924
decision_type=2 2 2 2 2 2 2 2 2 2 2 2 2 2 2 2 2 2 2 2 2 2 2 2 2 2 2 2 2 2
left_child=1 7 5 4 14 18 -6 8 28 27 20 -10 15 -12 -3 17 -17 -4 22 29 -5 -21 -2 25 -25 -7 -20 -9 -1 -14
right_child=2 3 12 10 6 23 -8 9 11 -11 13 -13 19 -15 -16 16 -18 -19 26 21 -22 -23 -24 24 -26 -27 -28 -29 -30 -31
leaf_value=-0.037976470044850406 -0.022899665549574899 -0.029348683643697134 0.024236578570544953 -0.0088374027925496035 -0.0078681189282916054 0.01559677483852643 0.0086704491339430877 -0.034499324259322617 0.0067726199382574376 0.024980546886550978 0.012960734303333438 -0.021656570886791664 0.071028710199368031 -0.036686154398369503 -0.013330761835669974 0.00042727597814170112 0.02062697828651977 0.070426582016904743 -0.058484197640995432 0.03685754259566492 -0.056712102507506967 -0.0092634530407883411 0.0012141483061010388 0.016498123717787069 0.00097396876568716967 0.076692846528388856 -0.014304703212458584 -0.051735617381097831 -0.062036618375467256 0.04169809604357394
leaf_weight=10.27614785730839 18.640034660696983 59.340868696570396 174.4780303388834 27.014221340417862 337.63924251496792 6.5136575698852521 155.09757551550865 20.642367780208588 26.783703833818436 4.5399137437343589 189.45143921673298 226.80269701778889 10.94938752055168 7.3995973616838446 285.22082720696926 62.632278546690941 235.00162915885448 9.4825189262628538 5.8471551388502148 36.920495510101318 5.3388569951057425 5.3950532823801032 114.6683336943388 139.27771212160587 60.188868388533592 4.3826208561658859 11.564730405807493 49.050572276115417 12.600789651274679 4.9822843968868247
leaf_count=65 116 364 778 156 1909 33 834 140 170 28 936 1461 44 36 1687 284 1078 42 31 151 29 25 633 675 290 21 63 340 81 20
internal_value=-8.01334e-05 -0.0100564 0.015613 -0.00488808 -0.00818777 0.00553648 -0.00266231 -0.0257737 -0.0213494 -0.0422508 0.0071659 -0.0186539 0.0223529 0.0110945 -0.0160894 0.0202882 0.0163763 0.0266175 -0.00527482 0.0394232 -0.0167376 0.0309773 -0.0021576 0.0132825 0.0118137 0.0401704 -0.0291408 -0.0466304 -0.051229 0.0618562
internal_weight=2318.12 1417.2 900.925 1066.5 837.299 361.083 492.737 350.696 276.463 74.2329 229.204 253.586 539.842 196.851 344.562 481.594 297.634 183.961 150.72 58.2472 32.3531 42.3155 133.308 210.363 199.467 10.8963 17.4119 69.6929 22.8769 15.9317
internal_count=12520 8236 4284 5951 4794 1862 2743 2285 1777 508 1157 1631 2422 972 2051 2182 1362 820 843 240 185 176 749 1019 965 54 94 480 146 64
is_linear=0
shrinkage=0.05


Tree=14
num_leaves=30
num_cat=0
split_feature=1 4 1 4 1 4 2 3 1 0 2 1 1 1 1 0 0 2 2 4 0 4 0 2 1 3 3 1 0
split_gain=131.011 42.6778 21.837 15.4259 15.0376 10.856 9.88703 9.81805 8.52186 8.23084 7.29757 6.97749 7.3005 6.91884 5.33503 4.26441 8.75556 4.77459 4.12776 4.08795 3.5513 3.41565 3.11563 2.95981 2.91677 3.76792 3.62503 1.70495 1.30439
threshold=0.00074794180973480906 4.9105358119596234 0.0016834452550686942 15.199789123855343 -0.001005804262051879 6.5551384688845502 0.0091449527824464267 0.76386849910615151 -0.0020689429815602951 75.970949944233141 -0.0025908945456065697 -0.0057847241877571056 0.0004862135418531866 0.0054008132131363471 -0.0045387939578740979 57.923102910722868 61.373951686621922 0.0013971348722575663 0.0055904014516248166 9.7918111830568737 61.373951686621922 2.3111946586394096 43.018264453162864 0.0091449527824464267 0.00083145460942013482 0.51904857275190397 1.2647119237010276 -0.00046834562934916496 35.728228011432421
decision_type=2 2 2 2 2 2 2 2 2 2 2 2 2 2 2 2 2 2 2 2 2 2 2 2 2 2 2 2 2
left_child=1 7 5 4 14 18 -6 8 28 27 -10 22 -13 15 -3 17 -17 -4 21 -15 -21 -2 -5 -20 26 -26 -7 -9 -1
right_child=2 3 13 11 6 24 -8 9 10 -11 -12 12 -14 19 -16 16 -18 -19 23 20 -22 -23 -24 -25 25 -27 -28 -29 -30
leaf_value=-0.036947132493383654 -0.022058598870545992 -0.038929324837356755 0.020970904891722 -0.0090895621055440846 -0.0034276991269668921 0.013645635329361578 0.045464834418849992 -0.033526956179247419 0.0016917132048571645 0.023380313659879654 -0.021639430635217314 0.011386583005462129 -0.037724909185065186 0.067051525756072872 -0.014410569512449714 -0.0088484389686339423 0.018434088335352646 0.040614159620151663 -0.039518790887915538 0.010882799441261373 0.040322254833237731 0.0011526963143305305 -0.054027112883345746 0.0096932086524729854 0.040621139559644685 0.0095716429861863531 0.071797565507947511 -0.050875675544815847 -0.06131424725499042
leaf_weight=10.040378466248514 18.389715746045113 23.9113549888134 153.89530643820763 28.100011378526688 474.73467971384525 6.525288909673689 10.570231497287748 20.190630421042442 39.849453769624233 4.6063356921076766 210.86062875390053 206.0988557934761 7.8554600477218619 9.6740253418683988 307.48362028598785 33.174334123730659 258.97191466391087 38.717636153101921 13.180004626512529 14.650741159915922 34.056843370199203 114.74050576984882 4.4708402454853049 3.9773826599121085 10.300181522965429 190.12703050673008 4.5476460307836533 47.427031710743904 12.123862683773039
leaf_count=65 116 154 680 163 2658 32 50 140 253 28 1378 1020 39 39 1842 151 1179 172 72 60 141 633 25 22 50 915 22 340 81
internal_value=-8.10144e-05 -0.00961926 0.0147632 -0.00466043 -0.00796932 0.00524642 -0.00236279 -0.0248971 -0.0205583 -0.0412898 -0.017931 0.00630139 0.00958343 0.0211023 -0.0161797 0.0191439 0.0153361 0.0249194 -0.00502832 0.0373636 0.0314672 -0.00205356 -0.0152579 -0.0281106 0.0125474 0.0111673 0.0375286 -0.0456953 -0.050276
internal_weight=2313.25 1408.32 904.929 1063.23 816.7 361.788 485.305 345.098 272.874 72.224 250.71 246.525 213.954 543.141 331.395 484.759 292.146 192.613 150.288 58.3816 48.7076 133.13 32.5709 17.1574 211.5 200.427 11.0729 67.6177 22.1642
internal_count=12520 8236 4284 5951 4704 1862 2708 2285 1777 508 1631 1247 1059 2422 1996 2182 1330 852 843 240 201 749 188 94 1019 965 54 480 146
is_linear=0
shrinkage=0.05


Tree=15
num_leaves=27
num_cat=0
split_feature=1 4 1 2 0 4 3 1 4 4 2 4 4 3 4 2 0 3 3 3 0 0 0 0 4 3
split_gain=118.258 40.1549 19.6374 13.3481 10.3787 10.072 9.58223 9.35069 10.58 9.05276 8.17902 8.07664 6.73382 6.44948 7.34201 6.13582 5.92068 5.16829 5.06014 9.42578 4.56437 4.32263 3.76423 10.0643 3.63016 2.61804
threshold=0.00074794180973480906 8.087233521781636 0.0024030021964477348 0.0032862605558141582 81.48160048938658 2.8109166915756636 0.72290794353582133 -0.0031540560118757384 19.423677511044065 11.916315730423362 -0.0029167676016449979 15.199789123855343 4.9105358119596234 0.67870647415601293 24.721086002625913 0.0033834445134431905 36.476509811119428 0.61878168091067554 1.5974244311242425 1.4678753107254969 29.709630361159785 25.21809169137406 73.008272223606625 70.248947116462247 12.506862989007812 0.79990310563942946
decision_type=2 2 2 2 2 2 2 2 2 2 2 2 2 2 2 2 2 2 2 2 2 2 2 2 2 2
left_child=1 3 9 5 12 17 -7 11 10 18 -9 21 -5 -11 -15 -10 -13 -1 19 -2 -4 -3 23 -22 -24 -6
right_child=2 7 20 4 25 6 -8 8 15 13 -12 16 -14 14 -16 -17 -18 -19 -20 -21 22 -23 24 -25 -26 -27
leaf_value=-0.028449055818599963 0.0041840094752016331 -0.049305886716894932 -0.026546192778732811 -0.010216228695577929 -0.043504606093834344 -0.011073428978347758 -0.025236164994545299 0.0095925386898023258 0.014489319848045835 -0.03487555824492674 -0.0046120466195749155 -0.013646026111786509 0.018427643959790532 0.026021407816547999 -0.016022637611915837 0.059212953978776323 0.013098947830117223 -0.054288513752938743 -0.036168812017676202 0.066532010860074695 0.023574924043319262 -0.018191162049503381 0.0067409963427649076 0.056803146388367545 0.024806932194317566 0.0038483813828719769
leaf_weight=80.884545534849167 402.77973306924105 16.665020823478699 4.6067031621932975 35.496500179171562 15.430960655212404 258.20778389275074 222.20831471681595 141.15939038991928 62.83384744822979 5.1946967691183081 359.25904799997807 53.711288899183273 48.624966830015182 109.19654473662376 11.474693775177 8.7351334393024427 33.662026703357697 25.437762014567852 7.5568396002054206 6.1545763164758673 225.06124231219292 33.805552735924721 54.930856510996819 25.355402693152428 56.312035158276558 3.5998646318912497
leaf_count=587 2051 111 23 211 96 1586 1403 780 296 24 1953 297 260 498 54 41 172 212 38 30 963 211 245 110 248 20
internal_value=-8.14846e-05 -0.00919962 0.0139649 -0.0177899 -0.0012027 -0.020706 -0.0176242 -0.000850687 0.00196649 0.00792432 -0.000605179 -0.0125407 0.00634087 0.0196751 0.0220234 0.0199479 -0.00334208 -0.0346312 0.00437317 0.00512236 0.0229096 -0.028465 0.0235395 0.0269394 0.0158861 -0.0345473
internal_weight=2308.35 1399.72 908.623 689.891 103.152 586.738 480.416 709.831 571.987 542.357 500.418 137.844 84.1215 125.866 120.671 71.569 87.3733 106.322 416.491 408.934 366.266 50.4706 361.66 250.417 111.243 19.0308
internal_count=12520 8236 4284 4375 587 3788 2989 3861 3070 2695 2733 791 471 576 552 337 469 799 2119 2081 1589 322 1566 1073 493 116
is_linear=0
shrinkage=0.05


Tree=16
num_leaves=29
num_cat=0
split_feature=1 4 4 1 2 1 1 3 0 4 1 4 4 4 2 0 4 0 2 3 0 4 0 0 4 2 0 2
split_gain=107.208 40.7276 14.015 17.9836 11.5185 8.63428 7.47291 7.13437 11.9698 7.61801 5.95773 5.93112 4.84489 4.73398 4.67494 4.78069 6.9373 4.70391 4.25254 8.47501 6.86939 4.00385 3.8206 3.25009 2.93909 5.40273 5.04183 1.98086
threshold=0.001432187533294438 4.300453236876927 15.714216406774407 -0.00098109595869572109 0.0091449527824464267 0.0032706250874436908 -0.0057847241877571056 0.6744110837187286 74.342173994110127 2.8659709491898147 -0.0020689429815602951 1.5766706376002919 13.577309153777799 20.769502179652431 -0.0060665396262923324 74.004681830200141 21.20511760868126 70.505063783760818 -0.0027920095083446834 0.76386849910615151 35.259990319801155 5.2697309296913817 41.431913295217051 59.612163608827736 5.1684545043090555 -0.0024669854408586596 50.700409913008784 -0.0059673960124737571
decision_type=2 2 2 2 2 2 2 2 2 2 2 2 2 2 2 2 2 2 2 2 2 2 2 2 2 2 2 2
left_child=1 7 3 12 -5 18 22 10 23 -10 27 -12 -3 -8 -7 17 -17 -16 19 21 -21 -2 -4 -9 26 -26 -20 -1
right_child=5 2 6 4 -6 14 13 8 9 -11 11 -13 -14 -15 15 16 -18 -19 24 20 -22 -23 -24 -25 25 -27 -28 -29
leaf_value=-0.011660284069769572 0.040237682748096457 -0.016819893651293476 -0.0075455098752456561 -0.001812189363637055 0.038552283845806529 -0.012703877259888566 0.0044483442451579694 -0.050870779100451347 -0.043916868884878266 0.055930333059149545 -0.033385292547091855 -0.01285498429176315 -1.4805927833775674e-05 0.019050410362680768 0.028232347310268781 0.024790104758438992 -0.012250174101267419 0.055740397653806145 0.035542843475605754 0.017773655045660412 0.071283114258102728 -0.0068778264897406266 -0.054844332949185448 -0.027692351782065278 -0.040026830892782347 0.014185508686304674 -0.0035377695905951679 -0.056676370710956041
leaf_weight=3.0167943835258475 6.115722447633746 310.1176030933857 26.584581837058071 695.0516598969698 18.135196015238762 7.8711839169263831 127.75073988735676 44.277185551822186 2.959788538515566 5.3877423107624054 42.791174918413162 197.76188694685698 49.771992936730385 98.150761365890503 134.08485518395901 49.575547873973846 16.967450425028801 17.578424140810966 9.5832692086696607 10.724577456712725 13.608747035264967 17.164243444800377 5.0862832814455023 22.970095857977867 4.6688566356897345 293.51628944277763 59.448149174451828 12.865204200148581
leaf_count=20 28 1910 156 3856 86 36 630 329 21 31 307 1268 290 466 559 216 75 74 44 46 57 79 29 168 22 1337 290 90
internal_value=-8.19361e-05 -0.00677886 -0.00286984 -0.00538386 -0.000785786 0.0172916 0.00760386 -0.0224447 -0.0359437 0.0205275 -0.0184653 -0.0165071 -0.0144958 0.0107927 0.0251529 0.0265184 0.0153454 0.0314206 0.0130073 0.0270664 0.0476996 0.00549957 -0.0151416 -0.0429536 0.0111844 0.0133367 0.00188759 -0.0481255
internal_weight=2303.59 1662.68 1330.65 1073.08 713.187 640.907 257.572 332.03 75.5948 8.34753 256.435 240.553 359.89 225.902 226.077 218.206 66.543 151.663 414.83 47.6133 24.3333 23.28 31.6709 67.2473 367.217 298.185 69.0314 15.882
internal_count=12520 9657 7423 6142 3942 2863 1281 2234 549 52 1685 1575 2200 1096 960 924 291 633 1903 210 103 107 185 497 1693 1359 334 110
is_linear=0
shrinkage=0.05


Tree=17
num_leaves=31
num_cat=0
split_feature=1 4 1 4 3 1 3 2 4 0 1 2 3 0 1 0 1 4 2 0 0 0 3 0 4 2 1 3 3 4
split_gain=97.8946 34.91 15.8177 10.7299 11.1234 11.7257 9.8459 9.65148 8.79223 8.48955 7.07572 7.05741 6.62564 6.26017 5.83424 5.57127 5.12095 3.95847 3.87793 3.80434 6.55755 6.40404 3.52005 3.45291 3.38706 3.32238 2.62965 3.74858 3.10607 1.78835
threshold=0.00074794180973480906 7.825402432062659 0.0016834452550686942 4.1360203513581277 1.0659304706935437 -0.0019970126329926226 0.57106968903744193 0.0094836609506574483 6.5551384688845502 21.408567780882326 -0.0014876823436013595 0.00439343978925233 0.60073932834917543 64.628163709878308 0.0054008132131363471 75.970949944233141 -0.0020689429815602951 12.694367538797279 0.0060755027743577559 57.406176476666431 63.529634949876773 56.592581571346706 0.98259841759563471 84.381562393707782 14.567427747099192 0.0091449527824464267 0.00083145460942013482 1.2141467897114944 1.2647119237010276 8.3543322608301924
decision_type=2 2 2 2 2 2 2 2 2 2 2 2 2 2 2 2 2 2 2 2 2 2 2 2 2 2 2 2 2 2
left_child=1 3 8 12 5 -5 11 9 18 -8 -6 29 16 -13 19 -14 -1 -16 22 21 -21 -4 -2 -19 -9 -20 28 -28 -10 -3
right_child=2 6 14 4 10 -7 7 24 26 -11 -12 13 15 -15 17 -17 -18 23 25 20 -22 -23 -24 -25 -26 -27 27 -29 -30 -31
leaf_value=-0.049162498835156353 0.00074143854252498584 -0.063844003396420559 0.019600593003662639 -0.03051759312214555 0.014521489892564694 -0.0044527513476191171 -0.018465589825463469 0.080193200179736621 0.012376415778918277 0.0012836338936680247 -0.038241686105667458 0.062091243910701713 -0.041367012581506983 -0.023128532248132268 0.054277004535876555 0.011349665337741024 -0.017267566552087742 0.030426125409828853 -0.045271265303443206 -0.0015901909574157363 0.016488871078568498 0.06105473530113667 -0.024318260956569252 -0.012001591848853195 0.020437749905314936 0.0085647367217520035 0.01418341321480563 -0.00065129235626975245 0.065624966848262953 -0.033307578158128674
leaf_weight=13.640150360763071 119.86179765313864 6.5686679035425213 178.440559476614 50.701924204826355 7.2373401820659629 289.65294389426708 59.545726746320724 4.7502559274435026 6.5820463150739652 631.62504725158215 52.060528963804245 3.5362676531076414 68.927330933511257 5.5170895606279373 15.774895146489142 5.4048436805605879 162.66132193803787 37.383101344108582 9.9865414500236493 63.364656522870064 240.6276059448719 9.8298467993736249 15.868367977440355 5.5010725259780875 4.7354453802108765 4.019128516316413 141.49133901298046 60.918898344039917 4.6900801509618759 17.753080055117607
leaf_count=98 674 39 778 325 48 1743 348 21 32 3432 337 20 529 29 64 35 1106 151 56 284 1078 42 91 25 22 22 675 290 22 104
internal_value=-8.17849e-05 -0.00846766 0.0126145 -0.0169036 -0.0118174 -0.00833557 -0.000994187 0.000269673 0.00451739 -0.000417801 -0.0318019 -0.0275269 -0.0250139 0.0101586 0.0179558 -0.0375339 -0.0197352 0.0328613 -0.00477308 0.0161796 0.0127204 0.021765 -0.00218832 0.0249836 0.0503621 -0.0298222 0.0110276 0.00971865 0.0345319 -0.0415547
internal_weight=2298.66 1384.32 914.34 650.286 399.653 340.355 734.032 700.656 363.418 691.171 59.2979 33.3751 250.634 9.05336 550.922 74.3322 176.301 58.6591 149.736 492.263 303.992 188.27 135.73 42.8842 9.4857 14.0057 213.682 202.41 11.2721 24.3217
internal_count=12520 8236 4284 4221 2453 2068 4015 3823 1862 3780 385 192 1768 49 2422 564 1204 240 843 2182 1362 820 765 176 43 78 1019 965 54 143
is_linear=0
shrinkage=0.05


Tree=18
num_leaves=28
num_cat=0
split_feature=1 4 1 4 0 3 1 2 1 3 4 0 2 0 2 4 3 3 4 4 0 1 1 2 4 1 1
split_gain=88.4096 32.2855 14.2548 11.4325 17.27 8.96231 8.27373 8.46276 7.80436 7.58141 7.3351 7.27391 6.74467 5.8879 7.80455 5.45129 4.79971 5.84649 5.51621 4.10019 3.88401 3.53946 3.20952 5.18544 3.85093 1.77172 1.39771
threshold=0.00074794180973480906 4.9105358119596234 0.0024030021964477348 9.5926677983547393 59.382260984094067 0.76386849910615151 -0.0031540560118757384 -0.0018013916929711102 -0.0020689429815602951 0.40202615954041604 11.916315730423362 75.970949944233141 -0.0034784698304791135 41.647721708250153 -0.0076354039552118938 15.199789123855343 1.1657939524519647 1.2568081345612481 4.4985575098377213 24.721086002625913 29.709630361159785 -0.0048289965671685633 0.0054008132131363471 0.005947930056323548 9.7918111830568737 -0.00046834562934916496 -0.0031540560118757384
decision_type=2 2 2 2 2 2 2 2 2 2 2 2 2 2 2 2 2 2 2 2 2 2 2 2 2 2 2
left_child=1 5 10 4 21 8 15 -8 26 -6 16 25 -10 14 -12 -5 18 -18 -2 -15 -4 -3 23 -22 -24 -7 -1
right_child=2 3 20 6 9 11 7 -9 12 -11 13 -13 -14 19 -16 -17 17 -19 -20 -21 22 -23 24 -25 -26 -27 -28
leaf_value=-0.02786435852521045 -0.0040461994998632241 -0.052787557128903199 -0.026222596490063328 -0.025192856770884533 0.054195988018598852 -0.02997723641505088 0.012527984665592476 -0.001567331253424965 0.0088012612692543232 0.0030289927445535819 -0.012515206288775366 0.021943606540027794 -0.018089826021029525 0.014605009008888595 0.05122270314483978 -0.0031067048545270928 -0.037347543123956529 0.00023208086254522997 0.0094495702088037148 -0.022434750530556064 0.022171310432776151 -0.014569918523648976 0.05999387024323484 0.007852077369606662 0.025174373687510999 -0.048468537024809161 -0.056383518969674473
leaf_weight=6.2169128358364132 106.33601416647434 6.1661454588174811 4.5859104245901099 41.14345283806324 7.6921643763780585 18.58119785785675 181.13063086569309 258.41039039194584 26.175914093852043 123.02886943519115 6.1304311007261303 4.6577368676662436 213.53945575654507 91.070741385221481 22.176736563444138 87.047313064336777 14.791623681783674 34.465157240629196 262.93877254426479 8.1392397135496122 219.24383433163166 346.33519703149796 9.479459345340727 88.845384865999222 48.920028001070023 42.772954255342484 13.905679993331431
leaf_count=45 588 42 23 270 39 140 955 1361 170 688 27 28 1461 411 99 469 73 170 1288 39 933 2127 39 394 200 340 101
internal_value=-8.166e-05 -0.00809305 0.0119452 -0.00382966 -0.00948225 -0.0218436 0.000981512 0.00424121 -0.0176641 0.00603987 0.00680651 -0.0382953 -0.0151534 0.0173052 0.0374191 -0.0101954 0.00360778 -0.0110529 0.00556334 0.0115662 0.0195069 -0.0152384 0.0200792 0.018042 0.0308263 -0.0428684 -0.0475725
internal_weight=2293.93 1376.8 917.123 1050.95 483.222 325.85 567.732 439.541 259.838 130.721 546.049 66.0119 239.715 127.517 28.3072 128.191 418.532 49.2568 369.275 99.21 371.075 352.501 366.489 308.089 58.3995 61.3542 20.1226
internal_count=12520 8236 4284 5951 2896 2285 3055 2316 1777 727 2695 508 1631 576 126 739 2119 243 1876 450 1589 2169 1566 1327 239 480 146
is_linear=0
shrinkage=0.05


Tree=19
num_leaves=29
num_cat=0
split_feature=1 4 4 0 1 0 2 3 2 1 4 4 3 1 2 4 0 0 1 2 0 4 0 0 1 3 0 2
split_gain=80.0028 30.0622 10.2256 13.7304 9.33753 9.30499 11.0571 8.25221 10.5402 8.29256 8.60806 7.96262 7.31298 6.74711 5.69951 5.22926 7.10755 6.94924 4.49372 4.082 4.08155 6.58658 4.16621 3.48321 2.80876 2.42057 1.51271 1.23835
threshold=0.0011603414663975411 5.0088606346008167 9.5926677983547393 56.592581571346706 0.0032706250874436908 21.408567780882326 -0.012490682221885372 0.7045786999030349 0.0018282822444372073 -0.0020689429815602951 2.6539935412126856 5.0472683398411524 0.3966779125192757 0.00065368459489900676 -0.0017446750168425005 7.6577670632539903 86.337164739191223 84.381562393707782 0.0011848817658172142 -0.0060665396262923324 74.004681830200141 11.542834532800535 70.505063783760818 59.824169621098001 -0.00046834562934916496 0.934039258335703 35.728228011432421 0.008899089622739333
decision_type=2 2 2 2 2 2 2 2 2 2 2 2 2 2 2 2 2 2 2 2 2 2 2 2 2 2 2 2
left_child=1 7 3 11 15 6 -4 9 24 26 -11 -3 -5 -10 -7 16 23 18 -17 -6 22 -22 -21 -2 -9 -18 -1 -19
right_child=4 2 5 12 19 14 -8 8 13 10 -12 -13 -14 -15 -16 17 25 27 -20 20 21 -23 -24 -25 -26 -27 -28 -29
leaf_value=-0.030949864018656511 0.0079768185285644076 0.059313965169715349 0.020942522317758977 0.046104453099242541 -0.013703334699320936 0.0092965161002150892 -0.031974709283037868 -0.025210265639425911 -0.015998992771573198 -0.024928925453910001 -0.0061118165775627294 -0.014313282580715781 0.0010433302107175288 0.054589630683193439 -0.00083957534790471281 0.046603364418998372 0.022595618455678 -0.0098695988514729948 0.013898763059521002 0.024382170376754751 -0.010147247087928392 0.023370249168419933 0.050111010562536001 -0.0053012942121068328 -0.047126352183085106 0.064126142992903812 -0.059153900599898994 -0.04304383350581175
leaf_weight=8.5940129682421702 90.665914118289948 3.7114677280187598 13.240365192294119 9.4995392262935621 7.904595971107482 246.17477338016033 38.79864139854908 20.542136810719967 12.924987055361273 92.54282695800066 177.06109757721424 346.53493550419807 172.56783309578896 4.5865002274513236 317.63039450347424 10.892738699913023 15.212158113718035 6.2772257030010206 293.83237384259701 135.40879002213478 21.60638140141964 45.574074670672417 17.802689895033836 108.49330003559589 50.705060638487339 4.5602888166904441 10.640328839421271 5.0974250286817551
leaf_count=62 439 24 75 48 36 1311 231 158 83 702 1109 2125 960 26 1666 51 72 29 1310 559 94 197 74 546 407 20 82 24
internal_value=-8.12913e-05 -0.00669287 -0.002668 -0.00774335 0.0131341 0.00171895 -0.0185109 -0.0189313 -0.0322653 -0.0148338 -0.0125709 -0.0135331 0.00339444 0.00248914 0.00358616 0.0095217 0.00358209 0.0136355 0.0150678 0.0215999 0.0228661 0.0125905 0.0273718 0.000743479 -0.0408075 0.0321742 -0.0465522 -0.0247363
internal_weight=2289.08 1525.75 1148.16 532.314 763.328 615.844 52.039 377.597 88.7587 288.838 269.604 350.246 182.067 17.5115 563.805 535.031 218.932 316.1 304.725 228.297 220.392 67.1805 153.211 199.159 71.2472 19.7724 19.2343 11.3747
internal_count=12520 9069 6440 3157 3451 3283 306 2629 674 1955 1811 2149 1008 109 2977 2491 1077 1414 1361 960 924 291 633 985 565 92 144 53
is_linear=0
shrinkage=0.05


Tree=20
num_leaves=30
num_cat=0
split_feature=1 4 1 4 1 3 0 0 1 4 3 3 2 4 1 3 2 2 0 0 4 3 0 0 3 3 4 0 1
split_gain=72.9773 27.6205 11.9313 9.96767 9.99933 8.57611 7.7655 7.46707 6.98655 6.84379 6.44422 7.43177 5.72632 5.64186 4.51073 4.06383 3.70082 3.65188 3.20481 7.3763 4.3443 3.12024 2.88133 2.59704 2.58942 5.99406 4.17334 1.78726 1.41063
threshold=0.00074794180973480906 4.8612629388619855 0.0016834452550686942 15.714216406774407 -0.001005804262051879 0.76386849910615151 60.277448880976472 75.970949944233141 -0.0020689429815602951 6.5551384688845502 0.93906415490234896 1.0842947942090351 -0.0010755503209334825 1.8506629958206806 0.0054008132131363471 0.52915416056457931 0.014201122375755106 0.0055904014516248166 57.923102910722868 61.373951686621922 25.265474137200105 0.98259841759563471 76.647004351719303 59.612163608827736 0.51904857275190397 0.55237243233656996 7.5519444551830315 60.05724701752046 -0.0031540560118757384
decision_type=2 2 2 2 2 2 2 2 2 2 2 2 2 2 2 2 2 2 2 2 2 2 2 2 2 2 2 2 2
left_child=1 5 9 4 15 8 -6 27 28 17 12 -12 -5 -10 18 -3 23 21 20 -20 -4 -2 -19 -16 26 -26 -11 -7 -1
right_child=2 3 14 10 6 7 -8 -9 13 24 11 -13 -14 -15 16 -17 -18 22 19 -21 -22 -23 -24 -25 25 -27 -28 -29 -30
leaf_value=-0.025612000341549125 0.0010944903216889195 -0.028482603602084003 0.016984750979412207 -0.041775488247528886 -0.0059297832288997846 -0.048146204891895049 0.0075687503413168454 0.024485487256087499 -0.030556275072578517 0.066506491852533642 0.033950657193332963 0.0047201040950247911 0.016300016409773736 -0.010381901234727634 0.017338931052858022 -0.010891753868234284 -0.0060947531430739499 -0.056149312428980261 -0.011450804787051294 0.013381433715808147 0.049205135314434739 -0.022831311647616759 -0.011971199693984979 0.04103229237643672 -0.0486192160297442 0.0094803464424080466 0.0042807924831763725 -0.028564902554417709 -0.055109839417649187
leaf_weight=5.925751447677615 116.96590331941843 36.967468425631523 186.83615984022617 12.638003528118135 332.23916987329721 39.513066805899143 156.84411686658859 4.5126726701855651 42.379316128790379 5.04665958881378 24.588580250740051 188.0260151475668 6.3909700512886038 190.12577201426029 17.421141266822815 293.5194790288806 6.8268184661865225 5.4965442568063763 33.690965861082077 266.13968187570572 11.082130119204519 15.423767141997812 11.234417602419851 34.408953130245209 4.5397748798131934 200.59444703161716 5.781345322728157 16.527419924736023 12.824044078588484
leaf_count=45 659 236 804 64 1926 331 843 27 335 24 123 938 32 1279 71 1822 29 31 151 1179 48 90 63 140 22 946 27 135 100
internal_value=-8.09887e-05 -0.00742885 0.0107876 -0.00355242 -0.00614086 -0.0204977 -0.00160094 -0.0373889 -0.0164268 0.00376387 0.00560566 0.00810058 -0.0222706 -0.0140591 0.0153962 -0.0128594 0.0285104 -0.00447452 0.0138508 0.0105911 0.0187889 -0.00169293 -0.0264848 0.0330685 0.00945244 0.00819456 0.0332826 -0.0423713 -0.0457872
internal_weight=2284.51 1363.02 921.489 1051.21 819.57 311.808 489.083 60.5532 251.255 365.083 231.644 212.615 19.029 232.505 556.406 330.487 58.6569 149.121 497.749 299.831 197.918 132.39 16.731 51.8301 215.962 205.134 10.828 56.0405 18.7498
internal_count=12520 8236 4284 5984 4827 2252 2769 493 1759 1862 1157 1061 96 1614 2422 2058 240 843 2182 1330 852 749 94 211 1019 968 51 466 145
is_linear=0
shrinkage=0.05


Tree=21
num_leaves=31
num_cat=0
split_feature=1 4 1 3 4 1 3 2 0 2 4 0 3 1 4 1 4 1 2 0 2 4 0 4 3 4 1 3 2 3
split_gain=65.9239 25.8889 10.7068 10.2855 11.311 9.79722 8.66963 8.29185 6.97052 6.38302 6.15687 5.67753 5.34685 4.109 3.69585 3.6221 5.42366 4.73651 3.38056 3.11437 3.11228 2.98097 2.97253 2.94031 10.4697 5.48732 2.40243 3.30377 2.71189 1.81408
threshold=0.00074794180973480906 7.825402432062659 0.0016834452550686942 1.0958759976948029 2.6539935412126856 -0.0020689429815602951 0.57106968903744193 0.0094836609506574483 21.408567780882326 0.00439343978925233 6.5551384688845502 64.628163709878308 0.25660952681954691 0.0054008132131363471 9.7918111830568737 0.00045562160870049612 6.5907048437668196 -0.0014876823436013595 0.0060755027743577559 85.286157414252969 0.0091449527824464267 14.567427747099192 46.714222048627349 12.292898058303921 1.0842947942090351 15.883312546621474 0.00083145460942013482 1.2141467897114944 0.0013232575884124522 0.44453668328086898
decision_type=2 2 2 2 2 2 2 2 2 2 2 2 2 2 2 2 2 2 2 2 2 2 2 2 2 2 2 2 2 2
left_child=1 3 10 4 12 -6 9 8 -8 29 18 -11 -1 23 -15 17 -17 -5 19 -2 -20 -9 -16 24 -4 -25 28 -28 -12 -3
right_child=2 6 13 15 5 -7 7 21 -10 11 26 -13 -14 14 22 16 -18 -19 20 -21 -22 -23 -24 25 -26 -27 27 -29 -30 -31
leaf_value=-0.012379309579026554 -0.0033144283192607458 -0.017630104509383432 0.013601997085025351 0.00077663934378783628 -0.028850168132465815 -0.0066418697502699884 -0.016756189511436297 0.074061758199800029 0.0013493552206486274 0.058073151974064943 0.051291585840874947 -0.022578745001443828 -0.037172166296455859 0.056021680735332639 -0.016348259007669608 -0.039452791852855496 0.040300400673913828 -0.044977370019870351 -0.043449633387088363 0.038068757055262983 0.0090438219621279837 0.018496276958413851 0.025615898526885523 0.029088939064886285 -0.014055499093022509 0.011259060149677244 0.011850398830050327 -0.0019969469732117572 0.001838630423251426 -0.048549590579742924
leaf_weight=33.944947339594364 130.44374315440655 6.6176374554634121 278.89440880715847 6.467966876924037 56.423314943909645 414.33569750934839 58.05350586771965 4.8629576414823514 630.60335169732571 3.6274460852146131 6.8211897611618024 5.4763611406087875 60.512777499854565 9.2953067570924741 4.6602440029382697 4.831740275025366 3.814848929643631 45.079645790159702 9.6063073724508268 4.7105279192328444 3.999112367630004 4.792438879609108 44.667171001434326 70.546652570366859 39.002950116991997 111.1268672645092 143.72304716706276 61.50837878882885 4.6702729314565659 16.753799721598625
leaf_count=256 740 41 1235 44 392 2615 348 21 3432 20 32 29 528 39 19 36 22 328 56 25 22 22 182 300 171 476 675 290 22 102
internal_value=-8.02637e-05 -0.00709698 0.0102221 -0.0145645 -0.012472 -0.00930367 -0.000706222 0.000468206 -0.000176935 -0.0259598 0.00356941 0.00955731 -0.0282624 0.014578 0.0271011 -0.034213 -0.00426593 -0.0392364 -0.00426356 -0.0018721 -0.02802 0.0464819 0.0216513 0.0131085 0.0102087 0.0181827 0.008946 0.00770031 0.0311933 -0.0397947
internal_weight=2279.87 1356.2 923.676 625.411 565.217 470.759 730.787 698.312 688.657 32.4752 365.483 9.10381 94.4577 558.194 58.6227 60.1942 8.64659 51.5476 148.76 135.154 13.6054 9.6554 49.3274 499.571 317.897 181.674 216.723 205.231 11.4915 23.3714
internal_count=12520 8236 4284 4221 3791 3007 4015 3823 3780 192 1862 49 784 2422 240 430 58 372 843 765 78 43 201 2182 1406 776 1019 965 54 143
is_linear=0
shrinkage=0.05


Tree=22
num_leaves=28
num_cat=0
split_feature=1 4 4 1 0 1 2 0 3 4 1 0 2 2 3 1 2 3 4 4 2 0 4 4 1 1 3
split_gain=59.5586 24.2402 9.98564 9.74492 9.69051 7.25406 7.58302 6.58617 5.93382 5.4098 4.93907 4.78829 4.57503 7.49725 4.38296 4.38018 6.48156 4.37521 4.33258 4.34124 3.60182 3.99438 5.49542 4.84041 3.4157 2.64052 0.79836
threshold=0.00074794180973480906 4.1360203513581277 9.5926677983547393 0.0032706250874436908 59.382260984094067 -0.0031540560118757384 -0.0018013916929711102 85.286157414252969 0.60073932834917543 4.4985575098377213 -0.0034320304256555407 75.970949944233141 0.0049812370782976742 0.0069162986150784764 0.75491158718062246 0.0014196396814676329 0.00044483888042445857 0.42528584388612573 4.0263261433803388 1.5766706376002919 -0.0060665396262923324 48.582742121408593 21.20511760868126 13.341009915219528 0.00093496301982598517 -0.00046287514156329029 0.45026851944896523
decision_type=2 2 2 2 2 2 2 2 2 2 2 2 2 2 2 2 2 2 2 2 2 2 2 2 2 2 2
left_child=1 8 4 9 14 10 -7 -6 18 15 -4 25 17 -14 -3 24 -17 -11 19 -1 -5 23 -23 -22 -2 -10 -20
right_child=3 2 5 20 7 6 -8 -9 11 12 -12 -13 13 -15 -16 16 -18 -19 26 -21 21 22 -24 -25 -26 -27 -28
leaf_value=-0.030607959425456212 0.0073813778668323912 -0.0072336888305349224 -0.0058232188173874683 -0.014453062738526102 0.0045081977125175799 0.011785527853189051 -0.0015384144996037929 -0.041769221382327047 -0.021458171251143805 0.036122494929381889 -0.035397944035828535 0.011151155879040447 -0.012334389613738589 0.01140259168015415 -0.017780226150632874 0.035556061934939057 -0.0031003631786460854 0.010204136310147681 -0.034238356488302167 -0.010005293860117791 0.013888228369811281 0.021979888767306666 0.0022456372083752237 0.056324199492965014 -0.018724502995902028 -0.044453900507916741 -0.061766992372039524
leaf_weight=32.250754632055759 17.045814752578735 190.70636934041977 110.85054601728916 7.9502153843641272 146.639982201159 182.12994763255119 258.13881658017635 8.113780200481413 17.396692171692848 16.930372267961502 16.177262261509895 5.3982762172818175 60.772768780589104 73.493408307433128 203.77275438606739 14.908470660448073 39.771289229393005 425.56090615689754 5.5196424052119237 123.40452216565609 11.969150826334955 148.34561684727669 46.284392386674881 15.321756780147551 47.293390661478043 44.201478213071823 5.037274956703186
leaf_count=262 107 1216 648 36 834 955 1361 46 141 81 91 35 283 334 1317 68 195 1977 37 872 49 619 194 62 279 388 33
internal_value=-7.94687e-05 -0.00677851 -0.00371619 0.00968878 -0.00852181 0.000936414 0.00397342 0.00208186 -0.0214399 0.00673999 -0.00958962 -0.0340023 0.00874279 0.000658545 -0.0126816 -0.00296543 0.00743934 0.0111958 -0.0163764 -0.014274 0.0186142 0.0197988 0.0172869 0.0377128 -0.0118081 -0.0379594 -0.0473738
internal_weight=2275.39 1349.74 1116.53 925.648 549.233 567.297 440.269 154.754 233.209 695.776 127.028 66.9964 576.757 134.266 394.479 119.019 54.6798 442.491 166.212 155.655 229.871 221.921 194.63 27.2909 64.3392 61.5982 10.5569
internal_count=12520 8236 6468 4284 3413 3055 2316 880 1768 3324 739 564 2675 617 2533 649 263 2058 1204 1134 960 924 813 111 386 529 70
is_linear=0
shrinkage=0.05


Tree=23
num_leaves=28
num_cat=0
split_feature=1 4 2 2 4 1 3 3 0 2 2 3 4 1 4 2 4 1 4 4 2 0 0 0 3 2 4
split_gain=53.837 24.1692 10.1452 12.4941 10.8823 13.1008 7.59332 7.31772 5.72055 5.6113 6.8485 4.66511 4.60323 3.93629 3.45289 3.35984 5.4862 5.87734 5.27092 8.5177 4.83799 4.6765 3.27676 3.7662 1.256 0.0353364 0.00141329
threshold=0.001605358212736552 3.8584362017883396 0.0091449527824464267 0.011903779073897837 20.769502179652431 -0.0020689429815602951 0.93906415490234896 1.0328001578147645 81.48160048938658 0.0022981340792059828 0.005947930056323548 0.7358884739846151 2.5646626393832057 0.0054008132131363471 12.694367538797279 0.0043048984038389646 25.265474137200105 0.0028371338087190838 25.265474137200105 12.949831665932306 0.0066351404148162771 79.205137397239199 85.286157414252969 61.373951686621922 0.7045786999030349 0.0013971348722575663 2.8109166915756636
decision_type=2 2 2 2 2 2 2 2 2 2 2 2 2 2 2 2 2 2 2 2 2 2 2 2 2 2 2
left_child=1 7 4 11 5 -3 -6 9 -5 12 -11 -4 -1 15 24 16 21 -18 19 -17 -20 -2 23 -16 -15 26 -9
right_child=13 2 3 8 6 -7 -8 25 -10 10 -12 -13 -14 14 22 18 17 -19 20 -21 -22 -23 -24 -25 -26 -27 -28
leaf_value=-0.030387158771867581 0.013825028728989469 -0.015129614897935521 0.074061940868204487 0.021835327107785345 -0.036899513616430173 -0.0018335707529900727 0.014527784486751103 -0.055608059236926494 -0.046756155882243924 0.0028540896810313986 -0.042234396105398392 0.021392944817329465 -0.01407088388693788 0.031790322684227178 -0.00079113118088821796 0.00074728055404043507 -0.0024070771870145762 0.065204590606723234 -0.067043229524612821 0.023515112838606994 0.00050463305212312297 -0.031420046001628003 -0.021766163789972523 0.033046019156665163 0.060495338362438769 -0.063322150226357551 -0.057060492410742618
leaf_weight=82.87010994553566 326.0170152336359 225.31553915888071 10.770730227231985 6.0987721085548383 7.6512572169303885 1042.2714862078428 115.96563056111336 2.2455776184797269 6.0603293478488922 52.399085119366646 10.034590683877466 6.8961367160081855 90.364270202815533 7.9887921661138517 11.888623759150503 125.95263363420963 4.6818417608737937 10.25378607213497 4.5367826968431455 60.961146160960197 6.3767359405755997 5.8129121810197821 4.6619011610746375 26.674429953098297 7.2865950465202332 2.600625053048133 6.5900742188096046
leaf_count=711 1414 1396 52 28 39 5919 571 25 32 329 65 30 627 34 48 563 21 43 20 262 28 27 21 107 30 17 61
internal_value=-7.84441e-05 -0.00470712 -0.00219741 0.026656 -0.00281599 -0.00419696 0.0113447 -0.0191398 -0.012352 -0.0172444 -0.00439271 0.053503 -0.0218761 0.0127243 0.025049 0.0114004 0.0143667 0.0440105 0.0062008 0.00817291 -0.0275752 0.0130324 0.0178278 0.0226143 0.0454831 -0.0581992 -0.0566914
internal_weight=2271.23 1668.13 1421.03 29.826 1391.2 1267.59 123.617 247.104 12.1591 235.668 62.4337 17.6669 173.234 603.093 58.5003 544.593 346.766 14.9356 197.827 186.914 10.9135 331.83 43.225 38.5631 15.2754 11.4363 8.83565
internal_count=12520 9902 8067 142 7925 7315 610 1835 60 1732 394 82 1338 2618 240 2378 1505 64 873 825 48 1441 176 155 64 103 86
is_linear=0
shrinkage=0.05


Tree=24
num_leaves=30
num_cat=0
split_feature=1 4 3 4 1 3 1 2 0 2 3 4 3 4 3 3 0 1 4 1 0 2 3 2 2 4 3 4 2
split_gain=49.5716 21.1719 9.73588 9.48567 8.88442 7.93456 7.91919 6.82626 6.23415 5.85213 5.25547 5.07582 5.78625 6.10651 5.29423 7.3362 4.98316 3.45299 5.5431 4.61231 3.3465 8.72024 8.23251 6.84684 4.58421 2.50696 1.91925 1.79482 1.02293
threshold=0.00074794180973480906 7.825402432062659 1.0958759976948029 2.6539935412126856 -0.0020689429815602951 0.57106968903744193 0.0024030021964477348 0.0094836609506574483 21.408567780882326 0.00439343978925233 0.25660952681954691 12.090302496310819 0.67870647415601293 24.721086002625913 1.5974244311242425 1.4678753107254969 64.628163709878308 0.00045562160870049612 6.7895750109647031 -0.0014876823436013595 41.25511043752666 -0.0015969305926865072 0.96793467581307702 -0.00081751606085450612 -0.0035656036696849465 14.567427747099192 0.71432793842459275 8.3543322608301924 0.0016886652823678852
decision_type=2 2 2 2 2 2 2 2 2 2 2 2 2 2 2 2 2 2 2 2 2 2 2 2 2 2 2 2 2
left_child=1 2 3 10 -5 9 11 8 -7 27 -1 14 -13 -14 15 -2 -11 19 -19 -4 22 26 24 -23 -8 -9 -22 -3 -16
right_child=6 5 17 4 -6 7 20 25 -10 16 -12 12 13 -15 28 -17 -18 18 -20 -21 21 23 -24 -25 -26 -27 -28 -29 -30
leaf_value=-0.0099908279405436159 0.0022718296421067076 -0.06196596052227378 0.0020164619581778741 -0.027152742962883537 -0.0056556952495488881 -0.015755201037599097 -0.032125615981919688 0.066916172299308921 0.0014831489784443322 0.053236881529781503 -0.035175376175355398 -0.041355580754645627 0.019496364042872985 -0.018525661365722885 -0.020329004253823887 0.05377176280128651 -0.02177143310516004 -0.033080194673330142 0.051421117715421287 -0.043582993008524529 0.02680912381382702 -0.023449957012112291 0.037887387710221786 0.01520524289755395 0.022510559962735526 0.016417270237334244 0.058885192014245441 -0.030070759993309312 -0.056184961663005344
leaf_weight=32.635232284665108 410.19990791380405 5.9929633885622087 6.3676013424992552 54.466894395649433 408.7939456179738 57.215683311223984 15.870365768671038 4.9820733517408353 629.3569228053093 3.7412750720977765 56.712998434901237 4.5861753523349753 110.21293929219246 11.678972423076628 4.0293160974979392 7.0336623936891547 5.424986258149147 5.4823547303676587 3.0042168945074081 42.951403498649597 7.2256277352571514 11.888774916529654 9.1771923154592496 314.33552096784115 5.0643489509820965 4.8503526002168655 13.151557043194769 16.706467092037201 3.928454577922821
leaf_count=256 2062 39 44 392 2615 348 70 21 3432 20 528 21 485 54 20 33 29 41 17 328 30 49 38 1327 21 22 54 104 20
internal_value=-7.70105e-05 -0.00623414 -0.0131024 -0.0110601 -0.00818316 -0.000477399 0.00880129 0.000638991 4.65872e-05 -0.0248754 -0.0259765 0.00498525 0.0137789 0.0158533 0.00236949 0.00314001 0.00884375 -0.0326264 -0.00316702 -0.0376956 0.0143896 0.0157786 -0.00159884 0.0137965 -0.0189085 0.042005 0.0475112 -0.0384915 -0.0380298
internal_weight=2267.07 1338.69 610.415 552.609 463.261 728.271 928.383 696.405 686.573 31.8657 89.3482 551.669 126.478 121.892 425.191 417.234 9.16626 57.8056 8.48657 49.319 376.713 346.601 30.1119 326.224 20.9347 9.83243 20.3772 22.6994 7.95777
internal_count=12520 8236 4221 3791 3007 4015 4284 3823 3780 192 784 2695 560 539 2135 2095 49 430 58 372 1589 1460 129 1376 91 43 84 143 40
is_linear=0
shrinkage=0.05


Tree=25
num_leaves=28
num_cat=0
split_feature=1 4 3 4 1 1 0 1 2 4 2 1 0 2 4 0 3 0 2 2 0 2 0 4 0 0 0
split_gain=44.7854 19.9836 7.97146 7.6111 10.2409 7.35739 6.86436 6.61555 5.3877 6.0843 5.12932 5.10372 4.83807 4.4445 4.22675 4.28002 7.59394 5.67343 4.10944 6.52671 3.99062 3.05885 3.68446 5.89031 3.74443 1.88081 1.53292
threshold=0.00074794180973480906 4.8612629388619855 0.76386849910615151 16.863992550165971 -0.001005804262051879 0.0032706250874436908 75.970949944233141 -0.0020689429815602951 -0.0058073470834059662 17.363750773988325 -0.0025908945456065697 -0.006178923794210033 60.463644438096246 -0.0065223770538390671 4.4985575098377213 85.286157414252969 0.64322147657661477 51.240719478466644 0.0049812370782976742 0.0069162986150784764 68.707837304642325 -0.0060665396262923324 74.004681830200141 21.20511760868126 70.505063783760818 60.05724701752046 35.728228011432421
decision_type=2 2 2 2 2 2 2 2 2 2 2 2 2 2 2 2 2 2 2 2 2 2 2 2 2 2 2
left_child=1 2 7 4 11 14 25 26 13 -10 -9 -3 -6 -5 15 17 -17 -2 20 -20 -16 -7 24 -24 -23 -4 -1
right_child=5 3 6 8 12 21 -8 10 9 -11 -12 -13 -14 -15 18 16 -18 -19 19 -21 -22 22 23 -25 -26 -27 -28
leaf_value=-0.027598783744119712 0.013227846781667267 -0.053437390841156007 -0.046078782165396209 0.00029252003193540511 -0.0035363091185076998 -0.014424537948102384 0.024621710048471093 0.0059366480190396528 0.049323259174844265 0.008812776748213914 -0.014561076374837615 -0.010526447453554064 0.0070459732400112831 -0.034474411088705186 0.0080892788091152436 -0.005793401058172329 0.078853018047335161 -0.012802390509066015 -0.012265217793464539 0.0098487874298806514 0.022510556549215351 0.018616204132041441 0.016055167391524277 -0.01770259181906254 0.042901360299526237 -0.025052822588688031 -0.057566373621257938
leaf_weight=8.073808893561365 28.504210218787193 7.0752811655402175 35.643539249897003 51.410579666495323 341.7196256518364 7.9350776225328437 4.5006670802831641 36.541949205100536 10.020839229226111 123.47620677947998 185.20932371914387 335.89147830754519 157.92160456627607 11.193960666656492 391.11881156265736 6.9308433979749662 4.2895503118634224 78.807726964354515 60.675732553005219 74.129470527172089 54.676317617297173 136.85303550958633 50.905595660209656 17.318123131990433 17.954896599054337 15.159411251544951 9.0512450858950597
leaf_count=65 154 50 331 274 1998 36 27 249 49 597 1365 2113 847 56 1803 35 21 439 283 334 255 559 216 75 74 135 80
internal_value=-7.60731e-05 -0.00595184 -0.0174559 -0.00269371 -0.00475849 0.00834427 -0.0345616 -0.0134956 0.00617824 0.0118537 -0.0111833 -0.0114117 -0.000191567 -0.00592396 0.00578826 -0.002816 0.0265669 -0.00588824 0.00754486 -0.000104712 0.00985803 0.0160813 0.0171666 0.00748599 0.0214328 -0.0398047 -0.0434378
internal_weight=2262.99 1332.89 294.18 1038.71 842.608 930.099 55.3036 238.876 196.102 133.497 221.751 342.967 499.641 62.6045 699.133 118.532 11.2204 107.312 580.6 134.805 445.795 230.967 223.032 68.2237 154.808 50.803 17.1251
internal_count=12520 8236 2252 5984 5008 4284 493 1759 976 646 1614 2163 2845 330 3324 649 56 593 2675 617 2058 960 924 291 633 466 145
is_linear=0
shrinkage=0.05


Tree=26
num_leaves=27
num_cat=0
split_feature=1 4 3 4 1 2 1 4 2 2 4 2 2 2 1 4 2 3 4 2 2 0 4 2 0 4
split_gain=40.4982 20.6993 11.4975 9.17717 9.56819 7.90011 7.38954 7.58165 6.36622 6.27866 5.6639 6.40091 6.22336 3.56597 3.32066 3.33698 3.03946 4.92402 6.08598 4.54526 3.95946 4.25149 3.98392 2.86792 4.70596 2.64852
threshold=0.0016238149401651694 6.5551384688845502 1.0433220893010153 2.5646626393832057 -0.0019970126329926226 0.0046306175282784254 -0.00098109595869572109 13.577309153777799 -0.0003037250661456769 -0.0025908945456065697 20.769502179652431 0.008899089622739333 -0.0017446750168425005 0.003660996746431056 0.0054008132131363471 9.7918111830568737 -0.0022805061259006383 0.76842491351656517 5.485767696669936 -0.0076354039552118938 -0.00074842985761675019 48.582742121408593 2.2050094568621295 0.014201122375755106 61.373951686621922 5.0934975805845424
decision_type=2 2 2 2 2 2 2 2 2 2 2 2 2 2 2 2 2 2 2 2 2 2 2 2 2 2
left_child=1 2 3 5 -5 -1 7 9 -9 -3 11 -8 -12 25 16 -16 17 18 -2 -19 21 -18 -22 24 -17 -4
right_child=14 6 13 4 -6 -7 10 8 -10 -11 12 -13 -14 -15 15 23 20 19 -20 -21 22 -23 -24 -25 -26 -27
leaf_value=-0.026484304795844717 0.037988409421058078 -0.0018219261095133985 -0.025077697635268577 -0.031221426463690888 -0.00418193124417805 0.03056010083402589 0.0013078729554055657 -0.0028725152053191844 0.017588755613801861 -0.018591914354715699 0.042488648465959365 0.028777176349293932 0.0038061753332216935 0.020207437468266507 0.050510024603931496 -0.00061347400830978334 0.005497591792318797 -0.011816071629143976 -0.0083196966855947092 0.03907182176498248 0.053747649106642259 -0.03064611607733075 0.0092051841833470979 -0.013309002049910916 0.034254135249639571 -0.048603122800429638
leaf_weight=96.021326966583729 10.170520603656767 99.828239157795906 22.762257225811481 35.507601372897625 416.28063707053661 6.478948861360549 557.8617656826973 159.67752937227488 49.893487647175789 126.59020219743252 19.053371071815491 22.04541739821434 22.887909889221191 2.8412042558193198 8.9659102410078031 14.857512220740317 22.20538192987442 5.0848337411880484 23.463424295186996 32.021192476153374 5.0797057300806037 12.841091349720953 426.91934064030647 6.6062698662281027 27.753845304250717 25.218620955944061
leaf_count=833 44 651 207 272 2639 43 2915 859 252 799 83 97 104 15 39 60 94 22 104 132 24 55 1854 28 113 182
internal_value=-7.49653e-05 -0.0040828 -0.0114585 -0.0093715 -0.00630706 -0.0228786 0.000136258 -0.00485458 0.00199879 -0.011198 0.00363543 0.00235213 0.0213791 -0.0342197 0.0111082 0.0224551 0.00988059 0.0195391 0.00568335 0.0320984 0.00841768 -0.00774553 0.00972894 0.0173443 0.0220967 -0.0374426
internal_weight=2258.92 1662.95 605.111 554.289 451.788 102.5 1057.84 435.989 209.571 226.418 621.848 579.907 41.9413 50.8221 595.969 58.1835 537.785 70.74 33.6339 37.106 467.046 35.0465 431.999 49.2176 42.6114 47.9809
internal_count=12520 9951 4191 3787 2911 876 5760 2561 1111 1450 3199 3012 187 404 2569 240 2329 302 148 154 2027 149 1878 201 173 389
is_linear=0
shrinkage=0.05


Tree=27
num_leaves=31
num_cat=0
split_feature=1 4 4 0 3 1 1 4 3 0 4 4 0 4 4 2 2 3 0 3 0 1 0 4 4 0 0 1 0 3
split_gain=37.1915 17.6582 7.22702 7.9511 7.07821 6.30364 6.11119 6.028 5.56124 5.25778 4.58238 4.4456 4.33896 4.1478 3.5846 3.81029 5.78623 3.98902 3.7884 6.66513 5.11228 2.73437 2.67013 6.01223 12.7939 8.79369 3.84785 3.91905 3.61853 0.817907
threshold=0.00074794180973480906 4.1360203513581277 9.5926677983547393 56.592581571346706 0.4787414209921374 -0.0039712936794550338 0.0032706250874436908 24.108879804636388 0.60073932834917543 55.586865089191384 16.863992550165971 4.0263261433803388 75.970949944233141 0.8589151204800195 4.4985575098377213 0.0049812370782976742 0.0069162986150784764 0.40202615954041604 85.286157414252969 0.64322147657661477 27.707662179381355 -0.00046287514156329029 74.004681830200141 11.542834532800535 21.20511760868126 88.341932834626718 70.505063783760818 0.0050526277013649432 68.483455987377539 0.45026851944896523
decision_type=2 2 2 2 2 2 2 2 2 2 2 2 2 2 2 2 2 2 2 2 2 2 2 2 2 2 2 2 2 2
left_child=1 8 3 9 -5 10 14 -7 11 -3 -4 13 21 -1 18 17 -17 -16 20 -20 -2 -10 26 25 -25 -24 28 -28 -8 -13
right_child=6 2 5 4 -6 7 22 -9 12 -11 -12 29 -14 -15 15 16 -18 -19 19 -21 -22 -23 23 24 -26 -27 27 -29 -30 -31
leaf_value=-0.057444220485168833 0.056862218911152944 -0.010330149141478031 -0.027895980727596394 0.024328774597062883 -0.0027817797112088581 0.0015804964907595561 0.017774076806287877 0.021827927706076267 -0.017877026158791637 -0.047145013096343613 -0.0032364889471790921 -0.032127111317752914 0.011917023970661158 -0.0097458846958493762 0.036726900804761806 -0.011986363940249198 0.0088236020877415292 0.0082746448203400713 -0.0058100368069378371 0.072829506180217649 -0.0075249345667400235 -0.042241899664049398 -0.03210184650384669 0.036618382509678783 -0.017640842435692947 0.044773500883100135 0.018965666452073426 0.065927202988227712 -0.01084405994170768 -0.060771133119681825
leaf_weight=4.7076271176338187 3.17740774154663 347.30783645808697 28.431553117930889 28.61855061352253 151.68588642030954 441.04030293226242 132.92579698562622 40.102284595370293 16.152401804924011 9.9769139066338521 55.839158028364182 5.2518652677535993 5.3392589390277854 143.1710699647665 12.677979350090025 60.52265653014183 74.54792232811451 434.98245406150818 6.92399714887142 4.4109024181962013 103.62055365741253 40.109101645648479 17.054133236408237 29.269836708903313 17.276877105236053 4.7577320188283911 9.9565254896879214 8.0219903290271741 12.046642512083052 4.742713674902916
leaf_count=42 17 2299 194 161 888 2367 545 184 141 65 310 37 35 1092 60 283 334 1998 35 21 576 388 74 122 75 20 41 33 50 33
internal_value=-7.3554e-05 -0.00546502 -0.00288779 -0.00703847 0.0015213 0.00105863 0.00757533 0.00326808 -0.0184173 -0.0113582 -0.0115562 -0.0134456 -0.0311589 -0.0112643 0.00524957 0.00685957 -0.000500963 0.00908043 -0.00269229 0.024792 -0.00560932 -0.0352469 0.0146223 0.0063282 0.0164788 -0.0153333 0.0181018 0.0399198 0.015396 -0.0457195
internal_weight=2254.65 1322.48 1103 537.589 180.304 565.413 932.173 481.143 219.474 357.285 84.2707 157.873 61.6008 147.879 700.864 582.731 135.071 447.66 118.133 11.3349 106.798 56.2615 231.31 68.3586 46.5467 21.8119 162.951 17.9785 144.972 9.99458
internal_count=12520 8236 6468 3413 1049 3055 4284 2551 1768 2364 504 1204 564 1134 3324 2675 617 2058 649 56 593 529 960 291 197 94 669 74 595 70
is_linear=0
shrinkage=0.05


Tree=28
num_leaves=30
num_cat=0
split_feature=1 4 4 2 0 1 1 4 3 3 3 3 4 3 1 0 1 4 4 4 1 4 1 4 2 4 4 3 3
split_gain=33.6059 16.2627 6.56028 7.26965 6.08702 5.71862 5.59028 5.38827 5.28193 4.44065 4.34451 9.5715 6.48023 6.34166 7.34372 4.28845 5.9382 4.25481 4.20759 3.97957 3.65716 3.14404 2.70856 3.2727 2.60574 2.27269 6.34963 2.15465 0.810216
threshold=0.00074794180973480906 4.1360203513581277 9.5926677983547393 0.0032326139138720848 85.286157414252969 -0.0039712936794550338 0.0016834452550686942 24.108879804636388 0.60073932834917543 0.72290794353582133 0.55237243233656996 0.45931100877595965 3.9043867284747535 0.5969252903954565 0.0011356285549584124 59.612163608827736 0.00045562160870049612 16.863992550165971 4.0263261433803388 0.8589151204800195 0.00077348631347973218 6.6528061125762212 0.0054008132131363471 9.7918111830568737 0.014201122375755106 2.2050094568621295 2.8109166915756636 0.6744110837187286 0.45026851944896523
decision_type=2 2 2 2 2 2 2 2 2 2 2 2 2 2 2 2 2 2 2 2 2 2 2 2 2 2 2 2 2
left_child=1 8 3 9 -5 17 10 -7 18 -3 11 12 -2 14 -12 27 -17 -4 19 -1 -15 -13 25 -24 -25 -8 -27 -10 -20
right_child=6 2 5 4 -6 7 22 -9 15 -11 13 21 -14 20 -16 16 -18 -19 28 -21 -22 -23 23 24 -26 26 -28 -29 -30
leaf_value=-0.057029366658916975 -0.0089096607329779871 -0.0035188576939049333 -0.026989343522607085 0.0091091508166470728 -0.038539128243216071 0.0015002798315830795 0.04108886740061677 0.020576476644572343 -0.01949511438478671 -0.01373889956845553 0.092534210492405691 -0.042343655192602775 0.023005744898722376 0.039057274603294112 0.01293979739012493 -0.030160368356810841 0.024799251177895366 -0.0030799825209067056 -0.031185580062618908 -0.0093216633277342521 0.0028935840859257234 -0.006772996183011558 0.04860256220326125 0.0200512623566571 -0.013748238640280408 -0.03975687872754876 0.0094385693903767803 -0.047747169563201207 -0.060138889789816866
leaf_weight=4.5097822323441497 40.682610780000687 182.30314462631941 27.930268488824368 90.756562896072865 7.2371957153081885 441.38171388208866 5.5051893740892401 40.406136304140091 8.89287221431732 254.90124744176865 4.365981198847293 19.479122824966911 26.114204555749893 7.190320447087287 8.6186013072729093 16.242639333009723 7.0472133681178084 55.745203092694283 5.1427185237407667 142.22702074795961 252.17791188508272 9.1210217475891096 8.8156325221061689 42.47918201982975 6.5864528715610495 6.6469777673482886 495.61084738373756 27.988990902900696 4.5576314926147461
leaf_count=42 245 1190 194 502 42 2367 25 184 73 1679 23 110 136 35 45 150 58 310 37 1092 1225 43 39 173 28 30 2127 283 33
internal_value=-7.23147e-05 -0.00521533 -0.00275077 -0.00671856 0.00559015 0.00100466 0.00718586 0.00310014 -0.0177386 -0.0094774 0.00238687 -0.00679566 0.00356766 0.00560324 0.0397029 -0.0303279 -0.0135303 -0.0110608 -0.0128962 -0.0107879 0.00389613 -0.0309996 0.0103059 0.0205537 0.0155141 0.00913772 0.00878751 -0.0409351 -0.0447891
internal_weight=2250.66 1317.27 1100.66 535.198 97.9938 565.463 933.394 481.788 216.609 437.204 367.75 95.397 66.7968 272.353 12.9846 60.1717 23.2899 83.6755 156.437 146.737 259.368 28.6001 565.644 57.8813 49.0656 507.763 502.258 36.8819 9.70035
internal_count=12520 8236 6468 3413 544 3055 4284 2551 1768 2869 1862 534 381 1328 68 564 208 504 1204 1134 1260 153 2422 240 201 2182 2157 356 70
is_linear=0
shrinkage=0.05


Tree=29
num_leaves=28
num_cat=0
split_feature=1 4 3 4 1 2 1 4 1 2 4 4 4 3 0 0 2 3 4 2 0 1 0 0 4 1 3
split_gain=30.4984 14.9828 12.284 8.84538 8.93546 7.08808 5.13308 9.30659 5.6645 5.56775 4.28469 5.68757 6.93199 5.02013 4.21385 6.84437 4.82484 4.20315 4.70583 6.64942 4.8888 4.02395 3.5049 2.98688 2.3724 0.750321 0.248558
threshold=0.0011603414663975411 6.5551384688845502 1.0383134277375059 2.7442189337755925 -0.0019970126329926226 0.0046306175282784254 -0.0045387939578740979 23.581423296159304 0.00022697504726720832 0.008899089622739333 12.198996034879849 11.135943702462233 11.370793035152142 1.1160760248834667 29.709630361159785 41.852014572630743 -0.012490682221885372 0.60999148842221895 21.20511760868126 -0.0072807996614759887 59.197803330437743 0.0057163971807127076 41.431913295217051 61.373951686621922 3.9534740597431983 0.00092459257137467177 0.95852034859982727
decision_type=2 2 2 2 2 2 2 2 2 2 2 2 2 2 2 2 2 2 2 2 2 2 2 2 2 2 2
left_child=1 2 3 5 -5 -1 14 9 -9 -8 11 21 26 -14 16 -16 -3 -12 19 -19 -20 22 -2 24 -4 -25 -13
right_child=10 6 23 4 -6 -7 7 8 -10 -11 17 12 13 -15 15 -17 -18 18 20 -21 -22 -23 -24 25 -26 -27 -28
leaf_value=-0.025599242255369855 -0.0070590174598984525 0.0076276647473828164 -0.055343143794743505 -0.029666473017016366 -0.0028517805890567317 0.027761968416254362 -0.0014275401333917986 0.030333366716533749 -0.010903193064625437 0.024867955075234743 -0.022849079205688887 -0.057945727448414787 0.010902511110284745 -0.031962079163032252 0.018097764536048683 -0.0292601725991712 -0.035419484869707571 -0.039442825116735657 0.018442122879600786 0.01988844515820988 -0.0056028854460361942 0.043382332414997164 0.0076669594558074275 -0.060412749394505708 -0.020353379107124973 -0.032713625181073375 -0.041886972568056388
leaf_weight=92.529242604970932 44.955398857593536 8.4913705289363843 5.9990979880094555 34.120065674185753 347.29977958649397 6.6719844937324515 804.46837005019188 39.011142387986183 10.588257297873495 20.647297471761703 8.0125080943107587 4.6060176491737348 23.726684555411339 9.5919746160507184 19.433438278734688 12.560443334281443 27.886386856436729 4.8476946204900733 35.938130751252174 182.60448341071606 51.33616529405117 7.3882325142621985 399.29466317594051 11.468677215278147 25.170307233929634 3.1072636172175399 5.0530385822057724
leaf_count=854 205 53 70 270 2264 44 4503 178 47 93 34 20 101 42 117 74 182 21 151 765 219 33 1838 88 214 18 22
internal_value=-7.12407e-05 -0.00430823 -0.0110663 -0.00870976 -0.0052505 -0.0220103 -0.000536358 0.000494948 0.0215304 -0.000769534 0.00793804 0.00513145 -0.0122495 -0.0014376 -0.0137304 -0.000494437 -0.0253713 0.0128478 0.0138889 0.0183541 0.00429846 0.00678542 0.00617678 -0.0358247 -0.0270878 -0.0545079 -0.0495448
internal_weight=2246.81 1469.45 526.366 480.621 381.42 99.2012 943.087 874.715 49.5994 825.116 777.355 494.616 42.9777 33.3187 68.3716 31.9939 36.3778 282.739 274.726 187.452 87.2743 451.638 444.25 45.7453 31.1694 14.5759 9.65906
internal_count=12520 9069 3822 3432 2534 898 5247 4821 225 4596 3451 2261 185 143 426 191 235 1190 1156 786 370 2076 2043 390 284 106 42
is_linear=0
shrinkage=0.05


Tree=30
num_leaves=25
num_cat=0
split_feature=1 4 4 3 1 2 4 1 3 1 0 4 0 0 2 3 2 0 4 4 3 4 4 0
split_gain=27.8448 14.0281 8.50892 8.00827 6.10218 6.3737 5.57287 8.21552 7.67788 4.88262 3.26246 2.87115 5.66167 5.03018 4.30356 4.1602 2.63359 3.26567 4.04089 4.03981 2.30705 2.23708 2.06179 2.02384
threshold=0.00074794180973480906 5.0088606346008167 5.0472683398411524 0.65712166088671897 -0.0020689429815602951 -0.0032631651691701342 14.736360219376849 -0.001005804262051879 0.93906415490234896 0.0032706250874436908 79.205137397239199 7.6577670632539903 84.381562393707782 86.337164739191223 0.0081329746114553476 1.1160760248834667 -0.0060665396262923324 48.582742121408593 21.20511760868126 13.341009915219528 0.934039258335703 2.8109166915756636 9.0606854827894665 35.728228011432421
decision_type=2 2 2 2 2 2 2 2 2 2 2 2 2 2 2 2 2 2 2 2 2 2 2 2
left_child=1 3 -3 4 23 -6 7 -4 -8 11 21 13 15 14 -2 -13 -11 19 -19 -18 -15 -5 -14 -1
right_child=9 2 6 10 5 -7 8 -9 -10 16 -12 12 22 20 -16 -17 17 18 -20 -21 -22 -23 -24 -25
leaf_value=-0.019504121485517712 0.00020181004118621865 0.061939106231083299 -0.011077278151865971 -0.048104347752151513 0.016001218911868877 -0.010541699433163307 -0.022952917138809689 -0.00031043031526382416 0.0065439534151043215 -0.01542355482124101 0.012982145535587903 0.012996625957806363 -0.0053782804360578427 0.01528484988079159 -0.032593269579422927 0.0025225479454025392 0.008158730260579233 0.015554253249625411 -0.0013407235672276436 0.046845538100063748 0.054532149846951906 -0.026242422136970724 -0.045241103748739846 -0.056675863790994256
leaf_weight=6.546585962176322 273.64737214893103 5.1775146573781958 292.40292017161846 14.52510631084442 26.010946705937386 173.33187341690063 24.263571888208389 449.58808294683695 243.04930584132671 7.9719216078519812 4.5798893049359313 213.67750614881516 6.5129161030054075 17.924432516098026 10.383023604750631 170.40887571871281 11.964603990316393 149.78826124966145 46.341104283928871 15.477007687091826 4.7330980598926535 60.196173869073391 6.4622886925935745 8.3096951097249967
leaf_count=57 1411 32 1919 183 180 1311 128 2587 1222 36 29 944 30 85 52 753 49 619 194 62 20 507 29 81
internal_value=-7.00209e-05 -0.00478059 -0.00199542 -0.0144075 -0.00938216 -0.00707829 -0.00232339 -0.00455342 0.00386657 0.00651759 -0.0279814 0.0044454 0.00725218 0.00081153 -0.000997048 0.00834956 0.0128158 0.0138227 0.0115623 0.029978 0.0234835 -0.0304922 -0.0252319 -0.0402957
internal_weight=2243.27 1307.98 1014.48 293.5 214.199 199.343 1009.3 741.991 267.313 935.292 79.3012 703.75 397.062 306.688 284.03 384.086 231.543 223.571 196.129 27.4416 22.6575 74.7213 12.9752 14.8563
internal_count=12520 8236 5888 2348 1629 1491 5856 4506 1350 4284 719 3324 1756 1568 1463 1697 960 924 813 111 105 690 59 138
is_linear=0
shrinkage=0.05


Tree=31
num_leaves=28
num_cat=0
split_feature=1 4 3 1 4 1 2 2 0 4 3 2 1 2 4 1 4 0 0 2 3 4 2 2 3 4 1
split_gain=25.3756 14.1974 10.0963 7.76017 7.81958 5.59715 5.08296 11.3774 6.07967 4.68895 5.57613 3.72728 3.27759 3.04889 2.96745 2.48089 2.85395 2.69217 5.72487 2.65711 4.08263 5.62032 3.8166 3.64977 4.03058 3.35269 2.65151
threshold=0.0016238149401651694 6.5551384688845502 1.0433220893010153 -0.0020689429815602951 2.5646626393832057 -0.0020689429815602951 -0.0024077104291896907 -0.00023485133783623932 21.408567780882326 18.862744158896451 0.93906415490234896 0.0037985594687568462 -0.006178923794210033 -0.00023485133783623932 5.0934975805845424 0.0054008132131363471 9.7918111830568737 61.373951686621922 75.494197077653965 -0.0022805061259006383 0.76842491351656517 5.485767696669936 -0.0076354039552118938 -0.00074842985761675019 0.91189732458874151 2.2050094568621295 0.0062097919406493016
decision_type=2 2 2 2 2 2 2 2 2 2 2 2 2 2 2 2 2 2 2 2 2 2 2 2 2 2 2
left_child=1 2 3 13 -5 9 8 -8 -7 12 -11 14 -3 -1 -4 19 -17 26 -19 20 21 -2 -22 24 -21 -25 -18
right_child=15 5 11 4 -6 6 7 -9 -10 10 -12 -13 -14 -15 -16 16 17 18 -20 23 22 -23 -24 25 -26 -27 -28
leaf_value=-0.022619886779133291 0.034931003658800489 -0.04189495999992858 -0.021277215973296425 -0.019056800598144311 -0.0030428421734900353 -0.015894174717906145 -0.011439884231939548 0.0041779860023358085 0.011609532468895475 -0.04221061055153668 0.0071165170238745371 0.025854662797697971 -0.009377455261855204 -0.058461696554261533 -0.04712527379966918 0.045268777419962214 0.018750659100316178 0.041330463586507313 0.0003167376098751946 0.0038953569373812941 -0.012151795733235033 -0.0093539656620274022 0.034421903787561214 0.047351649651647544 -0.031074514984168973 0.0070913895585490291 -0.023587457987639841
leaf_weight=26.707301273941994 10.293846875429152 8.1285298019647581 20.758039481937885 93.611273355782032 410.55662713199854 22.40134134888649 161.92977660894394 416.66819812357426 194.96210622787476 6.1844952106475821 77.83993062376976 2.6569240838289252 166.07736970484257 7.6280520036816588 23.874415017664433 8.5457047671079618 6.9397699385881406 17.77053602039814 16.324337273836136 22.07436303794384 5.0926271528005591 23.567716702818871 32.287166327238083 5.2339259088039389 13.147500589489935 430.57828068733215 7.9165597409009933
leaf_count=225 44 59 207 847 2649 132 891 2166 1030 34 405 14 1043 66 183 39 28 73 68 94 22 104 132 24 55 1854 32
internal_value=-6.85046e-05 -0.00328699 -0.00952781 -0.0075826 -0.00601623 0.000180911 0.00225607 -0.000192922 0.00877502 -0.0062155 0.00348587 -0.0316787 -0.0108947 -0.0305826 -0.0351036 0.00873194 0.0186077 0.0139533 0.0216934 0.00768483 0.0166845 0.00410858 0.0280767 0.00632368 -0.00915808 0.0075749 -0.00381025
internal_weight=2239.76 1639.98 585.793 538.503 504.168 1054.19 795.961 578.598 217.363 258.23 84.0244 47.2894 174.206 34.3354 44.6325 599.772 57.4969 48.9512 34.0949 542.275 71.2414 33.8616 37.3798 471.034 35.2219 435.812 14.8563
internal_count=12520 9951 4191 3787 3496 5760 4219 3057 1162 1541 439 404 1102 291 390 2569 240 201 141 2329 302 148 154 2027 149 1878 60
is_linear=0
shrinkage=0.05


Tree=32
num_leaves=31
num_cat=0
split_feature=1 4 4 0 2 0 0 2 3 4 3 3 1 0 1 2 4 3 2 2 3 2 2 3 3 2 1 1 3 0
split_gain=23.1245 12.4694 5.0602 6.69368 8.21514 5.38769 5.08094 10.3271 4.78944 4.44882 5.43951 4.45377 4.41819 4.28089 6.21039 4.23428 4.15432 4.11685 4.11574 7.15857 5.54363 5.6065 5.48727 5.32001 3.995 3.43541 3.03533 2.74295 2.11877 1.42961
threshold=0.00074794180973480906 4.1360203513581277 9.5926677983547393 49.949501471338628 -0.0024669854408586596 50.436646001359186 21.408567780882326 -0.012490682221885372 0.60073932834917543 11.916315730423362 1.1657939524519647 1.2384837873220955 0.0054008132131363471 59.612163608827736 -0.00044810955120544444 0.004707402922416116 4.0263261433803388 0.83991478814590714 -0.0019817144063711818 1.0000000180025095e-35 0.94867692216641364 -0.0072807996614759887 0.0010640498554523872 1.3222104670568173 0.095353398966985706 -0.0049088419975768507 0.001605358212736552 0.0019041000927716436 0.6744110837187286 72.353255300140304
decision_type=2 2 2 2 2 2 2 2 2 2 2 2 2 2 2 2 2 2 2 2 2 2 2 2 2 2 2 2 2 2
left_child=1 8 3 4 -3 -5 7 -4 16 10 12 26 25 28 -15 -13 24 -8 20 23 21 -11 -21 -20 -1 -2 -12 -22 -10 -14
right_child=9 2 6 5 -6 -7 17 -9 13 18 11 15 29 14 -16 -17 -18 -19 19 22 27 -23 -24 -25 -26 -27 -28 -29 -30 -31
leaf_value=-0.057930038202613957 -0.014406265826158266 -0.0022273478829816823 0.024202486190062704 0.041103452594182535 -0.019484639497740246 -0.0011741305858093414 -0.0082565757568084496 -0.028092252751203729 -0.017596110349561992 -0.04076788279604799 -0.060362572276890084 0.0035784166585830467 0.048647670853049274 0.064125583915564374 -0.020265326140839215 -0.038951538901395605 -0.043441725676764208 0.0043605372451424838 0.0044905470349705752 0.033271965846022544 0.045163782150638924 0.016585130925352565 0.0084160525460831529 -0.03420317647951867 -0.0074310688751725116 0.0051467958797553016 -0.014910132091938129 0.019384415525435763 -0.046324099773900375 0.013063026736887856
leaf_weight=4.0308081507682791 23.484588608145714 133.50843050330877 12.796984620392321 7.7759388834238043 142.64145392179489 243.88765175640583 75.800822965800762 35.994917437434196 8.5589403882622701 5.7031238973140743 6.4641502872109404 37.714423134922981 7.3780821263790113 2.4511935412883785 19.708688646554947 6.9272771775722495 9.2521881237626058 439.59256934374571 19.809949368238449 24.982599869370461 21.683908596634865 16.852005884051323 199.66121007502079 16.105147510766983 138.03470069169998 516.97788764536381 8.5069321990013105 19.686236575245857 25.66083225980401 4.5711935013532639
leaf_count=35 112 900 74 51 978 1484 430 230 73 26 35 181 34 21 187 32 70 2321 83 105 93 70 845 70 1099 2460 37 81 283 20
internal_value=-6.69863e-05 -0.00438302 -0.00224715 -0.0057661 -0.0111414 0.000132168 0.00104495 -0.0143766 -0.0156127 0.00592285 0.00341358 -0.0109356 0.00496205 -0.0280516 -0.0109305 -0.00302117 -0.0109781 0.00250489 0.0106557 0.00786651 0.0220245 0.00208327 0.0111803 -0.0128606 -0.00886387 0.00429716 -0.0345354 0.0328965 -0.0391387 0.0350348
internal_weight=2236.2 1299.7 1092 527.813 276.15 251.664 564.185 48.7919 207.697 936.509 612.025 59.6128 552.412 56.3797 22.1599 44.6417 151.318 515.393 324.484 260.559 63.9253 22.5551 224.644 35.9151 142.066 540.462 14.9711 41.3701 34.2198 11.9493
internal_count=12520 8236 6468 3413 1878 1535 3055 304 1768 4284 2911 285 2626 564 208 213 1204 2751 1373 1103 270 96 950 153 1134 2572 72 174 356 54
is_linear=0
shrinkage=0.05


Tree=33
num_leaves=21
num_cat=0
split_feature=1 4 3 2 2 4 1 3 3 0 0 4 3 2 2 1 4 2 2 4
split_gain=21.1659 12.1707 6.8387 6.06138 10.102 5.77907 8.04201 5.8829 4.91567 4.52958 4.18512 7.53526 6.05226 2.67248 2.64145 2.06946 2.5454 2.541 0.03794 0.000626408
threshold=0.0016238149401651694 3.8584362017883396 1.0328001578147645 0.0091449527824464267 0.011903779073897837 20.769502179652431 -0.0020689429815602951 0.93906415490234896 0.7358884739846151 81.48160048938658 64.188677105800281 1.5766706376002919 0.48325231408559749 -0.01744289136528537 -0.010824148842572877 0.0054008132131363471 9.7918111830568737 0.0042474729819365073 0.0013971348722575663 2.8109166915756636
decision_type=2 2 2 2 2 2 2 2 2 2 2 2 2 2 2 2 2 2 2 2
left_child=1 2 10 5 8 6 -3 -7 -5 -6 12 -12 -1 -2 -15 17 -17 -16 19 -4
right_child=13 3 18 4 9 7 -8 -9 -10 -11 11 -13 -14 14 15 16 -18 -19 -20 -21
leaf_value=-0.0095476028851821694 -0.05022633843040776 -0.011648361594716772 -0.053876342764230992 0.064920763228675391 0.014624357076274477 -0.034834305499025726 -0.00098874070654535878 0.011140438252089241 0.01215097831121132 -0.046040807623386804 -0.034217050636626389 0.0062956140772640005 -0.031005336832863047 0.054464585568623103 0.0096186298633938617 0.042590077930796028 0.01261207305101621 0.0025299308497562373 -0.06214958959089683 -0.055006261093033609
leaf_weight=96.611959598958492 1.9670307785272587 213.35462706536055 1.6275309398770312 11.161778062582021 6.4332097172737104 7.3927945941686621 1036.6317670419812 118.34470419585705 7.2991358488798133 5.8977918401360512 14.438522472977636 55.97245317697525 49.801132820546627 3.0627443939447394 336.60514008998871 8.2966879159212095 48.322274655103683 202.4553060233593 2.3290463089942932 4.9792486280202866
leaf_count=757 9 1396 25 52 29 39 5960 571 31 32 126 395 460 14 1431 39 199 877 17 61
internal_value=-6.5941e-05 -0.00301906 -0.0137956 -0.00128931 0.0206504 -0.00178037 -0.00280818 0.00843733 0.0440565 -0.0143912 -0.012029 -0.00201194 -0.0168463 0.00795842 0.00814957 0.00791143 0.0170049 0.00695632 -0.0566623 -0.0547279
internal_weight=2232.98 1632.28 225.76 1406.52 30.7919 1375.72 1249.99 125.737 18.4609 12.331 216.824 70.411 146.413 600.709 598.742 595.679 56.619 539.06 8.93583 6.60678
internal_count=12520 9951 1841 8110 144 7966 7356 610 83 61 1738 521 1217 2569 2560 2546 238 2308 103 86
is_linear=0
shrinkage=0.05


Tree=34
num_leaves=31
num_cat=0
split_feature=1 4 4 0 3 0 1 2 3 0 1 4 0 4 3 3 2 3 2 2 1 4 2 4 2 2 2 4 1 3
split_gain=19.1833 10.627 4.56033 6.23182 6.58232 5.17279 4.6057 5.44279 4.36637 4.05424 5.80221 4.00429 3.91555 3.86538 4.8444 4.10184 3.86425 3.83164 3.78022 4.61551 6.66959 6.40287 3.96694 4.92164 4.86905 3.7335 5.86018 4.44079 2.85724 2.12622
threshold=0.00074794180973480906 4.1360203513581277 9.5926677983547393 56.592581571346706 0.3966779125192757 55.586865089191384 -0.0039712936794550338 -0.0018013916929711102 0.60073932834917543 59.612163608827736 0.00045562160870049612 4.0263261433803388 17.816290485386272 11.916315730423362 1.1657939524519647 1.2384837873220955 0.004707402922416116 0.095353398966985706 -0.0027920095083446834 -0.0076354039552118938 0.0037171655734175029 20.769502179652431 1.0000000180025095e-35 13.892085156907173 0.0010640498554523872 -0.0049088419975768507 -0.0070919320457122894 5.1684545043090555 0.001605358212736552 0.6744110837187286
decision_type=2 2 2 2 2 2 2 2 2 2 2 2 2 2 2 2 2 2 2 2 2 2 2 2 2 2 2 2 2 2
left_child=1 8 3 5 -5 -3 12 -8 11 29 -11 17 -4 14 25 28 -17 -1 19 21 -21 -15 23 -20 -24 26 -2 -27 -16 -10
right_child=13 2 6 4 -6 -7 7 -9 9 10 -12 -13 -14 18 15 16 -18 -19 22 20 -22 -23 24 -25 -26 27 -28 -29 -30 -31
leaf_value=-0.057393895959515766 0.019596253530726755 -0.0082918555819831048 -0.032638318947304922 0.034964805087448626 -0.00063172322888691023 -0.045658250155038223 0.0089852330088727225 -0.0017357768747217226 -0.01600557833064703 -0.027293528980440646 0.028477294394672305 -0.04249010802601156 -0.0046393997491109796 -0.042567908129640272 -0.059044987381841212 0.0032805762856108569 -0.037572520016335764 -0.0066305186719035477 -0.028961928912970825 0.041116580893529153 -0.0097804777308321284 0.031889543585370848 0.031025110943296609 0.0051999502019391833 0.0076772574631050298 -0.0014320894188840159 -0.032871499039475068 0.0084495276594613172 -0.014504250218049065 -0.045329735290131151
leaf_weight=3.8214858323335639 8.0856714397668856 336.95553037524223 15.360290713608263 14.099612616002558 164.55281443893909 9.5237235426902753 209.76303754746914 271.74936804175377 8.303050331771372 14.99864834547043 6.7679722607135764 8.9613426923751813 66.747947856783867 5.7895924597978574 6.2538535073399535 37.778859436511993 6.8356981128454199 136.3084803968668 15.266982659697531 30.973963022232056 8.1249730437993986 5.75986348092556 25.135499954223633 34.073520079255104 200.06804694235325 165.28492354601622 15.569672554731367 364.26655085384846 8.4866594374179822 24.192952647805214
leaf_count=35 39 2299 103 78 971 65 1115 1436 73 150 58 70 401 26 35 181 32 1099 66 129 33 25 105 144 845 872 74 1641 37 283
internal_value=-6.41692e-05 -0.00401499 -0.0020553 -0.00540776 0.00217763 -0.00931895 0.00106822 0.00293466 -0.0145071 -0.0266516 -0.00995251 -0.0100871 -0.00987726 0.00537956 0.00304064 -0.0105341 -0.0029788 -0.00801489 0.00978538 0.0223365 0.0305399 -0.00543501 0.00746993 -0.00537045 0.0102832 0.0044971 -0.0149374 0.00536525 -0.0334012 -0.0378371
internal_weight=2229.86 1292.11 1088.75 525.132 178.652 346.479 563.621 481.512 203.354 54.2626 21.7666 149.091 82.1082 937.754 612.562 59.3551 44.6146 140.13 325.192 50.6484 39.0989 11.5495 274.544 49.3405 225.204 553.207 23.6553 529.551 14.7405 32.496
internal_count=12520 8236 6468 3413 1049 2364 3055 2551 1768 564 208 1204 504 4284 2911 285 213 1134 1373 213 162 51 1160 210 950 2626 113 2513 72 356
is_linear=0
shrinkage=0.05


Tree=35
num_leaves=20
num_cat=0
split_feature=1 4 3 1 4 1 4 2 0 0 2 2 4 2 2 0 0 0 0
split_gain=17.5264 10.56 9.13549 7.10202 6.66089 4.57665 5.58689 5.75387 3.8366 6.27649 4.61852 3.40691 3.21133 3.18229 3.05269 2.2312 5.25575 2.61349 3.40948
threshold=0.0016238149401651694 6.5551384688845502 1.0433220893010153 -0.0020689429815602951 2.5646626393832057 -0.0045387939578740979 20.769502179652431 0.008899089622739333 29.709630361159785 40.609203073503551 -0.010334921399122841 0.0037985594687568462 5.0934975805845424 -0.0017446750168425005 -0.00023485133783623932 21.408567780882326 25.691237107906556 32.002862912517337 33.096434054009208
decision_type=2 2 2 2 2 2 2 2 2 2 2 2 2 2 2 2 2 2 2
left_child=1 2 3 14 -5 8 7 -7 10 -10 -3 12 -4 -8 -1 -2 -17 -18 -19
right_child=15 5 11 4 -6 6 13 -9 9 -11 -12 -13 -14 -15 -16 16 17 18 -20
leaf_value=-0.020859815729752786 0.063193406513224568 -0.0012848181959467389 -0.018374175867773162 -0.017190613391469965 -0.0021550536904487564 -0.00081212280129790517 0.021356436976779958 0.023361884374807636 0.01977108796079291 -0.025113167051934001 -0.038337707043755061 0.024808859343492081 -0.046016541589911558 0.0025393131415808574 -0.05781073170104311 -0.050065088077095324 0.035766637973340711 -0.040534609682487774 0.0073610521321499263
leaf_weight=25.720288351178169 1.7755023986101139 13.850396350026129 19.438309565186501 90.016747124493122 405.38160743191838 868.6422149464488 49.943401739001274 25.33305412530899 17.856076002120975 13.814685642719267 21.410849913954735 2.6808179765939704 22.867222085595131 40.842679038643837 7.1414518654346457 3.9995770007371894 8.0349616110324842 3.7394391596317282 584.28265422582626
leaf_count=225 8 89 207 847 2649 4815 224 112 108 83 146 14 183 183 66 19 35 16 2491
internal_value=-6.30883e-05 -0.00276268 -0.00822222 -0.00638026 -0.0048871 0.000213156 0.00107306 -0.000127091 -0.0124385 0.000192718 -0.0237836 -0.0298518 -0.0333156 0.012891 -0.0288899 0.00722577 0.00706017 0.00744349 0.00705647
internal_weight=2226.77 1624.94 573.246 528.26 495.398 1051.69 984.761 893.975 66.932 31.6708 35.2612 44.9863 42.3055 90.7861 32.8617 601.832 600.057 596.057 588.022
internal_count=12520 9951 4191 3787 3496 5760 5334 4927 426 191 235 404 390 407 291 2569 2561 2542 2507
is_linear=0
shrinkage=0.05


Tree=36
num_leaves=26
num_cat=0
split_feature=1 4 4 3 1 2 4 0 0 4 3 3 3 0 1 3 3 2 0 4 0 3 0 0 3
split_gain=16.0297 9.23609 7.7317 7.13294 5.33023 5.82667 3.96942 8.9273 4.19721 3.30129 4.30688 3.86396 10.0058 3.88919 3.65986 3.52945 5.87489 4.67233 4.18764 3.15448 3.77183 2.9251 2.09076 1.37492 0.554997
threshold=0.00074794180973480906 5.0088606346008167 5.0472683398411524 0.65712166088671897 -0.0020689429815602951 -0.0034047608737280961 9.5926677983547393 59.382260984094067 21.408567780882326 11.916315730423362 1.1657939524519647 1.4491308711012341 1.6131603736849922 66.493990230646418 0.0054008132131363471 0.60999148842221895 0.79172920091861554 -0.0055545082216886801 61.373951686621922 2.8109166915756636 79.205137397239199 0.94419259762302954 35.728228011432421 72.353255300140304 0.75971619619539343
decision_type=2 2 2 2 2 2 2 2 2 2 2 2 2 2 2 2 2 2 2 2 2 2 2 2 2
left_child=1 3 -3 4 22 -6 7 -4 -8 10 14 13 -13 -12 21 -11 18 -18 -17 24 -21 -2 -1 -16 -5
right_child=9 2 6 19 5 -7 8 -9 -10 15 11 12 -14 -15 23 16 17 -19 -20 20 -22 -23 -24 -25 -26
leaf_value=-0.015895064247018139 0.0019729302988271266 0.058899786659130843 -0.0098911980397672246 -0.03272377141163535 0.018161786257450945 -0.0081295035991150802 -0.013167029356784708 0.0059042898753092861 0.0023133640500001911 -0.022454611677583655 -0.0049289580081152912 0.042233877743272689 -0.034850232901710923 -0.035704070349343239 0.045554706682578133 0.016622591899283456 0.032334260539762738 0.0062915202770758936 0.05990169896192226 -0.023451636022044361 0.028213937211701068 0.012250505673511384 -0.055628737989414624 0.010216748287007853 -0.054265957576075656
leaf_weight=6.0843882262706739 460.85625842213631 5.2783799320459357 311.24494764953852 4.5008952468633643 24.085322126746178 168.52330173552036 47.848828181624413 125.53075175732374 515.70241375267506 8.6959409564733487 23.59241109341383 10.004083991050722 7.2683958560228339 18.174349419772625 7.1194362640380842 13.895754098892214 18.370969757437706 275.53020744025707 9.3500812798738462 56.314763396978378 3.7689823955297461 81.469338461756706 7.2626050561666489 4.4875426739454269 8.9058486782014352
leaf_count=57 2198 32 2097 57 169 1322 304 704 2751 37 116 45 37 87 34 59 77 1161 39 507 22 374 81 20 133
internal_value=-6.15833e-05 -0.00368993 -0.00145538 -0.0117311 -0.00695926 -0.00484183 -0.00177386 -0.00535152 0.000998987 0.0049049 0.00274315 -0.0100946 0.00979628 -0.0183204 0.00411142 0.00897156 0.00983325 0.00791938 0.0340306 -0.025104 -0.0202107 0.00351685 -0.0375157 0.0318922 -0.0470338
internal_weight=2223.87 1285.05 1005.61 279.446 205.956 192.609 1000.33 436.776 563.551 938.815 612.972 59.0392 17.2725 41.7668 553.933 325.843 317.147 293.901 23.2458 73.4905 60.0837 542.326 13.347 11.607 13.4067
internal_count=12520 8236 5888 2348 1629 1491 5856 2801 3055 4284 2911 285 82 203 2626 1373 1336 1238 98 719 529 2572 138 54 190
is_linear=0
shrinkage=0.05


Tree=37
num_leaves=29
num_cat=0
split_feature=1 4 3 1 4 2 3 3 4 0 0 1 4 1 3 3 4 0 1 2 4 4 3 4 4 0 3 3
split_gain=14.556 9.32473 6.40892 5.50568 7.38055 5.46401 4.8685 6.60936 4.84073 4.96048 4.78069 5.67614 5.1287 4.20096 1.97001 6.58225 4.8493 3.04277 2.89687 2.91863 4.14193 3.47866 2.47009 6.9487 3.37915 2.20285 0.649407 0.000961171
threshold=0.0016238149401651694 3.3947236222339092 0.45931100877595965 -0.00098109595869572109 13.577309153777799 -0.0003037250661456769 0.22094213942064744 0.40202615954041604 0.8589151204800195 81.48160048938658 64.188677105800281 -0.00067698531214188662 1.9930401309159826 -0.0045387939578740979 1.6131603736849922 1.5015183197737709 23.581423296159304 73.359736255394196 0.0043646033202289223 0.0042474729819365073 17.809482755057783 17.363750773988325 1.3482701009333911 20.351915243693092 12.292898058303921 75.144911527264682 1.7795124883851261 0.20508713502675111
decision_type=2 2 2 2 2 2 2 2 2 2 2 2 2 2 2 2 2 2 2 2 2 2 2 2 2 2 2 2
left_child=1 2 8 4 13 -6 -5 -8 27 -10 11 -4 -12 -3 15 22 17 -17 19 21 -21 -16 24 -24 -2 -20 -27 -1
right_child=14 3 10 6 5 -7 7 -9 9 -11 12 -13 -14 -15 18 16 -18 -19 25 20 -22 -23 23 -25 -26 26 -28 -29
leaf_value=-0.057073396531973679 0.0047815013441424069 -0.035773242277095045 -0.0004595018841291956 -0.06312795351394504 -0.002754541241483209 0.016159145721559035 0.019296903839860491 0.00028968359529917378 -0.0012556299817942712 -0.045435455360907546 -0.055869772042323934 -0.045889192938451825 0.00376233116861954 -0.0090689470132097744 -0.03450419208392011 -0.00046190370335749941 0.068363804548794038 0.04290518723616582 0.031093328847998033 0.01777538699046885 -0.036643719072474969 0.015559273199368163 0.0076080365068272567 -0.038460072902963272 0.014211629723832589 0.009334803254212069 -0.015694575125411569 -0.055614150101922846
leaf_weight=2.6019539423286906 350.84025791287422 15.539755903184412 8.7334480173885805 2.9438846185803405 158.63365690410137 50.291496157646179 48.231335267424583 884.17108330130577 100.96029889583588 6.7802239358425131 4.4717359393835094 32.322101052850485 18.617369700223207 281.72350770235062 4.5475144386291531 9.197504281997686 6.9791786968708029 7.2196386754512778 9.3122471719980258 4.5759685933589962 14.822984650731085 14.641965031623839 28.572133600711823 11.471984699368475 130.2713465243578 5.5368666946887952 4.8717727363109589 1.9926563277840612
leaf_count=25 1521 129 82 19 859 252 281 4949 797 51 51 356 147 1931 20 38 29 30 38 20 64 61 119 48 537 23 21 22
internal_value=-6.02292e-05 -0.00253108 -0.0133794 -0.00120298 -0.0054034 0.00179827 0.0010702 0.00127289 -0.00617931 -0.00403591 -0.0259887 -0.0362253 -0.0077868 -0.0104649 0.00657127 0.00750656 0.0334512 0.0186093 -0.00216339 -0.0101305 -0.0238069 0.00369526 0.00634182 -0.00558972 0.00733491 0.0134261 -0.00238022 -0.0564405
internal_weight=2220.88 1618.01 176.48 1441.53 506.188 208.925 935.346 932.402 112.335 107.741 64.1447 41.0555 23.0891 297.263 602.861 544.552 23.3963 16.4171 58.3093 38.5884 19.399 19.1895 521.156 40.0441 481.112 19.7209 10.4086 4.59461
internal_count=12520 9951 1531 8420 3171 1111 5249 5230 895 848 636 438 198 2060 2569 2322 97 68 247 165 84 81 2225 167 2058 82 44 47
is_linear=0
shrinkage=0.05


Tree=38
num_leaves=25
num_cat=0
split_feature=1 4 0 2 4 3 4 0 1 2 1 4 2 0 0 4 3 1 4 4 1 2 3 3
split_gain=13.2106 8.10136 4.24688 6.54983 3.97581 3.7914 3.93164 3.92879 5.86984 3.77835 2.88203 2.66099 2.27773 2.82716 3.90125 3.64893 2.11748 2.08572 3.81974 1.97361 3.5288 3.00565 1.25528 0.893878
threshold=0.00074794180973480906 4.1360203513581277 85.286157414252969 0.008899089622739333 20.769502179652431 0.60073932834917543 4.0263261433803388 59.612163608827736 -0.00044810955120544444 0.0064894645536015547 0.0032706250874436908 11.542834532800535 -0.0060665396262923324 48.582742121408593 43.018264453162864 21.20511760868126 0.6744110837187286 0.00077348631347973218 9.4509484417555054 3.9899203914780572 0.0013477350278497948 0.0043048984038389646 0.63568076824385911 0.45026851944896523
decision_type=2 2 2 2 2 2 2 2 2 2 2 2 2 2 2 2 2 2 2 2 2 2 2 2
left_child=1 5 3 4 -3 6 9 16 -9 -1 17 -5 -12 14 -14 -15 -7 18 -2 20 -19 -21 -4 -8
right_child=10 2 22 11 -6 7 23 8 -10 -11 12 -13 13 15 -16 -17 -18 19 -20 21 -22 -23 -24 -25
leaf_value=-0.0049255382831221743 -0.0056150252689161576 -0.0029688410423490802 -0.054402901138028939 0.045497119078493777 0.0069699733801948747 -0.013855816101010644 -0.02627414358246697 0.065328135595486156 -0.017378209370811925 -0.049574703306630864 -0.01692786079651706 0.0070237146399797501 0.0039643506061731587 0.011914733161901121 0.042042390395606387 -0.0041298702187238263 -0.043911115561611772 -0.015818867011235922 0.057133332391871343 0.0057242680624673943 0.0045142799451205673 -0.0020743198665162548 -0.015406592725448457 -0.058567133441601228
leaf_weight=131.817597810179 4.8317790254950506 942.7494555413723 4.666449770331381 10.084564477205278 112.64585040509701 7.9623504877090481 4.5843665301799756 2.4276452437043217 18.44579891115427 4.9148952513933173 8.0029154121875745 8.1075002402067167 12.007595807313921 149.97294199466705 15.294451296329497 46.399686068296432 22.197665546089411 38.45675553381443 4.8696502298116684 440.3478145673871 47.936065152287483 171.73628424108028 3.699796199798584 4.023744523525238
leaf_count=1097 27 5785 28 47 551 73 37 21 187 37 36 36 49 619 62 194 283 249 22 2013 235 778 21 33
internal_value=-5.90139e-05 -0.00336759 -0.00167183 -0.0013953 -0.00190804 -0.0127107 -0.00859386 -0.0244352 -0.00775921 -0.00653047 0.00444109 0.028351 0.0092819 0.0102197 0.0252955 0.00812365 -0.0359764 0.00285744 0.0258816 0.00253765 -0.00453678 0.00353617 -0.0371576 -0.0413691
internal_weight=2218.18 1278.33 1081.95 1073.59 1055.4 196.374 145.341 51.0335 20.8734 136.732 939.856 18.1921 231.678 223.675 27.302 196.373 30.16 708.178 9.70143 698.477 86.3928 612.084 8.36625 8.60811
internal_count=12520 8236 6468 6419 6336 1768 1204 564 208 1134 4284 83 960 924 111 813 356 3324 49 3275 484 2791 49 70
is_linear=0
shrinkage=0.05


Tree=39
num_leaves=20
num_cat=0
split_feature=1 4 3 1 4 1 4 2 4 0 2 2 4 2 2 2 2 0 2
split_gain=12.0028 8.07846 8.55855 6.24864 5.49935 3.99612 4.45925 4.7621 3.41998 3.10746 3.04681 3.03919 3.33464 2.93945 2.42872 2.28207 1.81616 2.68679 1.21019
threshold=0.0016238149401651694 6.5551384688845502 1.0433220893010153 -0.0020689429815602951 2.2558966574477979 -0.0045387939578740979 20.769502179652431 0.0091449527824464267 13.783084746383436 29.709630361159785 -0.00023485133783623932 0.0037985594687568462 5.0934975805845424 -0.0017446750168425005 -0.01744289136528537 -0.010824148842572877 -0.00926088068556624 32.002862912517337 -0.0049702130361725097
decision_type=2 2 2 2 2 2 2 2 2 2 2 2 2 2 2 2 2 2 2
left_child=1 2 3 10 -5 8 7 -7 18 -10 -1 12 -4 -8 -2 -16 -17 -18 -3
right_child=14 5 11 4 -6 6 13 -9 9 -11 -12 -13 -14 -15 15 16 17 -19 -20
leaf_value=-0.018949574708659017 -0.049670826002019421 -0.050042923931717033 -0.016309136062342515 -0.016892760826220495 -0.0017938753232472114 -0.00058281243754148236 0.019693678494122156 0.022732181813543747 -0.017619266793714054 0.0065729106780507071 -0.05717679547072068 0.022642725356942405 -0.045083360647711075 0.0016697708571959348 0.048651089765273353 -0.030803830093057011 0.036219842001915789 0.0057461957355647783 -0.019346035917310832
leaf_weight=24.696112640202049 1.9558164626359928 6.4574925601482391 18.545751020312309 70.48080799728632 417.74388336390257 869.16258490085602 50.369517311453819 22.467343598604202 27.713367566466331 25.476055905222893 6.6068937443196765 2.722256287932395 22.028789594769478 41.061332136392593 3.1401034295558921 3.3488032668828955 7.323219195008277 587.82797430455685 6.3858073502778989
leaf_count=225 9 56 207 689 2807 4830 224 97 176 142 66 14 183 183 14 16 31 2499 52
internal_value=-5.73414e-05 -0.00230938 -0.00714201 -0.00536206 -0.00397357 0.000283262 0.00108304 4.68016e-06 -0.0116235 -0.00603198 -0.0270179 -0.0285 -0.0319313 0.0115992 0.00595678 0.00613761 0.00591456 0.00612117 -0.0347801
internal_weight=2215.51 1611.92 562.824 519.528 488.225 1049.09 983.061 891.63 66.0327 53.1894 31.303 43.2968 40.5745 91.4308 603.596 601.64 598.5 595.151 12.8433
internal_count=12520 9951 4191 3787 3496 5760 5334 4927 426 318 291 404 390 407 2569 2560 2546 2530 108
is_linear=0
shrinkage=0.05


Tree=40
num_leaves=30
num_cat=0
split_feature=1 4 1 4 2 2 2 4 4 3 4 1 3 0 3 3 4 1 0 3 3 1 4 3 4 4 4 2 1
split_gain=11.0841 10.9731 4.86193 7.45139 4.77537 6.79049 7.93703 4.53174 4.03245 6.76587 10.4653 9.89952 7.12804 4.39043 3.67846 6.71115 4.25192 3.60056 4.49104 3.36203 3.35794 3.22703 2.64553 7.16224 3.59885 1.96418 1.7869 0.595607 0.0822707
threshold=0.0001879619864796345 9.7918111830568737 -0.00098109595869572109 23.581423296159304 -0.0079061435202487079 -0.0029167676016449979 -0.0011962914849351078 10.113476692969339 5.0088606346008167 0.31866182700625195 1.9930401309159826 0.00024423848151977628 0.37035266021446905 78.395705218818662 0.40202615954041604 0.32781101408370666 7.8798437844960612 -0.0011866064742899749 35.259990319801155 1.4096691806508914 0.63992596882173081 -0.0031540560118757384 5.5484128425156927 0.4732361884890634 7.6577670632539903 8.6331376447639432 26.693108694605101 -0.0097658925974989912 0.00090187785160122946
decision_type=2 2 2 2 2 2 2 2 2 2 2 2 2 2 2 2 2 2 2 2 2 2 2 2 2 2 2 2 2
left_child=1 4 17 7 20 19 -7 -4 9 11 28 -2 -12 -13 15 -10 -17 21 -19 -6 27 -3 23 -16 -24 -22 -5 -1 -11
right_child=8 2 3 26 5 6 -8 -9 14 10 12 13 -14 -15 22 16 -18 18 -20 -21 25 -23 24 -25 -26 -27 -28 -29 -30
leaf_value=-0.038254866484417276 0.09136155111638955 -0.0069197496831786241 0.039374724910066945 0.070592054478192945 0.0013860115696649182 -0.024260658235712856 -0.0072873985205250541 0.0035514845057378792 -0.015841032882805802 -0.055509318617673366 -0.030454675591603499 0.011550194619918045 -0.00068768291101187098 -0.02994304307874554 -0.019677732001970399 0.056665431874803468 0.00012623093908757947 0.015746807164650406 -0.038026655935360566 0.055005725924149179 0.026983930356661148 0.0037540648586574612 -0.0025125081052605695 0.026601739979662427 0.0051236679793754238 -0.030144458462401175 0.028722779753500141 -0.059880370969812115 -0.06643705895973312
leaf_weight=6.9403968900442132 3.6511376798152915 120.02509973198175 9.4576204568147642 5.2267567515373212 108.02359074354172 89.366483975201845 300.3918448202312 132.66667191684246 7.4078490436077145 7.4439574927091581 23.190699674189091 53.246870324015617 151.45714680850506 7.2422930076718322 10.934649780392645 12.22728703916073 4.5673850029706946 5.3957189619541195 13.848441377282141 3.0047473162412635 2.8725639358162871 172.69967672228813 196.91274440288544 35.507332675158978 712.91165308654308 3.1594227775931358 4.9727337211370468 5.8826843351125726 2.2408404946327209
leaf_count=52 29 728 51 22 771 677 2223 677 36 88 130 327 972 45 51 59 21 29 76 20 21 941 1000 194 3180 21 21 44 14
internal_value=-5.57994e-05 -0.00401059 0.00157549 0.00889784 -0.00900169 -0.00807163 -0.0111791 0.00593533 0.00311055 -0.00257885 -0.0074458 0.0114083 -0.00464031 0.00658226 0.00455237 0.023803 0.0412893 -0.00199976 -0.0229495 0.00283712 -0.0337038 -0.000622489 0.00406515 0.0157054 0.00347098 -0.00293867 0.0501788 -0.0481757 -0.0580377
internal_weight=2212.88 983.934 464.293 152.324 519.642 500.787 389.758 142.124 1228.94 248.473 184.333 64.1403 174.648 60.4892 980.469 24.2025 16.7947 311.969 19.2442 111.028 18.8551 292.725 956.266 46.442 909.824 6.03199 10.1995 12.8231 9.6848
internal_count=12520 6374 2545 771 3829 3691 2900 728 6146 1605 1204 401 1102 372 4541 116 80 1774 105 791 138 1669 4425 245 4180 42 43 96 102
is_linear=0
shrinkage=0.05


Tree=41
num_leaves=28
num_cat=0
split_feature=1 4 0 2 3 4 2 4 4 1 4 3 1 3 1 2 2 4 0 0 1 0 1 2 3 3 3
split_gain=10.208 6.72105 4.00828 5.44201 3.6315 3.89763 7.15763 3.77715 3.63096 3.16931 2.52296 5.85065 5.7177 5.41534 8.47278 3.3147 3.08987 3.0225 7.28634 3.95416 2.64258 3.93144 2.48395 2.48239 1.19114 0.898421 0.591038
threshold=0.00074794180973480906 4.1360203513581277 85.286157414252969 0.008899089622739333 0.60073932834917543 2.8109166915756636 0.0011009718673146154 4.0263261433803388 0.8589151204800195 -0.0020689429815602951 12.949831665932306 1.0659304706935437 0.0035070840252549034 0.9294595593388858 0.0025388565454558258 -0.0039889824198537363 -0.0010755503209334825 15.360754874730498 36.927542364922893 82.335357014770025 0.0062097919406493016 61.373951686621922 0.0057163971807127076 0.011903779073897837 0.63568076824385911 0.45026851944896523 0.75971619619539343
decision_type=2 2 2 2 2 2 2 2 2 2 2 2 2 2 2 2 2 2 2 2 2 2 2 2 2 2 2
left_child=1 4 3 9 7 26 -7 8 -1 -3 11 13 16 15 -15 -2 -13 18 -12 -20 22 -22 -19 -5 -4 -9 -6
right_child=10 2 24 23 5 6 -8 25 -10 -11 17 12 -14 14 -16 -17 -18 20 19 -21 21 -23 -24 -25 -26 -27 -28
leaf_value=-0.055237947118554981 -0.012322555048231043 -0.0062921501191105442 -0.05341061233219168 0.037568022469833443 -0.034064472133572214 -0.029126467518067078 0.02039788336053908 -0.025026142149117799 -0.0041702764245130841 -2.4513580477022217e-05 0.077022931510531495 -0.029343291512294714 -0.051799031705658097 0.0060112272770226158 0.044432912948176341 0.0036418482200176075 -0.0022235239955100284 0.0037687005244156969 0.0091665738834142245 0.054721332336739148 -0.0170801317498269 0.031065372145034298 -0.026564124474736741 -0.0028347132660369329 -0.015110800804352646 -0.058038372444904 -0.053801759590512678
leaf_weight=3.5757637806236735 35.064105808734894 272.20103914290667 4.5304860323667508 13.031884238123896 7.2855459824204427 23.762520346790552 10.528249219059942 4.4538568332791311 130.96271416544914 778.69210807234049 4.6514247506856909 11.816516205668448 7.0296927243471137 47.929533824324608 20.479754462838173 447.19133623689413 94.476237915456295 169.62229686975479 66.31905822455883 5.1321337968111029 5.4799338281154659 18.741560429334641 7.0289719104766837 5.3677104115486136 3.6782395392656326 3.8360399082303047 7.9122078120708466
leaf_count=42 165 1721 28 58 97 251 83 37 1092 4615 20 55 29 220 84 2124 447 713 277 21 22 78 29 25 21 33 133
internal_value=-5.52563e-05 -0.00297996 -0.00144316 -0.00117597 -0.0115903 -0.0232626 -0.0139211 -0.0075459 -0.00552755 -0.00164795 0.0038916 0.00221944 -0.00812669 0.00434859 0.0175136 0.0024811 -0.00523842 0.00790025 0.0163861 0.0124386 0.00468532 0.0201728 0.00256175 0.0257813 -0.0362489 -0.0403021 -0.04434
internal_weight=2210.78 1269.82 1077.5 1069.29 192.317 49.4885 34.2908 142.828 134.538 1050.89 940.963 663.987 113.322 550.665 68.4093 482.255 106.293 276.975 76.1026 71.4512 200.873 24.2215 176.651 18.3996 8.20873 8.2899 15.1978
internal_count=12520 8236 6468 6419 1768 564 334 1204 1134 6336 4284 3124 531 2593 304 2289 502 1160 318 298 842 100 742 83 49 70 230
is_linear=0
shrinkage=0.05


Tree=42
num_leaves=20
num_cat=0
split_feature=1 4 2 2 0 4 3 1 2 1 3 2 1 1 2 2 3 3 4
split_gain=9.2895 6.86686 7.28611 8.47889 4.28173 3.85586 7.79842 5.37161 2.87877 3.49669 2.48929 4.48897 4.38494 2.31198 2.20522 2.06777 1.73661 5.95914 2.68515
threshold=0.0016238149401651694 2.5646626393832057 0.0046306175282784254 0.005947930056323548 14.90544497868318 13.577309153777799 0.90348461789415546 -7.007325959207388e-06 -0.012490682221885372 -0.0025650747812608894 0.39068206000060912 0.0023523278448508438 -0.00081099393154254729 -0.0054401707363345144 -0.01744289136528537 -0.010824148842572877 1.6131603736849922 1.5015183197737709 13.687582990995873
decision_type=2 2 2 2 2 2 2 2 2 2 2 2 2 2 2 2 2 2 2
left_child=1 2 10 -4 8 7 -7 -6 13 -10 12 -12 -1 -3 -2 -16 17 -17 -18
right_child=14 4 3 -5 5 6 -8 -9 9 -11 11 -13 -14 -15 15 16 18 -19 -20
leaf_value=-0.045126370330158955 -0.048178407820249375 -0.024084495091515466 0.092837991593197888 -0.025242723830311977 -0.0057535034729218277 -0.019059655025656447 0.0060178626261920718 0.0011365086577634202 -0.05419262449866985 -0.010232971661885349 -0.038089207539710186 0.020550161427794901 -0.0062368339383855366 0.028981839997809036 0.045600754253527082 0.0049502583057501482 -0.037753338383465562 0.03069381782974169 0.00030025491818720586
leaf_weight=8.7356352359056455 1.9267768412828434 3.9789587929844856 3.2191803455352774 2.8806865960359573 570.22646263986826 34.282911837100983 323.84971161186695 561.36916868761182 9.1232638433575648 8.9725860655307752 26.675107382237915 3.718662664294242 42.572942316532135 4.2393466159701365 3.181486263871192 517.79067727923393 5.0777696818113318 23.499689444899559 53.249641954898834
leaf_count=89 9 27 21 22 3863 184 1608 3213 70 65 355 29 379 26 14 2202 23 97 224
internal_value=-5.37462e-05 -0.00204492 -0.0156397 0.0370739 -0.00125757 -0.000904418 0.00361727 -0.00233546 -0.0212508 -0.0323958 -0.0195752 -0.0309147 -0.012858 0.00328935 0.00522721 0.00539791 0.0051846 0.00606789 -0.00301255
internal_weight=2208.57 1603.84 87.8022 6.09987 1516.04 1489.73 358.133 1131.6 26.3142 18.0958 81.7023 30.3938 51.3086 8.21831 604.726 602.799 599.618 541.29 58.3274
internal_count=12520 9951 895 43 9056 8868 1792 7076 188 135 852 384 468 53 2569 2560 2546 2299 247
is_linear=0
shrinkage=0.05


Tree=43
num_leaves=20
num_cat=0
split_feature=1 4 3 4 3 2 2 3 2 0 0 0 2 2 2 0 0 2 1
split_gain=8.38666 6.36874 6.53881 3.85844 4.08376 3.76979 7.71997 4.27829 4.04712 9.13202 5.59198 3.70289 2.01991 1.83864 1.66657 2.50953 0.0326797 0.00365516 0.00104467
threshold=0.0016238149401651694 3.8584362017883396 1.0328001578147645 0.8589151204800195 0.19124988926921135 0.0091449527824464267 0.011903779073897837 0.7358884739846151 0.007098994904542578 73.674744732542536 77.52930533154489 81.48160048938658 -0.01744289136528537 -0.010824148842572877 -0.00926088068556624 32.002862912517337 73.359736255394196 0.0011377273226169662 0.00012445774390756895
decision_type=2 2 2 2 2 2 2 2 2 2 2 2 2 2 2 2 2 2 2
left_child=1 2 3 18 -5 8 7 -7 10 -10 -3 -8 -2 -14 -15 -16 17 -4 -1
right_child=12 5 16 4 -6 6 11 -9 9 -11 -12 -13 13 14 15 -17 -18 -19 -20
leaf_value=-0.054952369148717942 -0.046604812889996988 -0.0011243117705494732 -0.053614261171258538 0.012036698956327783 -0.010001101129530838 0.055456801404442847 0.011028808445559098 0.0068298921156037433 0.012601769997224952 -0.036518675417451123 0.021371301424792183 -0.044250831864453617 0.042817475477899047 -0.030354025294283785 0.034130433381995097 0.0047558769763935112 -0.062584528831149441 -0.056577483905817662 -0.056552764915211551
leaf_weight=2.5187951959669581 1.893106848001479 1291.7164550796151 4.6909536570310584 23.892699468880892 174.93150348216295 11.546999081969266 6.5364400595426542 7.4363709092140189 15.755841575562952 23.686869412660599 28.22919312864542 5.6460734158754349 3.2178980410099021 3.3296740651130667 7.3617417961359015 589.37297320365906 1.4706935957074163 1.3373754099011419 1.7132498174905775
leaf_count=31 9 7605 78 195 1494 52 29 31 81 126 154 32 14 16 31 2499 11 14 18
internal_value=-5.24706e-05 -0.00194771 -0.0100517 -0.00835838 -0.00735282 -0.000720622 0.016473 0.0364081 -0.00111481 -0.016897 -0.000643206 -0.0145909 0.00496175 0.00512357 0.00492143 0.00511826 -0.055902 -0.0542716 -0.0556003
internal_weight=2206.28 1601.11 210.555 203.056 198.824 1390.55 31.1659 18.9834 1359.39 39.4427 1319.95 12.1825 605.175 603.282 600.064 596.735 7.49902 6.02833 4.23205
internal_count=12520 9951 1841 1738 1689 8110 144 83 7966 207 7759 61 2569 2560 2546 2530 103 92 49
is_linear=0
shrinkage=0.05


Tree=44
num_leaves=29
num_cat=0
split_feature=1 4 2 2 2 1 4 4 1 3 2 2 4 0 0 4 1 4 1 1 0 3 4 3 0 4 4 2
split_gain=7.87628 9.1863 4.51577 6.19159 7.47829 4.1469 6.52862 4.06145 4.0481 12.0721 9.38415 11.5116 5.44905 5.43747 6.77181 4.57288 10.2855 7.35934 5.33842 3.37756 4.13759 3.25898 3.21159 2.95852 2.94067 2.22214 1.55921 0.595634
threshold=0.0001879619864796345 9.7918111830568737 -0.0079061435202487079 -0.0029167676016449979 -0.0015440354026799994 -0.00098109595869572109 23.581423296159304 10.113476692969339 0.0002575470823651394 0.43519534899471018 -0.0011962914849351078 0.0013232575884124522 8.3044228254467995 54.370397813546695 66.655291626119691 5.1684545043090555 0.0040492197228730884 5.2697309296913817 0.0032706250874436908 -0.0011866064742899749 35.259990319801155 0.63992596882173081 8.8640015548072366 0.42528584388612573 62.631419052319231 8.5225071497052625 26.693108694605101 -0.0097658925974989912
decision_type=2 2 2 2 2 2 2 2 2 2 2 2 2 2 2 2 2 2 2 2 2 2 2 2 2 2 2 2
left_child=1 2 21 22 -5 19 7 -7 9 13 12 -12 -11 -2 -15 16 18 -17 -10 24 -21 27 -4 -19 -3 -23 -8 -1
right_child=8 5 3 4 -6 6 26 -9 15 10 11 -13 -14 14 -16 17 -18 23 -20 20 -22 25 -24 -25 -26 -27 -28 -29
leaf_value=-0.037105013025067642 0.017601228289645065 0.00081816769336622269 0.0065431120657801316 -0.025495417643039628 -0.0069519570712724384 0.037029149593202131 0.065737250115117773 0.003383900583973982 -0.0045010730299779016 0.0051399094311251961 -0.037025735672173439 0.014880290038141267 0.06790813256758052 0.14525485799487772 0.042320227309372092 0.054298058550449349 0.055421711096171847 0.019027801635461715 -0.045990102962836545 0.014804979268805394 -0.036818221092577492 0.030948572459037933 -0.019225627312341093 0.0026287400643449036 -0.02299805471883733 -0.030275038130778999 0.02684215920416777 -0.059199420035932863
leaf_weight=6.7163846641778955 3.8656483218073827 277.87194611132145 96.504316061735153 65.609589751809835 317.38471812754869 9.6195136755704862 5.3063441067934018 132.764294475317 231.10036888346076 6.0268764197826377 17.632923793047667 27.096053879708052 8.11092661321163 3.130547322332859 3.2634046152234077 7.0853408798575392 7.0410632193088523 28.391136839985847 8.0224376767873746 5.4370830208063152 13.566379040479658 2.744786635041236 13.823260985314844 878.96651712059975 13.595210239291189 3.2216898947954178 5.0088343024253845 5.5885334536433229
leaf_count=52 29 1593 703 508 2392 51 22 677 1471 42 129 154 43 22 22 38 30 131 33 29 76 20 88 4002 76 22 21 44
internal_value=-5.08772e-05 -0.00340773 -0.0080262 -0.00712215 -0.0101286 0.0016936 0.00843972 0.00565699 0.00260997 0.0143646 0.00564156 -0.00558195 0.0411503 0.0644153 0.0927181 0.00190986 -0.00413921 0.00353824 -0.00589301 -0.00162435 -0.0220483 -0.0324353 0.00331447 0.00314187 -0.000292718 -0.00211005 0.0468506 -0.0471396
internal_weight=2204.5 974.763 511.593 493.322 382.994 463.17 152.699 142.384 1229.73 69.1264 58.8668 44.729 14.1378 10.2596 6.39395 1160.61 246.164 914.443 239.123 310.471 19.0035 18.2714 110.328 907.358 291.467 5.96648 10.3152 12.3049
internal_count=12520 6374 3829 3691 2900 2545 771 728 6146 441 368 283 85 73 44 5705 1534 4171 1504 1774 105 138 791 4133 1669 42 43 96
is_linear=0
shrinkage=0.05


Tree=45
num_leaves=29
num_cat=0
split_feature=1 4 3 0 2 2 3 1 2 1 2 0 2 3 4 3 1 3 1 2 4 4 0 0 4 3 3 4
split_gain=7.24979 5.35535 6.04058 5.05749 11.0106 4.57693 3.75981 4.00507 8.84715 5.77807 3.45295 4.68134 3.05644 2.78235 2.11938 5.24371 5.2734 4.90897 6.23892 3.42712 2.82299 2.76798 6.48551 3.61258 2.65136 6.29599 4.3974 1.65064
threshold=0.00074794180973480906 8.087233521781636 1.2647119237010276 81.48160048938658 0.0046306175282784254 0.0015756917292670816 0.57106968903744193 -0.0031540560118757384 -0.0027920095083446834 -0.0034320304256555407 0.00439343978925233 65.585517884465787 0.00024352585982201361 0.43013217140752835 12.949831665932306 1.0659304706935437 0.0035070840252549034 0.94867692216641364 0.0025388565454558258 -0.0040705392087740369 12.787818167714603 15.360754874730498 36.927542364922893 71.43284323742418 17.363750773988325 1.3897385541292995 1.8177244026559098 2.7442189337755925
decision_type=2 2 2 2 2 2 2 2 2 2 2 2 2 2 2 2 2 2 2 2 2 2 2 2 2 2 2 2
left_child=1 2 3 4 -1 12 10 9 -9 -8 13 -12 -4 -3 15 17 20 19 -19 -2 -17 22 -16 -24 25 -23 -26 -5
right_child=14 6 5 27 -6 -7 7 8 -10 -11 11 -13 -14 -15 21 16 -18 18 -20 -21 -22 24 23 -25 26 -27 -28 -29
leaf_value=-0.0061590824433009651 -0.013336154789842703 0.0088428331272775648 -0.023015057844562252 -0.057138664459030243 0.020099756135176467 0.021200059998606708 -0.0027695984869190392 0.012450748185878149 -0.0013102858716188786 -0.034811036657816069 0.049101493177219957 -0.025258739577211631 -0.058878437038516876 -0.0406272143570586 0.071813235950934889 -0.0034689697499371945 -0.050147497924313722 0.0067512891042055753 0.042790064280041576 0.0032653855126431167 -0.041593794009366622 -0.021059019136274518 0.0048083171200918543 0.03071487357245764 0.010572308785335586 0.018219963757940352 -0.012240094224674397 -0.022071234309794505
leaf_weight=474.42493661865592 33.332287415862083 3.5548877939581933 16.884147096425302 4.2482504248619106 43.588816732168198 4.099901355803012 106.44752983003855 170.04258844256401 373.023965254426 16.213206902146339 3.8247499316930753 4.7390725761651993 9.1661333888769132 14.178960897028444 4.719680428504943 101.14121127128601 6.9854545444250098 39.701989278197289 17.216820180416107 461.39258140325546 5.1003500670194617 28.381476998329163 53.688768237829208 17.957660287618637 131.64802731573582 15.927071005105971 25.162564918398857 15.972096428275107
leaf_count=3726 157 24 148 41 246 25 661 911 2027 96 20 26 84 96 20 480 29 183 70 2183 22 118 224 74 548 67 109 105
internal_value=-5.05394e-05 -0.00253082 -0.00612705 -0.00490709 -0.0039495 -0.0279056 0.000422897 0.00115539 0.00299851 -0.00700481 -0.0181202 0.00795182 -0.0356341 -0.0307106 0.00326685 0.00173499 -0.00806611 0.00374671 0.0176523 0.00214685 -0.00529923 0.00693727 0.0150414 0.0113016 0.00386008 -0.00693987 0.00691172 -0.0294388
internal_weight=2202.77 1260.41 568.384 538.234 518.014 30.1502 692.025 665.727 543.067 122.661 26.2977 8.56382 26.0503 17.7338 942.356 664.871 113.227 551.644 56.9188 494.725 106.242 277.485 76.3661 71.6464 201.119 44.3085 156.811 20.2203
internal_count=12520 8236 4375 4118 3972 257 3861 3695 2938 757 166 46 232 120 4284 3124 531 2593 253 2340 502 1160 318 298 842 185 657 146
is_linear=0
shrinkage=0.05


Tree=46
num_leaves=28
num_cat=0
split_feature=4 3 0 1 1 4 4 0 4 2 2 3 3 2 3 0 3 4 3 3 2 1 2 0 1 1 4
split_gain=6.70803 6.81526 7.40403 6.26657 5.72665 5.6919 5.12451 4.87312 4.80061 5.11984 8.38724 4.43547 5.01153 4.07614 8.67705 5.39124 3.45136 3.2529 3.99378 3.45597 3.15186 2.55683 3.08681 1.96854 3.01633 0.00749277 0.000373508
threshold=5.0088606346008167 0.7045786999030349 78.814126707181458 -0.00098109595869572109 -0.0020689429815602951 5.0934975805845424 0.8589151204800195 36.927542364922893 13.577309153777799 -0.0003037250661456769 0.00016242643768737966 0.72752140363181172 0.53428504926504483 -0.0025908945456065697 0.57924573237283583 45.70045556264725 0.91667454500688061 5.1684545043090555 0.62695226598982157 0.40202615954041604 -0.00096738102421939354 0.0014508119620175732 0.00089340975658991361 35.728228011432421 -0.0028047631137935176 0.00020707035113931574 4.1902005011439831
decision_type=2 2 2 2 2 2 2 2 2 2 2 2 2 2 2 2 2 2 2 2 2 2 2 2 2 2 2
left_child=1 4 21 8 23 11 25 -8 13 20 -11 12 -5 14 -2 -15 -4 18 -7 -19 -10 22 -3 24 -1 -6 -25
right_child=3 2 16 5 6 17 7 -9 9 10 -12 -13 -14 15 -16 -17 -18 19 -20 -21 -22 -23 -24 26 -26 -27 -28
leaf_value=0.014936784481965316 -0.029542023801524705 -0.031179226474132356 -0.0057062930419420317 0.048719507964461763 -0.054663284569710063 -0.042513382709655267 0.013690104030360051 -0.0032997366051901477 -0.00072231632651183881 0.07368991053951944 0.0086286673648388271 0.082469554469321624 -0.018170146596852375 -0.026725892726837792 0.0055471975477921912 -0.0065396233559706632 0.050264362663156731 0.019996171732512801 0.010445925920483842 0.0025816871089505439 -0.030787187864725219 -0.06091041509658273 -0.008258789354972762 -0.054639862519735231 -0.056144038231828376 -0.058973464791729539 -0.05546799098051735
leaf_weight=3.5023523420095444 21.814450949430466 39.217856112867594 6.333154581487177 6.1964656114578229 2.4872990772128096 8.6363500207662565 49.773105543106794 277.58902000263333 148.58603919297457 5.5692582577466956 44.804212778806686 3.5627917125821105 5.109027698636055 52.058101177215576 91.59288889169693 90.712320238351822 4.8739808797836304 29.15160995721817 6.0563473850488654 1254.8113680779934 9.2607459425926191 4.6787461042404166 23.486416108906269 4.5650336928665638 2.6008146405220014 1.6957152485847471 1.9403052553534506
leaf_count=35 168 454 36 30 32 45 366 1895 811 28 224 22 29 375 638 604 26 144 39 6115 48 23 207 60 27 17 22
internal_value=-4.9566e-05 -0.00571076 -0.0189959 0.00129652 -0.00267701 0.00306156 -0.00141923 -0.000716551 -0.0036958 0.00194294 0.0158218 0.0338222 0.0184916 -0.00827895 -0.00120238 -0.0139001 0.0186353 0.00270938 -0.0206835 0.00297707 -0.0024862 -0.0252547 -0.0225942 -0.0357508 -0.0153537 -0.0564106 -0.0548869
internal_weight=2200.67 422.744 78.5902 1777.92 344.154 1313.52 331.545 327.362 464.398 208.22 50.3735 14.8683 11.3055 256.178 113.407 142.77 11.2071 1298.66 14.6927 1283.96 157.847 67.383 62.7043 12.6085 6.10317 4.18301 6.50534
internal_count=12520 3200 746 9320 2454 6424 2310 2261 2896 1111 252 81 59 1785 806 979 62 6343 84 6259 859 684 661 144 62 49 82
is_linear=0
shrinkage=0.05


Tree=47
num_leaves=24
num_cat=0
split_feature=1 4 3 1 4 1 4 0 4 0 3 4 4 2 2 2 0 0 0 1 3 4 2
split_gain=6.25067 5.74109 8.93806 5.75867 4.19335 3.18352 4.12507 3.95338 3.23999 3.62803 3.11264 2.73048 7.90033 3.56098 2.32131 1.89999 2.04249 7.64336 5.82691 5.70537 5.15002 4.94136 2.105
threshold=0.0018558841827541752 6.6528061125762212 1.0433220893010153 -0.0020689429815602951 0.8589151204800195 -0.0045387939578740979 20.769502179652431 76.308384784638449 9.4509484417555054 29.709630361159785 0.82109718198353565 5.0934975805845424 4.9105358119596234 0.0037985594687568462 0.0033834445134431905 -0.01744289136528537 57.779810017531325 55.586865089191384 61.373951686621922 0.0030285705223044306 0.43013217140752835 7.1747258915498184 0.0026913153839527308
decision_type=2 2 2 2 2 2 2 2 2 2 2 2 2 2 2 2 2 2 2 2 2 2 2
left_child=1 2 3 10 -5 8 7 -7 -3 -10 -1 12 -4 -13 -8 -2 17 21 19 -18 -20 -17 -19
right_child=15 5 11 4 -6 6 14 -9 9 -11 -12 13 -14 -15 -16 16 18 22 20 -21 -22 -23 -24
leaf_value=-0.029692054050196648 -0.045607035418290975 -0.0571459783998318 -0.024585386128657669 -0.054993448826403939 -0.002137146719525829 -0.00047621942450319947 0.0081291120207503797 0.014592157143834168 -0.019144512487752549 0.0052608876954719401 0.03147784335281633 -0.043882034491210135 0.076292400227448154 0.014213385311769817 0.031030642906729564 0.020866928321272973 -0.035602915023939467 0.043014141798528582 -0.018196630919673235 0.0032494521187520901 0.0067430823670432492 0.00046514631824540837 0.0074334920960846818
leaf_weight=27.667295556515459 1.8709272742271412 3.4718545302748671 15.558361727744343 3.7802363932132712 509.3361903205514 877.92013081908226 82.302893429994583 45.799457207322121 31.887294739484787 29.147229053080082 2.24869480729103 23.447526611387733 2.2174838483333579 2.9720425754785529 12.783403873443602 38.603193655610085 18.702876061201096 18.948830768465999 22.383793383836746 19.097502052783966 275.14178113639355 128.38305082917213 5.3250079303979865
leaf_count=277 9 32 192 48 3621 4843 364 216 221 172 20 199 18 15 56 162 82 78 100 79 1162 532 22
internal_value=-4.90999e-05 -0.00154843 -0.00552961 -0.00376981 -0.00252655 0.000609638 0.00129167 0.000270894 -0.0101622 -0.00748964 -0.0250941 -0.0271524 -0.0120012 -0.0373466 0.011208 0.00469053 0.00486924 0.00899246 0.00251747 -0.0159739 0.00486679 0.00518155 0.0352087
internal_weight=2199 1670.54 587.228 543.032 513.116 1083.31 1018.81 923.72 64.5064 61.0345 29.916 44.1954 17.7758 26.4196 95.0863 528.457 526.586 191.26 335.326 37.8004 297.526 166.986 24.2738
internal_count=12520 10294 4390 3966 3669 5904 5479 5059 425 393 297 424 210 214 420 2226 2217 794 1423 161 1262 694 100
is_linear=0
shrinkage=0.05


Tree=48
num_leaves=28
num_cat=0
split_feature=4 3 1 3 1 0 0 3 1 1 2 0 4 0 2 4 4 0 2 0 4 1 2 4 0 1 4
split_gain=5.81889 8.64231 4.92916 6.05914 7.04986 4.66501 11.2951 8.99923 6.52038 6.04871 5.57079 4.39677 8.24595 6.1364 6.01866 7.42188 4.35246 3.51976 3.36 3.23507 7.117 6.62173 3.00073 2.7461 1.55247 0.675311 0.634772
threshold=2.7442189337755925 0.25660952681954691 -0.0020689429815602951 0.57106968903744193 -0.0029832338673604904 25.21809169137406 26.414302034853431 0.98259841759563471 -0.0010585799760187695 -0.00063740249879062894 -0.0024077104291896907 64.188677105800281 1.907900217998681 67.246737273661012 -0.00052525001478287414 1.3634283352845606 0.8589151204800195 9.4281836697370256 0.0015224605150668815 56.982182880547903 1.4589709447079282 -8.4105838841441724e-05 0.00077954423463133537 4.5387752290180101 68.256454214321835 -0.0027489637599886758 2.5646626393832057
decision_type=2 2 2 2 2 2 2 2 2 2 2 2 2 2 2 2 2 2 2 2 2 2 2 2 2 2 2
left_child=1 16 3 4 22 7 9 23 -9 -7 -8 14 24 -14 15 -3 -1 -5 -19 21 -21 -18 -2 -4 -13 -6 -16
right_child=2 11 5 17 25 6 10 8 -10 -11 -12 12 13 -15 26 -17 19 18 -20 20 -22 -23 -24 -25 -26 -27 -28
leaf_value=-0.056752674225955452 -0.011123810792164701 0.085996718632491684 0.0003718325152228416 -0.047913078016269102 -0.029717448137658076 0.093934073395179202 0.0080809233599995877 -0.012699187485777464 0.040362030269984556 0.014927468808275014 0.00042492265049945605 -0.0071946404176333831 0.08875263842712898 0.0017462059526876313 -0.053646238799384675 -0.022085204245806435 -0.038713964575911683 -4.4038830388024029e-05 -0.018150859749001727 -0.0075949716949230877 0.050816054117755631 0.018864801544034148 0.051491851372820585 -0.032075298714244492 -0.05803983638094326 -0.054590672037767712 -0.029867189602032426
leaf_weight=2.6252231746911994 12.945576902478935 1.7699152752757097 8.1144154593348485 4.2911448776721945 3.4718527458608177 5.0162493214011192 284.07692100852728 11.849918544292452 11.32106429338455 4.6853068619966489 1452.3895638883114 1.949031643569471 2.3734009116888073 13.865682587027548 19.357397586107258 15.483924821019171 8.3717738352715987 212.32507019117475 29.136801205575466 9.8008100688457507 11.1451408714056 12.373187363147734 2.24522441625595 33.203928202390671 6.5350511111319065 12.751151621341704 3.282423920929431
leaf_count=31 119 21 57 34 31 30 1478 77 66 25 7728 21 23 107 247 168 84 1323 170 79 73 91 18 201 71 113 34
internal_value=-4.8069e-05 -0.011314 0.000539734 -0.00566977 -0.0263471 0.00149026 0.00197798 -0.0117159 0.0132259 0.0557783 0.0016774 -0.0229771 -0.00640929 0.0144625 -0.0332446 -0.0109981 0.00569183 -0.00302666 -0.00222896 0.00962388 0.023485 -0.00437151 -0.00186912 -0.0257031 -0.0463593 -0.0492676 -0.0501986
internal_weight=2196.76 108.933 2087.82 277.167 31.4138 1810.66 1746.17 64.4893 23.171 9.70156 1736.47 64.6168 24.7232 16.2391 39.8937 17.2538 44.3161 245.753 241.462 41.6909 20.946 20.745 15.1908 41.3183 8.48408 16.223 22.6398
internal_count=12520 1050 11470 1808 281 9662 9261 401 143 55 9206 692 222 130 470 189 358 1527 1493 327 152 175 137 258 92 144 281
is_linear=0
shrinkage=0.05


Tree=49
num_leaves=27
num_cat=0
split_feature=1 4 4 3 3 0 0 3 0 2 1 3 2 3 3 0 1 4 3 4 0 2 3 2 0 3
split_gain=5.57685 7.25627 5.67267 5.55738 5.71537 5.42105 7.28399 4.91514 4.65978 4.12154 3.8799 10.0615 9.12646 8.56327 4.80781 3.16413 3.02696 5.45656 4.44454 3.76486 2.52533 6.33347 5.67078 1.93614 1.60635 0.22083
threshold=0.0001879619864796345 12.616208646999645 12.402829416061968 0.87663882007637361 0.64322147657661477 36.927542364922893 39.171144898550509 1.0149527055132443 84.381562393707782 -0.0029167676016449979 0.00023962117464082502 0.43519534899471018 -0.0011962914849351078 1.0031469492304488 0.82573328978355931 55.941538880799477 0.0024030021964477348 24.721086002625913 1.5349214515201288 11.370793035152142 41.25511043752666 -0.0015969305926865072 0.96793467581307702 0.0014741758581966471 35.505408807420899 0.48919562211079298
decision_type=2 2 2 2 2 2 2 2 2 2 2 2 2 2 2 2 2 2 2 2 2 2 2 2 2 2
left_child=1 2 8 4 -3 7 -7 -5 9 -1 11 15 13 -13 -14 -2 17 19 -19 -12 22 -22 -18 -6 -4 -10
right_child=10 3 24 5 23 6 -8 -9 25 -11 16 12 14 -15 -16 -17 20 18 -20 -21 21 -23 -24 -25 -26 -27
leaf_value=0.0015990293232342339 0.027855256054833147 0.025424903061764564 -0.020169210235882112 0.027183113062492548 -0.019742655452315322 0.043819561234640682 0.007932568329188509 -0.0058092112767518453 -0.040655514278983042 -0.0074606074067096219 -0.0014735893305253176 0.012223056372036377 -0.028512745457788608 0.10298913631903417 0.0096747423662627008 0.090079098539264407 -0.02310151851651663 -0.062987432279343142 -0.008800531023684291 0.0067876760161473112 0.033386953073927347 0.004765941891856109 0.023836688300309751 -0.051796591888520753 -0.064266196909409559 -0.0606839185665798
leaf_weight=172.5718579813838 3.4036795943975431 6.1174634322524097 3.477351211011408 12.553493745625017 16.400560267269615 15.621155366301535 149.07808540016413 112.0594195574522 2.6287097781896582 460.62303182482719 599.33628657460213 7.2538710460066778 14.795228015631436 4.0490554571151733 18.609165191650391 5.1108187288045883 20.878363430500034 6.0095247924327877 10.219574332237242 179.12821160256863 20.526782333850861 331.27593056857586 9.3014333844184858 6.6096179634332648 5.0854485183954239 2.8886277005076408
leaf_count=1212 25 38 22 67 95 77 747 622 21 3384 3341 46 99 21 120 32 91 26 46 801 84 1376 38 37 30 22
internal_value=-4.83357e-05 -0.00289212 -0.0059321 0.00328709 -0.0175301 0.00538294 0.0113363 -0.00248557 -0.00539013 -0.00499148 0.0021846 0.0153893 0.00590193 0.0447383 -0.00723898 0.0652051 0.00158734 -0.00017085 -0.0288656 0.000427365 0.00524517 0.0064359 -0.00863513 -0.0289501 -0.0463584 -0.0511415
internal_weight=2195.61 965.715 647.275 318.44 29.1276 289.312 164.699 124.613 638.712 633.195 1229.9 53.2218 44.7073 11.3029 33.4044 8.5145 1176.68 794.694 16.2291 778.464 381.983 351.803 30.1798 23.0102 8.5628 5.51734
internal_count=12520 6374 4691 1683 170 1513 824 689 4639 4596 6146 343 286 67 219 57 5803 4214 72 4142 1589 1460 129 132 52 43
is_linear=0
shrinkage=0.05


Tree=50
num_leaves=27
num_cat=0
split_feature=4 3 0 1 3 3 1 2 4 0 4 2 2 2 3 0 1 4 3 2 1 2 0 1 1 4
split_gain=5.24711 6.18527 6.76512 4.88371 5.17979 7.7695 4.81151 4.54906 4.44489 4.29168 3.80336 4.53487 7.04697 3.65747 7.33674 5.3268 3.53908 3.36869 3.07592 2.96808 2.44559 2.89549 2.02377 2.90474 0.0052304 0.000325797
threshold=5.0088606346008167 0.7045786999030349 78.814126707181458 -0.00098109595869572109 0.40202615954041604 0.39068206000060912 -0.0020689429815602951 -0.0049702130361725097 0.8589151204800195 36.927542364922893 13.577309153777799 -0.0003037250661456769 0.00016242643768737966 -0.0024077104291896907 0.56626364967256371 45.70045556264725 -0.00095979840152526908 7.6577670632539903 0.91667454500688061 -0.00096738102421939354 0.0014508119620175732 0.00089340975658991361 35.728228011432421 -0.0028047631137935176 0.00020707035113931574 4.1902005011439831
decision_type=2 2 2 2 2 2 2 2 2 2 2 2 2 2 2 2 2 2 2 2 2 2 2 2 2 2
left_child=1 6 20 10 5 7 22 -5 24 -10 13 19 -13 14 -2 -15 -6 -18 -4 -12 21 -3 23 -1 -8 -24
right_child=3 2 18 4 16 -7 8 -9 9 -11 11 12 -14 15 -16 -17 17 -19 -20 -21 -22 -23 25 -25 -26 -27
leaf_value=0.016650148322241518 -0.02860048152266333 -0.029958708383793081 -0.0052616522183857083 -0.029756858402041803 0.038748781496874586 0.083586124586173358 -0.054037542510399508 0.021786520013320265 0.012995862786978857 -0.0029122306043001174 -0.00076642381951812493 0.066692825220036125 0.0080344245440471598 -0.026694522812122309 0.0047155533626515355 -0.0058296686762500452 -0.0022817185013941574 0.0035388960089564971 0.047436207147281154 -0.030072852867504718 -0.059399532705021456 -0.0075171702832563126 -0.054116465336594304 -0.055438605748739135 -0.057868297240573574 -0.054926303551562798
leaf_weight=3.4280315563082695 19.904906950891018 37.767286699265242 6.2914996743202192 5.1991558820009258 6.5827254652976981 4.447298750281333 2.2022592388093467 24.232434436678886 50.09907465800643 275.76098895445466 148.45115651190281 5.777994140982627 44.970805019140244 46.611458271741867 97.312563709914684 88.993541538715363 338.51230484992266 935.65315337479115 4.9458062797784805 9.1734094321727735 4.5547851324081412 23.204370185732841 4.115373570472002 2.3589541241526586 1.4965991266071794 1.7786651626229284
leaf_count=35 161 454 36 29 36 21 32 118 366 1895 811 28 224 345 679 600 1879 4341 26 48 23 207 60 27 17 22
internal_value=-4.75371e-05 -0.00508763 -0.0179113 0.00113883 0.00269188 0.021989 -0.00220289 0.0126813 -0.00108511 -0.000466454 -0.00328811 0.00171336 0.014713 -0.00741026 -0.000941902 -0.0130015 0.00218143 0.00199251 0.0179319 -0.00247199 -0.0240581 -0.021418 -0.0337389 -0.0127355 -0.0555875 -0.0543609
internal_weight=2193.83 418.004 76.7637 1775.82 1314.63 33.8789 341.24 29.4316 329.559 325.86 461.196 208.373 50.7488 252.822 117.217 135.605 1280.75 1274.17 11.2373 157.625 65.5264 60.9717 11.681 5.78699 3.69886 5.89404
internal_count=12520 3200 746 9320 6424 168 2454 147 2310 2261 2896 1111 252 1785 840 945 6256 6220 62 859 684 661 144 62 49 82
is_linear=0
shrinkage=0.05


Tree=51
num_leaves=28
num_cat=0
split_feature=4 3 1 3 0 4 0 0 3 1 2 2 0 4 0 2 4 4 3 2 0 2 2 1 3 0 4
split_gain=5.03989 7.97588 4.18951 5.29933 7.27431 4.58923 4.27126 9.73506 8.24992 5.71095 5.07204 4.76352 4.18308 7.63268 6.28308 5.83353 6.54508 3.138 6.25072 3.67381 2.98819 2.82247 10.1196 5.76703 2.60488 1.5398 0.646534
threshold=2.7442189337755925 0.25660952681954691 -0.0020689429815602951 0.75491158718062246 23.254860023180175 6.7447669211405339 25.21809169137406 26.414302034853431 0.98259841759563471 -0.0010585799760187695 -0.0048134609763627592 -0.0027920095083446834 64.188677105800281 1.907900217998681 66.493990230646418 -0.00052525001478287414 1.3634283352845606 6.940572685853688 0.85890625643086771 -0.0040705392087740369 28.6083405548687 0.0063419750782440784 0.0045449472199127214 0.0016402073491855742 0.70903579906989089 68.256454214321835 2.5646626393832057
decision_type=2 2 2 2 2 2 2 2 2 2 2 2 2 2 2 2 2 2 2 2 2 2 2 2 2 2 2
left_child=1 21 3 4 5 -2 8 10 24 -10 -8 -9 15 25 -15 16 -3 18 -5 -19 -6 22 23 -1 -4 -14 -17
right_child=2 12 6 17 20 -7 7 11 9 -11 -12 -13 13 14 -16 26 -18 19 -20 -21 -22 -23 -24 -25 -26 -27 -28
leaf_value=-0.0070921600253944965 -0.014844160844567179 0.077719570332395099 -0.014441425351220318 -0.035423295332600344 -0.058436101942684129 0.052544474546109943 0.077710878936708638 0.0079921214166664579 -0.012104252343514036 0.037409305042048251 0.0035848320046636879 0.00048717593670174824 -0.0063745323813081071 0.089595531634166212 0.0011477511767628938 -0.053185832228790766 -0.02131301206905855 -0.0095120026955698347 0.066945877661096095 0.0038364695212685369 -0.021274674934467719 -0.035972435427935538 0.077382263449900152 0.055109267484033719 -0.040184388220888163 -0.057604049125502481 -0.028809795541354905
leaf_weight=31.361701387912035 4.7970632389187795 1.8740179613232637 24.260311216115952 2.2547178715467444 6.1335286125540724 5.3374502211809158 6.4039598256349564 246.42426533997059 11.753700546920301 11.543053727596996 3.6078056544065458 1489.0007884576917 1.9214940108358876 2.3436930552125004 14.013549633324144 18.350428674370054 15.205579057335852 99.470841772854328 4.4034942165017128 106.98613736778498 45.831538092344999 3.7234868779778472 4.8363242372870436 4.2288954108953467 16.517092041671276 6.1980789229273796 3.1936458870768538
leaf_count=288 48 21 152 20 53 41 34 1270 77 66 21 7936 21 21 109 247 168 610 38 620 378 24 28 18 106 71 34
internal_value=-4.69009e-05 -0.0106172 0.000496898 -0.00525051 -0.0181036 0.0206468 0.00137104 0.00183647 -0.0113078 0.0124287 0.0509991 0.00155285 -0.0220226 -0.00585103 0.0138207 -0.0322709 -0.0104469 -0.00150525 0.0322799 -0.00259482 -0.0256609 0.00568357 0.00952026 0.00029865 -0.0248687 -0.0454806 -0.0495724
internal_weight=2191.98 107.251 2084.73 275.215 62.0996 10.1345 1809.51 1745.44 64.0742 23.2968 10.0118 1735.43 63.1005 24.4768 16.3572 38.6237 17.0796 213.115 6.65821 206.457 51.9651 44.1504 40.4269 35.5906 40.7774 8.11957 21.5441
internal_count=12520 1050 11470 1808 520 89 9662 9261 401 143 55 9206 692 222 130 470 189 1288 58 1230 431 358 334 306 258 92 281
is_linear=0
shrinkage=0.05


Tree=52
num_leaves=24
num_cat=0
split_feature=4 3 0 4 2 4 0 1 4 0 2 2 4 3 4 3 1 2 2 2 0 0 4
split_gain=4.61267 7.35792 3.95656 7.09458 5.67693 5.68591 5.26347 3.85492 3.8226 3.29603 2.89606 7.72204 2.82102 5.1043 2.32775 3.33306 2.87446 1.87465 1.74898 3.73144 2.71006 1.51308 0.656357
threshold=2.7442189337755925 0.25660952681954691 64.188677105800281 1.907900217998681 -0.00052525001478287414 1.3634283352845606 66.493990230646418 0.0016834452550686942 0.8589151204800195 14.90544497868318 0.0063419750782440784 0.0045449472199127214 11.992808341060444 1.3083421951594547 20.769502179652431 0.93906415490234896 -0.0021027690741259315 -0.0088853823615943611 -0.01744289136528537 -0.010824148842572877 26.414302034853431 68.256454214321835 2.5646626393832057
decision_type=2 2 2 2 2 2 2 2 2 2 2 2 2 2 2 2 2 2 2 2 2 2 2
left_child=1 8 4 21 5 -3 -5 9 -1 12 11 -10 17 -14 16 -16 -11 -2 -9 -20 -21 -4 -6
right_child=7 2 3 6 22 -7 -8 18 10 14 -12 -13 13 -15 15 -17 -18 -19 19 20 -22 -23 -24
leaf_value=-0.056197898756051294 -0.059233723450042401 0.069326112467475415 -0.0060848741249829828 0.079969551184742124 -0.052789189600569213 -0.020584452041338155 0.0010895847900331539 -0.044635245388564011 0.0041778868153392965 -0.0068676435666712859 -0.034177629703601893 0.070693938174121215 0.042887084951986981 -0.024847911561672327 -0.027270504943237201 0.007982798451659355 -0.00021713805891524849 -0.019874815954127583 0.062269402001243535 -0.044452898116374713 0.0041376626061593513 -0.057224980797638741 -0.027938882855610716
leaf_weight=2.3836480230092993 5.0002834498882294 1.992565013468268 1.9125486873090292 2.490424711257222 17.583319168537859 14.962866462767122 14.02329959720373 1.8414822369813908 33.179180458188057 188.30661427229643 3.568039968609809 5.0240426585078231 4.2089387103915206 8.1998954042792302 7.1074193716049185 118.3508947044611 1184.4201948493719 7.6597623154521006 2.7502751648426047 2.884506791830062 553.83794850111008 5.9338614121079445 3.130178064107894
leaf_count=31 41 21 21 21 247 168 109 9 276 1307 23 28 28 56 38 556 7015 62 12 14 2332 71 34
internal_value=-4.70594e-05 -0.0102125 -0.0213173 -0.0056143 -0.0314723 -0.0100184 0.0129854 0.000470751 0.00538751 -0.000834477 0.00890184 0.0129253 -0.0188147 -0.00187295 -0.000533617 0.00598564 -0.00112943 -0.0354202 0.00401278 0.00417291 0.0038859 -0.0447597 -0.0490339
internal_weight=2190.75 106.184 62.0291 24.3601 37.6689 16.9554 16.5137 2084.57 44.1549 1523.25 41.7713 38.2032 25.0689 12.4088 1498.19 125.458 1372.73 12.66 561.314 559.473 556.722 7.84641 20.7135
internal_count=12520 1050 692 222 470 189 130 11470 358 9103 327 304 187 84 8916 594 8322 103 2367 2358 2346 92 281
is_linear=0
shrinkage=0.05


Tree=53
num_leaves=21
num_cat=0
split_feature=4 3 0 4 0 1 4 1 1 4 3 3 2 3 4 3 2 1 2 0
split_gain=4.28367 5.73419 6.17271 4.66645 4.25658 4.38374 4.15969 3.76934 4.49441 3.824 3.59171 4.59301 3.52068 3.18594 3.14389 2.68491 2.60687 2.32738 2.66815 2.06955
threshold=5.0088606346008167 0.7045786999030349 78.814126707181458 5.0934975805845424 94.936700028544166 -0.0020689429815602951 0.8589151204800195 -0.00047412910761346344 -0.00053842106970114479 5.1684545043090555 0.69950178264742735 0.53428504926504483 -0.01744289136528537 0.62695226598982157 23.581423296159304 0.91667454500688061 0.0014296873175677629 0.0014508119620175732 0.00089340975658991361 35.728228011432421
decision_type=2 2 2 2 2 2 2 2 2 2 2 2 2 2 2 2 2 2 2 2
left_child=1 4 17 10 5 19 -7 8 14 13 11 -2 -11 -9 -5 -4 -10 18 -3 -1
right_child=3 2 15 7 -6 6 -8 9 16 12 -12 -13 -14 -15 -16 -17 -18 -19 -20 -21
leaf_value=-0.010800486908994319 0.036710706840812103 -0.028906355304021077 -0.0048877324539054242 -0.0029453676265311442 -0.064172330479598291 -0.055198632929677152 0.00028991644465947068 -0.045255327266781789 -0.013736755568336246 -0.054415083906794504 0.060869490397877903 -0.02571612040399034 0.0028610327389804726 0.0062085815139272813 0.0086844523060750824 0.044158940041104371 -0.051890131760071324 -0.058024900536690752 -0.0071926665881432584 -0.054040692157709215
leaf_weight=5.5682183876633626 7.3665536716580409 36.562854304909706 6.2563913315534574 509.33373666554689 2.7178076431155196 3.4133316166698924 321.67976047471166 7.6313536763191205 15.525178551673891 2.6892917305231085 5.3379592522978774 4.9104874506592751 1145.1711589619517 4.9630503281950951 65.595315396785736 5.0365606173872948 6.2913129925727835 4.4408057928085318 23.076946884393692 5.5010095462203026
leaf_count=62 39 454 36 3217 20 49 2241 40 86 13 32 29 5462 32 336 26 34 23 207 82
internal_value=-4.6315e-05 -0.00462448 -0.0170979 0.00102226 -0.00185014 -0.00134628 -0.000292688 0.000765564 -0.00246376 0.00242619 0.0266291 0.0117416 0.00272684 -0.0249751 -0.00161849 0.0169867 -0.0247392 -0.0231047 -0.0205045 -0.0322893
internal_weight=2189.07 414.254 75.3736 1774.82 338.88 336.162 325.093 1757.2 596.746 1160.45 17.615 12.277 1147.86 12.5944 574.929 11.293 21.8165 64.0806 59.6398 11.0692
internal_count=12520 3200 746 9320 2454 2434 2290 9220 3673 5547 100 68 5475 72 3553 62 120 684 661 144
is_linear=0
shrinkage=0.05


Tree=54
num_leaves=26
num_cat=0
split_feature=4 3 0 4 2 2 4 0 1 2 2 2 2 1 4 4 4 4 3 2 0 1 0 4 1
split_gain=4.06381 6.82791 3.72809 6.57314 5.53169 5.12602 5.06769 3.42986 2.88295 2.78008 7.48538 6.39178 2.66102 3.65963 5.47048 2.47919 7.14237 5.59737 2.36332 3.14818 5.37549 2.02765 1.48651 0.667679 0.316355
threshold=2.7442189337755925 0.25660952681954691 64.188677105800281 1.907900217998681 -0.00052525001478287414 0.0011377273226169662 1.3634283352845606 14.90544497868318 0.0018558841827541752 0.008899089622739333 0.011903779073897837 0.007098994904542578 -0.012490682221885372 -0.0025650747812608894 7.1227987478101404 6.6528061125762212 6.0397775593451373 7.6577670632539903 0.095353398966985706 -0.0044428558871840154 39.407322067370302 -0.0054401707363345144 68.256454214321835 2.5646626393832057 -0.0057847241877571056
decision_type=2 2 2 2 2 2 2 2 2 2 2 2 2 2 2 2 2 2 2 2 2 2 2 2 2
left_child=1 18 4 22 6 -5 -3 12 9 11 -11 -9 21 24 -15 16 -10 -17 -1 -20 -21 -2 -4 -6 -14
right_child=7 2 3 5 23 -7 -8 8 15 10 -12 -13 13 14 -16 17 -18 -19 19 20 -22 -23 -24 -25 -26
leaf_value=-0.03319778991720114 -0.020936715340878025 0.063560877689691139 -0.0056836903424308926 0.076517803011570087 -0.052389501687864243 0.000287929243970783 -0.019796100949844603 -0.00024519474691805579 0.0037121993498274233 0.027778995231796829 -0.016741466842463176 -0.020746350328031005 -0.037177808340626887 -0.046723226336714926 0.034191383317865635 -0.016325599325056225 0.035338601825203507 0.0039915232266513612 0.055564773226336232 -0.048866936070667791 0.011406136505838061 0.029613749335600178 -0.056806730110934948 -0.026985915068109545 -0.058765998325061547
leaf_weight=3.6508944891393176 3.7609374821186066 2.0815409496426609 1.8992746844887758 2.6167954392731216 16.758212182670835 14.024480387568472 14.698876976966856 1458.9881898015738 78.797702819108963 27.184647619724274 14.465178586542605 39.036657843738794 2.360549911856654 4.1463763564825022 4.2095794156193733 37.227128744125366 23.080860003829002 379.30862295627594 3.3056811839342108 4.1665734499692908 32.980095431208611 4.1980036571621921 5.6573969610035419 3.058608252555131 6.036998078227044
leaf_count=39 27 21 21 28 247 102 168 8698 341 123 76 207 20 35 29 160 98 1580 24 39 256 26 71 34 50
internal_value=-4.52394e-05 -0.00964769 -0.0205127 -0.00528572 -0.0305807 0.0122749 -0.00945601 0.00043838 0.000660716 -0.000425162 0.0123168 -0.000779429 -0.0180781 -0.0293868 -0.00595991 0.00388574 0.0108772 0.00217572 0.00532944 0.00880659 0.00464558 0.00572651 -0.0439576 -0.0484686 -0.0526976
internal_weight=2187.7 104.898 60.7952 24.1979 36.5972 16.6413 16.7804 2082.8 2058.09 1539.67 41.6498 1498.02 24.7124 16.7535 8.35596 518.414 101.879 416.536 44.1032 40.4524 37.1467 7.95894 7.55667 19.8168 8.39755
internal_count=12520 1050 692 222 470 130 189 11470 11283 9104 199 8905 187 134 64 2179 439 1740 358 319 295 53 92 281 70
is_linear=0
shrinkage=0.05


Tree=55
num_leaves=18
num_cat=0
split_feature=4 1 4 0 1 3 2 1 0 0 3 1 3 1 1 3 1
split_gain=3.92534 3.57504 5.39207 4.55823 4.46446 8.42611 5.30724 3.83245 3.35802 12.8327 3.3919 2.23222 4.9407 1.92943 1.86915 0.295037 0.00325979
threshold=0.8589151204800195 0.00020707035113931574 15.199789123855343 84.381562393707782 0.00023962117464082502 0.43519534899471018 -0.0011193457730901411 -0.0045387939578740979 48.066200953999171 49.117198650908371 0.93906415490234896 0.00074794180973480906 0.94419259762302954 0.00023110073702781178 0.00083145460942013482 0.48325231408559749 0.00020707035113931574
decision_type=2 2 2 2 2 2 2 2 2 2 2 2 2 2 2 2 2
left_child=16 2 3 7 5 13 -7 -2 10 -10 -4 12 -6 -3 -13 -5 -1
right_child=1 4 8 15 11 6 -8 -9 9 -11 -12 14 -14 -15 -16 -17 -18
leaf_value=-0.05359495009919979 -0.026815986844493683 0.093816832869680844 -0.024199123030375944 -0.036704334367309278 0.0023426548950282737 0.039716994246542611 -0.0036383352727101023 -0.00341238068175437 0.081675923071817647 0.0068279457988566911 0.0026823925127361613 0.017960547851189192 -0.012830031752560559 0.043858498168935785 0.0020017255547279335 -0.060458772399200944 -0.056835859845359105
leaf_weight=1.9891682304441922 17.933389090001583 3.1665558815002424 12.748777464032171 2.2785471975803366 148.10492303222418 9.4081075713038427 28.266025144606829 711.42829262837768 6.3191884458065024 61.06890282034874 147.54135403782129 18.719494633376598 84.133347237482667 4.9597459360957146 923.86742465943098 3.0661274380981922 1.2720499671995638
leaf_count=33 164 21 70 20 1013 55 187 5044 29 289 750 98 498 30 4178 24 17
internal_value=-4.46579e-05 3.72298e-05 -0.00224153 -0.00432496 0.00183389 0.0171488 0.0071885 -0.00398782 0.00448157 0.0138467 0.000544354 0.00123684 -0.00315398 0.0633256 0.00231866 -0.0503318 -0.0548591
internal_weight=2186.27 2183.01 962.385 734.706 1220.63 45.8004 37.6741 729.362 227.678 67.3881 160.29 1174.83 232.238 8.1263 942.587 5.34467 3.26122
internal_count=12520 12470 6390 5252 6080 293 242 5208 1138 318 820 5787 1511 51 4276 44 50
is_linear=0
shrinkage=0.05


Tree=56
num_leaves=15
num_cat=0
split_feature=4 4 3 1 0 4 0 0 3 1 2 0 4 1
split_gain=3.71698 3.39379 5.65028 4.13718 5.26818 3.78882 11.8442 3.59184 3.2971 2.5809 3.92673 3.5222 1.70743 0.00284583
threshold=0.8589151204800195 8.8080031426722716 1.6529638123189494 -0.0021027690741259315 18.546550682080952 8.9063600714602895 66.493990230646418 44.467909317898105 0.72290794353582133 -0.0057847241877571056 -0.010824148842572877 43.018264453162864 6.7447669211405339 0.00020707035113931574
decision_type=2 2 2 2 2 2 2 2 2 2 2 2 2 2
left_child=13 2 3 4 -2 6 7 -3 -5 11 -11 -7 -4 -1
right_child=1 5 12 8 -6 9 -8 -9 -10 10 -12 -13 -14 -15
leaf_value=-0.053408334924518824 0.024685336011939542 -0.035864082666301839 -0.0099862962683685309 0.0012683723158357684 -0.020890690999486681 -0.0055312147075650027 0.085228253230829873 0.018842199189233005 -0.0047233100940252829 0.020941361801711633 0.0015076304563752959 -0.051907908804010305 -0.063492647101845628 -0.056505709042521869
leaf_weight=1.8985996171832078 7.2910193987190715 4.875670403242113 2.1613658331334582 615.01336187124252 48.638894658535719 30.030573830008507 5.5788312405347815 7.8011360839009285 366.38156024366617 26.647864729166031 1057.9861363470554 4.7403070330619803 4.8070260509848595 1.2169024609029291
leaf_count=33 67 30 23 3823 448 202 26 42 2444 142 5162 31 30 17
internal_value=-4.34822e-05 3.44422e-05 -0.00202374 -0.0017223 -0.0149494 0.00192371 0.0245186 -0.00219857 -0.000968487 0.00155523 0.00198509 -0.0118537 -0.0468967 -0.0546182
internal_weight=2185.07 2181.95 1044.29 1037.32 55.9299 1137.66 18.2556 12.6768 981.395 1119.4 1084.63 34.7709 6.96839 3.1155
internal_count=12520 12470 6835 6782 515 5635 98 72 6267 5537 5304 233 53 50
is_linear=0
shrinkage=0.05


Tree=57
num_leaves=27
num_cat=0
split_feature=4 3 0 4 2 0 4 0 0 4 3 2 1 2 0 2 2 2 1 0 0 4 2 1 4 4
split_gain=3.67484 6.33526 3.49806 6.06006 5.38018 5.13867 4.65394 3.57937 3.1837 2.63581 4.33053 2.97115 2.48707 2.65893 6.24974 6.11662 2.3696 7.29661 5.49784 1.94522 5.41449 4.772 1.90514 2.00539 0.674148 0.00143948
threshold=2.7442189337755925 0.25660952681954691 64.188677105800281 2.0914601149860403 -0.00052525001478287414 68.256454214321835 1.3634283352845606 81.48160048938658 14.90544497868318 11.992808341060444 1.3083421951594547 -0.012490682221885372 0.0032706250874436908 -0.0027920095083446834 37.46510443386628 -0.00039160914362218463 0.0063419750782440784 0.0045449472199127214 -0.00081099393154254729 73.008272223606625 71.089003231695941 11.542834532800535 -0.0088853823615943611 -0.0025650747812608894 2.5646626393832057 8.9542029749812837
decision_type=2 2 2 2 2 2 2 2 2 2 2 2 2 2 2 2 2 2 2 2 2 2 2 2 2 2
left_child=1 16 4 5 6 -4 -3 -5 9 22 -11 -12 13 14 -10 -15 17 18 -1 20 -14 -21 25 -24 -6 -2
right_child=8 2 3 7 24 -7 -8 -9 12 10 11 -13 19 15 -16 -17 -18 -19 -20 21 -22 -23 23 -25 -26 -27
leaf_value=-0.046647082852188548 -0.057840890022328666 0.05976774903635719 0.028532151933276476 0.028022775554271531 -0.052017310629320669 -0.057265051150289438 -0.019178168174071471 -0.032048900608047971 -6.0439047062283665e-05 0.039059895425010975 0.013569234658316529 -0.048673431639329294 0.0064090348754227413 -0.006752165520257267 0.013767546350794309 0.00087381488907206705 -0.033732005179315329 0.063763355240576705 0.0087168171349055364 -0.020825635577706565 0.046464221436317364 0.0071234120196116734 -0.05711712277136869 -0.00077873636742235516 -0.026193586097126589 -0.059582621735837463
leaf_weight=5.2721029408276072 2.2883638069033623 2.1427684649825123 2.3090748637914675 11.474481783807276 16.016932172700766 7.1465542837977409 14.495776534080504 3.1633784547448149 322.54563191533089 4.3266322240233404 3.2511443346738815 4.6732264161109924 146.0634987950325 351.42519842833281 109.43539457768202 1044.3160543367267 3.5979898497462264 5.2231366932392111 30.00224944204092 21.713055178523064 8.9540359526872617 51.486883103847504 2.2850735411047935 5.1157863959670085 3.0007968619465819 2.463157944381237
leaf_count=60 21 21 25 88 247 87 168 22 1906 28 20 36 600 2145 585 5702 24 28 246 93 38 214 22 40 34 20
internal_value=-4.21346e-05 -0.00922162 -0.0198309 -0.00511345 -0.0297758 -0.0363133 -0.00901124 0.0150407 0.000416081 -0.0175374 -0.00117122 -0.023137 0.000629183 1.46742e-05 0.00344266 -0.00104628 0.00515412 0.00860894 0.000442131 0.00555059 0.00872268 -0.00116702 -0.0340364 -0.0181737 -0.0479426 -0.0587438
internal_weight=2184.19 103.845 59.7498 24.0935 35.6563 9.45563 16.6385 14.6379 2080.34 24.4034 12.251 7.92437 2055.94 1827.72 431.981 1395.74 44.0955 40.4975 35.2744 228.217 155.018 73.1999 12.1524 7.40086 19.0177 4.75152
internal_count=12520 1050 692 222 470 112 189 110 11470 187 84 56 11283 10338 2491 7847 358 334 306 945 638 307 103 62 281 41
is_linear=0
shrinkage=0.05


Tree=58
num_leaves=21
num_cat=0
split_feature=4 3 0 0 4 3 2 3 3 2 2 3 2 0 2 0 1 1 2 0
split_gain=3.42801 5.38604 3.98473 7.61345 5.4525 4.57265 3.71631 3.10844 3.8713 7.27517 8.26878 3.74883 3.24209 3.02807 2.63962 1.33668 0.347329 0.287806 0.00886748 0.000602384
threshold=3.8584362017883396 1.0328001578147645 68.483455987377539 69.308087717132125 1.8506629958206806 0.20508713502675111 0.0046306175282784254 0.24607583171503303 0.42086253853221584 -0.0051801817372862371 0.0067589729838178911 0.43519534899471018 0.008899089622739333 61.592292316700217 0.00065456231904303952 39.171144898550509 0.0010553971101064932 0.0012485660927477051 0.0014296873175677629 59.197803330437743
decision_type=2 2 2 2 2 2 2 2 2 2 2 2 2 2 2 2 2 2 2 2
left_child=1 2 5 -4 -5 6 -1 16 9 15 -11 13 -13 -10 -7 -9 -2 18 19 -3
right_child=7 17 3 4 -6 14 -8 8 11 10 -12 12 -14 -15 -16 -17 -18 -19 -20 -21
leaf_value=0.004298709134734552 -0.04508767098505792 -0.052666894044591198 0.082805804200351649 -0.029869843719751779 0.0093976211454183198 -0.0068671358047225671 0.067816841370944903 -0.014155130554576584 -0.011156939211699413 0.024417931140006378 -0.015942332062348526 -3.7083052839525647e-06 0.0096927339046277376 -0.060321198534759563 -0.02117403404505969 -0.050489425326006671 -0.021990643629507658 -0.027332652913522493 -0.05798533166424244 -0.053845826270506693
leaf_weight=24.504722749814395 3.3405099920928469 2.4568714201450339 3.0894953384995452 10.786522548645733 48.997442711144686 86.169473607093096 2.5416476726531974 10.187684617936609 12.919424392282965 64.124001517891884 15.821459885686634 1740.4605210907757 90.699046105146408 4.1340672150254241 51.512786898761988 3.3680917620658866 3.1744491457939148 1.2071399539709089 1.2328335940837858 1.9383657146245239
leaf_count=204 27 54 25 112 314 810 14 73 79 363 81 9449 390 21 416 22 15 7 12 32
internal_value=-4.16488e-05 -0.00575386 -0.00444051 0.00626808 0.00231279 -0.00852776 0.0102677 0.000645722 0.000761409 0.0106874 0.0164305 0.000259253 0.000476566 -0.0230752 -0.01222 -0.0231828 -0.0338335 -0.0494863 -0.0542379 -0.0531868
internal_weight=2182.67 234.437 227.602 62.8735 59.784 164.729 27.0464 1948.23 1941.71 93.5012 79.9455 1848.21 1831.16 17.0535 137.682 13.5558 6.51496 6.83521 5.62807 4.39524
internal_count=12520 2000 1895 451 426 1444 218 10520 10478 539 444 9939 9839 100 1226 95 42 105 98 86
is_linear=0
shrinkage=0.05


Tree=59
num_leaves=24
num_cat=0
split_feature=4 3 2 4 1 0 1 4 3 3 0 2 3 2 2 2 3 2 3 1 0 1 4
split_gain=3.24289 5.0082 5.79351 4.21498 3.66938 3.80577 4.38471 4.26592 3.14431 4.08185 2.9688 7.35669 7.24845 4.21873 6.51774 4.71386 4.21718 2.36625 2.49033 2.34245 2.09581 2.89297 0.000206819
threshold=5.0088606346008167 0.7045786999030349 0.0043048984038389646 5.0934975805845424 -0.0020689429815602951 36.927542364922893 0.0040492197228730884 3.9534740597431983 0.69950178264742735 0.53428504926504483 36.476509811119428 -0.0048134609763627592 0.57924573237283583 -0.0024077104291896907 -0.0040705392087740369 -0.00059431764041695246 1.0722316625129438 0.00089340975658991361 0.86354773658204531 -0.00047412910761346344 35.728228011432421 -0.0028047631137935176 4.1902005011439831
decision_type=2 2 2 2 2 2 2 2 2 2 2 2 2 2 2 2 2 2 2 2 2 2 2
left_child=1 4 17 8 20 7 -7 -6 9 -2 11 12 -5 14 -12 -15 -13 19 -19 -3 21 -1 -22
right_child=3 2 -4 10 5 6 -8 -9 -10 -11 13 16 -14 15 -16 -17 -18 18 -20 -21 22 -23 -24
leaf_value=0.020521511362906211 0.034305751670803762 -0.0090418918644855299 0.036788716682451178 -0.02358000423725358 0.0013509429919386553 -0.0037340429570674066 0.042366942804795228 0.031715944421694259 0.056620233965191807 -0.02471440065702565 -0.0031298879462283973 -0.0033493295376144068 0.0058634540583323326 -0.0063952341467161658 0.017267243430688108 0.0020117494772628366 -0.020646290463952242 -0.024037912126395607 0.0035875203788115124 -0.036894830714508435 -0.053505571985132429 -0.054726755776311677 -0.054198355467281384
leaf_weight=3.2691739574074745 7.4400287121534365 10.804801590740679 4.8734340071678153 23.591554038226604 32.79482701420784 269.70847214758396 5.2583043426275244 17.868930317461491 5.479368992149829 4.832214817404747 64.763870656490326 68.125417463481426 183.41490732878447 198.42004754394293 99.085845932364464 1044.2881202921271 72.998492084443569 15.935030199587343 16.715189784765244 25.048372119665146 3.5132310707122087 2.0963575318455678 1.55373840034008
leaf_count=35 39 139 24 165 262 1913 22 113 32 29 327 433 1068 1098 506 5189 434 125 139 319 60 27 22
internal_value=-4.06683e-05 -0.00405129 -0.0158857 0.000885799 -0.00146733 -0.00053217 -0.00285243 0.0120606 0.0251275 0.0110665 0.000640554 -0.00349342 0.00250792 0.00166373 0.00920499 0.000669428 -0.0122964 -0.019633 -0.00989515 -0.028501 -0.0306567 -0.00887861 -0.053718
internal_weight=2181.88 409.44 73.3768 1772.44 336.063 325.631 274.967 50.6638 17.7516 12.2722 1754.69 348.13 207.006 1406.56 163.85 1242.71 141.124 68.5034 32.6502 35.8532 10.4325 5.36553 5.06697
internal_count=12520 3200 746 9320 2454 2310 1935 375 100 68 9220 2100 1233 7120 833 6287 867 722 264 458 144 62 82
is_linear=0
shrinkage=0.05


Tree=60
num_leaves=24
num_cat=0
split_feature=4 3 0 4 2 0 4 0 4 1 2 2 2 1 1 4 2 3 1 1 3 4 3
split_gain=3.07196 5.64002 3.24906 5.56983 5.20794 4.24344 4.10591 2.8967 2.44328 2.199 5.96947 2.19567 6.20254 5.11235 2.09242 2.97051 2.39438 2.11995 4.46892 1.96171 1.40762 0.700798 0.255295
threshold=2.7442189337755925 0.25660952681954691 64.188677105800281 1.907900217998681 -0.00052525001478287414 81.48160048938658 1.3634283352845606 14.90544497868318 7.1227987478101404 -0.0025650747812608894 -0.012490682221885372 0.0063419750782440784 0.0045449472199127214 -0.00081099393154254729 0.0054008132131363471 9.7918111830568737 0.014201122375755106 0.25660952681954691 -0.0011866064742899749 -0.0045387939578740979 0.31866182700625195 2.5646626393832057 0.58394834602126144
decision_type=2 2 2 2 2 2 2 2 2 2 2 2 2 2 2 2 2 2 2 2 2 2 2
left_child=1 11 4 20 6 -5 -3 8 22 10 -10 12 13 -1 17 -16 -17 18 -9 -19 -4 -6 -2
right_child=7 2 3 5 21 -7 -8 14 9 -11 -12 -13 -14 -15 15 16 -18 19 -20 -21 -22 -23 -24
leaf_value=-0.04594116526849313 -0.057776152018078578 0.054885009582680923 -0.0046862466382806018 0.024438658678882466 -0.051508248724280607 -0.03580974735002361 -0.018119908757493884 0.034156334455687436 0.017806295025501011 0.015625200950179784 -0.051063443923108423 -0.032795264798278947 0.058312403891131306 0.0084537499787389371 0.040293598461698547 0.010177070935872687 -0.022158516149779643 -0.0086584389124044654 -0.025909999099886769 0.00075318976374857591 -0.05574767375844273 -0.024648103398908786 -0.035089357937884806
leaf_weight=5.044408379122614 2.8308752998709705 2.2290635332465198 1.8352506272494817 13.094144750386478 15.053402638062837 3.7623321115970603 14.163336986675857 3.7570421807467964 5.6452826410532033 6.2495187968015644 7.1082952544093132 3.5347378030419341 5.3754689916968337 30.063218154013157 7.1307824999094001 41.473415181040764 6.6417628377676001 57.009482629597187 17.614516116678715 1920.7808154933155 5.1015495546162128 2.8954653888940802 2.2066459208726883
leaf_count=60 27 21 18 102 247 28 168 34 39 39 62 24 28 246 37 173 28 382 104 10525 74 34 20
internal_value=-4.00589e-05 -0.00850522 -0.0187283 -0.00452753 -0.0285673 0.0109913 -0.00819259 0.00037599 -0.0168793 -0.0086724 -0.0205787 0.00499649 0.00829624 0.000638065 0.000577911 0.0101769 0.0057135 0.000312648 -0.0153506 0.000481901 -0.0422385 -0.0471752 -0.0478384
internal_weight=2180.6 102.152 58.1345 23.7933 34.3413 16.8565 16.3924 2078.45 24.0406 19.0031 12.7536 44.0178 40.4831 35.1076 2054.41 55.246 48.1152 1999.16 21.3716 1977.79 6.9368 17.9489 5.03752
internal_count=12520 1050 692 222 470 130 189 11470 187 140 101 358 334 306 11283 238 201 11045 138 10907 92 281 47
is_linear=0
shrinkage=0.05


Tree=61
num_leaves=23
num_cat=0
split_feature=4 3 1 3 4 1 0 4 2 3 2 4 4 1 0 3 4 3 4 4 1 3
split_gain=2.90624 6.159 4.38662 4.66274 5.25338 3.50019 7.66186 3.36717 7.89855 3.41656 4.85845 3.2826 4.93984 3.12134 3.00726 2.61299 2.60715 8.07718 3.35327 2.37546 1.08472 0.39093
threshold=7.6577670632539903 1.2489667196258591 3.3412955904310597e-06 1.4205763166546594 6.940572685853688 0.0042172361484382756 58.387463315186189 7.720496577515175 0.0014296873175677629 0.57514363039924066 0.0020008054950966252 7.825402432062659 7.8798437844960612 0.00087295955133437364 79.669048153911447 0.43013217140752835 7.4370671801764408 1.0433220893010153 0.8589151204800195 6.1568882485014296 -0.0014876823436013595 1.4678753107254969
decision_type=2 2 2 2 2 2 2 2 2 2 2 2 2 2 2 2 2 2 2 2 2 2
left_child=1 5 20 4 -4 16 -7 8 -2 10 15 13 -13 -11 -12 -9 18 -18 -1 -5 -3 -22
right_child=7 2 3 19 -6 6 -8 9 -10 11 14 12 -14 -15 -16 -17 17 -19 -20 -21 21 -23
leaf_value=-0.054500550503236427 0.076827161623183871 -0.010428314189921017 -0.050174647962196221 0.059955381631820952 0.019657660553525951 0.066795857446103044 -0.0086304578324442466 0.0021573467620302146 -0.02029706352449169 -0.043279333109100759 0.012212743104887621 0.042489432987606428 0.001844809977665557 0.0046479391432270685 -0.029975612444607259 -0.028892187435963224 -0.025454720014911298 0.058127497391667976 -0.0011184683527787288 0.00085251884763632942 -0.057171686633995668 -0.039471366509160721
leaf_weight=2.9530449584126464 4.627236492931841 2.0955602303147307 7.9000144526362437 2.8650905471295109 4.0862123966217041 5.8723127692937833 7.8914459347724915 8.8434549346566182 3.822596088051796 7.8025904297828657 25.397714108228687 7.5214534699916831 1226.628139950335 6.0168114900588989 5.0666888058185569 28.982401371002197 26.614847883582119 3.2426609247922888 774.37396662868559 4.1809986010193825 6.9902122430503351 5.6333897337317467
leaf_count=50 30 18 62 27 23 26 34 52 19 51 124 41 6125 27 23 172 152 20 5289 24 75 56
internal_value=-3.93651e-05 -0.00231247 -0.0232454 -0.00739338 -0.0263682 -0.00145186 0.0235502 0.00142724 0.0328894 0.00122526 -0.00966445 0.00182116 0.00209252 -0.0224123 0.00519618 -0.021633 -0.00187818 -0.0163773 -0.00132127 0.024885 -0.0437425 -0.0492728
internal_weight=2179.41 854.7 33.7515 19.0323 11.9862 820.948 13.7638 1324.71 8.44983 1316.26 68.2903 1247.97 1234.15 13.8194 30.4644 37.8259 807.185 29.8575 777.327 7.04609 14.7192 12.6236
internal_count=12520 5856 285 136 85 5571 60 6664 49 6615 371 6244 6166 78 147 224 5511 172 5339 51 149 131
is_linear=0
shrinkage=0.05


Tree=62
num_leaves=26
num_cat=0
split_feature=4 3 0 4 2 0 0 0 0 0 1 2 3 1 2 2 4 0 1 1 3 0 1 0 4
split_gain=2.72521 5.22676 3.05808 5.17884 5.06222 4.06634 3.78441 2.72115 12.565 3.76068 8.74071 3.01365 2.99055 3.02885 4.81806 3.51073 2.08033 5.63827 7.92903 3.71067 3.65536 3.37884 1.96351 1.43018 0.708629
threshold=2.7442189337755925 0.25660952681954691 64.188677105800281 1.907900217998681 -0.00052525001478287414 66.493990230646418 40.091143178061976 25.691237107906556 26.414302034853431 27.707662179381355 -7.007325959207388e-06 -0.0024077104291896907 0.33589848924775695 -0.0048289965671685633 -0.012490682221885372 -0.0030528840295523936 1.5766706376002919 57.406176476666431 0.00090187785160122946 0.0015834776550252008 0.20508713502675111 72.353255300140304 -0.001941765611837176 68.256454214321835 2.5646626393832057
decision_type=2 2 2 2 2 2 2 2 2 2 2 2 2 2 2 2 2 2 2 2 2 2 2 2 2
left_child=1 16 4 23 6 -5 -3 12 22 10 -10 -11 -2 14 -14 -15 19 20 -19 21 -18 -1 -9 -4 -6
right_child=7 2 3 5 24 -7 -8 8 9 11 -12 -13 13 15 -16 -17 17 18 -20 -21 -22 -23 -24 -25 -26
leaf_value=-0.0037729665481324574 -0.048377741339565121 -0.024445459830384712 -0.0040121968035623122 0.06638906791326947 -0.051129674037845144 -0.00027787535679487264 0.02709148344183478 0.030801858878267387 -0.036174699288750896 0.0049235592981985666 0.038642236977749739 -0.00014896191307058198 0.015076618529644613 0.00065732459463195472 -0.035743093629038186 -0.034752281496214496 0.017706744475632061 0.083945734987347531 -0.0039496421522901178 0.052673517334849797 -0.037198410232037959 -0.058745162494964788 0.080696190242442067 -0.055767454697786684 -0.023811027003732593
leaf_weight=15.663171866908675 4.1170634552836409 10.981956146657469 1.8421385325491453 2.7255076244473484 14.393922667950394 14.2261163033545 5.2720840573310843 3.1658696308732033 17.687168117612604 361.2347597591579 5.0094466581940642 1545.8173563480377 6.4680308029055622 104.50194445252419 16.720457896590233 7.5025083087384692 6.6123401559889334 5.4757118001580221 4.8282902836799622 2.3765606731176367 5.5976115018129349 3.402458105236291 5.2281230986118299 4.8468977250158787 2.8425639793276778
leaf_count=150 32 130 21 21 247 109 59 20 114 1960 27 8375 43 679 132 60 54 39 25 11 46 33 28 71 34
internal_value=-3.86504e-05 -0.00805551 -0.0180282 -0.00425958 -0.0277473 0.0104409 -0.00772918 0.000351444 0.000836598 0.00057108 -0.0196616 0.000811878 -0.00639822 -0.00511981 -0.0215678 -0.00171455 0.00490627 0.0155216 0.0427594 -0.0062397 -0.00746434 -0.0135833 0.0618781 -0.0415142 -0.0466244
internal_weight=2178.54 101.087 57.1312 23.6407 33.4905 16.9516 16.254 2077.45 1938.14 1929.75 22.6966 1907.05 139.31 135.193 23.1885 112.004 43.9561 22.514 10.304 21.4422 12.21 19.0656 8.39399 6.68904 17.2365
internal_count=12520 1050 692 222 470 130 189 11470 10524 10476 141 10335 946 914 175 739 358 164 64 194 100 183 48 92 281
is_linear=0
shrinkage=0.05


Tree=63
num_leaves=24
num_cat=0
split_feature=1 0 1 3 2 2 4 4 1 2 0 0 3 3 1 3 1 2 0 0 3 0 3
split_gain=2.57663 4.54223 4.2371 7.89476 4.24531 9.77525 4.08669 4.06337 3.29034 4.0215 2.95338 11.1832 3.22854 2.86909 2.69535 5.0275 4.02601 2.16718 3.74437 2.10662 6.08053 5.25061 0.300903
threshold=0.00020707035113931574 84.381562393707782 0.0002575470823651394 0.43519534899471018 -0.0011962914849351078 0.0013232575884124522 15.199789123855343 9.2012699785234577 -0.0045387939578740979 -0.0088853823615943611 48.066200953999171 49.117198650908371 0.93906415490234896 0.93906415490234896 0.00042040187155356629 0.20508713502675111 0.00030457398202443647 -1.0000000180025095e-35 66.655291626119691 58.15526278039502 0.42528584388612573 58.821391553345968 0.48325231408559749
decision_type=2 2 2 2 2 2 2 2 2 2 2 2 2 2 2 2 2 2 2 2 2 2 2
left_child=1 6 3 17 7 -6 8 -5 13 -10 12 -12 -8 -1 15 -4 -17 -2 -19 20 -16 -21 -3
right_child=2 22 14 4 5 -7 10 -9 9 -11 11 -13 -14 -15 19 16 -18 18 -20 21 -22 -23 -24
leaf_value=-0.0084939452133995907 0.019083562097932862 -0.035196299631624878 0.099990562557207813 0.0045150606172909506 -0.034583417930386821 0.017254641345055565 -0.023823283929864051 0.061119375378022957 -0.025199307982567611 -0.0023998613550566556 0.075330472189432396 0.0062551614444030972 0.0024876629025170189 -0.050182156661467719 0.017865198308964318 0.0038487749114709206 -0.031665621025907517 0.10309770951958189 0.031493948762232535 -0.030574949456944431 0.0015021983857238749 -1.8807564337862643e-05 -0.059842486495408236
leaf_weight=10.312096796929838 3.1398026943206787 2.1709007695317259 0.95375904440879722 6.7083529680967313 14.469323039054869 24.481625456362963 12.660002671182154 6.0117900669574738 19.90113640576601 687.22649273090065 6.4791045635938636 61.269451782107353 147.50607923418283 6.8813565447926512 65.247820690274239 13.946236021816729 18.653737055137753 3.805547744035719 3.5095275938510895 14.391763903200625 437.20094923488796 607.91527334414423 2.8831322118639946
leaf_count=100 23 20 9 44 112 140 70 29 151 4926 29 289 750 64 361 97 139 22 22 72 2095 2932 24
internal_value=-3.86011e-05 -0.00198052 0.00148461 0.0142056 0.00618815 -0.00200193 -0.0017296 0.0312674 -0.003567 -0.00304152 0.00410973 0.0128611 0.000407968 -0.0251789 0.000802314 -0.0131622 -0.0164726 0.0538304 0.0687446 0.0012189 0.00362709 -0.000725463 -0.049256
internal_weight=2177.73 957.29 1220.44 62.126 51.6711 38.9509 952.236 12.7201 724.321 707.128 227.915 67.7486 160.166 17.1935 1158.31 33.5537 32.6 10.4549 7.31508 1124.76 502.449 622.307 5.05403
internal_count=12520 6423 6097 392 325 252 6379 73 5241 5077 1138 318 820 164 5705 245 236 67 44 5460 2456 3004 44
is_linear=0
shrinkage=0.05


Tree=64
num_leaves=23
num_cat=0
split_feature=4 3 0 4 1 0 1 4 3 3 0 0 2 4 4 4 3 1 1 0 1 4
split_gain=2.6023 4.47332 5.2452 3.72559 3.30965 3.52746 3.74704 3.55028 2.72709 3.59266 2.48461 6.71105 6.27545 4.21989 5.63254 5.5017 4.03649 2.35563 3.97736 2.12328 2.72404 0.000181106
threshold=5.0088606346008167 0.7045786999030349 84.381562393707782 5.0934975805845424 -0.0020689429815602951 36.927542364922893 0.0040492197228730884 3.9534740597431983 0.69950178264742735 0.53428504926504483 46.493656451585167 48.724047857251868 -0.0023447126247984613 6.6528061125762212 6.8940788744525046 5.6596088685097357 0.72290794353582133 0.0014508119620175732 0.00053871409720429597 35.728228011432421 -0.0028047631137935176 4.1902005011439831
decision_type=2 2 2 2 2 2 2 2 2 2 2 2 2 2 2 2 2 2 2 2 2 2
left_child=1 4 17 8 19 7 -7 -6 9 -2 13 12 -12 15 -15 -5 -13 18 -3 20 -1 -21
right_child=3 2 -4 10 5 6 -8 -9 -10 -11 11 16 -14 14 -16 -17 -18 -19 -20 21 -22 -23
leaf_value=0.020402398836030129 0.031828449697190474 -0.024481343028687073 0.029616827529354208 0.0040320733115487102 0.0018710718126814308 -0.0034046457854947083 0.039362770585675708 0.029450403505627616 0.052320482907296399 -0.02369572597940145 0.051017290723207487 0.0061684475234785978 0.010304408232271982 0.030338364841318157 -0.001195359829853578 -0.023543981434073259 -0.0010240676672096868 -0.050376164672422431 0.0037024729217044906 -0.053323694201935029 -0.054338496381966889 -0.053987829834767978
leaf_weight=3.2724155560135841 7.5042026713490504 42.606701750308275 6.0429701954126349 29.437434904277325 32.50253314897418 267.90482911467552 5.2213753759860984 18.205003432929516 5.6240952536463729 4.7621531784534454 10.826426215469835 265.17537971585989 75.26940930634737 14.519714526832102 573.17034485936165 46.910565488040447 737.80523525923491 5.5020525231957427 17.725986089557409 3.3101330250501633 1.9428873844444732 1.4879109449684618
leaf_count=35 39 543 31 207 262 1913 22 113 32 29 54 1324 405 93 3177 346 3614 29 143 60 27 22
internal_value=-3.81153e-05 -0.00365006 -0.0149648 0.000789355 -0.00121397 -0.00033855 -0.00258706 0.0117726 0.0234907 0.0102724 0.000557688 0.0020275 0.015424 -0.00185292 -0.000416275 -0.0129115 0.000877542 -0.019057 -0.0162008 -0.0295252 -0.00744127 -0.0535296
internal_weight=2176.73 405.725 71.8777 1771 333.847 323.834 273.126 50.7075 17.8905 12.2664 1753.11 1089.08 86.0958 664.038 587.69 76.348 1002.98 65.8347 60.3327 10.0133 5.2153 4.79804
internal_count=12520 3200 746 9320 2454 2310 1935 375 100 68 9220 5397 459 3823 3270 553 4938 715 686 144 62 82
is_linear=0
shrinkage=0.05


Tree=65
num_leaves=23
num_cat=0
split_feature=4 3 1 3 4 4 4 2 3 2 4 4 2 4 1 1 0 3 4 1 3 1
split_gain=2.49688 5.55053 4.19412 4.23709 4.92872 3.11582 2.96244 6.77596 3.20221 4.40061 2.99986 4.36514 2.91523 4.70001 2.97131 2.89417 2.70038 2.45421 2.05526 0.945687 0.407794 0.00287368
threshold=7.6577670632539903 1.2489667196258591 3.3412955904310597e-06 1.4205763166546594 6.940572685853688 0.8589151204800195 7.720496577515175 0.0014296873175677629 0.57514363039924066 0.0020008054950966252 7.825402432062659 7.8798437844960612 -0.0053982480490593057 2.8659709491898147 0.0042172361484382756 0.00087295955133437364 79.669048153911447 0.4941062045151331 6.1568882485014296 -0.0014349101444370291 1.4678753107254969 0.00035562437269054398
decision_type=2 2 2 2 2 2 2 2 2 2 2 2 2 2 2 2 2 2 2 2 2 2
left_child=1 5 19 4 -4 21 7 -2 9 17 15 -12 13 -7 -14 -10 -11 -8 -5 -3 -21 -1
right_child=6 2 3 18 -6 12 8 -9 10 16 11 -13 14 -15 -16 -17 -18 -19 -20 20 -22 -23
leaf_value=-0.053068113095589411 0.069773856032023393 -0.013007471248058677 -0.049140143640240906 0.055455520286371497 0.018766109529448335 0.038653888035226437 -0.0080622797133458983 -0.019505085047007389 -0.042189077519560081 0.011237186324547729 0.039586733555593168 0.0017268932103471771 -0.00088969941420231208 -0.019777216648675693 0.022817237646634455 0.0042144936461889788 -0.028881623033358741 -0.033665893149959929 0.00097248583436520652 -0.056812323821236223 -0.038193893346935945 -0.05638806586616403
leaf_weight=1.7119730953127139 4.8342791199684125 2.2332391291856757 7.6139204055070895 2.9568812977522603 4.1169649213552475 3.7996790856122962 18.624096274375916 3.7925639450550079 7.5858825370669347 25.525650836527351 7.6609787046909323 1226.7820066660643 761.5034695751965 36.511364433914423 13.450574874877928 6.0320786982774734 5.019132360816001 18.814513824880123 4.1749310195446014 6.5622815284877998 5.3295076228678226 1.0525314174592493
leaf_count=34 30 20 62 27 23 28 114 19 51 124 41 6125 5165 269 59 27 23 110 24 74 55 16
internal_value=-3.745e-05 -0.00215072 -0.0222591 -0.00683117 -0.0253084 -0.00133984 0.00132019 0.0305247 0.00112875 -0.00943884 0.00170438 0.00196185 -0.00116014 -0.0142696 -0.000478227 -0.0216346 0.00464485 -0.0209292 0.0235614 -0.0428616 -0.0484682 -0.0543321
internal_weight=2175.69 851.017 32.9877 18.8627 11.7309 818.03 1324.67 8.62684 1316.04 67.9834 1248.06 1234.44 815.265 40.311 774.954 13.618 30.5448 37.4386 7.13181 14.125 11.8918 2.7645
internal_count=12520 5856 285 136 85 5571 6664 49 6615 371 6244 6166 5521 297 5224 78 147 224 51 149 129 50
is_linear=0
shrinkage=0.05


Tree=66
num_leaves=27
num_cat=0
split_feature=4 3 0 2 4 4 0 0 4 3 2 2 2 1 2 4 3 1 1 3 2 2 2 3 4 1
split_gain=2.4768 4.59275 2.88196 4.88737 4.79313 3.8669 3.75586 2.41847 2.30385 3.83416 2.47848 2.08594 5.29457 4.68552 1.88742 1.83942 1.81732 4.18087 2.52652 2.04973 4.9338 1.97837 1.77845 1.42385 0.722083 0.00616438
threshold=2.7442189337755925 0.25660952681954691 64.188677105800281 -0.00052525001478287414 1.907900217998681 1.3634283352845606 81.48160048938658 14.90544497868318 11.992808341060444 1.3083421951594547 -0.012490682221885372 0.0063419750782440784 0.0045449472199127214 0.0016402073491855742 -0.0088853823615943611 7.1227987478101404 0.25660952681954691 -0.00070804200697227582 0.00023712759229621574 0.30339411920987863 0.00016242643768737966 0.008899089622739333 -0.0035656036696849465 0.31866182700625195 2.5646626393832057 -0.0023876087513422513
decision_type=2 2 2 2 2 2 2 2 2 2 2 2 2 2 2 2 2 2 2 2 2 2 2 2 2 2
left_child=1 11 3 5 23 -3 -6 8 14 -10 -11 12 13 -1 25 -16 17 22 -19 20 -18 -21 -9 -4 -5 -2
right_child=7 2 4 24 6 -7 -8 16 9 10 -12 -13 -14 -15 15 -17 19 18 -20 21 -22 -23 -24 -25 -26 -27
leaf_value=-0.0064235567598123385 -0.056008725725707476 0.05350159134178134 -0.0025114886636503336 -0.050745807528805066 0.022362719505799725 -0.017149876688588254 -0.03477128673168197 0.063354322336232782 0.036836256648168419 0.010468249237808043 -0.04683406670368942 -0.032805431774113894 0.053064684330827533 0.049564282829298041 -0.04264996916624799 0.0084949935863554427 -0.015294171289252922 -0.059607963182777772 -0.014487954664888503 0.00013302114998472577 0.031802434162721625 0.0073315103430440526 0.00051470399854885898 -0.055207757573852781 -0.022791420444871542 -0.059791262472340359
leaf_weight=30.776766059920192 2.1875749379396439 2.251757480204108 1.7701207995414758 13.667933771386744 13.337887626141312 13.841514727100728 3.667383909225463 2.0256247669458389 4.3904905393719655 3.3553577661514282 4.3122274503111839 3.4774622470140448 5.518853433430194 4.25332386791706 3.3569443970918673 3.6908207088708878 8.6158010289073008 4.1136799827218082 12.623084932565687 1905.2914697304368 15.683258727192877 100.48147104680538 2.5350266024470356 4.6473329830914736 2.779928319156169 2.1218991950154305
leaf_count=288 24 21 18 247 102 168 28 16 28 20 36 24 28 18 32 30 59 32 67 10562 86 437 24 74 34 17
internal_value=-3.67303e-05 -0.00772301 -0.0172275 -0.0268539 -0.00385364 -0.00726438 0.0100411 0.000333695 -0.0156444 -0.000423384 -0.0217584 0.00435859 0.00754577 0.000374439 -0.0318048 -0.015866 0.000516077 -0.0140136 -0.0255779 0.000668508 0.0151032 0.000493638 0.0284251 -0.0406726 -0.0460211 -0.0578712
internal_weight=2174.77 99.9903 55.9639 32.5411 23.4227 16.0933 17.0053 2074.78 23.4153 12.0581 7.66759 44.0264 40.5489 35.0301 11.3572 7.04777 2051.37 21.2974 16.7368 2030.07 24.2991 2005.77 4.56065 6.41745 16.4479 4.30947
internal_count=12520 1050 692 470 222 189 130 11470 187 84 56 358 334 306 103 62 11283 139 99 11144 145 10999 40 92 281 41
is_linear=0
shrinkage=0.05


Tree=67
num_leaves=15
num_cat=0
split_feature=3 1 2 3 1 2 2 4 3 3 4 2 1 1
split_gain=2.38801 2.25267 5.86236 4.5604 6.90635 4.28032 6.32728 3.7142 3.1432 4.87118 4.28025 3.08624 0.992194 0.738198
threshold=0.095353398966985706 -0.0020689429815602951 -0.01744289136528537 0.57106968903744193 -0.0029832338673604904 -0.0027920095083446834 -0.00012635336360428126 12.867362094711657 0.63140380088545156 0.75491158718062246 9.6668075653817045 0.0009190274716219805 0.00062242400824252819 -0.0027489637599886758
decision_type=2 2 2 2 2 2 2 2 2 2 2 2 2 2
left_child=12 3 -3 4 11 7 -7 -4 10 -10 -5 -2 -1 -6
right_child=1 2 5 8 13 6 -8 -9 9 -11 -12 -13 -14 -15
leaf_value=-0.055290434502900269 -0.0079880530408464236 -0.05992349854149203 0.0022917889987810361 -0.0036491668536513446 -0.025565214182888926 -0.0058613595979281705 0.0015073286414099226 0.013758071569277348 -0.026287027692989545 -0.00088147391998414585 0.062451155242455231 0.057141224232468382 -0.0059054401906288301 -0.052895146502467863
leaf_weight=2.7457603868097058 12.322681296616794 3.9864832684397689 216.47956298291683 5.53998054563999 3.1430464982986441 386.01288251392543 1187.6320743337274 104.82330702245235 20.723365001380444 210.69717492163181 4.3896008655428886 2.1339220590889445 1.6154355257749555 11.551866093650458
leaf_count=37 128 20 1267 51 33 2428 6448 473 160 1288 29 18 13 127
internal_value=-3.62521e-05 3.80511e-05 0.000646152 -0.00423084 -0.022911 0.000773575 -0.0003002 0.0060326 -0.00197456 -0.0031565 0.025572 0.0016256 -0.0369977 -0.0470496
internal_weight=2173.8 2169.44 1898.93 270.502 29.1515 1894.95 1573.64 321.303 241.35 231.421 9.92958 14.4566 4.3612 14.6949
internal_count=12520 12470 10636 1834 306 10616 8876 1740 1528 1448 80 146 50 160
is_linear=0
shrinkage=0.05


Tree=68
num_leaves=16
num_cat=0
split_feature=3 1 4 3 3 4 3 4 0 0 2 4 1 2 3
split_gain=2.22428 2.15591 2.95026 3.24099 5.31382 2.2896 5.17148 3.37165 10.1819 3.31545 2.99133 1.38849 0.973461 0.87208 0.327636
threshold=0.095353398966985706 -0.006178923794210033 16.863992550165971 1.1965970840720881 0.94419259762302954 8.8080031426722716 1.6529638123189494 8.9063600714602895 66.493990230646418 9.4281836697370256 -0.010824148842572877 6.8469327458871181 0.00062242400824252819 -0.010334921399122841 0.63140380088545156
decision_type=2 2 2 2 2 2 2 2 2 2 2 2 2 2 2
left_child=12 2 14 4 -4 6 9 8 -7 -3 -9 -8 -1 -5 -2
right_child=1 5 3 13 -6 7 11 10 -10 -11 -12 -13 -14 -15 -16
leaf_value=-0.055012379942766122 -0.031456717615820383 0.061613656714653887 -0.027926793542269453 -0.0043110451074524873 0.060282283747538482 -0.0020134881250151474 -0.015006861929321783 0.017709174260865056 0.07860965927848422 -0.0013231015394156416 0.001016564313221506 -0.062617081517869919 -0.0056292377811541124 -0.027513455529244293 -0.057245420416139309
leaf_weight=2.6247153654694548 1.9813019260764146 2.096837516874074 2.980248615145686 6.8836488351225915 3.997379794716835 12.570646911859514 2.3946094550192347 27.532579682767391 5.6879777908325186 1020.8647073507309 1064.3458298519254 4.2480605319142342 1.6101026497781274 9.8370941653847641 3.2549110651016235
leaf_count=37 20 20 20 44 23 72 25 148 26 6752 5199 28 13 62 31
internal_value=-3.53312e-05 3.53598e-05 -0.0135215 -0.00601669 0.0226069 0.000218682 -0.00147965 0.00179381 0.0231025 -0.0011941 0.00143748 -0.0454541 -0.0362366 -0.0179614 -0.0474874
internal_weight=2172.91 2168.68 28.9346 23.6984 6.97763 2139.74 1029.6 1110.14 18.2586 1022.96 1091.88 6.64267 4.23482 16.7207 5.23621
internal_count=12520 12470 200 149 43 12270 6825 5445 98 6772 5347 53 50 106 51
is_linear=0
shrinkage=0.05


Tree=69
num_leaves=26
num_cat=0
split_feature=4 3 0 2 4 0 0 0 0 4 3 2 2 2 2 2 0 2 4 0 2 1 2 4 4
split_gain=2.16869 4.32948 2.68754 4.7441 4.45995 3.57175 3.41845 3.08611 2.23183 2.16956 3.4317 2.30943 1.9191 4.61694 4.61836 1.80121 1.7604 6.41663 9.05365 5.00937 2.56552 2.03517 1.74842 0.727751 0.00196104
threshold=2.7442189337755925 0.25660952681954691 64.188677105800281 -0.00052525001478287414 1.9930401309159826 40.091143178061976 81.48160048938658 68.256454214321835 14.90544497868318 11.992808341060444 1.3083421951594547 -0.012490682221885372 0.0063419750782440784 0.0045449472199127214 0.001951458413083196 -0.0088853823615943611 18.546550682080952 -0.012490682221885372 7.9750051384271767 20.675397048759987 -0.01744289136528537 -0.0035152385525212266 -0.0065223770538390671 2.5646626393832057 9.3937988877006813
decision_type=2 2 2 2 2 2 2 2 2 2 2 2 2 2 2 2 2 2 2 2 2 2 2 2 2
left_child=1 12 3 5 7 -3 -6 -4 9 15 -11 -12 13 14 -1 24 17 -10 -19 21 -21 -18 -17 -5 -2
right_child=8 2 4 23 6 -7 -8 -9 16 10 11 -13 -14 -15 -16 22 19 18 -20 20 -22 -23 -24 -25 -26
leaf_value=0.012256143519730259 -0.056378702614964298 -0.023459356114478778 0.01651070419190221 -0.050379092438252004 0.023123418139777432 0.0268034398925628 -0.032948038261028052 -0.056366933177266522 0.083480963400728206 0.034230070806354748 0.0096657411806542765 -0.045987437196462762 -0.031546189822379021 0.049552422865951511 -0.02809563432462131 0.015903325603193314 0.0032287927559328787 0.040964725176919875 -0.021653090185360411 -0.036708729266100158 0.00066430115162935703 -0.032008568707017071 -0.035418002047963193 -0.022008909939306504 -0.058569305220000138
leaf_weight=24.781583838164806 2.0831889621913433 10.684955844655635 2.0078166462481049 13.073965145274995 12.581320706754925 5.2816199027001849 3.4673556312918654 5.2537081968039274 2.8990566134452846 4.4818691164255124 3.3807067573070526 4.155223473906517 3.4098569341003886 5.6219475120306006 9.9331514015793783 2.6951689943671227 5.4322103559970882 9.9602720811963099 13.72970139980316 4.6025434732437125 1997.0956378430128 16.678955346345901 4.3189404904842394 2.7330027949064961 2.0048825219273567
leaf_count=222 23 130 23 247 94 59 27 78 15 28 20 36 24 28 84 24 41 80 95 25 10921 106 38 34 18
internal_value=-3.42413e-05 -0.00727049 -0.0165967 -0.0260563 -0.00370243 -0.00683281 0.011009 -0.0362162 0.000310661 -0.0151373 -0.000415745 -0.0210208 0.00447262 0.00751746 0.000710029 -0.031073 0.00048485 0.0132666 0.0046741 0.000316922 0.000578369 -0.0233516 -0.0156978 -0.0454739 -0.057453
internal_weight=2172.35 98.8303 55.0837 31.7735 23.3102 15.9666 16.0487 7.26152 2073.52 23.12 12.0178 7.53593 43.7465 40.3367 34.7147 11.1022 2050.4 26.589 23.69 2023.81 2001.7 22.1112 7.01411 15.807 4.08807
internal_count=12520 1050 692 470 222 189 121 101 11470 187 84 56 358 334 306 103 11283 190 175 11093 10946 147 62 281 41
is_linear=0
shrinkage=0.05


Tree=70
num_leaves=15
num_cat=0
split_feature=3 1 2 3 1 2 2 2 0 2 4 0 1 4
split_gain=2.07452 2.01147 5.42315 4.20428 6.59309 3.8266 5.76065 3.55858 3.44075 3.12859 6.55658 3.25322 0.947971 0.306806
threshold=0.095353398966985706 -0.0020689429815602951 -0.01744289136528537 0.57106968903744193 -0.0027489637599886758 -0.0027920095083446834 -0.00041906985533507463 0.0022981340792059828 42.418560504243352 0.0015224605150668815 13.577309153777799 9.4281836697370256 0.00062242400824252819 5.5484128425156927
decision_type=2 2 2 2 2 2 2 2 2 2 2 2 2 2
left_child=12 3 -3 4 7 8 -7 -2 -4 11 -11 -5 -1 -6
right_child=1 2 5 9 13 6 -8 -9 -10 10 -12 -13 -14 -15
leaf_value=-0.054766039757251007 -0.011324890140907554 -0.058431576674581445 0.003652096376306915 -0.045666477358763113 -0.041087965073106525 -0.0061445070251510657 0.0012754096329093472 0.058340955908557347 0.018775767440245818 -0.044534848724813135 0.0037105742901271522 0.0010707587495917788 -0.0055528091409285506 -0.058504423327206879
leaf_weight=2.5028404016047707 15.452895291149622 3.8817665874958029 278.35008562356234 3.7910248525440684 3.9101812336593849 331.45014200359583 1241.0072325598449 2.0797682814300051 43.482804581522942 12.509080879390241 16.113404154777527 208.41505936160684 1.6066788733005521 7.1567091792821884
leaf_count=37 164 20 1521 34 65 2079 6797 15 219 88 82 1324 13 62
internal_value=-3.4037e-05 3.32505e-05 0.00060709 -0.00400956 -0.0221342 0.000728072 -0.000288596 -0.00306095 0.00569545 -0.00185717 -0.0173745 0.000235806 -0.0355254 -0.0523508
internal_weight=2171.71 2167.6 1898.17 269.428 28.5996 1894.29 1572.46 17.5327 321.833 240.829 28.6225 212.206 4.10952 11.0669
internal_count=12520 12470 10636 1834 306 10616 8876 179 1740 1528 170 1358 50 127
is_linear=0
shrinkage=0.05


Tree=71
num_leaves=23
num_cat=0
split_feature=4 3 0 0 2 2 1 4 0 0 2 1 2 0 1 2 2 1 2 0 0 4
split_gain=1.94996 4.0105 2.9025 3.3428 4.28405 3.19785 2.05478 3.09678 2.66452 6.44257 3.79464 2.52943 4.8075 1.80742 5.62449 6.88775 3.87567 2.40681 1.7413 7.38759 3.72393 0.408626
threshold=2.7442189337755925 0.25660952681954691 15.848701996005071 64.188677105800281 0.00075183888009600086 -0.00052525001478287414 -0.0045387939578740979 9.4509484417555054 29.709630361159785 43.018264453162864 -0.010334921399122841 -0.0043079047838091569 -0.0040705392087740369 54.370397813546695 -0.00048102969980040594 0.001951458413083196 -0.0044428558871840154 0.00023712759229621574 0.014201122375755106 87.281406246598223 88.341932834626718 6.1153059315573097
decision_type=2 2 2 2 2 2 2 2 2 2 2 2 2 2 2 2 2 2 2 2 2 2
left_child=1 13 -3 5 -5 -4 7 21 10 -10 -9 12 -8 16 -15 -16 -1 -18 20 -20 -13 -2
right_child=6 2 3 4 -6 -7 11 8 9 -11 -12 18 -14 14 15 -17 17 -19 19 -21 -22 -23
leaf_value=0.036829081127765124 -0.025828598690144311 0.057343630164423114 -0.012137374206192295 0.065481816069500265 -0.010289496058258012 -0.044945304011217407 -0.0047758302513487083 0.0049911545619732677 0.023033041602811225 -0.026306729651487587 -0.031053392130465735 0.00034033738723494026 0.076295329341265636 0.068867309658398559 0.039461364086547226 -0.018834461329412144 -0.037593676595800908 0.0035305359913822536 0.007047363070581656 -0.058571623346519067 0.017960752937256144 -0.055884660607743109
leaf_weight=3.8660820871591595 1.6925920993089665 1.3159963339567173 14.508787278085947 2.0456754211336401 21.174943242222071 15.217942375689745 4.3153670281171799 12.683639977127315 18.652036584913734 10.253035895526407 17.208610646426678 1951.6275531686842 3.1733261346817008 3.8232543412596014 8.1175762079656142 13.482578106224535 8.1022157631814462 6.3432948663830748 13.119137942790987 6.3728753402829161 30.453264646232128 3.4073156118392944
leaf_count=28 20 14 175 25 197 281 30 87 110 62 134 10735 20 36 64 91 92 47 57 36 142 37
internal_value=-3.322e-05 -0.00692518 -0.0160059 -0.017829 -0.00361424 -0.0289327 0.000292595 -0.0085344 -0.0052926 0.00553153 -0.0157593 0.000573333 0.029578 0.00434156 0.012968 0.00307375 -0.0076352 -0.0195353 0.000464815 -0.0144066 0.000611063 -0.0459095
internal_weight=2170.96 97.9983 54.2633 52.9473 23.2206 29.7267 2072.96 63.8972 58.7973 28.9051 29.8923 2009.06 7.48869 43.735 25.4234 21.6002 18.3116 14.4455 2001.57 19.492 1982.08 5.09991
internal_count=12520 1050 692 678 222 456 11470 450 393 172 221 11020 50 358 191 155 167 139 10970 93 10877 57
is_linear=0
shrinkage=0.05


Tree=72
num_leaves=17
num_cat=0
split_feature=1 4 4 3 3 4 3 0 4 0 2 4 0 4 3 1
split_gain=1.85301 2.99477 2.7262 2.89174 4.5769 2.00111 4.82304 3.24397 3.0633 8.96914 2.84987 1.34652 0.761696 1.52446 0.333761 0.00297482
threshold=-0.006178923794210033 0.8589151204800195 16.863992550165971 1.1965970840720881 0.94419259762302954 8.8080031426722716 1.6529638123189494 9.4281836697370256 8.9063600714602895 66.493990230646418 -0.010824148842572877 6.8469327458871181 26.857154432764961 34.140463587852771 0.63140380088545156 0.00020707035113931574
decision_type=2 2 2 2 2 2 2 2 2 2 2 2 2 2 2 2
left_child=2 15 14 4 -4 6 7 -3 9 -7 -10 -8 13 -5 -1 -2
right_child=1 5 3 12 -6 8 11 -9 10 -11 -12 -13 -14 -15 -16 -17
leaf_value=-0.029989729563877323 -0.052875003868577901 0.060990023534767429 -0.02681549993942264 -0.026177769366220634 0.05497688127963566 -0.0017945961056536127 -0.014502720091861265 -0.0012445169513828494 0.017195102273252123 0.07353485612283138 0.00092053361883138649 -0.061876184790908222 -0.03138602683994992 0.01209660337111074 -0.056723676813269577 -0.056376053470578641
leaf_weight=1.8930054977536226 1.5122101418673985 2.0981973037123671 2.9152389988303211 5.7970907315611857 4.1382338106632233 12.532083526253702 2.3708254732191554 1020.4951506368816 27.596998184919357 5.7712199985980979 1064.4184176400304 4.0835404619574547 5.9504644870758048 4.7196664214134216 3.0461367554962635 1.0133103542029855
leaf_count=20 33 19 20 41 23 72 25 6753 148 26 5199 28 34 31 31 17
internal_value=-3.29826e-05 0.000135425 -0.0127074 -0.00561594 0.0211716 0.000199662 -0.00138877 -0.00111682 0.00167183 0.0219576 0.00133182 -0.0444749 -0.01709 -0.00900116 -0.0464775 -0.0542797
internal_weight=2170.35 2141.89 28.4598 23.5207 7.05347 2139.37 1029.05 1022.59 1110.32 18.3033 1092.02 6.45437 16.4672 10.5168 4.93914 2.52552
internal_count=12520 12320 200 149 43 12270 6825 6772 5445 98 5347 53 106 72 51 50
is_linear=0
shrinkage=0.05


Tree=73
num_leaves=19
num_cat=0
split_feature=1 2 0 3 1 0 2 2 2 3 3 0 4 4 4 4 1 4
split_gain=1.77211 5.11966 4.80513 3.99126 6.44151 3.78889 3.82031 3.00818 5.19989 2.89744 4.33735 7.37726 3.70015 3.13963 1.72049 1.65482 0.695919 0.287418
threshold=-0.0020689429815602951 -0.01744289136528537 11.715449813443387 0.57106968903744193 -0.0029832338673604904 16.862884634757219 -0.0027920095083446834 0.0014741758581966471 -0.0032631651691701342 0.63140380088545156 0.75491158718062246 23.254860023180175 9.6668075653817045 6.940572685853688 6.6528061125762212 6.2867835110250532 -0.0027489637599886758 5.5484128425156927
decision_type=2 2 2 2 2 2 2 2 2 2 2 2 2 2 2 2 2 2
left_child=3 -2 -3 4 7 14 -7 8 -1 12 11 -11 15 -12 -4 -5 -6 -18
right_child=1 2 5 9 16 6 -8 -9 -10 10 13 -13 -14 -15 -16 -17 17 -19
leaf_value=0.014256560386144446 -0.057383005783147895 0.073368949865169342 -0.050774701888686248 0.028627913326078936 -0.024958992846295644 0.0057652255745807091 -0.00029915636793566384 0.056886453310297194 -0.056080750330487698 0.041482722658874843 0.03321158314454116 -0.038794953587593911 0.058150409717214885 -0.0018609764577083743 -0.010343461719336384 -0.026850928965239398 -0.041101916431111656 -0.058036899818656278
leaf_weight=8.4396466985344869 3.8118169307708731 2.2671913206577292 4.9599133208394033 2.3589609749615175 3.0936908759176722 311.0250867754221 1573.6215129550546 2.1182422302663317 3.815571382641795 3.4535031840205219 6.5874892100691786 16.704403650015593 4.5116252601146698 203.49058390408754 5.6043179333209991 3.1243374273180962 3.9462240654975158 6.8622964881360531
leaf_count=85 20 19 42 26 34 1656 8909 17 45 29 58 131 29 1230 35 25 68 62
internal_value=-3.19705e-05 0.000505011 0.000621302 -0.00383433 -0.021603 0.000534276 0.000701655 0.0018673 -0.00764244 -0.00174292 -0.00288702 -0.0250416 0.0246119 -0.000761194 -0.029326 -0.00298347 -0.0458689 -0.0518539
internal_weight=2169.8 1901.29 1897.48 268.507 28.2757 1895.21 1884.65 14.3735 12.2552 240.231 230.236 20.1579 9.99492 210.078 10.5642 5.4833 13.9022 10.8085
internal_count=12520 10681 10661 1839 311 10642 10565 147 130 1528 1448 160 80 1288 77 51 164 130
is_linear=0
shrinkage=0.05


Tree=74
num_leaves=15
num_cat=0
split_feature=4 1 4 0 3 4 3 1 0 2 2 4 3 2
split_gain=2.82559 1.69905 2.61257 2.62455 6.94338 1.79936 5.14788 3.99417 2.91991 5.84484 3.57845 2.69617 0.327676 0.00253162
threshold=0.8589151204800195 -0.006178923794210033 16.863992550165971 42.614436725495544 1.1965970840720881 7.6577670632539903 1.2489667196258591 3.3412955904310597e-06 84.381562393707782 0.014201122375755106 0.008899089622739333 7.4370671801764408 0.63140380088545156 0.00011646426986700044
decision_type=2 2 2 2 2 2 2 2 2 2 2 2 2 2
left_child=13 2 12 4 -4 6 11 -8 10 -10 -7 -3 -2 -1
right_child=1 5 3 -5 -6 8 7 -9 9 -11 -12 -13 -14 -15
leaf_value=-0.055903552583962582 -0.029469865008741332 -0.00026648210996008196 0.055624977822242995 -0.047455044738043205 -0.014466703848714336 0.0011488302212563542 -0.041890752018909821 -0.0062241741817189947 -0.0040275362382028853 -0.060686619075157613 0.013630190943100966 -0.015585648131414441 -0.056331101395729534 -0.05264412483831174
leaf_weight=1.0685943737626069 1.8592262342572237 780.12552130781114 4.5636482164263787 3.1880037337541571 15.649378575384615 1202.8264602422714 13.537573209032415 18.681941751390696 28.10720419883728 5.4312420636415473 60.305562049150467 29.819999642670155 2.9161220453679562 1.3462895993143318
leaf_count=17 20 5343 27 20 102 6069 149 136 122 25 253 173 31 33
internal_value=-3.15844e-05 2.86535e-05 -0.0121694 -0.0052916 0.00135843 0.000189346 -0.00161017 -0.0212101 0.0013581 -0.013203 0.00174473 -0.000830492 -0.045873 -0.0540864
internal_weight=2169.43 2167.01 28.1764 23.401 20.213 2138.84 842.165 32.2195 1296.67 33.5384 1263.13 809.946 4.77535 2.41488
internal_count=12520 12470 200 149 129 12270 5801 285 6469 147 6322 5516 51 50
is_linear=0
shrinkage=0.05


Tree=75
num_leaves=17
num_cat=0
split_feature=4 1 0 0 4 2 2 2 0 3 0 3 3 4 3 2
split_gain=2.67777 1.67673 2.2888 5.59394 4.24215 2.45838 1.53686 4.80461 5.85202 4.80185 3.96303 5.49229 3.11594 0.801024 0.565175 0.00220735
threshold=0.8589151204800195 0.0054008132131363471 75.494197077653965 69.866291633350627 10.252216159603774 0.0094836609506574483 0.0060755027743577559 0.0066351404148162771 84.381562393707782 0.43519534899471018 75.970949944233141 0.48325231408559749 0.19124988926921135 24.108879804636388 1.0269500706717374 0.00011646426986700044
decision_type=2 2 2 2 2 2 2 2 2 2 2 2 2 2 2 2
left_child=15 6 3 4 -3 -4 10 8 -8 -9 12 -12 -2 -5 -7 -1
right_child=1 2 5 13 -6 14 7 9 -10 -11 11 -13 -14 -15 -16 -17
leaf_value=-0.055625495945611551 0.017252743589369918 0.05225350281477991 0.014354106356152557 0.06469802132665925 -0.0043342118998056407 -0.0087330011696051309 -0.013017718448566329 -0.020907323777906949 -0.073408008896405141 0.0021568946102960471 -0.015622484480638433 0.01714154200100371 -0.00046324561783228527 0.035755938987001155 -0.031988343764215964 -0.052510843190780233
leaf_weight=1.0214311331510537 25.173763360828161 3.8907008916139629 8.7440988570451754 4.2856933027505857 22.264257445931435 4.7598273903131467 34.025904409587383 25.95627411454916 4.5477023273706427 172.81659904122353 15.777452062815426 67.570618208497763 1765.3697676919401 5.4068055897951126 5.7915612459182739 1.2837986666709182
leaf_count=17 188 22 37 20 92 21 165 150 24 784 102 354 10463 23 25 33
internal_value=-3.06865e-05 2.66258e-05 0.00863374 0.0161073 0.00408354 -0.00525078 -0.000198181 -0.00398871 -0.0201375 -0.00085489 0.000281926 0.0109394 -0.000214171 0.0485531 -0.0214976 -0.0538909
internal_weight=2168.69 2166.38 55.1429 35.8475 26.155 19.2955 2111.24 237.346 38.5736 198.773 1873.89 83.3481 1790.54 9.6925 10.5514 2.30523
internal_count=12520 12470 240 157 114 83 12230 1123 189 934 11107 456 10651 43 46 50
is_linear=0
shrinkage=0.05


Tree=76
num_leaves=15
num_cat=0
split_feature=4 1 2 3 1 2 2 4 2 2 4 0 4 1
split_gain=2.53814 1.60903 4.75581 3.6797 6.15972 2.91163 5.12549 3.25703 2.89666 2.84138 6.18 3.11232 0.281885 0.00198212
threshold=0.8589151204800195 -0.0020689429815602951 -0.01744289136528537 0.57106968903744193 -0.0027489637599886758 -0.0027920095083446834 -0.00041906985533507463 9.7265007909671919 0.0022981340792059828 0.0015224605150668815 13.577309153777799 9.4281836697370256 5.5484128425156927 0.00020707035113931574
decision_type=2 2 2 2 2 2 2 2 2 2 2 2 2 2
left_child=13 3 -3 4 8 7 -7 -4 -2 11 -11 -5 -6 -1
right_child=1 2 5 9 12 6 -8 -9 -10 10 -12 -13 -14 -15
leaf_value=-0.052469257955047227 -0.010391939787127354 -0.055965137880476773 -0.00030649201488262292 -0.045119956640777899 -0.040501959449692607 -0.0057815908665696907 0.0012302989237772061 0.0097374293880109798 0.051105529477712866 -0.043511685308388476 0.0037989180094429548 0.0011837632316054503 -0.057597605525572131 -0.05552763424313574
leaf_weight=1.3113438617438071 15.178491799160843 3.7169622778892508 153.76492427289486 3.6935197636485091 3.8100640885531885 329.89470104128122 1241.0681286882609 169.89984837174416 2.1912223622202864 12.102660670876505 16.065082088112831 207.90546079725027 6.5676481872797012 0.88886388204991806
leaf_count=33 165 20 950 34 68 2075 6794 793 15 88 82 1324 62 17
internal_value=-2.94353e-05 2.50913e-05 0.000536683 -0.00360528 -0.0208432 0.00064753 -0.000242164 0.00496582 -0.00263392 -0.00161039 -0.0165287 0.000375519 -0.0513211 -0.0537048
internal_weight=2168.06 2165.86 1898.34 267.514 27.7474 1894.63 1570.96 323.665 17.3697 239.767 28.1677 211.599 10.3777 2.20021
internal_count=12520 12470 10632 1838 310 10612 8869 1743 180 1528 170 1358 130 50
is_linear=0
shrinkage=0.05


Tree=77
num_leaves=22
num_cat=0
split_feature=4 3 0 0 2 2 0 0 0 1 1 3 3 2 0 1 2 1 2 1 1
split_gain=1.6621 3.68391 2.99854 3.16617 5.53855 3.09841 1.79134 11.1204 3.3479 8.06049 2.7233 3.31085 6.19934 2.06632 1.74144 6.36138 4.73541 4.27743 3.59224 1.47214 1.00973
threshold=2.7442189337755925 0.25660952681954691 14.90544497868318 64.188677105800281 0.00065456231904303952 -0.00052525001478287414 25.691237107906556 26.414302034853431 27.707662179381355 -7.007325959207388e-06 0.0014508119620175732 0.32781101408370666 0.41501280421011594 -0.0024077104291896907 56.982182880547903 -0.00048102969980040594 0.001951458413083196 -8.4105838841441724e-05 0.00029762090769525079 -0.001941765611837176 -0.00081099393154254729
decision_type=2 2 2 2 2 2 2 2 2 2 2 2 2 2 2 2 2 2 2 2 2
left_child=1 14 -3 5 -5 -4 10 19 9 -9 11 -2 -13 -10 17 -16 -17 20 -19 -8 -1
right_child=6 2 3 4 -6 -7 7 8 13 -11 -12 12 -14 -15 15 16 -18 18 -20 -21 -22
leaf_value=-0.055431958691018503 -0.058844194043556557 0.06082449988703368 -0.011631860152234356 0.080675295738624031 -0.010416410616781101 -0.044333477528919411 0.030411028743552022 -0.035144140149746421 0.0040327849782437883 0.036647655900060729 -0.037067199129978655 0.061223700774440538 -0.0044513084619827595 -0.00016460376718485119 0.074765852661616256 0.036906352831296237 -0.015422091111618817 0.028897773125541971 -0.026990065179467011 0.073321997993755494 -0.018806124918550448
leaf_weight=3.5749665312469006 2.6658635623753062 1.2651131413876999 14.388745104894042 1.8103703614324356 21.323798649013042 14.586021499708295 3.1704736351966858 17.233291190117601 362.12329410016537 5.0570941865444174 6.4156591594219199 3.7007772997021666 123.64457708969712 1540.7762685120106 3.6119257789105204 6.5650304257869747 12.661551173776386 8.9907087571918947 4.2270119599997988 5.4080611765384656 3.9731738939881351
leaf_count=48 24 12 177 20 202 281 20 114 1960 27 31 31 860 8375 30 53 87 69 31 28 40
internal_value=-2.87622e-05 -0.00642641 -0.0152346 -0.0170812 -0.00328801 -0.028094 0.000270936 0.000661598 0.000408494 -0.0188565 -0.00526645 -0.00369718 -0.00254273 0.000634163 0.00435528 0.0138832 0.00244577 -0.00612367 0.0110249 0.0574629 -0.0361529
internal_weight=2167.17 96.9784 53.374 52.1089 23.1342 28.9748 2070.2 1933.77 1925.19 22.2904 136.427 130.011 127.345 1902.9 43.6044 22.8385 19.2266 20.7659 13.2177 8.57853 7.54814
internal_count=12520 1050 692 680 222 458 11470 10524 10476 141 946 915 891 10335 358 170 140 188 100 48 88
is_linear=0
shrinkage=0.05


Tree=78
num_leaves=19
num_cat=0
split_feature=1 0 2 2 2 3 2 2 4 2 0 1 3 4 2 3 3 2
split_gain=1.58923 2.37937 6.04807 4.32413 4.53124 2.5787 8.46887 3.17742 4.65064 2.54673 2.23228 1.87015 3.64262 1.71898 3.73663 1.81134 1.17098 2.56137
threshold=0.0024030021964477348 42.614436725495544 -0.0015969305926865072 -0.00081751606085450612 -0.00027758958572227094 0.96793467581307702 -0.005065883862959474 -0.0039100577140726558 13.341009915219528 -0.0012748938779059136 94.936700028544166 0.0023636836026977863 0.61878168091067554 1.5766706376002919 -0.00052525001478287414 0.20508713502675111 0.71432793842459275 -0.0028530191890874797
decision_type=2 2 2 2 2 2 2 2 2 2 2 2 2 2 2 2 2 2
left_child=10 5 16 9 -5 7 -7 8 -2 -4 11 13 -13 14 -1 -15 -3 -18
right_child=1 2 3 4 -6 6 -8 -9 -10 -11 -12 12 -14 15 -16 -17 17 -19
leaf_value=0.01460444049459673 -0.052874663635858278 0.015778827036408666 -0.0057895915732263485 0.03760317244824965 0.0026863074876120091 0.057677595008773321 -0.032368136849744648 0.0075270928363896407 0.0018371320702492541 -0.052466205512767428 -0.039454581818351361 0.014480662338618137 -0.043974486776186567 0.015404509501534658 -0.024127137923281715 -0.00040894236143969157 0.015839235027510681 0.064455460972162926
leaf_weight=8.9276696927845496 9.8190193325281161 6.2736145853996304 6.3962346911430359 9.580145448446272 308.39848524332047 5.0500837862491608 5.406866103410719 7.8391716033220318 6.4260458275675765 5.3805527538061124 3.699382282793521 4.3942485302686674 6.7725589424371719 18.301126100122929 20.586474986746907 1722.4667284786701 4.8745106905698785 6.0991740524768803
leaf_count=87 45 26 26 39 1283 21 22 32 28 22 27 20 29 127 259 10382 20 25
internal_value=-2.87681e-05 0.0029003 0.00414605 0.0026364 0.00373829 -0.00961458 0.0111186 -0.0186166 -0.0312324 -0.0271151 -0.000654805 -0.000574233 -0.0209718 -0.000445567 -0.0124113 -0.000242692 0.0330095 0.0428601
internal_weight=2166.69 381.544 347.003 329.755 317.979 34.5412 10.4569 24.0842 16.2451 11.7768 1785.15 1781.45 11.1668 1770.28 29.5141 1740.77 17.2473 10.9737
internal_count=12520 1589 1441 1370 1322 148 43 105 73 48 10931 10904 49 10855 346 10509 71 45
is_linear=0
shrinkage=0.05


Tree=79
num_leaves=13
num_cat=0
split_feature=4 1 4 0 3 2 2 2 1 2 3 1
split_gain=2.3898 1.52717 2.46969 2.46681 6.10806 1.60759 8.31368 2.00079 3.93503 2.53753 0.329466 0.00188835
threshold=0.8589151204800195 -0.006178923794210033 16.863992550165971 42.614436725495544 1.1965970840720881 -0.014338590424976315 -0.01744289136528537 -0.00926088068556624 -0.0031540560118757384 -0.0069030819237533283 0.63140380088545156 0.00035562437269054398
decision_type=2 2 2 2 2 2 2 2 2 2 2 2
left_child=11 2 10 4 -4 6 -3 8 -7 -9 -2 -1
right_child=1 5 3 -5 -6 7 -8 9 -10 -11 -12 -13
leaf_value=-0.05235206355781144 -0.028553776059777186 -0.020501073184404257 0.051315398455530195 -0.04648324196764151 -0.013767712533684485 -0.037971337799013759 0.063389374973553195 0.010239104458588031 -0.0018445376288426817 -2.0852377838938996e-05 -0.055967514258587814 -0.055435098574420243
leaf_weight=1.2647988311946385 1.811472557485106 6.3485117703676224 4.6989429444074693 3.1056830286979666 15.485158413648604 10.112907670438288 5.5222271457314474 62.115393333137035 29.598012447357178 2022.337798146531 2.774959709495306 0.81780863367021073
leaf_count=34 20 36 27 20 102 72 31 366 176 11589 31 16
internal_value=-2.76418e-05 2.38818e-05 -0.0116035 -0.00499916 0.00138391 0.000175624 0.0185245 7.30829e-05 -0.0110447 0.000284888 -0.0451401 -0.0535627
internal_weight=2165.99 2163.91 27.8762 23.2898 20.1841 2136.03 11.8707 2124.16 39.7109 2084.45 4.58643 2.08261
internal_count=12520 12470 200 149 129 12270 67 12203 248 11955 51 50
is_linear=0
shrinkage=0.05


Tree=80
num_leaves=15
num_cat=0
split_feature=4 1 0 1 3 1 0 4 3 1 2 0 3 1
split_gain=2.2658 1.4481 3.76358 3.66086 12.8526 5.5072 5.14882 3.36574 4.62577 2.33799 2.29679 1.29676 0.292593 0.00164714
threshold=0.8589151204800195 0.0001879619864796345 84.381562393707782 0.00030457398202443647 0.19124988926921135 0.00042040187155356629 61.210531180338059 23.581423296159304 0.93906415490234896 3.3484088195590018e-05 0.0044646492570540328 47.099878447562965 0.48919562211079298 0.00035562437269054398
decision_type=2 2 2 2 2 2 2 2 2 2 2 2 2 2
left_child=13 2 7 4 -3 11 -6 9 -9 -2 -7 -5 -4 -1
right_child=1 3 12 5 6 10 -8 8 -10 -11 -12 -13 -14 -15
leaf_value=-0.052233617797226628 -0.0016278856551219748 0.19269417902481972 -0.033249397748246458 -0.0098184451176065585 -0.00049512459604810486 0.0023140243895092916 0.02529422618125415 -0.049957873852902887 0.011832374337004776 -0.016290538438998994 -0.0026644632235116659 -0.036743178721150301 -0.058951463527069529 -0.055180620674542838
leaf_weight=1.2057731794193376 833.73425435088575 0.96472208201885123 2.0326061807572833 7.2762282639741924 51.844067709520459 795.77726188674569 30.882577534765005 3.1676795259118071 69.134332813322544 28.103226445615292 326.80928986519575 11.603202456608413 2.4324182458221912 0.7814206015318631
leaf_count=34 5710 6 21 48 339 3968 193 19 346 223 1479 96 22 16
internal_value=-2.68137e-05 2.21971e-05 -0.00145561 0.00115436 0.0112482 0.000414289 0.00913226 -0.00123672 0.00912523 -0.00210601 0.000864679 -0.0263662 -0.0472512 -0.0533925
internal_weight=2165.75 2163.76 938.605 1225.16 83.6914 1141.47 82.7266 934.139 72.302 861.837 1122.59 18.8794 4.46502 1.98719
internal_count=12520 12470 6341 6129 538 5591 532 6298 365 5933 5447 144 43 50
is_linear=0
shrinkage=0.05


Tree=81
num_leaves=23
num_cat=0
split_feature=4 3 2 4 1 0 1 1 3 4 1 0 2 3 3 2 2 2 1 2 2 4
split_gain=1.48882 4.25646 4.76884 3.4352 3.52857 2.77597 3.96969 3.10276 3.08589 6.07171 2.91751 2.20717 6.7902 5.15952 3.93374 2.79246 5.64856 3.39579 2.06992 6.99724 2.93716 0.000304113
threshold=5.0088606346008167 0.7045786999030349 0.0043048984038389646 5.0472683398411524 0.00045562160870049612 36.927542364922893 -0.0020689429815602951 0.0040492197228730884 0.4941062045151331 3.9534740597431983 0.0016238149401651694 36.476509811119428 -0.0048134609763627592 0.57924573237283583 1.0722316625129438 -0.0024077104291896907 -0.0040705392087740369 -0.00074842985761675019 -0.00087399868440324313 -0.00054933389165240365 0.0018282822444372073 4.1902005011439831
decision_type=2 2 2 2 2 2 2 2 2 2 2 2 2 2 2 2 2 2 2 2 2 2
left_child=1 5 18 4 -2 8 21 -8 10 -10 -1 12 13 -5 -14 16 -13 -17 19 -3 -20 -7
right_child=3 2 -4 11 -6 6 7 -9 9 -11 -12 15 14 -15 -16 17 -18 -19 20 -21 -22 -23
leaf_value=-0.0019058784105888853 0.061869108275280249 -0.042279749226067503 0.033320820266085398 -0.019746731983869115 0.00010705719892995988 -0.052855702677609244 -0.0025142237943485413 0.036557354231202335 -0.011057394170408422 0.050601651467041535 0.050462079399268514 -0.0040609883593272977 -0.0030149968481625032 0.0054291529339487669 -0.019821759066750336 -0.0059909278530480949 0.014833933847625633 0.001550471034724443 -0.028920497925676303 0.051247036751808611 -0.0049054113563958904 -0.053806014722053611
leaf_weight=35.939407790079713 4.6248807311058027 3.8543595857918262 4.9555750489234915 22.900682453066111 4.6254033148288727 2.5521200802177186 263.51231047697365 5.1811073273420325 6.3856990821659592 10.653906762599943 2.8721761107444754 65.162289895117283 67.619987055659294 182.76602143421769 71.767014533281326 173.3888868317008 100.6467492505908 1073.1596996933222 38.0789331253618 4.1563726924359781 19.12761565297842 1.2562720179557798
leaf_count=296 27 48 24 170 23 55 1913 22 62 74 12 330 434 1071 434 970 509 5352 507 43 124 20
internal_value=-2.62486e-05 -0.00278677 -0.0139645 0.000596474 0.0309863 -0.00039797 -0.00247929 -0.00176082 0.00975693 0.0274945 0.00196951 0.000436514 -0.00314841 0.00262586 -0.0116684 0.00131235 0.0074083 0.000501499 -0.0175575 0.00624667 -0.0208908 -0.0531692
internal_weight=2165.19 398.526 70.1729 1766.66 9.25028 328.353 272.502 268.693 55.8512 17.0396 38.8116 1757.41 345.054 205.667 139.387 1412.36 165.809 1246.55 65.2173 8.01073 57.2065 3.80839
internal_count=12520 3200 746 9320 50 2454 2010 1935 444 136 308 9270 2109 1241 868 7161 839 6322 722 91 631 75
is_linear=0
shrinkage=0.05


Tree=82
num_leaves=18
num_cat=0
split_feature=1 4 0 0 2 2 1 2 1 2 3 3 1 1 2 1 3
split_gain=1.49282 2.82537 2.33732 5.37802 3.73475 3.45556 3.35743 2.90654 2.32346 4.13708 2.13993 1.65359 1.4422 2.35847 1.78929 0.997852 0.432258
threshold=-0.0045387939578740979 9.4509484417555054 29.709630361159785 40.609203073503551 -0.0034784698304791135 -0.010334921399122841 -0.0057847241877571056 -0.0018013916929711102 -0.0043079047838091569 -0.0040705392087740369 1.8177244026559098 0.095353398966985706 -0.0039712936794550338 -0.0034320304256555407 -0.004538003929533573 0.00062242400824252819 0.4787414209921374
decision_type=2 2 2 2 2 2 2 2 2 2 2 2 2 2 2 2 2
left_child=1 16 5 4 -4 6 -3 -5 9 -2 -7 15 14 -14 -13 -10 -1
right_child=8 2 3 7 -6 10 -8 -9 11 -11 -12 12 13 -15 -16 -17 -18
leaf_value=-0.023670726500205339 -0.0044954762492725184 -0.0093281484619219673 0.0081459994156115514 -0.052913006149939046 0.059369827914503653 -0.039386479750181662 0.051091447729034373 -0.0016812461985454123 -0.054517056519651289 0.070043347535221318 0.0033087976741330246 -0.034070323651561908 0.013983401032912774 6.5345949988913915e-05 0.00032651438591176394 -0.0017412822652448099 -0.055555171534280405
leaf_weight=1.6089439131319512 4.2918639555573463 9.5911693312227708 11.590267650783064 4.2978294417262077 5.1349382400512722 12.765306659042837 3.0242870301008251 7.7798764035105687 2.2178884139284487 3.2873607277870169 3.8109791576862326 6.8721144199371329 30.897895496338606 2043.8455524388701 8.4048276059329492 1.5023309811949728 3.132584311068058
leaf_count=21 30 68 69 27 29 109 19 47 37 20 25 46 199 11671 54 13 36
internal_value=-2.62456e-05 -0.00762647 -0.00459249 0.00551277 0.0238726 -0.0145631 0.00515616 -0.019912 0.000200664 0.0278345 -0.0295706 0.000100631 0.000159914 0.000272619 -0.0151464 -0.0332047 -0.0447358
internal_weight=2164.06 62.7362 57.9947 28.8029 16.7252 29.1917 12.6155 12.0777 2101.32 7.57922 16.5763 2093.74 2090.02 2074.74 15.2769 3.72022 4.74153
internal_count=12520 450 393 172 98 221 87 74 12070 50 134 12020 11970 11870 100 50 57
is_linear=0
shrinkage=0.05


Tree=83
num_leaves=17
num_cat=0
split_feature=4 1 0 0 4 2 2 2 0 3 0 4 3 4 3 1
split_gain=2.12378 1.42569 2.06369 5.20528 3.9867 2.20954 1.39535 4.38863 5.54093 4.33512 3.56218 4.88536 2.56808 0.77227 0.513324 0.00142261
threshold=0.8589151204800195 0.0054008132131363471 75.494197077653965 69.866291633350627 10.252216159603774 0.0094836609506574483 0.0060755027743577559 0.0066351404148162771 84.381562393707782 0.20508713502675111 75.970949944233141 1.9930401309159826 0.19124988926921135 24.108879804636388 1.0269500706717374 0.00035562437269054398
decision_type=2 2 2 2 2 2 2 2 2 2 2 2 2 2 2 2
left_child=15 6 3 4 -3 -4 10 8 -8 -9 12 -12 -2 -5 -7 -1
right_child=1 2 5 13 -6 14 7 9 -10 -11 11 -13 -14 -15 -16 -17
leaf_value=-0.052106757680208962 0.0155651975231206 0.051062572145374956 0.013421954435388697 0.062785251750303861 -0.0045268994966957436 -0.0084688980007897475 -0.012441260068916632 -0.059906260639030311 -0.072029709054985389 0.00011011884214773487 -0.045485714357532993 0.012978695387508227 -0.00042867189759383936 0.034125526583995827 -0.030645777089469667 -0.054922776669864538
leaf_weight=1.1315898038446892 25.460974736139178 3.7721821367740658 8.7115400582551974 4.1881552636623365 22.246129333972931 4.764284208416937 33.85233897715807 3.055918112397193 4.409341186285018 195.39374035596848 3.7406221143901339 79.8183508887887 1761.3892548475415 5.3571033775806427 5.7689019441604614 0.74295327812433232
leaf_count=34 188 22 37 20 92 21 165 28 24 906 43 413 10463 23 25 16
internal_value=-2.56885e-05 2.04372e-05 0.00798173 0.0151188 0.00353256 -0.00520739 -0.000186644 -0.00380346 -0.0193083 -0.000814071 0.000271085 0.0103615 -0.000200774 0.0467005 -0.0206149 -0.0532229
internal_weight=2163.8 2161.93 54.8083 35.5636 26.0183 19.2447 2107.12 236.711 38.2617 198.45 1870.41 83.559 1786.85 9.54526 10.5332 1.87454
internal_count=12520 12470 240 157 114 83 12230 1123 189 934 11107 456 10651 43 46 50
is_linear=0
shrinkage=0.05


Tree=84
num_leaves=14
num_cat=0
split_feature=4 1 4 4 0 1 2 4 3 4 1 0 1
split_gain=2.01419 1.37179 2.67494 2.13727 3.48978 2.05962 3.55505 1.38995 4.71816 2.90638 1.30497 0.437091 0.00123941
threshold=0.8589151204800195 -0.0045387939578740979 9.4509484417555054 38.442517660526541 30.037106563485377 -0.0043079047838091569 -0.0040705392087740369 7.6577670632539903 1.2489667196258591 7.720496577515175 -0.0089295897953818853 34.230889219356968 0.00035562437269054398
decision_type=2 2 2 2 2 2 2 2 2 2 2 2 2
left_child=12 2 11 4 -4 6 -3 8 -7 -9 -5 -2 -1
right_child=1 5 3 10 -6 7 -8 9 -10 -11 -12 -13 -14
leaf_value=-0.052001083559318512 -0.055138042752023934 -0.0042623183190242343 -0.022615720547508752 -0.0031342451692641933 0.003906353159541639 -0.00069499719772091303 0.064200752918734269 0.030135477047395026 -0.02040272949145662 0.00099219443868584878 0.038306004294095336 -0.022443390353466319 -0.054691677216443239
leaf_weight=1.0785336913540948 3.0294573195278636 4.27909155189991 22.74714107811451 3.3854492008686066 27.274213343858719 803.34562206082046 3.4049483686685553 8.6139717996120435 31.562842834740877 1247.8957134261727 4.3289167881011954 1.5428776666522024 0.70962985977530468
leaf_count=34 37 30 183 22 163 5478 20 48 285 6159 25 20 16
internal_value=-2.4703e-05 1.91811e-05 -0.00729205 -0.00437663 -0.00815452 0.000236202 0.026075 0.000141268 -0.00144003 0.00119199 0.02012 -0.0441056 -0.0530688
internal_weight=2163.2 2161.41 62.3081 57.7357 50.0214 2099.1 7.68404 2091.42 834.908 1256.51 7.71437 4.57233 1.78816
internal_count=12520 12470 450 393 346 12020 50 11970 5763 6207 47 57 50
is_linear=0
shrinkage=0.05


Tree=85
num_leaves=14
num_cat=0
split_feature=3 1 3 3 2 2 0 0 2 4 1 2 4
split_gain=1.43529 1.31457 2.30415 3.03334 1.40726 7.08898 1.80648 3.95052 3.35371 1.37247 0.989883 0.889266 0.332667
threshold=0.095353398966985706 -0.006178923794210033 0.88089049748578074 1.1965970840720881 -0.014338590424976315 -0.01744289136528537 25.21809169137406 26.414302034853431 -0.0028530191890874797 23.180062602492185 0.00062242400824252819 -0.010334921399122841 14.015564509699166
decision_type=2 2 2 2 2 2 2 2 2 2 2 2 2
left_child=10 2 12 9 5 -3 8 -8 -6 -4 -1 -5 -2
right_child=1 4 3 11 6 -7 7 -9 -10 -11 -12 -13 -14
leaf_value=-0.054240786932684963 -0.030453128909089355 -0.019445832911573077 -8.8282840560724343e-05 -0.0022716884033921179 -0.0037764316135731378 0.057651444106103449 0.025211140798817817 0.0002178434392296745 -0.03820672539584738 0.04494393291499213 -0.00052157501507235442 -0.025934192458635336 -0.058697700800569665
leaf_weight=2.0604845359921451 2.0169260054826763 6.2598223611712456 3.2393622994422939 6.6945976316928926 104.39075994864106 5.6933219321072084 15.937077946960924 1991.8551429118961 7.586701286956667 3.5420854538679123 1.4689117595553396 9.7579802423715538 2.1578632742166519
leaf_count=37 26 36 25 44 727 31 93 11307 76 19 13 68 18
internal_value=-2.39789e-05 2.80994e-05 -0.0108523 -0.00470707 0.000167994 0.0172759 7.15252e-05 0.000416231 -0.00610915 0.0234329 -0.0318832 -0.0163059 -0.0450522
internal_weight=2162.66 2159.13 27.4088 23.234 2131.72 11.9531 2119.77 2007.79 111.977 6.78145 3.5294 16.4526 4.17479
internal_count=12520 12470 200 156 12270 67 12203 11400 803 44 50 112 44
is_linear=0
shrinkage=0.05


Tree=86
num_leaves=14
num_cat=0
split_feature=3 1 2 0 0 1 3 4 4 4 3 0 1
split_gain=1.3336 1.27529 2.01926 1.93361 3.60549 2.57272 1.41455 4.91537 5.25612 3.41459 2.39756 1.5807 1.05589
threshold=0.095353398966985706 0.0054008132131363471 0.014201122375755106 59.612163608827736 75.144911527264682 0.0062097919406493016 0.19124988926921135 2.9594811041169384 2.3768754673345374 2.7442189337755925 0.77348533435204192 14.90544497868318 0.00083145460942013482
decision_type=2 2 2 2 2 2 2 2 2 2 2 2 2
left_child=12 6 3 5 -5 -3 7 8 -2 10 -8 -11 -1
right_child=1 2 -4 4 -6 -7 9 -9 -10 11 -12 -13 -14
leaf_value=-0.054038506401040645 0.0095802992947954784 0.018849987054607192 -0.018125643522082069 0.035403508662869836 0.0016215710572185145 -0.021115539919768077 -0.0085818905421010186 -0.04848098698985507 0.078187056097670335 -0.01321392293527863 -0.044179881037959591 0.00020937126651349183 0.0024120151749515168
leaf_weight=2.0427939891815181 20.743776313960559 7.4159948378801372 6.7027308493852606 15.676805824041368 15.918399021029471 8.8112207204103452 64.804183647036552 3.0599605962634078 3.2258539982140055 22.176669277250767 5.1023861747235051 1985.2559232674539 1.393400005996227
leaf_count=38 159 33 29 72 68 38 711 20 19 186 129 11006 12
internal_value=-2.32639e-05 2.62747e-05 0.00757583 0.0111781 0.0183834 -0.00285091 -0.000169338 0.0111952 0.0188135 -0.000317209 -0.0111801 6.10804e-05 -0.0311474
internal_weight=2162.33 2158.89 54.5252 47.8224 31.5952 16.2272 2104.37 27.0296 23.9696 2077.34 69.9066 2007.43 3.43619
internal_count=12520 12470 240 211 140 71 12230 198 178 12032 840 11192 50
is_linear=0
shrinkage=0.05


Tree=87
num_leaves=15
num_cat=0
split_feature=3 1 2 3 1 2 1 2 4 0 1 2 1 2
split_gain=1.23917 1.24273 4.15488 3.04141 6.11153 2.74263 4.6799 2.74156 6.23633 2.79321 2.29792 2.26932 1.02466 0.734305
threshold=0.095353398966985706 -0.0020689429815602951 -0.01744289136528537 0.57106968903744193 -0.0029832338673604904 -0.011634307854369195 -1.0000000180025095e-35 0.0014741758581966471 13.577309153777799 9.4281836697370256 -0.0018761861428239766 0.0014741758581966471 0.00083145460942013482 -0.0015440354026799994
decision_type=2 2 2 2 2 2 2 2 2 2 2 2 2 2
left_child=12 3 -3 4 11 6 -4 9 -9 -5 -7 -2 -1 -6
right_child=1 2 5 7 13 10 -8 8 -10 -11 -12 -13 -14 -15
leaf_value=-0.05383111399740928 -0.0051534756247674056 -0.053518411342893327 -0.0088688294948915686 -0.0438047156344177 -0.055431724913160341 0.013920666179322222 0.057499470880421712 -0.04318260129135934 0.0040450650948258967 0.0013379295279147734 0.00020523484286281667 0.049939845536800781 0.0022883663528192404 -0.03128246086220441
leaf_weight=1.9504628283902996 11.699917301535608 3.5564891099929801 5.0732459127902985 3.4845200739800921 6.8525728955864906 31.052313074469566 5.5750557035207731 12.100375279784204 16.550894714891911 206.32452378422022 1847.9115234930068 2.2245021276175967 1.3952091261744497 5.8223996274173242
leaf_count=38 129 20 30 34 87 195 24 90 84 1320 10367 17 12 73
internal_value=-2.23941e-05 2.47408e-05 0.00047368 -0.00318177 -0.0192182 0.0005753 0.0258792 -0.00139297 -0.0159007 0.000588198 0.0004319 0.00364798 -0.0304282 -0.0443385
internal_weight=2161.57 2158.23 1893.17 265.06 26.5994 1889.61 10.6483 238.46 28.6513 209.809 1878.96 13.9244 3.34567 12.675
internal_count=12520 12470 10636 1834 306 10616 54 1528 174 1354 10562 146 50 160
is_linear=0
shrinkage=0.05


Tree=88
num_leaves=19
num_cat=0
split_feature=4 0 1 2 1 0 1 4 0 2 2 0 2 0 0 3 3 4
split_gain=1.19153 3.2664 2.63537 4.10352 7.47695 5.11925 1.2321 2.29802 2.30394 2.39527 1.22845 4.0539 3.88506 6.8948 3.6922 3.57397 2.59505 0.59831
threshold=1.5766706376002919 72.353255300140304 0.0013884940053170427 -0.00052525001478287414 0.0004862135418531866 68.997214892059318 0.0054008132131363471 9.7918111830568737 46.714222048627349 0.014201122375755106 0.0060755027743577559 75.970949944233141 0.0069162986150784764 84.381562393707782 73.674744732542536 0.48325231408559749 0.43013217140752835 1.2799490829032862
decision_type=2 2 2 2 2 2 2 2 2 2 2 2 2 2 2 2 2 2
left_child=1 2 3 4 -1 -5 10 -8 -9 -10 11 16 13 -12 -14 -13 -2 -3
right_child=6 17 -4 5 -6 -7 7 8 9 -11 12 15 14 -15 -16 -17 -18 -19
leaf_value=0.048318085418883557 0.0055903362774515405 -0.031363765158488266 0.049442880790220516 -0.03883354821969151 -0.0594384543186997 0.039940476967489369 0.035368839914207251 -0.029858467245814414 0.01236229008713532 -0.020674251046925142 -0.0093251644118866779 -0.012094810554534367 0.011261595650402226 -0.069393409232721678 -0.0045015667777775275 0.015964528668439764 -0.0007892117698208922 -0.065628818435310349
leaf_weight=6.1560185290873122 177.24845458194613 3.0025112573057404 2.2350543141365042 11.203946131281553 2.1798588894307613 2.527746995911003 6.5374972447752944 4.604997754096984 36.269584283232689 6.4645346999168387 50.418353646993637 13.630957473069428 52.446687668561935 5.2772013992071143 127.3531828597188 67.771935489028692 1583.5793598517776 2.2129514496773481
leaf_count=66 1192 39 11 160 18 27 37 19 154 28 246 81 244 30 596 347 9196 29
internal_value=-2.19934e-05 -0.00999882 -0.00229368 -0.00753368 0.0201394 -0.0243327 0.000116164 0.00758123 0.00374379 0.00736474 -7.74095e-05 0.000357275 -0.00347785 -0.0150167 9.64658e-05 0.011266 -0.000147034 -0.0459026
internal_weight=2161.12 29.5181 24.3026 22.0676 8.33588 13.7317 2131.6 53.8766 47.3391 42.7341 2077.73 1842.23 235.495 55.6956 179.8 81.4029 1760.83 5.21546
internal_count=12520 350 282 271 84 187 12170 238 201 182 11932 10816 1116 276 840 428 10388 68
is_linear=0
shrinkage=0.05


Tree=89
num_leaves=23
num_cat=0
split_feature=4 3 2 4 0 1 4 2 2 1 3 3 2 2 4 3 3 3 4 3 4 4
split_gain=1.211 3.93516 4.25784 3.14419 2.46348 3.72407 2.99423 7.68609 4.41426 2.73586 2.30653 3.25694 2.1441 3.10248 2.06159 5.69164 5.86547 3.61895 3.12873 6.9945 5.94491 0.000363264
threshold=5.0088606346008167 0.7045786999030349 0.0043048984038389646 5.0934975805845424 36.927542364922893 -0.0020689429815602951 2.6539935412126856 -0.0043471734953067767 -0.0040705392087740369 0.0040492197228730884 0.69950178264742735 0.53428504926504483 0.003660996746431056 0.0018282822444372073 5.1684545043090555 0.62695226598982157 0.87185595954852391 0.43013217140752835 5.6596088685097357 1.0383134277375059 5.7609411572869247 4.1902005011439831
decision_type=2 2 2 2 2 2 2 2 2 2 2 2 2 2 2 2 2 2 2 2 2 2
left_child=1 4 12 10 6 21 8 -8 -1 -7 11 -2 13 -3 15 17 -17 -5 19 -16 -20 -6
right_child=3 2 -4 14 5 9 7 -9 -10 -11 -12 -13 -14 -15 18 16 -18 -19 20 -21 -22 -23
leaf_value=0.026015003294667233 0.029472694741955859 -0.022223319833058246 0.031008281034416624 -0.0035220326621600096 -0.052604480709998624 -0.0022319413437499351 -0.0073510606521608153 0.035255866234268372 -0.033626607561438808 0.034606872863818978 0.047327382562989892 -0.023437126186739123 -0.065427136439366637 0.0025111137715422395 0.015088575391983317 0.06116301936592547 -0.031759183444949712 -0.067333846586863547 -0.030890157723725237 -0.043767956476674058 0.00033586771891030509 -0.053672841260901376
leaf_weight=4.9436146616935721 7.5266590118408221 44.097873339429498 5.0145393013954154 3.6180989071726817 2.3668714240193363 262.24531549494714 19.497826591134068 23.155232712626461 8.3299308698624355 5.1386643797159186 5.784325160086154 4.7404082417488098 2.1923607736825934 17.793297789990902 67.046070821583271 3.6007741242647162 3.2141898795962334 5.7576684355735779 15.385114599019287 5.4588519409298888 1642.4796333573759 1.1985781490802763
leaf_count=40 39 592 24 20 55 1913 140 165 99 22 32 29 13 117 402 23 23 34 98 45 8575 20
internal_value=-2.16309e-05 -0.00252052 -0.0133617 0.000539113 -0.000228812 -0.00220086 0.00932524 0.0157791 -0.0114136 -0.00152396 0.0212995 0.00902656 -0.0168337 -0.0151123 0.000324546 -0.0174343 0.0173375 -0.0427089 0.000490713 0.0106573 4.60878e-05 -0.0529636
internal_weight=2160.59 395.974 69.0981 1764.61 326.876 270.949 55.9266 42.6531 13.2735 267.384 18.0514 12.2671 64.0835 61.8912 1746.56 16.1907 6.81496 9.37577 1730.37 72.5049 1657.86 3.56545
internal_count=12520 3200 746 9320 2454 2010 444 305 139 1935 100 68 722 709 9220 100 46 54 9120 447 8673 75
is_linear=0
shrinkage=0.05


Tree=90
num_leaves=16
num_cat=0
split_feature=1 0 0 4 4 2 2 2 2 3 1 2 2 3 4
split_gain=1.16384 2.35422 4.34568 3.24802 2.03115 1.39754 5.93062 1.80616 3.66914 5.45785 2.53802 2.27458 3.83238 3.74654 0.00600347
threshold=-0.006178923794210033 42.614436725495544 35.017283695994124 20.020563762074069 24.108879804636388 -0.014338590424976315 -0.01744289136528537 -0.00926088068556624 -0.010824148842572877 0.42528584388612573 -0.0019970126329926226 -0.0069030819237533283 -0.0060665396262923324 0.63568076824385911 15.883312546621474
decision_type=2 2 2 2 2 2 2 2 2 2 2 2 2 2 2
left_child=1 2 3 14 -5 6 -2 8 9 -7 -10 13 -13 -9 -1
right_child=5 -3 -4 4 -6 7 -8 11 10 -11 -12 12 -14 -15 -16
leaf_value=-0.054611627525904649 -0.017243448333353596 -0.047363478987262404 0.038128296307907136 0.030339033656963402 -0.014524273289670304 -0.051681952706391393 0.053408784336659756 -0.014055067547031544 -0.04860689765831161 0.016554058173912149 -0.011497286336323482 -0.015422384730433862 0.00023260634277370352 0.015980299060736967 -0.058588028183687052
leaf_weight=1.8822324424982171 6.0918755568563938 3.7022622637450686 4.7707656472921363 3.2209248915314665 11.641316212713717 3.5662100464105633 5.7963376939296705 13.167875587940214 7.6246067062020328 16.438006393611431 11.643525488674639 39.880953323096037 1979.4412078699097 49.084462463855743 1.9148849770426748
leaf_count=26 36 29 28 21 79 27 31 88 63 93 65 231 11408 278 17
internal_value=-2.18781e-05 -0.0103122 -0.00445759 -0.0153458 -0.00480156 0.000109034 0.0172045 1.32069e-05 -0.0106098 0.00438943 -0.026182 0.000213627 -7.65746e-05 0.00962709 -0.0566169
internal_weight=2159.87 27.1324 23.4301 18.6594 14.8622 2132.74 11.8882 2120.85 39.2723 20.0042 19.2681 2081.57 2019.32 62.2523 3.79712
internal_count=12520 200 171 143 100 12320 67 12253 248 120 128 12005 11639 366 43
is_linear=0
shrinkage=0.05


Tree=91
num_leaves=16
num_cat=0
split_feature=1 0 2 0 4 3 4 4 3 1 1 3 0 3 2
split_gain=1.09938 2.06642 1.80749 2.4945 3.63506 3.69188 3.37464 8.55487 5.84989 1.75668 1.44101 2.6939 1.4294 4.8454 3.33723
threshold=0.0032706250874436908 94.936700028544166 -0.0060665396262923324 48.582742121408593 13.341009915219528 0.58828141064012496 21.20511760868126 23.180062602492185 1.3740974912943293 0.0037171655734175029 0.0031861276712844559 0.98259841759563471 77.52930533154489 0.46383298963839426 0.011903779073897837
decision_type=2 2 2 2 2 2 2 2 2 2 2 2 2 2 2
left_child=1 10 -2 4 5 -4 8 -8 -5 -6 12 -12 14 -14 -1
right_child=2 -3 3 6 9 -7 7 -9 -10 -11 11 -13 13 -15 -16
leaf_value=-0.00048541937132025716 -0.020228672638354556 -0.0317738868637771 0.027020196637414163 0.0016052794465539885 0.059144222852896715 -0.029528630586658961 -0.051839082410355689 0.0012917399731656079 0.029281092533393879 0.022764657482979709 -0.044487252593666857 0.0050180475884935285 -0.015461854600913172 0.0090487478960301938 -0.040778722627917804
leaf_weight=1770.4057541564107 7.9174474701285353 5.2377286106348029 5.4869625121355075 126.52600725740194 4.8888118565082541 6.0895694047212601 9.5482807755470258 36.685562804341316 22.486992314457893 10.329691872000692 5.2046476751565915 5.8219267576932907 24.531256950460374 113.24034454673529 5.1537391357123843
leaf_count=10729 36 35 24 528 20 25 40 154 91 42 22 24 162 563 25
internal_value=-2.14717e-05 -0.000410924 0.00324643 0.00408349 0.0183892 -0.00272602 0.00212023 -0.00968091 0.00578173 0.0344513 -0.00032556 -0.0183489 -0.000221691 0.00468445 -0.000602375
internal_weight=2159.55 1929.6 229.959 222.042 26.795 11.5765 195.247 46.2338 149.013 15.2185 1924.36 11.0266 1913.33 137.772 1775.56
internal_count=12520 11560 960 924 111 49 813 194 619 62 11525 46 11479 725 10754
is_linear=0
shrinkage=0.05


Tree=92
num_leaves=18
num_cat=0
split_feature=1 4 4 0 0 1 4 3 1 1 4 1 2 1 0 3 2
split_gain=1.08579 2.51124 1.90941 3.09838 5.39682 1.86662 3.32949 1.69831 1.27259 2.10719 4.61612 4.20468 1.64809 4.14151 1.07573 0.452896 0.408824
threshold=-0.0045387939578740979 9.4509484417555054 38.442517660526541 30.037106563485377 43.018264453162864 -0.0043079047838091569 17.137578627215323 1.8177244026559098 -0.0039712936794550338 -0.0034320304256555407 25.792161036626442 -0.0033320233626930591 -0.004538003929533573 -0.0041262987831476852 20.675397048759987 0.4787414209921374 -0.0072807996614759887
decision_type=2 2 2 2 2 2 2 2 2 2 2 2 2 2 2 2 2
left_child=1 15 3 7 -5 6 -2 -3 12 10 -10 -11 16 -14 -4 -1 -7
right_child=5 2 14 4 -6 8 -8 -9 9 11 -12 -13 13 -15 -16 -17 -18
leaf_value=-0.021001987796671666 -0.0079838599011903665 -0.02624112335755336 -0.0028386973805958524 0.019956537962721406 -0.026951869742037577 -0.0215221063347503 0.057517536632170074 0.017600772711905053 0.0057423047774362778 -0.037611306757714763 0.06349334428837107 0.00012570820055199034 0.038693881266003705 -0.031810129574552669 0.034996683499786928 -0.054985347557033409 -0.046308541374234576
leaf_weight=1.4973994158208359 3.8942755386233321 19.630766134709123 3.2101475670933715 17.897103123366836 9.3271869644522649 3.6324417591094971 3.8661005645990372 2.4889858961105338 27.197239410132173 7.4082476384937754 3.9645612239837638 2036.1489696875215 3.832562990486621 4.5625770837068549 4.5293641239404678 2.8396089747548103 3.0692798346281043
leaf_count=21 31 167 20 103 60 25 19 16 182 50 18 11670 24 30 27 36 21
internal_value=-2.0556e-05 -0.00657323 -0.00378649 -0.00740811 0.00388547 0.000171317 0.0246479 -0.0213079 8.04251e-05 0.000185676 0.0130897 -1.1095e-05 -0.0143839 0.000376476 0.0193036 -0.0432522 -0.0328739
internal_weight=2159 61.4206 57.0836 49.344 27.2243 2097.58 7.76038 22.1198 2089.82 2074.72 31.1618 2043.56 15.0969 8.39514 7.73951 4.33701 6.70172
internal_count=12520 450 393 346 163 12070 50 183 12020 11920 200 11720 100 54 47 57 46
is_linear=0
shrinkage=0.05


Tree=93
num_leaves=23
num_cat=0
split_feature=4 3 0 4 1 1 2 2 2 3 3 0 3 3 3 4 3 3 3 4 3 4
split_gain=1.05327 3.68138 3.8856 2.81605 2.48943 3.55553 2.32209 6.57469 5.41752 4.26978 2.77892 2.45788 1.98507 2.94709 1.95828 1.87601 5.23142 5.15555 3.47889 2.80931 6.42413 5.4556
threshold=5.0088606346008167 0.7045786999030349 84.381562393707782 5.0934975805845424 0.0014508119620175732 0.00053871409720429597 0.00081535793115528065 0.0010640498554523872 0.00068650881504828132 0.38462765047832786 0.15196838315506486 57.923102910722868 0.69950178264742735 0.53428504926504483 0.3966779125192757 5.1684545043090555 0.62695226598982157 0.87185595954852391 0.43013217140752835 5.6596088685097357 1.0383134277375059 5.7609411572869247
decision_type=2 2 2 2 2 2 2 2 2 2 2 2 2 2 2 2 2 2 2 2 2 2
left_child=1 6 4 12 5 -3 8 14 10 -10 -1 -9 13 -2 -8 16 18 -18 -5 20 -17 -21
right_child=3 2 -4 15 -6 -7 7 11 9 -11 -12 -13 -14 -15 -16 19 17 -19 -20 21 -22 -23
leaf_value=-0.027049881258442827 0.027866511304900629 -0.021845773867666896 0.025067812189259638 -0.0032103883464165354 -0.049210609422431759 0.0053246084434988936 -0.016129704064417886 0.011805978086520608 -0.0033822722656291892 0.094145917200578619 0.0041008876862344106 -0.0046125224237673129 0.043895800148549005 -0.022589481731729495 -0.061207059306102242 0.014234126498343568 0.056010837016198758 -0.030829797929472526 -0.066287575915811928 -0.029853831662837695 -0.042882502791289245 0.00030929297778382344
leaf_weight=7.5285266041755667 7.5848951265215891 39.559757992625237 6.1324286311864844 3.6036811918020266 5.3633617237210265 17.309043617919087 3.9839826524257642 27.627972318790853 1.8187651224434365 2.9303773790597916 146.03216031938791 130.29957482591271 5.9071287438273421 4.6795982494950294 6.0957983350381255 67.50257433205843 3.7293561771512023 3.154992051422596 5.556238166987896 15.12911758944392 5.3102774471044532 1641.8518918305635
leaf_count=68 39 543 31 20 29 143 33 195 18 29 1168 883 32 29 60 402 23 23 34 98 45 8575
internal_value=-2.01728e-05 -0.00235509 -0.0129052 0.000502244 -0.0166471 -0.013576 -0.000144809 -0.00423911 0.00420029 0.0567958 0.00257368 -0.00174026 0.0200837 0.00861469 -0.0433905 0.00029843 -0.0167201 0.0162131 -0.0414718 0.000456282 0.0100686 3.38876e-05
internal_weight=2158.69 394.682 68.3646 1764.01 62.2322 56.8688 326.317 168.007 158.31 4.74914 153.561 157.928 18.1716 12.2645 10.0798 1745.84 16.0443 6.88435 9.15992 1729.79 72.8129 1656.98
internal_count=12520 3200 746 9320 715 686 2454 1171 1283 47 1236 1078 100 68 93 9220 100 46 54 9120 447 8673
is_linear=0
shrinkage=0.05


Tree=94
num_leaves=16
num_cat=0
split_feature=1 2 2 3 0 4 2 3 3 0 0 3 1 4 0
split_gain=1.0331 3.7187 5.10873 2.81117 2.3065 5.0961 2.76962 2.59925 3.39754 2.10808 6.49798 6.27397 1.63102 0.00360694 0.000478568
threshold=-0.0020689429815602951 -0.01744289136528537 -0.014338590424976315 0.38462765047832786 54.198551706040185 23.180062602492185 0.0067589729838178911 0.43013217140752835 0.57514363039924066 25.21809169137406 26.414302034853431 0.97758787242379219 -0.0032359807437669637 5.2697309296913817 36.217578148634054
decision_type=2 2 2 2 2 2 2 2 2 2 2 2 2 2 2
left_child=3 -2 -3 12 7 6 -6 -5 -9 11 -11 -4 -1 14 -14
right_child=1 2 9 4 5 -7 -8 8 -10 10 -12 -13 13 -15 -16
leaf_value=-0.0058255637968478331 -0.051697572025127141 0.071723934475870041 -0.020256803959521581 0.046562365104213785 -0.029823030195660162 0.037302945420959348 0.014318620846538115 -0.026910804106412126 0.00051277396209689434 0.039550130658484201 0.00046912800669704632 0.012641900708151788 -0.053942751822383374 -0.056124124552668353 -0.052536858604133756
leaf_weight=2.996257646009326 3.420716628432273 2.5130588859319678 40.840514961630106 2.9155656695365897 22.509275496006019 4.0544858425855628 4.2197199314832678 11.93296844139695 210.99544301629066 10.698926344513891 1814.5207304200158 22.462498426437378 1.0027779079973691 1.605444587767124 1.5271527133882044
leaf_count=39 20 11 290 34 155 20 24 134 1361 56 10162 142 16 18 38
internal_value=-2.04938e-05 0.000387689 0.000481907 -0.00295228 -0.00209178 -0.0149311 -0.0228544 -0.000341728 -0.000955162 0.000387105 0.00069821 -0.008583 -0.033917 -0.0542704 -0.0530941
internal_weight=2158.22 1894.46 1891.04 263.759 256.627 30.7835 26.729 225.844 222.928 1888.52 1825.22 63.303 7.13163 4.13538 2.52993
internal_count=12520 10681 10661 1839 1728 199 179 1529 1495 10650 10218 432 111 72 54
is_linear=0
shrinkage=0.05


Tree=95
num_leaves=16
num_cat=0
split_feature=1 0 0 4 4 2 2 2 1 3 2 2 3 2 4
split_gain=1.0361 2.14413 3.71436 3.06755 1.91354 1.28758 4.80374 1.54062 3.51505 3.86266 2.10246 3.45272 3.32118 1.17654 0.00509261
threshold=-0.006178923794210033 42.614436725495544 35.017283695994124 20.020563762074069 24.108879804636388 -0.014338590424976315 -0.01744289136528537 -0.00926088068556624 -0.0031540560118757384 0.58828141064012496 -0.0069030819237533283 -0.0060665396262923324 0.4941062045151331 -0.010334921399122841 15.883312546621474
decision_type=2 2 2 2 2 2 2 2 2 2 2 2 2 2 2
left_child=1 2 3 14 -5 6 -2 8 13 -10 12 -12 -9 -7 -1
right_child=5 -3 -4 4 -6 7 -8 10 9 -11 11 -13 -14 -15 -16
leaf_value=-0.054288965072055231 -0.015234571036085493 -0.046092386075035151 0.034402200572007206 0.029354912557518615 -0.014095863311382377 -0.023610809401614197 0.04842625008530952 -0.021772293707496542 -0.028771527404745201 0.010781360703199705 -0.014712037967618323 0.00020783396830841938 0.013529923788934112 -0.060624291516213874 -0.058066884536605447
leaf_weight=1.7570260241627793 5.9377438686788082 3.5315578989684573 4.8989216461777678 3.2460531666874877 11.548855319619177 6.3596529178321362 5.9154767841100675 7.5848012566566458 8.8646915219724196 20.325874723494053 39.551959332078695 1978.3535030158237 54.7811527736485 3.2411720342934114 1.8119001835584638
leaf_count=26 36 29 28 21 79 45 31 53 73 103 231 11408 313 27 17
internal_value=-2.01954e-05 -0.00979112 -0.00428016 -0.0145995 -0.00456262 0.000102665 0.016536 1.0743e-05 -0.00986199 -0.0012302 0.000194843 -8.4603e-05 0.00923655 -0.0361063 -0.056207
internal_weight=2157.71 26.7943 23.2628 18.3638 14.7949 2130.92 11.8532 2119.06 38.7914 29.1906 2080.27 2017.91 62.366 9.60082 3.56893
internal_count=12520 200 171 143 100 12320 67 12253 248 176 12005 11639 366 72 43
is_linear=0
shrinkage=0.05


Tree=96
num_leaves=23
num_cat=0
split_feature=1 0 0 4 2 4 2 2 3 4 0 3 4 0 0 1 0 3 0 4 4 3
split_gain=1.02641 1.81153 4.78151 3.53701 1.91186 1.76955 1.21224 3.76235 4.53245 4.82964 2.91834 5.75806 5.26578 2.68776 7.43885 3.22046 2.12563 5.89274 3.21856 1.48167 0.764064 0.491343
threshold=0.0054008132131363471 75.494197077653965 69.866291633350627 10.252216159603774 0.0094836609506574483 16.254265084421942 0.0060755027743577559 0.008899089622739333 0.34319168070815004 7.3862274628140066 86.337164739191223 0.48919562211079298 3.56719840331994 67.246737273661012 66.271156336841912 0.0017607340071553736 83.037732284383864 0.86354773658204531 76.647004351719303 5.1282501032460956 24.108879804636388 0.99848077178705641
decision_type=2 2 2 2 2 2 2 2 2 2 2 2 2 2 2 2 2 2 2 2 2 2
left_child=6 2 3 -2 -3 -5 10 13 19 -10 16 -12 -13 14 -8 -15 18 -18 -1 -9 -4 -6
right_child=1 4 20 5 21 -7 7 8 9 -11 11 12 -14 15 -16 -17 17 -19 -20 -21 -22 -23
leaf_value=-0.00015046008048476235 0.048784135706285876 0.01179283620948288 0.0606971472093377 -0.025569841389548254 -0.006927324092425931 0.0047177461830103769 -0.006334670440987138 -0.014702291340890844 0.035233460613318231 0.0026179618135480486 -0.061779468630200784 0.082486816705547167 0.013455884619755692 -0.019934170047418421 0.063950565710302373 -0.0036522614296174184 -0.055714973529157809 0.016726111098240001 0.013239896970357011 -0.05896508489676873 0.031752807002884818 -0.028987861421553709
leaf_weight=1794.7959830872715 3.5466485321521786 8.6453836113214511 4.0240138247609121 7.1009087264537838 4.2624079883098585 15.030079334974287 21.033931240439419 5.121825233101843 13.671370185911654 66.853740230202675 1.8125644214451302 3.8617396205663672 9.7059878185391408 59.156493879854679 4.5852437615394583 62.411226838827133 5.9609855338931066 5.3062252700328827 46.027146186679602 2.9969556555151939 5.2609220147132874 6.1887239962816238
leaf_count=10750 22 37 20 30 19 62 103 40 65 284 15 24 44 329 22 266 45 25 253 15 23 27
internal_value=-1.97765e-05 0.006783 0.0135475 0.00242854 -0.00560162 -0.00500027 -0.000194622 -0.00357248 0.00456537 0.00815535 0.000231946 0.021922 0.0331039 -0.00847352 0.00624477 -0.0115753 5.18257e-05 -0.0215993 0.000184347 -0.0310414 0.044297 -0.0199907
internal_weight=2157.36 54.0591 34.9626 25.6776 19.0965 22.131 2103.3 235.831 88.6439 80.5251 1867.47 15.3803 13.5677 147.187 25.6192 121.568 1852.09 11.2672 1840.82 8.11878 9.28494 10.4511
internal_count=12520 240 157 114 83 92 12280 1124 404 349 11156 83 68 720 125 595 11073 70 11003 55 43 46
is_linear=0
shrinkage=0.05


Tree=97
num_leaves=24
num_cat=0
split_feature=4 3 1 3 0 4 1 3 2 3 3 4 4 1 4 2 3 3 1 2 2 0 4
split_gain=0.984901 4.37516 5.54803 5.79495 5.16288 4.97985 4.64932 5.97593 4.96648 4.30538 4.08615 5.11034 3.43387 3.20026 2.54902 6.11736 2.55481 4.36541 9.32954 3.71712 5.66201 2.79016 1.67334
threshold=7.6577670632539903 0.72290794353582133 -0.0014349101444370291 0.85421945347880335 45.104624192574143 5.8587999903513621 -3.7579896644546191e-06 1.1160760248834667 -0.0031998263915187226 0.69950178264742735 0.7045786999030349 5.1282501032460956 7.503235850743045 0.0040492197228730884 7.720496577515175 0.0014296873175677629 0.60999148842221895 0.63568076824385911 -0.0012345041968966906 -0.014338590424976315 -0.0037394313327912538 20.675397048759987 7.5519444551830315
decision_type=2 2 2 2 2 2 2 2 2 2 2 2 2 2 2 2 2 2 2 2 2 2 2
left_child=1 9 3 5 -5 -3 7 -4 -8 12 -11 -12 13 -1 15 -2 19 18 -18 -16 -21 -19 -14
right_child=14 2 6 4 -6 -7 8 -9 -10 10 11 -13 22 -15 16 -17 17 21 -20 20 -22 -23 -24
leaf_value=6.3817512176686088e-05 0.064024980410959401 -0.05833235956832377 -0.011658695058212437 0.022836182146035278 0.10222193993328568 0.013182361632770076 -0.056802089533768897 -0.04512165903863629 -0.0027905296431226146 0.064969506109956096 -0.031472324024207944 0.028191551647390463 -0.05689528565576514 0.023717747727196051 0.043140670996491347 -0.02014472800982009 0.10018499715619032 -0.011382789979382678 0.0095416661850829462 -0.034120032176068099 -0.0029128878241951647 0.0013264840498324959 -0.011873440618440543
leaf_weight=526.65455405972898 4.9958798736333829 3.7620548196136969 59.187486197799444 11.698322258889673 2.4827444180846205 6.8969550877809525 4.3739546239376059 17.224577996879816 158.00672939699143 4.5270017627626684 4.9439832456409958 13.094640821218489 3.6628318130969983 14.698512323200701 3.5004049986600867 3.8011683002114296 3.3470123410224941 44.86466009542346 18.694122135639191 18.345093969255686 69.974164832383394 1153.1743014082313 4.7277243807911873
leaf_count=3614 30 34 511 100 20 54 26 201 1035 28 41 78 21 65 22 19 22 316 86 121 355 5693 28
internal_value=-1.93064e-05 -0.00136235 -0.00669195 0.0157972 0.0367346 -0.0120585 -0.00903136 -0.0192018 -0.00424541 0.00109271 0.0224978 0.011839 0.000214087 0.000706056 0.000830782 0.0276556 0.000650906 0.00125621 0.0233061 -0.00739223 -0.00939503 0.000850542 -0.0315274
internal_weight=2156.64 835.942 263.633 24.8401 14.1811 10.659 238.793 76.4121 162.381 572.309 22.5656 18.0386 549.744 541.353 1320.7 8.79705 1311.9 1220.08 22.0411 91.8197 88.3193 1198.04 8.39056
internal_count=12520 5856 1981 208 120 88 1773 712 1061 3875 147 119 3728 3679 6664 49 6615 6117 108 498 476 6009 49
is_linear=0
shrinkage=0.05


Tree=98
num_leaves=15
num_cat=0
split_feature=4 0 1 2 0 1 4 3 3 2 3 1 4 4
split_gain=0.970285 3.11767 2.36431 3.90313 4.76934 4.27879 1.09823 8.13946 1.28401 3.23775 2.41463 4.97123 1.6366 0.608232
threshold=1.5766706376002919 72.353255300140304 0.0013884940053170427 -0.00052525001478287414 68.997214892059318 0.0004741668392357346 1.7753975335858823 0.30339411920987863 0.15196838315506486 0.0015756917292670816 0.19124988926921135 0.00069037465571930589 2.7442189337755925 1.2799490829032862
decision_type=2 2 2 2 2 2 2 2 2 2 2 2 2 2
left_child=1 2 3 5 -5 -1 7 -2 9 -8 11 -10 -12 -3
right_child=6 13 -4 4 -6 -7 8 -9 10 -11 12 -13 -14 -15
leaf_value=0.042482683782829052 0.089303741684606835 -0.030234072088277126 0.047185542998901306 -0.037951828780811922 0.037712571152277198 -0.037358927866964271 -0.060564690784726628 -0.053952460163505071 0.064633454942400026 0.014334987959509044 -0.0088508526605771461 -0.0082555525205315269 0.00022485131826379494 -0.0656353549821517
leaf_weight=6.0076202992349934 2.2510497495532027 2.8875904316082588 2.2475604116916648 10.82309192791581 2.5788887459784755 2.3284055776894093 2.9153970927000037 1.7721130549907682 4.3444541655480844 2.8566366136074066 50.902625224553049 5.0682640373706818 2056.8174788895994 2.0925648007541895
leaf_count=64 16 39 11 160 27 20 25 34 33 25 580 27 11430 29
internal_value=-2.00217e-05 -0.00910953 -0.00163491 -0.0066826 -0.023392 0.0201815 0.000103764 0.0262026 5.43039e-05 -0.0234961 0.00011851 0.0253865 5.66797e-06 -0.045109
internal_weight=2155.89 28.9657 23.9856 21.738 13.402 8.33603 2126.93 4.02316 2122.9 5.77203 2117.13 9.41272 2107.72 4.98016
internal_count=12520 350 282 271 187 84 12170 50 12120 50 12070 60 12010 68
is_linear=0
shrinkage=0.05


Tree=99
num_leaves=16
num_cat=0
split_feature=2 0 0 1 3 3 0 2 0 2 0 0 1 0 3
split_gain=0.952062 6.36898 2.83356 6.28101 3.30444 3.20763 2.65945 7.97891 5.46966 2.96627 2.47743 2.12258 2.12203 6.91866 1.19601
threshold=0.014201122375755106 87.281406246598223 88.341932834626718 0.00062242400824252819 0.69113697105127248 1.3222104670568173 84.381562393707782 0.0057192433346060509 86.337164739191223 0.0069162986150784764 91.720203884447855 76.647004351719303 0.0062097919406493016 59.612163608827736 0.19124988926921135
decision_type=2 2 2 2 2 2 2 2 2 2 2 2 2 2 2
left_child=2 11 6 -4 10 -6 12 8 -8 -9 -5 -2 14 -14 -1
right_child=1 -3 3 4 5 -7 7 9 -10 -11 -12 -13 13 -15 -16
leaf_value=0.0099850645953644557 -0.016349723350684034 -0.054561960250080144 -0.047558092709529001 0.066490109026135266 -0.0089599040113807881 0.035453012118100209 -0.018185143305802447 -0.062451040650983031 0.058874348549310521 -0.019543674965934118 0.020580661114823963 0.024205462878102883 -0.020640003673063307 0.035100986009731404 -0.00022936764208836746
leaf_weight=29.071521275676787 5.3937785476446178 5.8616562932729712 3.5957782417535773 5.7220310755074042 10.362651586532595 6.6900040954351416 4.0098262913525087 4.9292757324874428 5.4090734720230103 22.029207602143288 6.0409476608037949 8.0289943590760213 8.7433784455060977 15.323047570884226 2014.4183117896318
leaf_count=233 24 37 30 27 46 28 29 27 27 106 30 35 38 70 11733
internal_value=-1.98363e-05 -0.0110796 7.99988e-05 0.0147513 0.0225266 0.00846393 -0.000146014 -0.0135478 0.0260685 -0.0273892 0.042913 0.00790885 8.9782e-05 0.0148502 -8.4053e-05
internal_weight=2155.63 19.2844 2136.35 32.4114 28.8156 17.0527 2103.93 36.3774 9.4189 26.9585 11.763 13.4228 2067.56 24.0664 2043.49
internal_count=12520 96 12424 161 131 74 12263 189 56 133 57 59 12074 108 11966
is_linear=0
shrinkage=0.05


end of trees

feature_importances:
Column_4=541
Column_2=458
Column_1=457
Column_0=430
Column_3=404

parameters:
[boosting: gbdt]
[objective: binary]
[metric: binary_logloss]
[tree_learner: serial]
[device_type: cpu]
[data_sample_strategy: bagging]
[data: ]
[valid: ]
[num_iterations: 100]
[learning_rate: 0.05]
[num_leaves: 31]
[num_threads: 8]
[seed: 42]
[deterministic: 0]
[force_col_wise: 0]
[force_row_wise: 0]
[histogram_pool_size: -1]
[max_depth: 5]
[min_data_in_leaf: 20]
[min_sum_hessian_in_leaf: 0.001]
[bagging_fraction: 1]
[pos_bagging_fraction: 1]
[neg_bagging_fraction: 1]
[bagging_freq: 0]
[bagging_seed: 400]
[bagging_by_query: 0]
[feature_fraction: 1]
[feature_fraction_bynode: 1]
[feature_fraction_seed: 30056]
[extra_trees: 0]
[extra_seed: 12879]
[early_stopping_round: 0]
[early_stopping_min_delta: 0]
[first_metric_only: 0]
[max_delta_step: 0]
[lambda_l1: 0]
[lambda_l2: 0]
[linear_lambda: 0]
[min_gain_to_split: 0]
[drop_rate: 0.1]
[max_drop: 50]
[skip_drop: 0.5]
[xgboost_dart_mode: 0]
[uniform_drop: 0]
[drop_seed: 17869]
[top_rate: 0.2]
[other_rate: 0.1]
[min_data_per_group: 100]
[max_cat_threshold: 32]
[cat_l2: 10]
[cat_smooth: 10]
[max_cat_to_onehot: 4]
[top_k: 20]
[monotone_constraints: ]
[monotone_constraints_method: basic]
[monotone_penalty: 0]
[feature_contri: ]
[forcedsplits_filename: ]
[refit_decay_rate: 0.9]
[cegb_tradeoff: 1]
[cegb_penalty_split: 0]
[cegb_penalty_feature_lazy: ]
[cegb_penalty_feature_coupled: ]
[path_smooth: 0]
[interaction_constraints: ]
[verbosity: -1]
[saved_feature_importance_type: 0]
[use_quantized_grad: 0]
[num_grad_quant_bins: 4]
[quant_train_renew_leaf: 0]
[stochastic_rounding: 1]
[linear_tree: 0]
[max_bin: 255]
[max_bin_by_feature: ]
[min_data_in_bin: 3]
[bin_construct_sample_cnt: 200000]
[data_random_seed: 175]
[is_enable_sparse: 1]
[enable_bundle: 1]
[use_missing: 1]
[zero_as_missing: 0]
[feature_pre_filter: 1]
[pre_partition: 0]
[two_round: 0]
[header: 0]
[label_column: ]
[weight_column: ]
[group_column: ]
[ignore_column: ]
[categorical_feature: ]
[forcedbins_filename: ]
[precise_float_parser: 0]
[parser_config_file: ]
[objective_seed: 16083]
[num_class: 1]
[is_unbalance: 0]
[scale_pos_weight: 1]
[sigmoid: 1]
[boost_from_average: 1]
[reg_sqrt: 0]
[alpha: 0.9]
[fair_c: 1]
[poisson_max_delta_step: 0.7]
[tweedie_variance_power: 1.5]
[lambdarank_truncation_level: 30]
[lambdarank_norm: 1]
[label_gain: ]
[lambdarank_position_bias_regularization: 0]
[eval_at: ]
[multi_error_top_k: 1]
[auc_mu_weights: ]
[num_machines: 1]
[local_listen_port: 12400]
[time_out: 120]
[machine_list_filename: ]
[machines: ]
[gpu_platform_id: -1]
[gpu_device_id: -1]
[gpu_use_dp: 0]
[num_gpu: 1]

end of parameters

pandas_categorical:null
