tree
version=v4
num_class=1
num_tree_per_iteration=1
label_index=0
max_feature_idx=4
objective=binary sigmoid:1
feature_names=Column_0 Column_1 Column_2 Column_3 Column_4
feature_infos=[1.902353959673448:99.220341974048154] [-0.018859136888699335:0.02559601546695367] [-0.030231632972103406:0.035523272846764042] [0.016658754719912475:2.2199367893060935] [0.085129080876183441:104.38633596731526]
tree_sizes=3335 3425 3429 3433 3431 3433 3445 3442 3442 3449 3452 3448 3221 3450 3456 3455 3444 3442 3439 3436 3447 3448 3445 3460 3445 3436 3135 3448 3464 3139 3459 3268 3348 3455 3246 3362 3458 3151 3247 3149 3253 3355 3349 3034 3239 3047 3013 3031 3253 3156 2915 3364 3016 3061 3171 2710 3258 3257 3232 3241 3265 3246 2595 3268 3232 3232 3145 2602 3034 2610 2933 2918 2614 2817 2613 2585 2608 2376 3368 2393 2948 2177 2719 3258 2437 1977 2809 2325 2177 2688 2207 2316 1985 2607 2312 1944 1886 3342 2718 1954

Tree=0
num_leaves=31
num_cat=0
split_feature=1 4 1 4 4 1 1 1 1 4 1 2 4 1 2 3 0 4 4 4 4 4 3 1 0 2 0 0 2 4
split_gain=1371.06 724.937 107.459 100.219 97.7262 76.5559 74.7017 49.039 36.0585 42.7752 29.6499 29.6488 23.3445 22.083 20.6915 20.1077 19.1289 18.9674 16.7192 13.9562 13.7902 24.7877 10.0958 8.91728 6.62257 6.12951 4.53037 4.21481 5.0903 3.08468
threshold=0.0020398885283253736 8.2369015252718096 0.0028628618169846969 14.458991171280177 3.914347754354544 -0.00011861813278113419 -0.0014751519535024513 -0.00010384526964879458 0.0067333866282944807 30.697848730658169 0.0015162115511724308 0.0064554330177261096 22.792558354281784 -0.0028332170019454979 0.012101151141806101 1.7117645876802274 81.750118449010174 5.8845655116087441 17.815573809893902 11.811768656731948 6.7055117703389113 7.125523202976912 1.6555996936064084 0.00066283977511572012 77.723123439004453 0.0080344749979772718 76.356791789546293 86.64796586954985 0.01374850732792743 5.6291815590628511
decision_type=2 2 2 2 2 2 2 2 2 2 2 2 2 2 2 2 2 2 2 2 2 2 2 2 2 2 2 2 2 2
left_child=1 4 11 5 10 13 15 29 12 25 23 20 14 -3 -4 -5 -11 -9 -8 -7 24 -22 -14 -1 -2 -10 -12 28 -13 -6
right_child=2 3 8 6 7 19 18 17 9 16 26 27 22 -15 -16 -17 -18 -19 -20 -21 21 -23 -24 -25 -26 -27 -28 -29 -30 -31
leaf_value=-1.6879134380141709 -1.6101258573393282 -1.6746095095671474 -1.5318557829657169 -1.622348808984168 -1.6773782360218539 -1.6120674355507378 -1.5848116232476643 -1.6571341991424464 -1.4645906686772356 -1.5636000089373538 -1.6083255971042005 -1.5334923051029856 -1.5950755083242603 -1.6381487760936746 -1.470498424356149 -1.5815312958964232 -1.451076859003849 -1.6361841177147649 -1.5501248452814915 -1.5815477059290102 -1.454386363413658 -1.5877446524453527 -1.540433478068691 -1.6729894479978293 -1.6710316136249985 -1.4117944805743774 -1.6658937816041763 -1.5768380265765896 -1.4679921037650949 -1.6684278884545547
leaf_weight=663.66324293613434 28.038274824619293 52.673846393823624 120.04737085103989 132.56931883096695 184.83484083414078 127.26110175251961 58.52649599313736 257.38047423958778 9.7997853755950945 15.108002454042436 14.291353672742845 15.380218714475637 19.19124636054039 196.26792377233505 15.516326844692228 39.063033372163773 5.036000818014144 186.19592213630676 85.475905776023865 53.082170784473419 3.6749195158481589 67.237416326999664 15.108002454042433 117.86964076757431 5.308217078447341 12.521947979927061 4.49156829714775 4.0832439064979544 3.6749195158481589 200.8956001996994
leaf_count=4876 206 387 882 974 1358 935 430 1891 72 111 105 113 141 1442 114 287 37 1368 628 390 27 494 111 866 39 92 33 30 27 1476
internal_value=-1.63959 -1.65303 -1.54564 -1.61217 -1.67171 -1.62789 -1.59078 -1.65968 -1.52385 -1.48264 -1.68417 -1.58194 -1.53416 -1.64586 -1.52483 -1.61306 -1.53547 -1.64834 -1.56422 -1.60308 -1.5933 -1.58083 -1.57101 -1.68566 -1.61982 -1.43497 -1.62209 -1.53074 -1.52086 -1.67272
internal_weight=2714.27 2374.54 339.726 744.92 1629.62 429.285 315.635 829.307 212.329 42.4657 800.316 127.397 169.863 248.942 135.564 171.632 20.144 443.576 144.002 180.343 104.259 70.9123 34.2992 781.533 33.3465 22.3217 18.7829 23.1384 19.0551 385.73
internal_count=19942 17446 2496 5473 11973 3154 2319 6093 1560 312 5880 936 1248 1829 996 1261 148 3259 1058 1325 766 521 252 5742 245 164 138 170 140 2834
is_linear=0
shrinkage=1


Tree=1
num_leaves=31
num_cat=0
split_feature=4 1 1 4 1 4 4 1 1 1 4 3 1 4 0 4 1 2 2 1 0 4 0 4 3 1 1 0 1 4
split_gain=1200.55 353.637 345.218 87.7254 79.7383 66.6874 58.9055 56.7053 36.7699 30.6984 27.1963 18.1375 17.7046 16.9912 16.2632 15.4148 12.5733 12.2908 11.6527 9.97144 8.46313 8.35319 7.00947 6.8749 12.9209 7.54633 5.41079 3.85444 3.05032 2.9855
threshold=8.2369015252718096 0.001695755114964115 0.0023959411264389279 3.914347754354544 -0.00054803710881334833 15.477642879812143 17.815573809893902 0.0030650822750616373 -0.00010384526964879458 0.0056649873776194468 30.697848730658169 1.4700356767908118 -0.0029700246465484965 5.8845655116087441 81.750118449010174 10.532828607504294 0.00068102160950711543 0.0054606361997670003 0.008342705806258734 0.0016543396246095912 73.129934556001231 6.3192998333147736 51.588872052504151 31.93195745972881 1.5089549140794232 0.0036092438776043072 0.0026229620101404509 71.6935923392288 0.0015162115511724308 5.6291815590628511
decision_type=2 2 2 2 2 2 2 2 2 2 2 2 2 2 2 2 2 2 2 2 2 2 2 2 2 2 2 2 2 2
left_child=1 3 4 16 5 12 15 17 29 23 22 -7 -2 -10 -12 -6 27 20 21 -8 -3 -9 -11 24 -4 -25 -19 -1 -18 -5
right_child=2 7 9 8 6 11 19 18 13 10 14 -13 -14 -15 -16 -17 28 26 -20 -21 -22 -23 -24 25 -26 -27 -28 -29 -30 -31
leaf_value=-0.04876823267800201 -0.030424451483324018 0.03647266223588428 0.079541158270037382 -0.036861274702896595 0.020051122147211064 0.019957110739803302 0.092882815596482524 0.073212589823342888 -0.019226807254443173 0.086980813520288761 0.061934624755660819 0.050890653634302646 0.0016963683841239947 0.001349394743818411 0.15794713568541557 0.043284830375467834 -0.032153252059125219 0.056022746215328559 0.17346624523748891 0.048421013648369829 -0.0026235334292525618 0.14026741382519459 0.15629042442153729 0.11402492195502534 0.11460913525891531 0.018759674981125931 0.11538572196308645 -0.036329813479261612 -0.0028220190036663188 -0.027955160909077834
leaf_weight=577.40503388643265 56.83181032538414 66.315735638141632 127.27663622796535 180.14503765106201 122.49700939655304 106.9490524828434 58.634252965450287 12.307381406426435 239.40996795892715 4.0472541004419318 19.607635229825977 85.087357819080353 174.99292166531086 172.70880988240242 5.6905342340469351 171.11641237139702 110.16854184865952 13.319114312529566 7.0305274575948706 16.065381318330765 17.493521943688393 7.4593652188777915 36.965840458869934 2.8650353252887708 33.097584769129753 7.5747620910406113 5.3927615880966178 69.813860803842545 9.6394735574722272 197.00050860643387
leaf_count=4384 425 477 877 1358 885 771 406 84 1780 27 137 606 1283 1266 37 1220 828 94 47 112 128 51 244 20 229 53 37 530 70 1476
internal_value=-4.66094e-05 -0.0260287 0.0425024 -0.0326304 0.0266599 0.0118726 0.0436774 0.0534198 -0.0209278 0.0954282 0.124302 0.0336631 -0.00617805 -0.0106038 0.0835315 0.0335916 -0.0446723 0.0364924 0.118181 0.0833206 0.0283121 0.098517 0.149451 0.0842191 0.0867784 0.0449037 0.0731312 -0.0474265 -0.0297933 -0.0322092
internal_weight=2714.91 1685.61 1029.3 1556.29 792.174 423.861 368.313 129.318 789.264 237.125 66.3113 192.036 231.825 412.119 25.2982 293.613 767.027 102.521 26.7973 74.6996 83.8093 19.7667 41.0131 170.814 160.374 10.4398 18.7119 647.219 119.808 377.146
internal_count=19942 12610 7332 11692 5708 3085 2623 918 5880 1624 445 1377 1708 3046 174 2105 5812 736 182 518 605 135 271 1179 1106 73 131 4914 898 2834
is_linear=0
shrinkage=0.05


Tree=2
num_leaves=31
num_cat=0
split_feature=4 1 1 4 1 4 4 1 1 1 4 1 1 4 1 1 4 2 1 4 1 0 2 1 1 3 3 0 3 1
split_gain=1071.87 320.347 279.687 84.9266 68.0635 59.3077 47.7781 44.6805 34.7189 23.6077 18.9632 17.9367 17.2132 15.6452 14.7252 12.3833 10.5838 10.4469 10.3078 9.41607 14.7839 9.98991 9.00259 7.81713 7.75823 5.43963 4.03065 3.82366 3.52684 2.90516
threshold=8.2369015252718096 0.001695755114964115 0.0023959411264389279 3.914347754354544 -0.00054803710881334833 14.458991171280177 17.815573809893902 0.0030650822750616373 -0.00010384526964879458 0.0067333866282944807 30.697848730658169 -0.003230811288749635 -0.0028332170019454979 5.8845655116087441 0.0011793320534306819 0.00068102160950711543 34.702984735117845 0.0090485934929661633 0.0046689890305765544 30.697848730658169 0.0037694266192195296 66.162345755502074 0.0036365750257053579 0.0024618970351812934 0.0016543396246095912 0.1759408582919488 1.4115062325521774 71.6935923392288 0.38227515327080847 -0.0033690907719910452
decision_type=2 2 2 2 2 2 2 2 2 2 2 2 2 2 2 2 2 2 2 2 2 2 2 2 2 2 2 2 2 2
left_child=1 3 4 15 5 12 14 17 29 19 26 -7 -2 -10 -6 27 -12 25 22 20 -4 -21 -9 -19 -8 -3 -11 -1 -20 -5
right_child=2 7 9 8 6 11 24 18 13 10 16 -13 -14 -15 -16 -17 -18 23 28 21 -22 -23 -24 -25 -26 -27 -28 -29 -30 -31
leaf_value=-0.047967314525080879 -0.033351288217830392 0.085085843801516958 0.068273512497547387 -0.055094393248622468 0.023048635025480102 0.014888042676637878 0.083042816319767343 0.045571476171146069 -0.018513005179478067 0.13525812647533839 0.027093204164094643 0.043504073919047009 0.00020031796185150625 0.0012807259812621483 0.04625076708884332 -0.028905973607173341 0.10374177539026663 0.041189277140447733 0.12243146818731349 0.066606637936090715 0.096601665423492133 -0.019484718271597479 0.11248003114411276 0.13331552167337488 0.044546872645648702 0.02638820721545071 0.18353502396254393 -0.035415914169731562 0.18960330772000472 -0.030475444692755621
leaf_weight=558.18357688188553 50.461814403533936 4.1246641129255286 103.57938270270824 12.39996153116226 194.82388587296009 108.44501060247421 62.203368574380875 8.3751999437809044 236.28988891839981 20.846096485853199 6.179225072264674 110.61672896146774 157.67400658130646 172.86591652035713 105.36525683104992 117.37879453599453 16.61001643538475 4.8884853571653348 4.3238468766212454 11.362510144710543 82.932877480983734 4.7902014702558509 12.577101007103918 4.3529895842075348 16.575582474470139 91.640198737382889 5.4548566043376914 68.079194277524948 3.5655262321233749 356.47743520140648
leaf_count=4384 387 29 679 95 1371 768 406 54 1780 123 40 774 1156 1266 734 898 108 33 27 77 533 32 79 28 112 646 32 530 22 2739
internal_value=-8.29263e-05 -0.0252041 0.0392288 -0.0317273 0.0248622 0.0111785 0.0402872 0.0489555 -0.0201791 0.0852336 0.116344 0.0293379 -0.00793415 -0.0101503 0.0311925 -0.0438096 0.0829588 0.0338155 0.104077 0.077698 0.0808697 0.0410756 0.0857349 0.0845833 0.074943 0.0289164 0.145271 -0.0466029 0.152789 -0.031303
internal_weight=2713.44 1655.52 1057.92 1521.67 806.166 427.198 378.968 133.848 778.033 251.755 49.0902 219.062 208.136 409.156 300.189 743.642 22.7892 105.006 28.8417 202.665 186.512 16.1527 20.9523 9.24147 78.779 95.7649 26.301 626.263 7.88937 368.877
internal_count=19942 12610 7332 11692 5708 3085 2623 918 5880 1624 303 1542 1543 3046 2105 5812 148 736 182 1321 1212 109 133 61 518 675 155 4914 49 2834
is_linear=0
shrinkage=0.05


Tree=3
num_leaves=31
num_cat=0
split_feature=4 1 1 4 4 1 1 1 1 1 1 4 4 4 4 3 3 1 4 1 2 4 3 1 0 1 0 2 2 0
split_gain=960.036 272.04 252.536 71.1258 65.7705 61.1239 44.6868 43.332 25.4141 17.7747 17.5571 17.5274 15.5437 11.889 11.6489 10.7933 10.5609 10.0029 12.9738 7.92268 7.48216 6.56898 15.8206 8.40361 6.02731 5.84194 4.43847 3.87715 3.84732 3.29335
threshold=8.0136000760395785 0.0014093004650922449 0.0023959411264389279 3.914347754354544 14.458991171280177 -9.2943659026512013e-05 0.0030650822750616373 -0.0014751519535024513 -0.00019087124648881068 0.0052663383483173573 -0.0028332170019454979 49.608894188768083 30.697848730658169 10.068266326545126 5.7754061913390737 1.4312505337244736 1.7419423576801061 0.001695755114964115 6.1564596054469298 0.0006454333785558265 0.012898663455626293 13.212846443613893 0.68859177660692161 0.0027025948328207598 50.652508516410698 0.0044450411893166572 69.622723103227074 0.0036365750257053579 -0.0031934001853909373 71.6935923392288
decision_type=2 2 2 2 2 2 2 2 2 2 2 2 2 2 2 2 2 2 2 2 2 2 2 2 2 2 2 2 2 2
left_child=1 3 4 19 5 10 17 11 28 21 -2 -6 24 -7 -10 -9 -14 18 -3 29 -19 23 -23 -4 -11 27 -27 -8 -5 -1
right_child=2 6 9 8 7 13 25 15 14 12 -12 -13 16 -15 -16 -17 -18 20 -20 -21 -22 22 -24 -25 -26 26 -28 -29 -30 -31
leaf_value=-0.047211994496612814 -0.032913367155759897 -0.01182250345681179 0.050489179226814618 -0.019700164263184598 0.017144185009400913 0.016712563355333648 0.046496339757477689 0.045057497820241134 -0.019925175867529909 0.060263374718985456 -2.0769212078294132e-05 0.081628965636649106 0.042868262917119787 0.03966829711840713 -0.0022114934796302562 0.069938334796016924 0.10284036115457296 0.027785862660939954 0.045848508935011967 -0.031257113303912641 0.093916324676649718 0.0044014645409754622 0.067340808707175612 0.089505444663557698 0.11650854013592638 0.15555625092320188 0.086795147952407684 0.091861209498799112 -0.033943039242101951 -0.035218768093321168
leaf_weight=532.16206446290016 50.192553713917732 36.890162706375122 18.228089451789856 57.538254253566265 169.94872850179672 104.34722784161568 7.8043100684881272 99.876100599765778 219.22043538093567 5.2396544367074958 211.5997451543808 11.234231188893316 18.077495828270916 122.75794924795628 160.95783433318138 77.340818345546722 12.359660029411314 98.263340532779694 13.256291225552557 108.92256212234497 4.4718985706567755 11.166443780064581 94.310874357819557 56.826407536864281 52.374364495277405 4.7810890376567823 4.6094957143068314 11.87879368662834 269.45045351237059 64.139823913574219
leaf_count=4324 394 280 117 452 1184 731 49 656 1676 31 1545 77 115 834 1185 498 76 677 97 856 28 69 589 352 298 28 26 70 2116 512
internal_value=-0.000112157 -0.0250081 0.0354586 -0.0324212 0.0220667 0.0101394 0.0325346 0.0383369 -0.0212163 0.0777062 -0.00632716 0.0211426 0.0961241 0.0291209 -0.0124257 0.055916 0.0672212 0.021729 0.00342292 -0.043657 0.0306644 0.0687231 0.0606777 0.0800298 0.111393 0.0893551 0.121804 0.0738741 -0.0314368 -0.045922
internal_weight=2710.23 1594.35 1115.88 1412.39 847.297 488.897 181.955 358.4 707.167 268.583 261.792 181.183 88.0512 227.105 380.178 177.217 30.4372 152.882 50.1465 705.224 102.735 180.532 105.477 75.0545 57.614 29.0737 9.39058 19.6831 326.989 596.302
internal_count=19942 12376 7566 11121 5919 3504 1255 2415 5429 1647 1939 1261 520 1565 2861 1154 191 1082 377 5692 705 1127 658 469 329 173 54 119 2568 4836
is_linear=0
shrinkage=0.05


Tree=4
num_leaves=31
num_cat=0
split_feature=4 1 1 4 4 1 1 1 1 4 1 4 4 4 1 3 0 4 1 2 1 4 3 0 2 4 4 2 0 2
split_gain=861.996 250 210.594 69.0001 57.9161 51.6096 41.6483 37.1736 24.0506 17.3106 15.1811 11.7535 11.0853 10.7765 9.86823 9.36502 9.24809 9.15492 9.5181 8.59142 7.83054 7.52532 10.8898 8.31276 4.70888 7.75673 3.69997 3.69315 3.27223 2.84004
threshold=8.0136000760395785 0.0014093004650922449 0.0023959411264389279 3.914347754354544 12.58777766797064 -0.0014751519535024513 -2.2212644450292359e-05 0.0030650822750616373 -0.00019087124648881068 49.608894188768083 0.0067333866282944807 30.697848730658169 33.269451209376562 5.7754061913390737 -0.0028332170019454979 1.6555996936064084 80.575160176286218 4.9489505305842814 0.0022664383239642265 0.00090602454494714834 0.0006454333785558265 30.697848730658169 1.5089549140794232 66.162345755502074 0.0047859466069635212 6.813291849779362 6.9475322212857629 -0.0031934001853909373 71.6935923392288 0.0080344749979772718
decision_type=2 2 2 2 2 2 2 2 2 2 2 2 2 2 2 2 2 2 2 2 2 2 2 2 2 2 2 2 2 2
left_child=1 3 4 20 6 9 14 17 27 -6 21 29 -7 -10 -2 -8 -13 18 -3 -19 28 22 -4 -23 26 -26 -9 -5 -1 -12
right_child=2 7 10 8 5 12 15 24 13 -11 11 16 -14 -15 -16 -17 -18 19 -20 -21 -22 23 -24 -25 25 -27 -28 -29 -30 -31
leaf_value=-0.046439301520380845 -0.034533933581728543 -0.0044537650408990118 0.061801863017807379 -0.018983043899098804 0.011329089943348041 0.045362169191722673 0.028353612982202389 0.074824883452377505 -0.019199068555717871 0.073540576389949555 0.096953740766685656 0.048144327780422519 0.088129656524506481 -0.0021041444451988926 -0.0040890642026652482 -0.005054436968734418 0.11385226785070804 0.010621443062486104 0.038321642086798793 0.043132393631395205 -0.030372968178137845 0.055098632027207342 0.090618203461622998 -0.021561499923521257 0.074503508220972861 0.14865741091081386 0.016973874208215889 -0.033047110169309439 -0.034328221128855189 0.12814352029584825
leaf_weight=514.41809383034706 31.252337127923965 50.396868497133255 167.71260905265808 56.746832348406315 204.10210163891315 232.45596480369568 159.63733021914959 11.172819405794145 216.213901437819 11.829848811030386 12.498191773891451 17.107021614909176 16.208135575056076 160.71739955246449 179.43493208289146 24.150655418634415 7.7950083017349234 32.301701352000237 17.527713388204575 54.788556396961212 106.54975038766861 12.32419601082802 40.751788750290871 4.9592766463756552 10.338295191526411 5.3523100763559333 3.6722934246063224 263.08151703327894 62.554309844970703 17.54355400800705
leaf_count=4324 251 365 996 452 1433 1499 1087 66 1676 77 66 105 99 1185 1309 164 43 225 116 376 856 77 239 32 57 29 21 2116 512 89
internal_value=-0.000136094 -0.0242144 0.0329432 -0.0315395 0.0206579 0.0326206 0.00656883 0.030276 -0.020467 0.0147374 0.0705431 0.094113 0.0481498 -0.0119101 -0.00860511 0.0239636 0.0687127 0.0203431 0.00658429 0.0310741 -0.0428264 0.0648065 0.067435 0.033102 0.0807002 0.0997986 0.0605141 -0.0305517 -0.0451262 0.115168
internal_weight=2705.6 1565.83 1139.76 1380.28 859.071 464.596 394.475 185.551 696.76 215.932 280.692 54.9438 248.664 376.931 210.687 183.788 24.902 155.015 67.9246 87.0903 683.522 225.748 208.464 17.2835 30.5357 15.6906 14.8451 319.828 576.972 30.0417
internal_count=19942 12376 7566 11121 5919 3108 2811 1255 5429 1510 1647 303 1598 2861 1560 1251 148 1082 481 601 5692 1344 1235 109 173 86 87 2568 4836 155
is_linear=0
shrinkage=0.05


Tree=5
num_leaves=31
num_cat=0
split_feature=4 1 1 4 4 1 1 1 1 3 1 1 4 4 4 4 4 1 4 3 1 4 1 2 4 0 2 0 0 1
split_gain=775.515 216.456 188.678 65.8689 55.6328 47.1853 28.3667 26.2841 21.6308 15.713 15.4873 12.2962 10.6493 10.5236 10.2501 9.47617 16.5503 10.3134 9.16331 8.05343 7.73834 7.23436 5.32133 5.05338 4.9459 4.46508 3.83944 3.35141 3.26587 2.78032
threshold=7.8649893469691854 0.0014093004650922449 0.0023959411264389279 3.914347754354544 16.701860283241547 -2.2212644450292359e-05 -0.0044254374280445754 0.0028628618169846969 -0.00010384526964879458 1.9382963222163594 -0.0037042033608062348 0.0052663383483173573 10.068266326545126 30.697848730658169 33.269451209376562 6.2567253096062485 7.528581196672012 0.0022664383239642265 5.7754061913390737 1.7419423576801061 0.0006454333785558265 8.2369015252718096 0.0046689890305765544 0.0032447149757752762 9.1815138302922339 50.652508516410698 -0.0031934001853909373 69.622723103227074 69.870049518547361 0.00080325902838429563
decision_type=2 2 2 2 2 2 2 2 2 2 2 2 2 2 2 2 2 2 2 2 2 2 2 2 2 2 2 2 2 2
left_child=1 3 4 20 5 10 9 15 26 -6 -2 21 -7 25 -8 17 -17 -3 -10 -15 28 -4 23 -9 -23 -13 -5 -24 -1 -22
right_child=2 7 11 8 6 12 14 22 18 -11 -12 13 -14 19 -16 16 -18 -19 -20 -21 29 24 27 -25 -26 -27 -28 -29 -30 -31
leaf_value=-0.045814345966489221 -0.032078539352557306 0.0012060068239109949 0.11059182496556948 -0.017033073883308072 0.003035200673118528 0.013825321492784749 0.041618863800884365 0.02607515393800567 -0.017960063562439461 0.097742850680897067 0.0014340926557627831 0.048896641998411254 0.033984185229165707 0.035572036638975797 0.073644680979782023 0.053412725035935804 -0.025260753305223073 0.038907100095974922 -0.0014364747171358952 0.085949773146313746 -0.017557223265805021 0.029802751046412841 0.13095693074599388 0.070177540942812811 0.058473703590324104 0.095411245793094859 -0.031469507114309195 0.067517734158823159 -0.034416808229337105 -0.035082864173889193
leaf_weight=486.12888097018003 39.051463417708874 81.531185925006866 6.2694285511970511 55.502658016979694 65.69807767868042 111.8694476634264 185.93042090535164 10.041488677263262 200.64213638007641 4.6923431754112235 294.15282443910837 5.6601616889238349 158.09928075969219 19.163985341787338 28.862870678305626 33.532597616314888 8.3492548018693906 23.330726951360703 144.20939590036869 13.53680346906185 33.203337430953979 16.456267952919006 4.2715480625629407 18.392113342881203 175.00419209897518 58.30479522049427 270.60104927420616 4.0612190663814545 72.184352792799473 71.065943956375122
leaf_count=4227 305 586 36 448 448 766 1173 60 1573 30 2139 31 1022 115 176 223 56 152 1061 76 274 95 22 102 1011 299 2224 21 609 582
internal_value=-0.000155301 -0.023817 0.0301942 -0.0308232 0.018698 0.0100943 0.036895 0.0270958 -0.0197804 0.00934857 -0.00249358 0.0648848 0.0256308 0.0794995 0.0459223 0.017624 0.037729 0.00959412 -0.0110503 0.0564264 -0.0420056 0.05774 0.0649001 0.0546025 0.0560094 0.0912952 -0.0290124 0.100038 -0.0443408 -0.029502
internal_weight=2699.8 1517.05 1182.75 1333.54 888.357 603.173 285.184 183.51 670.955 70.3904 333.204 294.396 269.969 96.6657 214.793 146.744 41.8819 104.862 344.852 32.7008 662.583 197.73 36.7664 28.4336 191.46 63.965 326.104 8.33277 558.313 104.269
internal_count=19942 12220 7722 10998 6059 4232 1827 1222 5306 478 2444 1663 1788 521 1349 1017 279 738 2634 191 5692 1142 205 162 1106 330 2672 43 4836 856
is_linear=0
shrinkage=0.05


Tree=6
num_leaves=31
num_cat=0
split_feature=4 1 1 4 4 1 1 1 1 1 4 2 3 0 4 0 2 4 3 1 2 4 1 1 3 3 2 1 1 0
split_gain=699.511 224.713 140.041 67.3681 50.0589 33.8087 26.8614 26.5783 24.1033 21.9283 15.2605 14.9164 12.0153 11.9167 10.1557 9.88759 14.7251 8.648 7.74334 7.66484 7.26615 6.4432 6.26243 5.40401 9.22832 8.07907 3.80197 3.37443 3.10564 2.74988
threshold=8.2369015252718096 0.0014093004650922449 0.0011561192550652024 3.914347754354544 14.458991171280177 0.0026229620101404509 -0.0014751519535024513 0.0037694266192195296 -0.0028332170019454979 -0.00010384526964879458 10.178638775880357 0.008342705806258734 1.7266898351451203 60.697095395515838 30.697848730658169 66.944019681791943 0.0060576035300119466 5.7754061913390737 1.4978728358230049 0.00066283977511572012 -0.0054198906209816369 17.815573809893902 0.0034708612798383114 0.001695755114964115 0.56808925150211753 0.23808289799898086 0.0017688422839535758 0.00080325902838429563 -0.0033690907719910452 59.68615681850887
decision_type=2 2 2 2 2 2 2 2 2 2 2 2 2 2 2 2 2 2 2 2 2 2 2 2 2 2 2 2 2 2
left_child=1 3 4 19 8 23 12 15 29 28 -10 22 -6 20 -15 18 -17 -11 -4 26 -9 -8 -7 24 -3 -25 -1 -21 -5 -2
right_child=2 5 7 9 6 11 21 13 10 17 -12 -13 -14 14 -16 16 -18 -19 -20 27 -22 -23 -24 25 -26 -27 -28 -29 -30 -31
leaf_value=-0.045425565284764581 -0.033496197769351331 -0.022960565070211002 0.042683303639645453 -0.053642750314673263 0.010657403221473771 0.031533948406144742 0.03298560693562283 0.10202423746517784 -0.0038023304104759792 -0.017284288518421998 0.017846130236588702 0.10732653949275513 0.040822902154847011 0.083342874485429763 0.048536546876084538 0.0081923007088599547 0.047247884535799367 -0.001782444111418357 0.066926937820149635 -0.013666735224806501 0.040722856872121058 0.055368168406840071 0.071512647443562546 0.067277121543501947 0.019680907059761332 0.017069080193850301 -0.034434124414752319 -0.03420317714250394 -0.027032256043919806 0.019781555888777117
leaf_weight=449.6228221654892 44.446893289685249 21.90084183216095 138.99848964810371 11.343176484107969 145.28872387111187 26.762449100613594 52.436658710241318 5.3766479343175879 153.24161107838154 198.12787212431431 173.65500891208649 13.051943987607954 42.71599069237709 91.539997845888138 27.179634034633636 46.07469154894352 50.680897265672684 164.80437308549881 43.164010405540466 28.119967013597488 47.892956957221031 83.121141046285629 15.450649708509443 8.8628515899181348 30.162888944149017 83.484224528074265 95.362127646803856 69.294560417532921 328.3470770791173 2.5615141987800589
leaf_count=4035 366 164 838 95 989 160 330 30 1088 1573 1199 66 272 470 153 279 296 1209 255 234 265 481 81 56 220 555 841 582 2739 21
internal_value=-0.000170819 -0.0221425 0.0293837 -0.0294904 0.0153446 0.0273529 0.0297442 0.0510994 0.00288379 -0.0187906 0.00769783 0.0606109 0.0175112 0.0665582 0.0753743 0.0415669 0.0286497 -0.010245 0.0484279 -0.0411932 0.0469102 0.0467101 0.0461668 0.0146252 0.00174358 0.0218877 -0.0435023 -0.0282751 -0.0279209 -0.0305931
internal_weight=2693.07 1544.7 1148.37 1345.02 697.468 199.676 323.563 450.907 373.905 702.622 326.897 55.265 188.005 171.989 118.72 278.918 96.7556 362.932 182.163 642.399 53.2696 135.558 42.2131 144.411 52.0637 92.3471 544.985 97.4145 339.69 47.0084
internal_count=19942 12610 7332 11308 4746 1302 2072 2586 2674 5616 2287 307 1261 918 623 1668 575 2782 1093 5692 295 811 241 995 384 611 4876 816 2834 387
is_linear=0
shrinkage=0.05


Tree=7
num_leaves=31
num_cat=0
split_feature=4 1 1 4 4 1 1 1 1 4 1 4 4 1 4 0 1 3 4 3 3 4 0 1 2 1 2 4 2 0
split_gain=631.15 184.14 140.019 60.8699 44.491 34.6231 32.7128 20.619 18.7404 12.9813 10.336 9.90964 15.528 9.90977 9.6966 8.47812 8.1333 7.90225 7.64396 11.4433 10.7971 7.23937 6.95302 6.6739 4.42082 3.93069 3.80831 3.7166 2.95277 2.69526
threshold=7.8649893469691854 0.0013402865755223206 0.0023959411264389279 3.914347754354544 12.58777766797064 -0.0014751519535024513 -2.2212644450292359e-05 0.0028628618169846969 -0.00029090591610719802 49.608894188768083 0.0067333866282944807 6.2567253096062485 7.3763273538795024 0.001695755114964115 5.7754061913390737 64.565677166777917 -0.0028332170019454979 1.6555996936064084 13.212846443613893 0.74990524597145813 0.6089683614729432 30.697848730658169 72.274565633791028 0.00052450804421644303 -0.0031934001853909373 0.0046689890305765544 0.0032447149757752762 2.6752482304926439 -0.00099863119882787044 69.622723103227074
decision_type=2 2 2 2 2 2 2 2 2 2 2 2 2 2 2 2 2 2 2 2 2 2 2 2 2 2 2 2 2 2
left_child=1 3 4 23 6 9 16 11 24 -6 18 13 -13 -3 -10 -7 -2 -8 20 -20 -4 -12 -23 27 -5 26 -9 -1 -25 -27
right_child=2 7 10 8 5 15 17 25 14 -11 21 12 -14 -15 -16 -17 -18 -19 19 -21 -22 22 -24 28 -26 29 -28 -29 -30 -31
leaf_value=-0.047156312116055227 -0.033015857530582123 -0.011233632184345756 0.088355052313281224 -0.015325316491696507 0.009077029776853587 0.043139920860656912 0.022873767583076438 0.021601432708077004 -0.018205492893898386 0.060824900033187003 0.089164716377924433 0.051133282728819333 -0.015153129742194208 0.018506265645566292 -0.0018967120672324458 0.020589375604889354 -0.005055587425153437 -0.0068300323378573946 0.0057057680257481501 0.048683083937529022 0.051318047964192849 0.026240914846949071 0.077067129444361282 -0.046793433213651203 -0.031762970378505187 0.11003240992633645 0.058958526804615975 -0.038359224234680758 -0.027125026655882418 0.055332365287820498
leaf_weight=273.18287575989962 30.177662096917629 47.059070512652397 27.340111240744591 50.287326365709305 209.27448913455009 215.72177770733833 174.49510283768177 10.445485576987268 218.74170756340027 12.864153876900671 33.74550287425518 33.985162228345871 11.938675627112387 69.200858190655708 156.24177384376526 51.661306142807007 188.28511659801006 25.686700657010078 17.467703089118004 136.70848429203033 70.213320672512054 12.093306422233583 15.168902546167372 23.167143605649471 219.20738588273525 4.6654395759105665 19.667734891176224 214.20431770384312 108.22619795799255 4.3533050268888474
leaf_count=2526 257 364 145 420 1433 1289 1142 60 1772 77 155 218 80 454 1167 309 1381 171 96 737 382 69 79 203 1884 22 102 1982 945 21
internal_value=-0.000183798 -0.0223153 0.0263647 -0.0293928 0.0164283 0.0266626 0.00446127 0.0220962 -0.0186383 0.0120738 0.0552194 0.0142361 0.033901 0.00646831 -0.0114102 0.0387829 -0.00891792 0.0190623 0.0507445 0.0438139 0.061698 0.0736837 0.054521 -0.0405939 -0.0286957 0.0546726 0.0460003 -0.04329 -0.0305929 0.083629
internal_weight=2685.48 1464.57 1220.9 1263.26 908.166 489.522 418.645 201.316 644.478 222.139 312.737 162.184 45.9238 116.26 374.983 267.383 218.463 200.182 251.73 154.176 97.5534 61.0077 27.2622 618.781 269.495 39.132 30.1132 487.387 131.393 9.01874
internal_count=19942 12220 7722 10899 6059 3108 2951 1321 5243 1510 1663 1116 298 818 2939 1598 1638 1313 1360 833 527 303 148 5656 2304 205 162 4508 1148 43
is_linear=0
shrinkage=0.05


Tree=8
num_leaves=31
num_cat=0
split_feature=4 1 1 4 4 1 1 1 1 4 1 0 2 3 4 3 4 3 2 2 4 4 0 3 1 2 3 4 4 3
split_gain=571.533 155.858 124.912 66.5189 38.5281 29.0776 28.4803 25.8491 17.0655 15.304 12.0228 10.7586 9.70904 8.38893 15.8531 10.1509 8.21522 8.16138 7.07089 6.90393 10.0787 6.6418 9.03675 6.79006 6.106 6.03049 5.47685 4.95074 3.70857 3.39358
threshold=6.7055117703389113 0.001201536103688339 0.001201536103688339 11.546357334180341 3.914347754354544 -0.0014751519535024513 0.0027866388739650198 0.0022664383239642265 6.7487069239202682e-05 15.477642879812143 -0.00041106572231164312 33.280424481792956 0.017329643129958109 0.59963178144155471 14.675028749362065 0.64875256181774577 6.8754918515770642 0.36472578082089374 -0.0071520641777908503 0.0090485934929661633 3.4369212499141448 4.9489505305842814 32.402262241424545 0.80992032863631558 0.00052450804421644303 -0.003101091201991923 0.22103325212402236 5.9343906543374798 3.2937242758034686 0.23033466051885279
decision_type=2 2 2 2 2 2 2 2 2 2 2 2 2 2 2 2 2 2 2 2 2 2 2 2 2 2 2 2 2 2
left_child=2 3 4 8 24 9 12 21 18 -5 25 -7 16 14 -8 -15 -3 -10 -2 20 -9 22 -4 -23 28 -6 -21 -12 -1 -26
right_child=1 6 7 5 10 11 13 19 17 -11 27 -13 -14 15 -16 -17 -18 -19 -20 26 -22 23 -24 -25 29 -27 -28 -29 -30 -31
leaf_value=-0.044809667926353908 -0.040324442385038815 0.079948659773134215 0.077285895046432226 -0.011067920291010216 -0.01170618271835774 0.061198514911317184 0.090530655712531161 0.074413550081461999 0.068022602383126726 0.017344954645367991 -0.018180250659657018 0.030133086689765744 0.11080039023836663 0.0047331206432112702 0.0098508482823008569 0.052500062436303258 0.027469956997580525 0.0056775969894688368 -0.010610373415689468 0.035141795067747388 0.020044248367744984 -0.0038742280656496987 -0.01241319942297193 0.031942052041222524 -0.051080854946030679 -0.035538790878081074 0.10971600132708191 -0.0026128736424289815 -0.033897087465000184 -0.026285562071023838
leaf_weight=373.28393038362265 21.742405824363232 7.7051462680101386 2.9194887429475775 65.138343438506126 32.456404402852058 32.50519984960556 31.829549416899681 11.118186816573141 5.4439106881618491 173.96619814634323 235.67768537253141 195.4606856405735 3.6975837498903266 11.673847004771231 7.5288980752229682 235.35336144268513 232.02638857066631 146.82752655446529 252.90572565793991 4.2590135037899 36.5293939858675 26.422425538301468 73.438042484223843 26.509014904499054 16.015824630856514 145.68308784812689 5.8352354168891907 65.200557060539722 98.373756848275661 99.714040108025074
leaf_count=3571 174 48 22 493 275 198 159 64 38 1138 1937 1171 21 61 38 1211 1391 1015 1970 21 213 185 562 187 144 1284 29 493 937 892
internal_value=-0.000193903 0.0214818 -0.0248158 0.00874658 -0.031426 0.021786 0.0429707 0.0128741 -0.00551916 0.00960454 -0.0209019 0.0345626 0.0303968 0.0536585 0.0750974 0.0502427 0.0291567 0.00790652 -0.0129627 0.0406886 0.0327309 0.000451857 -0.0089836 0.0140632 -0.0400084 -0.0311966 0.0782513 -0.0148068 -0.0425336 -0.029717
internal_weight=2677.24 1423.8 1253.44 893.99 1066.41 467.07 529.815 187.031 426.92 239.105 479.018 227.966 243.429 286.386 39.3584 247.027 239.732 152.271 274.648 57.7418 47.6476 129.289 76.3575 52.9314 587.388 178.139 10.0942 300.878 471.658 115.73
internal_count=19942 9126 10816 6197 9533 3000 2929 1283 3197 1631 3989 1369 1460 1469 197 1272 1439 1053 2144 327 277 956 584 372 5544 1559 50 2430 4508 1036
is_linear=0
shrinkage=0.05


Tree=9
num_leaves=31
num_cat=0
split_feature=4 1 1 4 4 1 1 1 4 4 1 1 0 4 4 4 2 1 1 4 0 3 2 4 2 1 4 1 4 4
split_gain=518.807 135.667 116.424 63.4265 37.4508 26.048 23.02 22.6831 16.1244 13.6537 12.8604 11.4297 10.7259 8.1399 7.41582 7.15464 6.74828 6.70177 6.06016 5.97229 7.84314 5.95673 5.87909 8.47967 5.78001 5.64396 5.63485 4.87368 4.65938 4.60007
threshold=6.7055117703389113 0.001310784432391743 0.001201536103688339 9.9603988593294037 3.914347754354544 -0.00093604864810675748 0.0031917495148185986 0.0022664383239642265 14.458991171280177 17.815573809893902 -0.00076289921067151923 -0.00041106572231164312 60.697095395515838 11.000416033521704 30.697848730658169 27.069113783769247 0.0031850131809181286 0.0017408242119885122 0.00068102160950711543 4.9489505305842814 32.402262241424545 0.80992032863631558 0.0090485934929661633 3.4369212499141448 -0.003101091201991923 -0.00066799161456448919 6.8754918515770642 0.00080325902838429563 4.6973827712752074 5.9894282533443741
decision_type=2 2 2 2 2 2 2 2 2 2 2 2 2 2 2 2 2 2 2 2 2 2 2 2 2 2 2 2 2 2
left_child=2 3 4 10 18 8 15 19 -5 -7 16 24 13 -8 -14 26 -2 -17 -1 20 -4 -21 23 -9 -6 -12 -3 -20 -24 -13
right_child=1 6 7 5 11 9 12 22 -10 -11 25 29 14 -15 -16 17 -18 -19 27 21 -22 -23 28 -25 -26 -27 -28 -29 -30 -31
leaf_value=-0.041158664645262161 -0.025396343973097819 0.069424673095341879 0.069643502914506203 -0.0066914601644452003 -0.011218537351761197 0.023180405398980582 0.073190367304969889 0.067893334586823478 0.016969072385925547 0.048678689413562994 0.03528219808305115 -0.017312309967259826 0.063723499194280955 0.029346508601516032 0.036341221840651798 0.11982651387486308 0.012089275972852913 0.043749200219990729 -0.0062361090552754085 -0.0036900490439812947 -0.011896121533264329 0.029705381630403139 0.03514214194635841 0.018830253861538651 -0.034689055256693989 -0.0029768294668750667 0.027372172375378551 -0.034463733962559404 0.10230921754954153 -0.0017244749880883576
leaf_weight=499.12433721870184 111.76838213950396 8.2265704572200757 3.0736065581440917 106.46416997164488 32.181039616465569 179.71517503261566 12.616972699761389 11.564390659332274 222.48182047903538 74.168607085943222 10.125953540205954 238.66712839901447 137.67177750170231 65.772345215082169 30.139526426792145 4.007496088743209 13.451070122420786 10.42599645256996 22.398829489946365 26.35591784119606 72.814866483211517 27.064839243888855 4.7151821851730329 36.929583519697189 141.88661708682775 200.67116047441959 251.46272407472134 48.190736465156078 5.7072129994630814 59.037209466099739
leaf_count=4914 908 48 22 815 275 1132 63 64 1428 397 82 1982 662 341 157 21 109 56 196 185 562 187 23 213 1284 1455 1452 434 27 448
internal_value=-0.000202372 0.0201753 -0.024051 0.00862301 -0.0305913 0.0185976 0.0405755 0.0121381 0.00931128 0.0306294 -0.00867812 -0.0201721 0.0516728 0.0364033 0.0588055 0.0306087 -0.0213696 0.0648723 -0.0392193 0.000421926 -0.00859363 0.0132293 0.0378526 0.0305304 -0.0303499 -0.001139 0.0287043 -0.0255068 0.0719222 -0.0142211
internal_weight=2668.88 1439.17 1229.71 918.846 1041.49 582.83 520.323 188.226 328.946 253.884 336.017 471.772 246.201 78.3893 167.811 274.123 125.219 14.4335 569.714 129.309 75.8885 53.4208 58.9164 48.494 174.068 210.797 259.689 70.5896 10.4224 297.704
internal_count=19942 9126 10816 6326 9533 3772 2800 1283 2243 1529 2554 3989 1223 404 819 1577 1017 77 5544 956 584 372 327 277 1559 1537 1500 630 50 2430
is_linear=0
shrinkage=0.05


Tree=10
num_leaves=31
num_cat=0
split_feature=4 1 1 4 4 1 1 1 1 4 1 3 0 2 1 4 2 4 1 4 2 4 0 2 2 0 4 4 3 4
split_gain=471.245 118.829 108.475 52.9214 36.3657 22.9679 21.7283 19.9701 14.7908 12.6871 10.8541 10.5705 8.96291 7.7203 6.87559 10.6514 6.62898 6.60143 6.02971 5.85159 5.53457 5.37268 6.84693 5.44545 5.11753 5.70044 4.2696 3.88055 3.40326 1.62132
threshold=6.7055117703389113 0.001201536103688339 0.001201536103688339 11.546357334180341 3.914347754354544 -0.0014751519535024513 0.0027866388739650198 0.0022664383239642265 5.7271791242152765e-05 15.477642879812143 -0.00041106572231164312 0.36472578082089374 33.280424481792956 0.017329643129958109 0.0067333866282944807 22.792558354281784 -0.0071520641777908503 8.9898939877122697 0.00052450804421644303 30.697848730658169 -0.003101091201991923 4.9489505305842814 32.402262241424545 0.0023024825934390152 0.010403636357624759 72.80164153176554 5.9343906543374798 2.6752482304926439 0.23033466051885279 5.0933206441719641
decision_type=2 2 2 2 2 2 2 2 2 2 2 2 2 2 2 2 2 2 2 2 2 2 2 2 2 2 2 2 2 2
left_child=2 3 4 8 18 9 13 21 16 -5 20 -10 -7 17 15 -8 -2 -3 27 -16 -6 22 -4 -23 25 -9 -12 -1 -20 -26
right_child=1 6 7 5 10 12 14 24 11 -11 26 -13 -14 -15 19 -17 -18 -19 28 -21 -22 23 -24 -25 29 -27 -28 -29 -30 -31
leaf_value=-0.045216287873885305 -0.039177816469885739 0.012438139465832698 0.06317867272695038 -0.010587059450829212 -0.01074762314360711 0.053997446006510554 0.047931480072567242 0.040614872804980995 0.072396359220889814 0.01528436624137809 -0.016853467621821459 0.0046187378109071682 0.026293290276952527 0.095428221120658976 0.074280524926703909 0.021892084976929807 -0.0098772545541040424 0.030498309074098385 -0.050097040593888101 0.044119466490388587 -0.033847065139041649 -0.0022188257593493662 -0.011396872293465136 0.029674762701385922 0.048502316234138185 0.0047520672391426991 -0.0023337278604313489 -0.035785025193814692 -0.024508278695554102 0.091913133340947237
leaf_weight=246.66260720044374 20.933311313390732 70.879524722695351 3.2148282974958411 64.621505685150623 31.918376497924328 34.130747467279434 184.28303441405296 35.184242367744446 5.983595445752143 177.68322472274303 229.72898047417402 148.98718845844269 201.85338100790977 3.9912528097629538 35.874671623110771 49.907834395766258 247.92694470286369 176.83080054819584 15.040222406387327 29.146676883101463 138.23912448436022 29.090883687138557 72.219892129302025 24.786611802875996 4.1564954817295057 16.174243927001953 64.94314094632864 195.52092030644417 95.498515389859676 4.4574825167655945
leaf_count=2526 174 438 22 493 275 198 909 197 40 1138 1937 1025 1171 21 155 257 1958 1001 144 148 1284 203 562 169 20 90 493 1982 892 20
internal_value=-0.000208603 0.0189714 -0.0233014 0.00779758 -0.0297667 0.0191976 0.0372686 0.0114546 -0.0050672 0.00838458 -0.0194594 0.00723571 0.0303002 0.0264421 0.046376 0.0423823 -0.0121586 0.0253306 -0.038435 0.0607604 -0.029514 0.000394525 -0.00821866 0.012454 0.0353023 0.0293207 -0.0136534 -0.0410461 -0.02799 0.0709661
internal_weight=2659.87 1453.03 1206.84 902.12 1017.55 478.289 550.914 189.285 423.831 242.305 464.83 154.971 235.984 251.702 299.212 234.191 268.86 247.71 552.722 65.0213 170.158 129.312 75.4347 53.8775 59.9725 51.3585 294.672 442.184 110.539 8.61398
internal_count=19942 9126 10816 6197 9533 3000 2929 1283 3197 1631 3989 1065 1369 1460 1469 1166 2132 1439 5544 303 1559 956 584 372 327 287 2430 4508 1036 40
is_linear=0
shrinkage=0.05


Tree=11
num_leaves=31
num_cat=0
split_feature=4 1 1 4 4 1 1 1 3 0 1 4 4 1 4 0 0 1 4 2 4 2 0 2 2 4 2 3 1 4
split_gain=428.248 104.516 101.033 50.8212 35.3536 23.6505 17.62 16.2258 13.3373 11.578 10.1885 8.33794 8.25309 8.24478 7.46186 7.14986 7.13808 6.88853 6.50802 6.4745 6.08828 5.04694 6.85848 4.57009 4.56243 7.21727 4.55834 4.38771 3.19116 3.13224
threshold=6.7055117703389113 0.0020398885283253736 0.001201536103688339 10.068266326545126 3.4706361793305471 -0.0014751519535024513 0.0022664383239642265 -3.4054724697696319e-05 1.7266898351451203 64.565677166777917 0.0037694266192195296 30.697848730658169 34.702984735117845 -0.00041106572231164312 7.125523202976912 86.64796586954985 60.697095395515838 0.00052450804421644303 7.8649893469691854 -0.0071520641777908503 5.3517709309538679 0.0021099970282398854 76.356791789546293 0.00119601251746726 0.008342705806258734 3.4369212499141448 0.0044118790748204359 1.2158325639099423 0.0024618970351812934 4.6027130978910327
decision_type=2 2 2 2 2 2 2 2 2 2 2 2 2 2 2 2 2 2 2 2 2 2 2 2 2 2 2 2 2 2
left_child=2 3 4 7 17 8 21 19 -5 -7 14 16 -13 27 28 -9 -12 26 -16 -2 -15 23 -23 -4 25 -8 -1 -6 -3 -26
right_child=1 10 6 5 13 9 24 15 -10 -11 11 12 -14 20 18 -17 -18 -19 -20 -21 -22 22 -24 -25 29 -27 -28 -29 -30 -31
leaf_value=-0.043395963423891931 -0.049763004220999107 0.10717345649123744 -0.0010241661357831501 0.0013651061973916634 -0.025438178046562062 0.02988328348955582 0.059716970890145028 0.0042017095609888132 0.030112990725522617 0.008077188243091081 0.036157921076948728 -0.0044073155347817226 0.042371868760889622 -0.020449710340797993 -0.0044097856447749698 0.080089750961692838 0.059664186464369301 -0.026694883941872985 0.031947296494814467 -0.012621384075882326 -0.0064807768448555307 0.024829058870232949 -0.010951862962207418 -0.029828778027760173 0.027957042619370459 0.015314817352821928 -0.014779933201668606 -0.046495876874835279 0.047467040505335262 0.081120616119590011
leaf_weight=351.33156254887581 12.536865703761576 4.3125762343406659 53.545278407633305 223.05664887279272 162.50400214642286 319.12277306616306 12.155833557248114 189.33264163136482 49.254372835159302 75.219939485192299 45.690635293722153 13.482261300086973 31.359975174069405 231.15549658238888 13.170697495341299 3.1555074751377097 110.17017708718777 88.190615266561508 188.05722965300083 183.08601129055023 117.72974330931902 35.83470219373703 21.384811691939831 18.537475883960724 4.4647031277418119 37.032193496823311 14.490400560200213 29.179405249655247 4.6520083695650101 7.3014248609542847
leaf_count=3713 109 23 398 1562 1544 1864 64 1289 300 439 221 71 159 2067 76 20 499 845 982 1489 938 259 158 141 21 209 148 278 23 33
internal_value=-0.00021304 0.0178573 -0.0225663 0.0095237 -0.0289522 0.0178979 0.0108165 -0.00486053 0.00656489 0.0257238 0.0392496 0.047307 0.0283072 -0.020313 0.0315561 0.00544576 0.0527733 -0.0392385 0.0295677 -0.0150017 -0.015736 0.000369281 0.0114566 -0.00843183 0.0329783 0.0262879 -0.0422625 -0.0286437 0.0761899 0.0609475
internal_weight=2650.5 1465.66 1184.84 1054.76 994.581 666.654 190.256 388.111 272.311 394.343 410.896 200.703 44.8422 540.569 210.193 192.488 155.861 454.013 201.228 195.623 348.885 129.302 57.2195 72.0828 60.9542 49.188 365.822 191.683 8.96458 11.7661
internal_count=19942 9126 10816 7072 9533 4165 1283 2907 1862 2303 2054 950 230 4827 1104 1309 720 4706 1058 1598 3005 956 417 539 327 273 3861 1822 46 54
is_linear=0
shrinkage=0.05


Tree=12
num_leaves=29
num_cat=0
split_feature=4 1 1 4 4 1 4 1 1 4 1 1 2 3 3 0 0 3 3 2 3 2 0 3 2 3 2 0
split_gain=390.753 106.469 84.7159 56.1436 30.465 19.2855 18.9045 17.5939 14.3366 13.0436 11.1125 10.3311 7.232 7.10162 6.60664 6.57238 6.06766 6.33695 5.7751 5.42894 5.48112 5.29119 4.97809 4.18578 4.12014 3.86704 3.82618 3.49953
threshold=6.1564596054469298 0.001310784432391743 0.001695755114964115 9.9603988593294037 3.5519113832477438 -0.0030774961874295288 24.000496980527544 0.0027866388739650198 0.0006454333785558265 17.216536845394838 5.7271791242152765e-05 0.00068102160950711543 0.0074520980142283042 1.6953500338434071 0.1759408582919488 74.067873026324435 76.742858080483771 0.59963178144155471 0.61864867237506194 0.017329643129958109 0.77632163069820448 0.006690181060928225 44.11087271387921 0.22103325212402236 0.0022478281658483428 0.2132076120811153 -0.003101091201991923 75.24519815199406
decision_type=2 2 2 2 2 2 2 2 2 2 2 2 2 2 2 2 2 2 2 2 2 2 2 2 2 2 2 2
left_child=2 3 4 10 11 6 -5 19 26 -7 13 24 14 -2 -4 -14 17 -9 -10 20 -3 -18 -12 -16 -1 -17 -6 -13
right_child=1 7 12 5 8 9 -8 16 18 -11 22 27 15 -15 23 25 21 -19 -20 -21 -22 -23 -24 -25 -26 -27 -28 -29
leaf_value=-0.042375350496874957 -0.017337848406857537 0.009836474426580602 0.064772309098039257 -0.014484274428176114 -0.010577945532046433 0.014549617789958098 0.020997480971658631 0.056676177649270909 -0.019308537665559431 0.032462298102350969 0.017202286518020304 -0.015999981547429969 0.096964230466312015 0.020209762430168688 -0.0358465177747396 -0.0095044829677599276 0.080900309239623436 0.033036257803981388 0.0029445139565090045 0.07815524132731573 0.026603151189736919 0.046767808300779139 -0.00324266060094415 0.013657334395032188 -0.027323526639694468 0.052243554087582758 -0.026348112576134359 -0.043231306293711393
leaf_weight=345.3928434252739 228.87104171514511 66.423631548881531 6.0996999740600577 89.756345994770527 43.795109272003174 288.0385010316968 64.52886788547039 33.215314641594887 45.090225264430046 157.03640761971474 38.66953344643116 66.760017439723015 5.305711135268214 13.326355576515196 4.5444420576095572 4.0650065094232541 13.418641135096548 193.46832673251629 82.50073367357254 4.4019105136394492 183.12508410215378 73.801798537373543 129.42134083807468 70.735637426376343 52.356456942856312 6.7390047460794449 315.85189170390368 14.330675922334192
leaf_count=3766 1918 384 34 657 393 1849 403 154 378 863 273 612 26 108 24 20 64 938 684 22 1030 335 911 438 550 33 2944 131
internal_value=-0.000216152 0.0155755 -0.0236387 0.00583394 -0.0281214 0.0155891 0.000355758 0.0328961 -0.0193192 0.0208698 -0.0084167 -0.0370779 0.0207832 -0.0152719 0.0147242 0.0513912 0.0408122 0.0365001 -0.00491964 0.0231112 0.0221403 0.052019 0.00146073 0.0106689 -0.0403941 0.0290109 -0.0244277 -0.0208124
internal_weight=2641.07 1577.5 1063.57 1009.65 966.078 599.36 154.285 567.855 487.238 445.075 410.288 478.84 97.4895 242.197 81.3798 16.1097 313.904 226.684 127.591 253.951 249.549 87.2204 168.091 75.2801 397.749 10.804 359.647 81.0907
internal_count=19942 9909 10033 6982 9458 3772 1060 2927 4399 2712 3210 5059 575 2026 496 79 1491 1092 1062 1436 1414 399 1184 462 4316 53 3337 743
is_linear=0
shrinkage=0.05


Tree=13
num_leaves=31
num_cat=0
split_feature=4 1 1 4 1 1 1 4 4 1 4 4 2 1 4 4 0 0 1 0 4 2 2 3 3 2 0 2 4 1
split_gain=356.513 104.86 67.8747 54.9007 19.3766 17.9967 15.6951 16.9971 15.0923 13.0579 12.8283 9.91777 7.4508 6.44236 8.55649 5.99645 7.62935 5.97477 5.23865 5.22061 5.05079 4.73053 4.54745 4.03423 3.53839 3.52088 3.1735 3.00524 2.78688 2.74076
threshold=5.586424652810364 0.001201536103688339 0.00068102160950711543 9.9603988593294037 0.0027866388739650198 0.001695755114964115 -0.0030774961874295288 24.000496980527544 3.4706361793305471 -3.4054724697696319e-05 14.675028749362065 4.5648800337078823 0.0038157090525953179 0.0067333866282944807 22.792558354281784 8.9898939877122697 87.825219732613093 60.445032488113291 0.0033330098892452313 14.61117897153254 30.697848730658169 0.00033041756030982588 0.0020231198024170953 0.36472578082089374 1.551200092349829 0.0029579331589151274 69.622723103227074 -0.0089827417031623207 2.2495818594955126 0.00093906838944735071
decision_type=2 2 2 2 2 2 2 2 2 2 2 2 2 2 2 2 2 2 2 2 2 2 2 2 2 2 2 2 2 2
left_child=2 3 8 9 15 11 7 -5 22 19 -8 29 -13 14 -6 16 -3 -17 21 -2 -15 -7 27 -11 25 -10 -20 -1 -24 -4
right_child=1 4 5 6 13 18 10 -9 24 23 -12 12 -14 20 -16 17 -18 -19 26 -21 -22 -23 28 -25 -26 -27 -28 -29 -30 -31
leaf_value=0.018291091508625075 0.023683244706736016 0.0091001796194714376 -0.0098417348659219916 -0.013896910666607776 0.039106196228822103 -0.010841228077872344 0.010137641952810916 0.019694366539913844 -0.021984690153743335 0.029130278892036277 0.027254011886788235 0.00091868865274712802 0.063927184649931801 0.06375073500074048 0.016383611333162264 0.034729760133360807 0.07467838106936886 0.016892775057494445 0.069489604083089712 -0.017313829077756245 0.036523184210389241 0.019221426763566526 -0.013864720909358497 -0.0010628882911694387 -0.052465728923298975 -0.039119658366158092 0.021674862063875127 -0.0426728928252375 -0.036565760878010521 -0.024575037483085548
leaf_weight=2.0344659462571135 8.0051658451557142 112.23263349384069 51.91915213316679 88.894928738474846 203.46601973474026 18.149095878005028 214.32485026866198 65.337074562907219 260.20965153723955 11.728231027722357 223.74856300652027 39.726277612149715 5.3201925978064528 38.464571923017502 52.02373693883419 97.205417141318321 4.6176297813653937 90.805104985833168 6.6794566065072996 259.09935913980007 30.569008082151413 46.903146862983704 23.868655063211918 195.12625221908092 11.30384314060211 33.883283160626888 7.2225885391235352 317.00720646232367 31.181550666689873 80.518035814166069
leaf_count=23 71 697 482 657 954 112 1402 403 2502 84 1243 329 44 160 257 523 26 496 32 2242 148 286 258 1415 107 323 33 3580 335 718
internal_value=-0.000218311 0.0134543 -0.0249895 0.00390151 0.0296382 -0.00307138 0.0140505 0.000333312 -0.0332613 -0.0087817 0.0188799 -0.0119059 0.00836028 0.0381413 0.0344793 0.0205866 0.0116917 0.0261149 0.016788 -0.0160851 0.051694 0.0108342 -0.0399942 0.000649003 -0.025014 -0.0239589 0.0446482 -0.0422841 -0.026723 -0.0187992
internal_weight=2631.58 1695.65 935.927 1066.26 629.384 256.438 592.305 154.232 679.489 473.959 438.073 177.484 45.0465 324.523 255.49 304.861 116.85 188.011 78.9543 267.105 69.0336 65.0522 374.092 206.854 305.397 294.093 13.902 319.042 55.0502 132.437
internal_count=19942 10778 9164 7517 3261 2036 3705 1060 7128 3812 2645 1573 373 1519 1211 1742 723 1019 463 2313 308 398 4196 1499 2932 2825 65 3603 593 1200
is_linear=0
shrinkage=0.05


Tree=14
num_leaves=31
num_cat=0
split_feature=4 1 1 4 1 1 4 0 4 1 4 2 1 4 4 1 3 2 4 2 3 2 3 4 3 2 1 3 2 4
split_gain=325.69 92.8349 64.2918 49.319 17.1493 16.2569 14.8333 14.5936 12.7644 12.0369 9.10036 6.36755 5.74649 7.48024 5.64812 5.38876 4.89771 5.63132 4.55951 4.52231 4.35114 4.29667 4.00183 3.89926 3.45815 3.39735 2.5757 2.4354 1.80064 0.455305
threshold=5.586424652810364 0.001201536103688339 0.00068102160950711543 9.9603988593294037 0.0027866388739650198 0.001695755114964115 3.4706361793305471 22.952753556947417 59.628429505301739 5.7271791242152765e-05 4.5648800337078823 0.0038157090525953179 0.0067333866282944807 22.792558354281784 30.697848730658169 -0.0024691325741387211 1.0088184770037534 0.00033041756030982588 30.697848730658169 0.0044118790748204359 0.36472578082089374 -0.0074742516813411921 0.15327300047538248 8.9898939877122697 1.551200092349829 0.0029579331589151274 0.00093906838944735071 1.0088184770037534 0.0023024825934390152 4.0639666491803421
decision_type=2 2 2 2 2 2 2 2 2 2 2 2 2 2 2 2 2 2 2 2 2 2 2 2 2 2 2 2 2 2
left_child=2 3 6 9 14 10 19 21 -9 15 26 -12 13 -6 23 -2 17 -7 -14 27 -11 -5 -21 -3 25 -8 -4 -1 -16 -26
right_child=1 4 5 7 12 16 24 8 -10 20 11 -13 18 -15 28 -17 -18 -19 -20 22 -22 -23 -24 -25 29 -27 -28 -29 -30 -31
leaf_value=-0.038986409141198039 -0.03462804280818018 0.011029602814798216 -0.0094211801672317488 -0.0017005548395602897 0.036609366925516799 -0.0029993589989403416 -0.021248659801658153 0.014921855352201932 0.079050698135593275 0.03122257282792576 0.00087216674918939472 0.057968461968114976 0.059887442816898673 0.015453484261233115 0.036203870514845415 -0.01254497307249678 -0.027895806935030961 0.027894391008664029 0.034184435728168157 -0.046554401600216067 -0.00061419661078475265 -0.031343434330570817 0.0071881600858904847 0.022727268434858439 -0.029687820368977214 -0.038320993313709605 -0.02378763974715474 -0.052556673619408301 0.079032527790255269 -0.056645086008492843
leaf_weight=310.26050063222647 31.069820672273636 117.62854930758476 51.534986175596714 43.165427580475807 206.39697329699993 20.402817502617836 255.87421702593565 528.64404410123825 7.8751097768545142 11.415613055229185 39.752466075122356 5.5669383555650702 38.887038663029671 52.38757760822773 5.1484910249710065 249.19682853668928 5.9306601732969275 53.245080918073654 31.015414208173752 5.4443763419985762 179.24347129464149 17.054276205599308 9.5221162214875203 180.64478175342083 1.8981096073985089 32.885532468557358 79.061787620186806 37.005832552909851 4.6894606649875641 8.9618567526340467
leaf_count=3605 286 723 482 289 954 123 2502 3252 42 80 329 44 160 257 25 2149 39 301 148 59 1297 122 102 971 20 323 718 430 23 87
internal_value=-0.000219453 0.0127089 -0.0242409 0.00369706 0.0278184 -0.00293639 -0.032465 0.0132435 0.0158631 -0.00839988 -0.0114193 0.00788575 0.0357627 0.0323266 0.0193436 -0.0149931 0.0158159 0.0193358 0.0484831 -0.0392727 0.00129201 -0.0100954 -0.0123618 0.0181141 -0.0242347 -0.023193 -0.0181185 -0.0404325 0.056619 -0.0519335
internal_weight=2621.81 1704.46 917.347 1067.66 636.798 255.495 661.853 596.739 536.519 470.926 175.916 45.3194 328.687 258.785 308.111 280.267 79.5786 73.6479 69.9025 362.233 190.659 60.2197 14.9665 298.273 299.62 288.76 130.597 347.266 9.83795 10.86
internal_count=19942 10778 9164 7517 3261 2036 7128 3705 3294 3812 1573 373 1519 1211 1742 2435 463 424 308 4196 1377 411 161 1694 2932 2825 1200 4035 48 107
is_linear=0
shrinkage=0.05


Tree=15
num_leaves=31
num_cat=0
split_feature=4 1 1 4 1 1 0 1 4 0 4 2 4 0 1 2 1 2 1 2 2 3 0 2 2 0 0 4 4 1
split_gain=297.534 82.3667 60.8466 46.4369 21.3175 17.3957 15.1627 14.6854 14.5594 12.4421 9.50855 8.66548 8.34725 6.34745 6.70754 6.28599 8.00764 7.81989 5.77907 5.47417 4.53765 5.78496 5.42488 4.52887 3.38066 8.1218 4.00436 3.15241 3.04397 2.86871
threshold=5.586424652810364 0.0020398885283253736 0.00068102160950711543 11.107935603370539 -3.4054724697696319e-05 -0.00093604864810675748 64.565677166777917 0.001695755114964115 3.4706361793305471 87.825219732613093 14.458991171280177 0.0045282862548242661 4.5648800337078823 59.50394248915574 0.0021403272713452774 -0.00099863119882787044 0.0027866388739650198 -0.0014847995674854839 -0.0037042033608062348 0.0038157090525953179 0.0068914674362758896 0.1759408582919488 74.067873026324435 0.0020231198024170953 -0.00075638005536260422 29.440277017099188 59.50394248915574 2.485059891021367 14.458991171280177 3.3455907804791358e-05
decision_type=2 2 2 2 2 2 2 2 2 2 2 2 2 2 2 2 2 2 2 2 2 2 2 2 2 2 2 2 2 2
left_child=2 3 8 4 18 10 -7 12 23 -6 -5 15 -4 28 -15 17 -17 -3 -2 -14 21 -9 -22 27 25 -10 -26 -1 -13 -25
right_child=1 11 7 5 9 6 -8 20 24 -11 -12 13 19 14 -16 16 -18 -19 -20 -21 22 -23 -24 29 26 -27 -28 -29 -30 -31
leaf_value=-0.045259421219742385 -0.045425781611573082 0.03015308580966157 -0.017454862719669017 -0.0085409026570868254 0.003642829978026064 0.029736395331230521 0.0016983728576118299 0.05630145512840317 -0.035338097748624335 0.086066567606910019 0.01199282135784922 0.035263706623757697 0.00082802478589928674 0.092923024522763631 0.037587448704662012 0.0039265146759061478 0.026620830587002771 0.083653251901448136 -0.011904677584601049 0.052842347471775034 0.087393201358290581 0.0049244127415660061 0.01948462703836569 -0.035239191357631698 -0.034134403327727089 -0.0067421556316542 -0.019262582874453787 -0.034825313720799236 -0.018114201826797977 -0.011665840594660885
leaf_weight=174.70794378221035 13.438985943794249 56.554042875766754 128.8363113924861 74.311330147087574 334.91764064878225 235.90055581927299 60.60816478729248 6.0225424468517295 37.78133550286293 4.6420354992151251 233.63736908137798 4.1688686460256559 39.777336709201336 5.6231203675270072 209.86702021956444 61.744542181491852 104.91794021427631 7.7683580666780463 297.2358251735568 5.7953799068927756 4.3409096151590338 60.70914913713932 9.1186905950307828 29.762373730540276 103.31677597761154 72.436781287193298 80.553850665688515 123.60312805324793 7.4331165850162506 22.786672703921795
leaf_count=2119 131 279 1200 559 2290 1271 334 32 374 27 1428 20 329 30 960 335 489 38 2551 44 21 366 44 339 1037 723 798 1484 36 254
internal_value=-0.000219443 0.0120095 -0.0235037 0.00538431 -0.00388998 0.015361 0.0240053 -0.00280662 -0.0316741 0.00476962 0.00703781 0.0301561 -0.0109492 0.0370918 0.0390314 0.0233373 0.0182131 0.0366144 -0.0133547 0.00744257 0.0149028 0.0095612 0.0413861 -0.0385519 -0.0234685 -0.0165445 -0.027619 -0.0409361 0.00106575 -0.0250172
internal_weight=2612.32 1712.77 899.549 1254.69 650.234 604.457 296.509 254.6 644.949 339.56 307.949 458.077 174.409 227.092 215.49 230.985 166.662 64.3224 310.675 45.5727 80.1913 66.7317 13.4596 350.86 294.089 110.218 183.871 298.311 11.602 52.549
internal_count=19942 10778 9164 8591 4999 3592 1605 2036 7128 2317 1987 2187 1573 1046 990 1141 824 317 2682 373 463 398 65 4196 2932 1097 1835 3603 56 593
is_linear=0
shrinkage=0.05


Tree=16
num_leaves=31
num_cat=0
split_feature=4 1 1 4 1 1 1 4 4 4 1 4 2 4 0 3 0 4 2 2 0 3 1 4 4 2 3 3 3 2
split_gain=271.82 73.7618 57.5497 40.5367 13.9739 13.6655 13.1595 14.7071 13.1046 11.2608 10.0753 9.07758 11.3999 6.16981 7.04501 6.66862 5.34628 4.9151 4.70713 4.6367 4.17888 4.09079 4.05577 3.89169 6.62737 6.3979 3.8033 3.50938 2.51315 2.1656
threshold=5.586424652810364 0.001201536103688339 0.0006454333785558265 9.9603988593294037 0.0021927259347926946 0.0037694266192195296 -0.0033690907719910452 24.000496980527544 3.4706361793305471 17.815573809893902 5.7271791242152765e-05 5.0016097590664605 0.0038157090525953179 30.697848730658169 81.750118449010174 1.4397269281387868 8.6272809523943526 34.702984735117845 0.020219425115825088 0.0044118790748204359 75.580321366562586 0.15327300047538248 0.00049517528961229307 3.4369212499141448 2.7067038186558592 0.008342705806258734 0.36472578082089374 1.551200092349829 1.0088184770037534 0.00013790660281176595
decision_type=2 2 2 2 2 2 2 2 2 2 2 2 2 2 2 2 2 2 2 2 2 2 2 2 2 2 2 2 2 2
left_child=2 3 8 10 11 17 7 -5 19 -8 16 20 -13 15 -15 -7 -2 18 -3 28 -4 -21 27 24 -6 -25 -12 -10 -1 -24
right_child=1 5 4 6 23 13 9 -9 22 -11 26 12 -14 14 -16 -17 -18 -19 -20 21 -22 -23 29 25 -26 -27 -28 -29 -30 -31
leaf_value=-0.037539670625236762 0.067477532183859351 0.018227426190195361 -0.0095972518857939809 -0.016507580480191478 0.010862296511039822 0.034276397499064915 0.010398128575810722 0.015932153004241736 -0.020237101563991715 0.026936012784071092 0.028650942309500122 0.0028263234221574309 0.083760593166210692 0.0097140794433739353 0.058739053197350594 0.058795165791457632 -0.014525671190525197 0.058180068065045887 0.072125502057380081 -0.045593793702701772 -0.029858123986182917 0.010227399021402973 -0.022670391698652825 -7.8534276590057909e-05 0.077430060313726845 0.053297215969500746 -0.00078190494334689261 -0.050871475643863587 -0.051880312095273023 -0.053566447476050688
leaf_weight=285.87322950363159 2.002196602523326 419.0848136022687 152.81050911545753 75.870549976825714 7.9145523160696012 135.66523937880993 309.93315716087818 64.763201668858528 249.81293427944183 154.11426275968552 11.690038792788981 27.446868680417538 5.1704990714788428 38.812962636351585 9.0335987806320173 34.857137113809586 272.71063476055861 8.0532112717628461 4.0904206633567801 5.1337741166353217 30.535263374447823 9.0994705930352193 8.8056999221444148 25.704659193754196 7.0870173424482346 7.1830929666757575 179.6444773748517 9.7121724858880025 34.20621333271265 15.935923047363756
leaf_count=3548 18 2233 1369 563 39 590 1941 389 2548 812 80 215 35 191 39 151 2417 38 19 59 273 99 85 143 35 32 1297 102 428 154
internal_value=-0.00021936 0.0113532 -0.0227804 0.00328897 -0.00322942 0.0246454 0.0118299 -0.00156877 -0.0311198 0.0158905 -0.00779263 -0.00864791 0.015656 0.0348365 0.0189702 0.0392884 -0.013928 0.0194848 0.0187484 -0.0378305 -0.0129716 -0.00990669 -0.0232276 0.0212059 0.0423101 0.0115794 0.00101637 -0.0213835 -0.0390722 -0.0425703
internal_weight=2602.76 1720.33 882.432 1070.73 263.852 649.597 604.681 140.634 618.579 464.047 466.047 215.963 32.6174 218.369 47.8466 170.522 274.713 431.228 423.175 334.313 183.346 14.2332 284.267 47.8893 15.0016 32.8878 191.335 259.525 320.079 24.7416
internal_count=19942 10778 9164 7517 2141 3261 3705 952 7023 2753 3812 1892 250 971 230 741 2435 2290 2252 4134 1642 158 2889 249 74 175 1377 2650 3976 239
is_linear=0
shrinkage=0.05


Tree=17
num_leaves=31
num_cat=0
split_feature=4 1 1 4 1 1 4 1 4 4 0 2 0 1 3 1 0 4 2 3 2 1 3 3 3 3 3 3 1 2
split_gain=248.34 65.7086 54.38 38.0764 17.0605 14.5088 12.8405 12.8381 9.1655 8.78396 8.69033 7.73996 7.67285 6.08808 5.79799 5.35363 8.22235 4.89228 4.50155 4.13563 4.64517 3.92022 3.83607 3.41591 3.415 7.45883 2.87015 2.53053 2.5194 2.14668
threshold=5.586424652810364 0.0020398885283253736 0.0006454333785558265 10.418278364291837 -3.4054724697696319e-05 -0.00082327333049442275 3.4706361793305471 0.001695755114964115 14.458991171280177 5.0016097590664605 64.565677166777917 0.012101151141806101 87.825219732613093 -0.0037042033608062348 1.0774708190299831 0.0067333866282944807 86.64796586954985 49.608894188768083 0.0044118790748204359 1.0088184770037534 0.00033041756030982588 0.00049517528961229307 0.15327300047538248 1.551200092349829 0.87620181521214946 1.0255392502021086 1.402671809405927 1.0088184770037534 0.0044450411893166572 0.00013790660281176595
decision_type=2 2 2 2 2 2 2 2 2 2 2 2 2 2 2 2 2 2 2 2 2 2 2 2 2 2 2 2 2 2
left_child=2 3 6 4 13 8 18 9 -5 26 -7 15 -6 -2 -11 16 -3 -17 27 20 -9 23 -20 -8 28 -26 -4 -1 -13 -23
right_child=1 11 7 5 12 10 21 19 -10 14 -12 24 -14 -15 -16 17 -18 -19 22 -21 -22 29 -24 -25 25 -27 -28 -29 -30 -31
leaf_value=-0.036815510419928886 -0.051260707081767214 0.020703021575834389 -0.013786120471212696 -0.0069355151937694239 0.002650220742846033 0.024617538608229711 -0.019539011960759498 -0.0036588682868564852 0.011022353254689664 0.034053305377655468 0.0043954924728249667 0.04244573155924173 0.072709436691059989 -0.012048977999122839 -0.016874743632975624 0.045058062936584167 0.06305851717506461 -0.0038381936093033527 -0.044989186214578439 -0.027078877690969783 0.024241752108250567 -0.02192361823071955 0.00963537562014289 -0.050362263323172646 -0.023240657810735168 0.043171428428188163 -0.057502557405983569 -0.051509030487770974 0.070210447542438575 -0.053085383264726886
leaf_weight=277.14490716904402 10.28060759603977 343.98925566673279 152.88444251567125 100.37480255961418 308.73091446608305 260.27198429405689 245.90276277065277 20.524025648832321 243.23722025752068 16.692563094198707 66.754746094346046 19.469096019864082 3.9582106918096533 266.63750226795673 8.4013449624180776 44.890190422534943 11.853029638528822 5.7735961675643912 4.9473725631833068 5.8344155550003043 54.617379456758499 8.6542837247252482 9.1736708506941778 9.329560808837412 5.2565935403108623 21.602371901273727 3.8490473404526702 32.7665860876441 14.07905340194702 15.292620092630385
leaf_count=3548 106 1648 1443 754 2127 1387 2548 123 1462 133 368 89 22 2365 68 192 54 27 59 39 301 85 99 102 23 95 34 428 59 154
internal_value=-0.00021825 0.0107383 -0.0220697 0.00480214 -0.00446687 0.0129512 -0.0303398 -0.00308752 0.00577656 -0.0104624 0.0204897 0.0267606 0.00353707 -0.0135047 0.0170028 0.024279 0.0221139 0.0394859 -0.0371111 0.0134724 0.016621 -0.0224806 -0.00950259 -0.0206657 0.0434604 0.0301739 -0.0148597 -0.038369 0.0540977 -0.0418237
internal_weight=2593.17 1727.16 866.015 1260.25 589.607 670.639 603.212 262.803 343.612 181.827 327.027 466.913 312.689 276.918 25.0939 406.506 355.842 50.6638 324.033 80.9758 75.1414 279.179 14.121 255.232 60.4071 26.859 156.733 309.911 33.5481 23.9469
internal_count=19942 10778 9164 8591 4620 3971 7023 2141 2216 1678 1755 2187 2149 2471 201 1921 1702 219 4134 463 424 2889 158 2650 266 118 1477 3976 148 239
is_linear=0
shrinkage=0.05


Tree=18
num_leaves=31
num_cat=0
split_feature=4 1 1 4 4 1 0 4 1 4 3 1 0 4 4 3 2 2 3 0 2 0 2 2 2 3 0 0 0 1
split_gain=226.952 59.441 52.1014 30.1479 16.7239 16.4744 12.3606 10.2869 9.52127 6.70009 7.93845 6.39286 6.70872 5.58436 6.76369 5.79123 4.36915 4.21448 5.08603 4.77283 3.77955 8.63652 3.7527 3.6698 3.46357 3.18666 3.06923 11.2476 7.06243 3.0065
threshold=6.1564596054469298 0.0006454333785558265 0.001310784432391743 9.9603988593294037 3.4706361793305471 0.001695755114964115 22.952753556947417 59.628429505301739 0.0037694266192195296 3.8518460831955159 1.2227728529908057 -0.00090713936392139416 8.6272809523943526 30.697848730658169 34.702984735117845 1.4397269281387868 0.0020231198024170953 0.0074520980142283042 0.1759408582919488 74.067873026324435 0.0028389330388953753 72.274565633791028 -0.0074742516813411921 -0.0010338773989617132 -0.0089827417031623207 0.22103325212402236 66.944019681791943 69.622723103227074 65.707500656124935 3.3455907804791358e-05
decision_type=2 2 2 2 2 2 2 2 2 2 2 2 2 2 2 2 2 2 2 2 2 2 2 2 2 2 2 2 2 2
left_child=1 4 3 11 16 9 22 -8 26 25 -11 12 -2 15 -15 -10 24 18 -7 -19 21 -6 -5 -13 -1 -3 28 -28 -4 -18
right_child=2 5 8 6 20 17 7 -9 13 10 -12 23 -14 14 -16 -17 29 19 -20 -21 -22 -23 -24 -25 -26 -27 27 -29 -30 -31
leaf_value=0.031409967291077978 0.078864475221957719 -0.041681967485471122 0.019619022288504203 -0.0026751501885537228 -0.01979912549536943 0.052715235937366184 0.012593530504223398 0.068515231273300559 0.030655249875854169 0.0052430430035536497 -0.029219681772184199 0.006568552700573202 -0.017582046678350109 -0.012379437458965685 0.028350910951185998 0.053349719221918605 -0.033143807080994965 0.074428928897706456 0.0068705376975739287 0.018812826433106309 -0.034817675331239889 0.033608787939187 -0.030547515834185981 -0.0060450862019939483 -0.039343592873881242 -0.015540971237829635 -0.019363437833928014 0.018472291203402338 0.060394130616413681 -0.0076754624605763003
leaf_weight=1.7410560250282276 1.8308842927217472 13.594406947493551 231.6987993568182 43.594851300120354 288.1262945830822 6.5582088381052008 555.76029304414988 8.3471606075763685 134.44539564847946 89.775049693882465 20.531599320471287 81.875840343534946 118.57929488271475 14.530122742056845 34.144503623247147 35.541969478130341 27.542729139328003 5.8130920529365566 78.037931144237518 11.467338234186171 39.744950339198112 7.7737315148115149 16.703447677195072 194.99371197074652 264.89556446671486 81.853822134435177 23.504495427012444 119.54204769432545 11.129603669047354 20.003760538995266
leaf_count=22 16 137 1186 289 2965 34 3319 42 576 750 169 631 1090 71 159 151 339 26 462 53 412 78 122 1473 3536 813 123 605 56 237
internal_value=-0.000216453 -0.0195293 0.0111543 0.00427 -0.0281011 -0.00142276 0.011121 0.013421 0.0227889 -0.00956459 -0.00117157 -0.00649775 -0.0161155 0.0311246 0.0161923 0.0354003 -0.0363917 0.0150209 0.0104246 0.0375219 -0.0203406 -0.018396 -0.0103962 -0.00231498 -0.0388816 -0.0192642 0.0180653 0.0122554 0.0214879 -0.0224288
internal_weight=2583.68 957.46 1626.22 1021.69 649.828 307.631 624.406 564.107 604.537 205.755 110.307 397.28 120.41 218.662 48.6746 169.987 314.183 101.877 84.5961 17.2804 335.645 295.9 60.2983 276.87 266.637 95.4482 385.875 143.047 242.828 47.5465
internal_count=19942 10033 9909 6982 7589 2444 3772 3361 2927 1869 919 3210 1106 957 230 727 4134 575 496 79 3455 3043 411 2104 3558 950 1970 728 1242 576
is_linear=0
shrinkage=0.05


Tree=19
num_leaves=31
num_cat=0
split_feature=4 1 4 1 1 1 4 1 1 4 0 4 3 3 3 2 4 3 3 2 3 0 0 1 0 4 0 3 3 4
split_gain=208.336 62.4001 38.1474 34.0624 12.8511 11.6575 10.5239 10.1031 9.02118 8.2685 6.64167 6.41944 6.38366 5.9623 12.45 6.73744 5.2773 5.16908 5.06216 4.42345 4.40528 3.84274 14.5503 3.91304 3.82854 3.52809 3.31621 6.2496 4.22051 3.14205
threshold=5.0016097590664605 0.0011793320534306819 11.546357334180341 0.00068102160950711543 -0.00093604864810675748 0.0052663383483173573 3.4706361793305471 0.001695755114964115 5.7271791242152765e-05 14.458991171280177 87.825219732613093 17.815573809893902 0.45725555367584364 0.65800433554823445 0.55792253110921297 0.0018478526145970788 11.107935603370539 0.65351906013004635 0.68859177660692161 0.0020231198024170953 0.36472578082089374 29.440277017099188 32.131833124933557 -0.00039448524152457804 50.652508516410698 2.485059891021367 62.548105649203755 1.0424426724540095 1.2085265637603999 2.2495818594955126
decision_type=2 2 2 2 2 2 2 2 2 2 2 2 2 2 2 2 2 2 2 2 2 2 2 2 2 2 2 2 2 2
left_child=3 2 8 6 9 10 19 26 12 -4 18 -6 -2 14 -9 -15 -7 -12 -3 25 -10 23 -23 -8 -18 -1 27 -5 -28 -21
right_child=1 5 4 7 11 16 21 13 20 -11 17 -13 -14 15 -16 -17 24 -19 -20 29 -22 22 -24 -25 -26 -27 28 -29 -30 -31
leaf_value=-0.043151946073453254 -0.031673316938887891 0.0079531628283219993 -0.010759078598875295 -0.010617644770585103 0.014313776501827302 0.066298572160743904 -0.052798606571858454 0.010867581853287218 0.02720907781468785 0.0094372371122014055 0.075139043103114478 0.032388751686565236 -0.009407175858356898 0.023803977433046679 0.097045230422370482 -0.04596335576795646 9.8342920681020491e-05 0.02547301115450919 0.019076469381440152 -0.0072248691669861646 -0.00098025899818018404 0.049217332864057418 -0.021456745232047506 -0.012372696403878889 0.033683865509132847 -0.031377851004750434 -0.01699523157301774 0.039879514262278128 -0.056901900835085284 -0.032966855122263376
leaf_weight=153.0661027058959 35.471316777169704 135.59472748637199 64.271529793739319 72.517704077064991 126.72102981805801 11.646334707736967 17.344430230557922 44.581029236316681 14.696461074054239 239.6177331507206 8.4001331627368945 80.218996822834015 347.96424483507872 5.8229001164436331 4.625919669866561 8.5291357785463315 9.2331574261188489 13.920453071594237 416.35790429264307 20.961302511394024 243.32626252621412 7.608354613184928 170.14076590538025 9.1406238377094251 104.76619899272919 108.8840012177825 57.691967219114304 6.692615494132041 7.4850123003125182 27.283682383596897
leaf_count=2119 337 710 482 695 699 48 191 242 102 1428 37 381 3115 38 27 53 42 65 2126 258 1783 81 1836 95 450 1484 551 61 71 335
internal_value=-0.00021437 0.00866813 0.00151557 -0.0229895 0.0117101 0.0204435 -0.0298926 -0.00591247 -0.00660292 0.00516579 0.0174252 0.0213204 -0.011467 0.0106986 0.0189691 -0.0176574 0.0342389 0.0441643 0.0163439 -0.0356954 0.00062535 -0.021079 -0.0184316 -0.0388467 0.0309637 -0.0382578 -0.0132246 -0.00635105 -0.0215782 -0.0217826
internal_weight=2574.58 1852.21 1152.29 722.376 510.829 699.919 514.429 207.946 641.458 303.889 574.273 206.94 383.436 63.559 49.2069 14.352 125.646 22.3206 551.953 310.195 258.023 204.234 177.749 26.4851 113.999 261.95 144.387 79.2103 65.177 48.245
internal_count=19942 11805 8327 8137 2990 3478 6399 1738 5337 1910 2938 1080 3452 360 269 91 540 102 2836 4196 1885 2203 1917 286 492 3603 1378 756 622 593
is_linear=0
shrinkage=0.05


Tree=20
num_leaves=31
num_cat=0
split_feature=4 1 1 4 1 1 4 4 4 1 2 1 3 3 2 4 3 4 4 2 0 0 1 4 3 3 0 3 3 4
split_gain=190.761 55.9603 32.2855 31.5125 17.0325 11.1246 13.0291 11.1087 10.2692 9.17664 6.0926 5.37054 5.35288 10.4729 6.22919 5.32274 4.97296 7.11206 4.87662 4.34384 3.70009 13.0305 3.84765 3.51309 3.26293 6.89203 3.09068 5.54013 4.1067 2.98848
threshold=5.0016097590664605 0.0023959411264389279 0.00068102160950711543 8.3330759680389175 0.00031130894658848446 -0.0030774961874295288 24.000496980527544 17.216536845394838 3.4706361793305471 0.001695755114964115 0.012101151141806101 -0.00093604864810675748 0.65800433554823445 0.55792253110921297 0.0018478526145970788 7.528581196672012 1.4978728358230049 22.792558354281784 30.697848730658169 0.0020231198024170953 29.440277017099188 32.131833124933557 -0.00039448524152457804 2.485059891021367 0.87620181521214946 1.0255392502021086 62.548105649203755 1.0424426724540095 1.2085265637603999 2.2495818594955126
decision_type=2 2 2 2 2 2 2 2 2 2 2 2 2 2 2 2 2 2 2 2 2 2 2 2 2 2 2 2 2 2
left_child=2 3 8 4 11 6 -5 -7 19 26 16 -2 13 -11 -14 -6 17 -3 -18 23 22 -22 -10 -1 -12 -26 27 -4 -28 -21
right_child=1 10 9 5 15 7 -8 -9 20 12 24 -13 14 -15 -16 -17 18 -19 -20 29 21 -23 -24 -25 25 -27 28 -29 -30 -31
leaf_value=-0.04255913158031116 -0.024053597743238536 0.021531544401427814 -0.010170822491316707 -0.014729163326943094 0.0067039626502628348 0.007846540991533691 0.013785295460792392 0.021335601923413092 -0.05238246968967275 0.010270448153638048 0.050172620315682204 -0.0095292338015190541 0.022279208840655318 0.087490514834916822 -0.044889346207165899 -0.012393491156856198 0.040309517252746681 -0.0033666305361386168 0.015095561592304933 -0.0069055413521982708 0.044941516100061446 -0.020742969386716513 -0.011871491099136877 -0.030628708030506265 -0.024658837999222936 0.039242701164268812 -0.016361153066654591 0.036750714425657277 -0.056521359217364078 -0.032201951343099625
leaf_weight=147.57808052003384 102.47358593344688 239.86142607033253 71.93361784517765 95.322015933692455 198.75184347480536 548.84222727268934 69.103077709674835 211.42695811390877 16.626295015215877 44.808345004916191 31.663390338420868 167.96675233542919 5.9080693274736396 4.8678308576345435 8.302348852157591 44.689709275960922 59.801792711019516 32.576783701777458 28.229170575737953 20.837314799427986 7.9074625968933097 167.27001684904099 9.0525054857134801 106.04283758252859 5.2911413013935116 20.834265381097794 56.950712464749813 6.893833875656127 7.1666855067014685 26.553915038704872
leaf_count=2119 1044 1086 695 727 1417 3447 403 1062 191 242 134 1533 38 27 53 296 261 151 132 258 81 1836 95 1484 23 89 551 61 71 335
internal_value=-0.00021204 0.00821103 -0.022281 0.00353067 -0.0063962 0.00904734 -0.00274537 0.0115978 -0.029132 -0.00565722 0.0243089 -0.0150327 0.0100965 0.0178373 -0.0169636 0.00319815 0.0218927 0.0185543 0.0322241 -0.0349744 -0.0203762 -0.017778 -0.0381012 -0.0375708 0.0393806 0.0263008 -0.0126981 -0.00606731 -0.02085 -0.0210794
internal_weight=2565.53 1856.83 708.7 1438.58 513.882 924.694 164.425 760.269 501.868 206.831 418.258 270.44 63.8866 49.6762 14.2104 243.442 360.469 272.438 88.031 301.012 200.856 175.177 25.6788 253.621 57.7888 26.1254 142.945 78.8275 64.1174 47.3912
internal_count=19942 11805 8137 9929 4290 5639 1130 4509 6399 1738 1876 2577 360 269 91 1713 1630 1237 393 4196 2203 1917 286 3603 246 112 1378 756 622 593
is_linear=0
shrinkage=0.05


Tree=21
num_leaves=31
num_cat=0
split_feature=4 1 4 1 1 1 3 4 1 1 4 0 1 4 3 3 2 0 2 3 4 3 2 0 2 3 4 0 3 3
split_gain=174.637 50.5609 32.0424 30.5647 10.0936 10.0248 12.0518 10.0042 8.3455 7.81375 7.71864 5.67754 4.97011 4.62385 4.46181 4.36388 4.26 4.02752 9.15787 3.99702 3.93469 5.41919 4.3174 3.65838 8.20811 3.74927 3.49523 3.25589 2.95011 2.23833
threshold=5.0016097590664605 0.0011793320534306819 9.9603988593294037 0.00068102160950711543 0.0052663383483173573 -0.0033690907719910452 1.9382963222163594 3.4706361793305471 0.0021927259347926946 -0.0024691325741387211 21.072105685880416 87.825219732613093 0.00031130894658848446 11.107935603370539 0.68859177660692161 0.65351906013004635 0.0020231198024170953 64.080686893478642 0.0018019062583078951 1.2085265637603999 3.4369212499141448 0.41293394087023688 0.008342705806258734 73.432200207875965 0.0028976246949740108 0.54707529844795022 2.485059891021367 50.652508516410698 0.15327300047538248 0.77632163069820448
decision_type=2 2 2 2 2 2 2 2 2 2 2 2 2 2 2 2 2 2 2 2 2 2 2 2 2 2 2 2 2 2
left_child=3 2 9 7 11 6 -4 16 17 29 -7 14 -11 -6 -3 -13 26 18 -5 -19 21 -10 -22 25 -25 -9 -1 -15 -18 -2
right_child=1 4 5 8 13 10 -8 23 20 12 -12 15 -14 27 -16 -17 28 19 -20 -21 22 -23 -24 24 -26 -27 -28 -29 -30 -31
leaf_value=-0.041963817507781394 -0.045904405358842 0.0066606274560893075 -0.006015835969027895 -0.0096640580998529693 0.060917292800011784 0.0093623923385212394 0.059188292276901026 -0.0097255052192216137 0.017137853249489281 -0.0096887281753929091 0.025259312441283141 0.068060252818162359 0.00081368569954987134 -0.00041658636241656712 0.017048995733510621 0.022892519852780166 -0.048272363602681584 -0.015590518415070788 0.035698591485452624 -0.056326265351116733 -0.008817539109717781 0.083656384608430945 0.0444564774364056 0.05760691335407591 -0.022835920664072244 -0.025879795876304318 -0.02988226701744251 0.030502775365264259 -0.014709888301621102 -0.019008558822792527
leaf_weight=142.32200895249844 14.982030220329763 136.85602322220802 134.53563314676285 85.612776756286621 11.770167917013167 379.90230347216129 7.4807202070951453 48.991870559751987 11.507597610354422 333.79556088149548 95.566246047616005 8.6079108864069003 170.03113647550344 9.2593073695898038 422.31808231770992 14.118591874837874 7.8809486627578726 62.024121075868607 12.787836045026777 6.6692860797047606 18.151115030050281 4.1719358116388312 4.8110651224851599 4.8415175899863234 9.1909689381718618 134.59473547339439 103.32697852700949 105.81985300779343 38.69398795068264 15.99337451905012
leaf_count=2119 160 710 913 787 48 2260 39 544 54 3048 479 37 1269 42 2126 65 102 574 114 68 100 20 21 51 104 1504 1484 450 491 159
internal_value=-0.000209436 0.00777973 0.00131626 -0.0215846 0.0182881 0.00907578 -0.0025812 -0.0283772 -0.00541201 -0.00764293 0.0125576 0.0155022 -0.00614438 0.031068 0.0145065 0.0400003 -0.0342533 -0.0102547 -0.00376887 -0.0195455 0.0155288 0.0348368 0.0023445 -0.019688 0.00491863 -0.0215689 -0.036882 0.028015 -0.020389 -0.0320174
internal_weight=2556.62 1861.04 1152.29 695.579 708.75 617.485 142.016 489.843 205.736 534.802 475.469 581.901 503.827 126.849 559.174 22.7265 292.224 167.094 98.4006 68.6934 38.6417 15.6795 22.9622 197.619 14.0325 183.587 245.649 115.079 46.5749 30.9754
internal_count=19942 11805 8327 8137 3478 3691 952 6399 1738 4636 2739 2938 4317 540 2836 102 4196 1543 901 642 195 74 121 2203 155 2048 3603 492 593 319
is_linear=0
shrinkage=0.05


Tree=22
num_leaves=31
num_cat=0
split_feature=4 1 1 4 1 4 0 4 1 4 1 2 4 3 2 2 1 1 3 3 2 4 4 0 3 4 4 2 4 0
split_gain=159.86 41.1757 38.6958 20.0336 12.128 10.8233 9.71909 9.99784 8.03833 6.53757 4.81663 4.5899 4.45204 8.20056 7.04861 4.39311 4.17878 4.12633 4.0311 3.88746 3.68204 3.64894 4.67712 3.61488 3.57446 3.4935 4.78292 3.43056 3.35797 2.27706
threshold=5.586424652810364 0.0006454333785558265 0.0023959411264389279 8.3330759680389175 -0.00050212344702132972 3.4706361793305471 22.952753556947417 59.628429505301739 0.0022664383239642265 3.7817032971616977 0.0067333866282944807 0.0038157090525953179 13.212846443613893 0.74990524597145813 0.017329643129958109 0.0044118790748204359 -0.00238267532217401 0.00049517528961229307 1.7559318861820732 0.1207925084333855 -0.00099863119882787044 30.697848730658169 34.702984735117845 89.455490419390017 1.551200092349829 3.4369212499141448 2.7067038186558592 -0.0089827417031623207 4.3982653090218999 83.696601977068738
decision_type=2 2 2 2 2 2 2 2 2 2 2 2 2 2 2 2 2 2 2 2 2 2 2 2 2 2 2 2 2 2
left_child=1 5 3 4 18 15 16 -8 9 20 12 -11 14 -14 -4 27 -5 24 -2 -17 -3 29 -23 -6 -7 26 -10 -1 -27 -12
right_child=2 8 10 6 23 17 7 -9 25 11 21 -13 13 -15 -16 19 -18 -19 -20 -21 -22 22 -24 -25 -26 28 -28 -29 -30 -31
leaf_value=0.037286409052930146 -0.020195010893377142 -0.036820318528991085 0.023229880097832396 -0.018773632430608121 -0.00024853973059924103 -0.016197884205113516 0.0090396358368337575 0.062115674232978625 0.0088362038886874942 -0.0024637474809508599 0.048961967419866241 0.025501890186418064 -0.015510253399073727 0.01761820373968068 0.078979609365043654 -0.054432722889444889 0.0066326968972558109 -0.03998172623262751 0.044297249059643419 0.0099742248765442524 -0.011350885937459518 -0.01063699284390502 0.032099916694305348 0.057359206594735701 -0.049228585350858341 -0.015357952862013394 0.064674136047346314 -0.035343454498875451 0.01923022085462547 0.017515146458604258
leaf_weight=1.6358990669250477 113.77865939587355 17.056559443473816 148.89834576845169 45.38081730902195 286.60654500126839 228.35882732272148 852.45303741842508 8.9658890515565854 7.8624461293220502 92.965697050094604 32.804945483803749 17.421718619763851 21.050335794687271 165.90672002732754 5.8941055983304969 3.062581166625022 25.156692430377007 22.081646807491779 2.475695274770259 9.9688637778162938 84.441480256617069 8.643627002835272 24.685046523809433 2.7492734193801871 8.4952941387891752 10.940034314990045 7.4870572090148926 264.13845901563764 19.569337427616119 6.9816629439592353
leaf_count=22 1163 167 671 334 2102 2548 5097 43 37 782 132 130 96 737 24 41 165 239 24 117 835 40 108 14 102 57 34 3954 99 28
internal_value=-0.000206151 -0.0187949 0.00823191 0.00409404 -0.00518141 -0.0266705 0.00813094 0.00959207 -0.00236386 -0.00647176 0.0215728 0.00194988 0.0190809 0.0138881 0.0253527 -0.0335066 -0.00971265 -0.0193098 -0.0188216 -0.00516235 -0.015631 0.0332205 0.0210163 0.000298812 -0.0173826 0.0166162 0.0360724 -0.0348964 0.00682761 0.0434438
internal_weight=2547.92 795.486 1752.43 1337.57 405.61 537.742 931.956 861.419 257.744 211.885 414.865 110.387 341.75 186.957 154.792 278.806 70.5375 258.936 116.254 13.0314 101.498 73.1153 33.3287 289.356 236.854 45.8589 15.3495 265.774 30.5094 39.7866
internal_count=19942 9164 10778 8942 3303 7023 5639 5140 2141 1914 1836 912 1528 833 695 4134 499 2889 1187 158 1002 308 148 2116 2650 227 71 3976 156 160
is_linear=0
shrinkage=0.05


Tree=23
num_leaves=31
num_cat=0
split_feature=4 1 1 4 1 4 1 1 1 2 2 4 0 2 2 3 3 2 2 4 0 2 4 4 0 0 3 3 4 1
split_gain=146.654 41.2849 27.1817 27.1147 10.0419 9.45935 8.24959 7.92043 7.27396 7.25313 6.14424 4.7749 4.74928 7.62589 5.7599 4.38904 8.75848 5.74964 4.18209 4.0729 3.68224 9.17285 3.58082 3.06583 2.95151 2.83638 4.93861 3.89643 2.5546 2.00536
threshold=5.0016097590664605 0.0011793320534306819 0.00068102160950711543 11.546357334180341 -0.00093604864810675748 3.4706361793305471 0.0052663383483173573 -0.0028332170019454979 0.001695755114964115 -0.00089944959660503965 -0.0071520641777908503 17.815573809893902 86.64796586954985 0.011602145941986721 0.011602145941986721 0.65800433554823445 0.55792253110921297 0.0018478526145970788 0.0020231198024170953 11.107935603370539 27.004185457282471 -0.0031934001853909373 2.485059891021367 2.2495818594955126 50.652508516410698 62.548105649203755 1.0424426724540095 1.2085265637603999 9.8645257301430664 -0.00039448524152457804
decision_type=2 2 2 2 2 2 2 2 2 2 2 2 2 2 2 2 2 2 2 2 2 2 2 2 2 2 2 2 2 2
left_child=2 3 5 7 9 18 12 28 25 -5 -9 -6 14 -14 -3 16 -10 -17 22 -8 29 -22 -1 -20 -21 26 -4 -27 -2 -7
right_child=1 6 8 4 11 20 19 10 15 -11 -12 -13 13 -15 -16 17 -18 -19 23 24 21 -23 -24 -25 -26 27 -28 -29 -30 -31
leaf_value=-0.040862558393636013 -0.042254605911771555 0.011682751714735012 -0.0090237112857458595 0.0088573572732588719 0.01197161207408369 -0.050957030034633415 0.055871066232549463 -0.03014849251571184 0.0087728392009960958 -0.0078888897638103965 -0.0035705735424001275 0.027350264770061517 0.06078239834558307 0.009519082132319466 0.03403204045748015 0.021317023178305319 0.077797073015694662 -0.043548409582298719 -0.0041472360467053283 -0.0018702336155517257 0.029077266170325539 -0.01900694799431038 -0.028264405820227774 -0.03048090401696936 0.027449982058818545 -0.015079148256070882 0.034975257622247125 -0.055830560259074916 -0.012046174175344551 -0.016466184023846839
leaf_weight=133.24243311956525 18.688194260001186 528.47920843958855 70.452050052583218 215.41433726996183 129.43082447350025 12.505125239491464 11.844387099146841 22.592493616044521 45.198425129055977 92.391703084111214 579.91333781182766 82.740173935890198 13.687830328941347 15.4357373714447 30.492229342460632 5.9559731483459464 5.1160537451505652 8.011724539101122 19.810481198132038 9.3344974070787412 10.56435903906822 162.19692829251289 97.807518228888512 25.001385316252708 106.64504782855511 55.477255664765835 7.0124319717288008 6.5592392906546584 11.18850604444742 6.3564547821879378
leaf_count=2119 207 2669 695 1353 699 154 48 187 242 557 4835 381 63 68 138 38 27 53 258 42 110 1870 1484 335 450 551 61 71 108 69
internal_value=-0.000202284 0.00699993 -0.0202476 0.00114149 0.00959965 -0.0268905 0.0164298 -0.00581324 -0.00500844 0.00383077 -0.00456718 0.0179688 0.0139275 0.0336124 0.0129019 0.00890757 0.0157913 -0.0158891 -0.0328183 0.0279424 -0.0183568 -0.0160666 -0.0355295 -0.0188393 0.0250902 -0.0114209 -0.00504073 -0.0193879 -0.0309419 -0.0393334
internal_weight=2539.55 1868.28 671.268 1152.36 519.977 467.485 715.919 632.383 203.783 307.806 602.506 212.171 588.095 29.1236 558.971 64.2822 50.3145 13.9677 275.862 127.824 191.623 172.761 231.05 44.8119 115.98 139.501 77.4645 62.0365 29.8767 18.8616
internal_count=19942 11805 8137 8327 2990 6399 3478 5337 1738 1910 5022 1080 2938 131 2807 360 269 91 4196 540 2203 1980 3603 593 492 1378 756 622 315 223
is_linear=0
shrinkage=0.05


Tree=24
num_leaves=31
num_cat=0
split_feature=4 1 1 4 1 4 4 1 0 1 1 2 2 2 3 2 3 3 2 0 0 3 4 3 3 3 3 4 1 3
split_gain=134.174 37.2826 25.6416 22.2996 13.0701 9.17227 8.42034 10.1518 8.92637 6.60516 6.02824 5.06847 4.67562 4.2412 5.11377 4.0834 3.95093 7.53243 5.31754 3.56264 11.9796 3.96464 3.55048 2.97714 2.7928 6.00742 2.70361 2.89861 2.42385 1.05248
threshold=5.0016097590664605 0.0023959411264389279 0.00068102160950711543 8.2369015252718096 0.00031130894658848446 3.4706361793305471 59.628429505301739 -0.0071181193175197102 41.843847459469117 0.001695755114964115 0.00025230035418932767 0.00084926439234245265 0.012101151141806101 0.011602145941986721 1.4978728358230049 0.0020231198024170953 0.65800433554823445 0.55792253110921297 0.0018478526145970788 29.440277017099188 32.131833124933557 1.402671809405927 2.485059891021367 0.15327300047538248 0.87620181521214946 1.0255392502021086 1.402671809405927 3.7817032971616977 0.0031917495148185986 1.3570130812794876
decision_type=2 2 2 2 2 2 2 2 2 2 2 2 2 2 2 2 2 2 2 2 2 2 2 2 2 2 2 2 2 2
left_child=2 3 5 4 10 15 7 -5 -8 26 -2 -6 13 14 -3 22 17 -11 -18 21 -21 -7 -1 -17 28 -26 27 -4 -14 -15
right_child=1 12 9 6 11 19 8 -9 -10 16 -12 -13 24 29 -16 23 18 -19 -20 20 -22 -23 -24 -25 25 -27 -28 -29 -30 -31
leaf_value=-0.0402572212571531 -0.01200017805101433 0.015077080014029208 -0.015956569145342478 -0.020079759786931967 -0.0058336199231330743 -0.041430188578109067 0.0045587821779059156 0.0078310865099031485 0.10200055154953958 0.0083004509723962547 -0.049725013603460391 0.0088538327651535558 0.01862644568528286 0.00016939687416696523 0.029010840510572528 -0.047364712997060826 0.019988473409032773 0.071304176287616469 -0.042528124539263433 0.044934403107886024 -0.01813778874041988 0.040697854274844056 -0.027529108733849623 -0.012408348518406111 -0.026688726771758771 0.032626889615557417 -0.056124380546021924 -0.0010526562210939597 0.050465259250345687 -0.030909863852471603
leaf_weight=128.60200439766049 245.50922933220863 269.66464501619339 79.896718941628933 33.79602475464344 102.2853676751256 21.92660611867905 4.5976871252059919 904.6865776181221 4.8082525134086609 45.377450868487358 11.066856876015661 137.96883596479893 7.9324263930320731 6.5547054558992368 87.122352257370949 7.2985238730907431 6.0322175472974759 5.2978375405073157 7.7991822808980942 7.9066428020596495 157.38957855850458 1.5750246196985234 95.459412105381489 36.814654320478439 5.3396834135055569 21.281328290700912 3.2350325658917418 55.136750064790249 24.257415071129799 4.6611470431089401
leaf_count=2119 2450 1202 842 213 736 265 22 5451 22 242 89 946 34 28 380 102 38 27 53 81 1836 21 1484 491 23 89 34 502 100 20
internal_value=-0.000198554 0.00663622 -0.019587 0.00280046 -0.00577983 -0.0261533 0.00729776 0.00682598 0.0543704 -0.00478944 -0.0136274 0.00260082 0.0196199 0.0175278 0.0184795 -0.0320969 0.00842241 0.0148872 -0.0152631 -0.0177107 -0.0151208 -0.0359262 -0.0348345 -0.0181919 0.0327107 0.0207293 -0.0109532 -0.00987102 0.0426193 -0.0127467
internal_weight=2531.28 1871.53 659.748 1444.72 496.83 456.972 947.889 938.483 9.40594 202.775 256.576 240.254 426.814 368.003 356.787 268.175 64.5067 50.6753 13.8314 188.798 165.296 23.5016 224.061 44.1132 58.8109 26.621 138.269 135.033 32.1898 11.2159
internal_count=19942 11805 8137 9929 4221 6399 5708 5664 44 1738 2539 1682 1876 1630 1582 4196 360 269 91 2203 1917 286 3603 593 246 112 1378 1344 134 48
is_linear=0
shrinkage=0.05


Tree=25
num_leaves=31
num_cat=0
split_feature=4 1 1 4 1 4 4 3 3 1 1 1 2 2 0 4 0 0 2 1 3 3 2 3 0 3 0 3 3 0
split_gain=122.72 33.6902 24.1629 22.9913 13.7555 9.24383 8.87853 8.8675 13.3376 8.37624 7.08212 5.99655 4.02531 3.97805 5.89173 3.75906 4.51095 3.57273 7.52653 3.70402 3.55895 6.52125 4.9195 3.55876 3.34345 3.22636 2.63509 6.1914 4.71204 2.2642
threshold=5.0016097590664605 0.0011793320534306819 0.00068102160950711543 15.477642879812143 -0.0037042033608062348 8.2369015252718096 3.4706361793305471 1.3929147354567195 1.2502482020059484 0.00071251076361511523 0.0067333866282944807 0.001695755114964115 0.0044118790748204359 0.012101151141806101 86.64796586954985 30.697848730658169 80.575160176286218 73.432200207875965 0.0028976246949740108 0.000480720694414627 0.65800433554823445 0.55792253110921297 0.0018478526145970788 0.1207925084333855 83.027000359968071 1.0088184770037534 60.23549410731512 1.0424426724540095 1.2085265637603999 56.011736245546736
decision_type=2 2 2 2 2 2 2 2 2 2 2 2 2 2 2 2 2 2 2 2 2 2 2 2 2 2 2 2 2 2
left_child=2 3 6 4 29 -6 12 8 -5 -9 13 26 25 14 -3 -12 -17 19 -19 -8 21 -13 -22 -14 -15 -1 27 -4 -28 -2
right_child=1 10 11 7 5 -7 17 9 -10 -11 15 20 23 24 -16 16 -18 18 -20 -21 22 -23 -24 -25 -26 -27 28 -29 -30 -31
leaf_value=-0.030845435126079648 -0.038888913664208123 0.011111370725294629 -0.0080986569622130116 0.011270688173425355 -0.0078268921509622499 0.0030496467171262638 -0.016568494815384343 0.016975846478913214 -0.022808089697721433 0.061179647598592415 0.039743442938787399 0.0078554217449192821 -0.05396839566106592 0.040099104907320167 0.041553849209639615 0.0049449182632212291 0.044389769569867461 0.057620879732453202 -0.0202810057832453 -0.040939535479517779 0.018760495345584192 0.065686411608237211 -0.041527881494272292 0.0099104423991371298 0.014353227053035739 -0.049541492113598991 -0.012924246419123528 0.046066460044389135 -0.055710152452773234 0.015211604865483326
leaf_weight=222.2915529422462 30.413414418697357 581.29880264401436 62.047395654022694 130.00432619452477 380.336565092206 401.63814192265272 155.31013479083776 159.68427723646164 36.848979294300079 11.487913846969603 40.193586215376854 45.546324864029884 2.7883817106485358 23.956427022814751 16.340395644307137 23.437971845269203 10.493148788809775 4.8409219086170188 8.6243324875831586 17.330396890640259 6.1037998646497709 5.4589837938547126 7.5929679721593857 9.9988039210438711 26.624915912747383 25.748511783778667 62.095529846847057 5.7660939693450919 7.1789351105689994 2.0653138384222975
leaf_count=3605 295 2874 622 720 3497 2689 1847 847 207 53 162 242 41 106 73 105 43 51 104 201 38 27 53 120 115 430 627 49 80 19
internal_value=-0.000194654 0.00629125 -0.0189391 0.000984885 -0.00356475 -0.00224048 -0.0254231 0.011947 0.00374451 0.0199425 0.0147574 -0.00457801 -0.0313759 0.0130832 0.0119437 0.029398 0.0171432 -0.0170802 0.00772566 -0.019015 0.00796817 0.0140449 -0.0146611 -0.00401902 0.026547 -0.0327862 -0.0104995 -0.00349307 -0.0173582 -0.0354487
internal_weight=2523.55 1874.82 648.723 1152.48 814.453 781.975 446.933 338.025 166.853 171.172 722.345 201.79 260.827 648.221 597.639 74.1247 33.9311 186.106 13.4653 172.641 64.7021 51.0053 13.6968 12.7872 50.5813 248.04 137.088 67.8135 69.2745 32.4787
internal_count=19942 11805 8137 8327 6500 6186 6399 1827 927 900 3478 1738 4196 3168 2947 310 148 2203 155 2048 360 269 91 161 221 4035 1378 671 707 314
is_linear=0
shrinkage=0.05


Tree=26
num_leaves=28
num_cat=0
split_feature=4 1 1 4 1 4 0 4 1 2 0 3 0 3 4 0 3 4 3 2 2 1 4 0 2 4 4
split_gain=112.221 30.6126 22.7362 18.4012 12.1007 8.58181 7.97357 7.50041 5.59313 5.64802 5.89786 4.80847 4.50873 4.10141 4.52496 4.07152 4.05592 5.11511 4.73055 3.96037 3.89692 3.68644 3.65869 3.45238 8.41586 3.11859 2.14425
threshold=5.0016097590664605 0.0023959411264389279 0.00068102160950711543 8.3330759680389175 -0.00093604864810675748 3.4706361793305471 22.952753556947417 59.628429505301739 0.0033330098892452313 0.01374850732792743 75.24519815199406 0.30351712238340284 19.736463898572847 0.41834918146148675 12.770128724184124 87.825219732613093 1.4978728358230049 22.792558354281784 1.9715129556457616 0.0020231198024170953 0.00070287979963856728 -0.00238267532217401 2.485059891021367 27.004185457282471 -0.0031934001853909373 2.2495818594955126 4.6448373345635021
decision_type=2 2 2 2 2 2 2 2 2 2 2 2 2 2 2 2 2 2 2 2 2 2 2 2 2 2 2
left_child=2 3 5 4 12 19 21 -8 9 10 -4 -10 -2 14 20 -6 17 -15 -18 22 -3 -5 -1 26 -25 -21 -7
right_child=1 13 8 6 15 23 7 -9 11 -11 -12 -13 -14 16 -16 -17 18 -19 -20 25 -22 -23 -24 24 -26 -27 -28
leaf_value=-0.039156149431550415 0.0077443740116937623 0.012766538602910974 -0.0033695205136306371 -0.01822336664890805 -0.0020594961204756907 -0.047235370779879125 0.0074183695848968091 0.052286328931570293 -0.0046528446122781923 0.063301539243433749 -0.026795923093333757 0.061901868914915274 -0.025309627861893658 0.016252219493072199 -0.0088945617231849204 0.041768754485249138 0.02893322788631187 -0.0018563049470546108 -0.0050957179622206621 -0.001633760896119346 0.058079594266816276 0.0056129495475601187 -0.02585692405085829 0.028910353703365435 -0.017174782975780106 -0.028854872425371034 -0.0057394603115927326
leaf_weight=120.74916680157185 11.763553269207476 6.6327188909053865 154.5611253157258 44.862239085137844 401.71865846961737 13.41559971123934 864.94708353281021 9.4157354682683927 5.1421733498573285 2.86461367458105 32.520249933004379 5.7468996196985245 83.887835189700127 254.87830136716366 4.6385797560214987 5.3697679042816153 89.616640388965607 46.041132435202599 11.526653960347174 18.947925470769405 16.669293195009232 25.406954169273376 90.454465046525002 10.580502115190027 155.49260450154543 23.659990638494492 4.0539243742823592
leaf_count=2119 124 31 1378 334 3218 174 5097 43 22 14 298 26 920 1115 20 28 384 205 51 258 70 165 1484 110 1870 335 49
internal_value=-0.000190784 0.0059665 -0.0183038 0.00248641 -0.00524151 -0.0246991 0.00659927 0.00790154 -0.004377 -0.00637483 -0.00744172 0.0304726 -0.0212445 0.0176803 0.0362041 -0.00148137 0.016393 0.0134816 0.0250552 -0.0306551 0.0451816 -0.00960496 -0.0334603 -0.0164628 -0.0142387 -0.0167495 -0.037606
internal_weight=2515.56 1877.38 638.189 1447.37 502.74 437.354 944.632 874.363 200.835 189.946 187.081 10.8891 95.6514 430.003 27.9406 407.088 402.063 300.919 101.143 253.812 23.302 70.2692 211.204 183.543 166.073 42.6079 17.4695
internal_count=19942 11805 8137 9929 4290 6399 5639 5140 1738 1690 1676 48 1044 1876 121 3246 1755 1320 435 4196 101 499 3603 2203 1980 593 223
is_linear=0
shrinkage=0.05


Tree=27
num_leaves=31
num_cat=0
split_feature=4 1 1 4 1 1 3 4 2 1 4 1 3 0 4 4 2 0 3 0 0 0 2 0 1 3 3 2 2 4
split_gain=102.571 27.7443 21.3895 19.8489 8.93815 8.47476 8.58698 8.27999 6.4743 6.32473 5.6614 5.22664 3.87255 3.69318 3.48718 4.06443 3.42497 5.0175 3.39013 3.76596 3.34949 7.00212 3.74192 2.99775 2.68599 2.57441 8.46924 3.11923 1.90745 1.77927
threshold=5.0016097590664605 0.0011793320534306819 0.00068102160950711543 12.257918440533166 -0.0028332170019454979 -0.0044254374280445754 1.9382963222163594 3.4706361793305471 -0.0034312219447791832 0.0067333866282944807 21.072105685880416 0.001695755114964115 1.0088184770037534 71.6935923392288 30.697848730658169 34.702984735117845 0.012101151141806101 86.64796586954985 0.1759408582919488 54.468442910382301 73.432200207875965 77.723123439004453 -0.00075638005536260422 83.027000359968071 0.0025451179781220694 0.23033466051885279 0.30351712238340284 0.003486543911668694 0.0080344749979772718 9.8645257301430664
decision_type=2 2 2 2 2 2 2 2 2 2 2 2 2 2 2 2 2 2 2 2 2 2 2 2 2 2 2 2 2 2
left_child=2 3 7 4 29 6 -5 12 -6 16 -7 25 13 -1 28 -16 17 -3 24 -20 22 -22 -9 -18 -13 27 -27 -4 -11 -2
right_child=1 9 11 5 8 10 -8 20 -10 14 -12 18 -14 -15 15 -17 23 -19 19 -21 21 -23 -24 -25 -26 26 -28 -29 -30 -31
leaf_value=-0.030375356274513328 -0.041027411783891909 0.0099105094885511089 -0.0098846603167620593 -0.0088954282301006403 0.0090594784624254601 0.0078817910036472292 0.0524544186313603 -0.0088555822562491563 -0.0055014596791706574 0.024673530527222307 0.021086757755583538 0.062703912863257216 -0.049006097686024555 -0.011286424382617921 -0.013827490662133395 0.025579228535946647 0.03690982390612052 0.037791313427287053 -0.01942443819341123 0.010455125551500681 0.041771001476350135 -0.030834621550605706 -0.024029970089905175 0.012633513534951946 0.0085167228978906846 0.037768460429477888 -0.011239342437270268 -0.056042559227484683 0.046686581477390014 -0.017745418859545684
leaf_weight=193.9292581230402 17.581515707075596 585.77563125640154 8.7066313177347165 88.41069521009922 88.807520002126694 277.73921147733927 6.0969941616058341 69.07234925031662 543.79410638660192 17.376403719186783 114.68530249595642 4.5901834070682508 24.031615227460861 29.14646653085947 8.8243565857410413 25.313466548919678 24.240467488765717 16.593903303146362 14.138941422104834 41.492786139249802 7.1887813955545408 6.1714583784341812 98.650799736380577 26.74921016395092 4.5576076358556747 9.5789304971694929 110.63261375576258 6.3147141560912123 22.692380845546722 15.389013037085531
leaf_count=3346 207 2874 95 570 724 1565 30 830 4512 70 570 24 430 420 40 108 106 73 83 233 81 74 1218 115 20 99 1117 67 92 149
internal_value=-0.000186339 0.0056583 -0.017678 0.000832332 -0.00478013 0.00850383 -0.00493755 -0.0239837 -0.00345733 0.0133029 0.0117409 -0.00417875 -0.0299357 -0.0278812 0.0271357 0.0153929 0.0117318 0.0106786 0.00749943 0.00286116 -0.0158616 0.00823249 -0.0177808 0.0241745 0.0357068 -0.00977285 -0.00733421 -0.0292886 0.0371403 -0.0301605
internal_weight=2508.27 1880.07 628.203 1152.5 665.572 486.932 94.5077 428.191 632.602 727.566 392.425 200.012 247.107 223.076 74.2066 34.1378 653.359 602.37 64.7795 55.6317 181.083 13.3602 167.723 50.9897 9.14779 135.233 120.212 15.0213 40.0688 32.9705
internal_count=19942 11805 8137 8327 5592 2735 600 6399 5236 3478 2135 1738 4196 3766 310 148 3168 2947 360 316 2203 155 2048 221 44 1378 1216 162 162 356
is_linear=0
shrinkage=0.05


Tree=28
num_leaves=31
num_cat=0
split_feature=4 1 1 4 4 1 1 4 1 2 0 0 2 3 2 3 4 4 4 0 3 3 3 1 2 0 2 3 2 3
split_gain=93.9053 32.181 19.0853 15.0045 10.6653 10.3865 7.80336 8.93171 7.28289 6.89642 6.76982 6.28732 8.85673 7.44534 5.65683 5.0632 4.9519 4.47317 7.585 5.49477 4.25197 12.6896 5.47254 4.11997 4.10656 6.7554 4.02395 3.65114 3.6507 2.27717
threshold=6.1564596054469298 0.0006454333785558265 0.00012814955690521049 15.477642879812143 3.4706361793305471 -0.0037042033608062348 -0.0083214107453278823 44.407134004858868 0.0031917495148185986 0.0026122199252536231 68.809914953311079 60.697095395515838 0.00119601251746726 0.69298832638728847 -0.0023208625842770498 1.4778614207736565 4.4825828977293307 11.000416033521704 10.178638775880357 60.697095395515838 0.33111767416137788 0.23033466051885279 0.40114282063929252 0.0013768821306618941 0.0028389330388953753 72.274565633791028 0.0044118790748204359 0.1207925084333855 -0.0089827417031623207 0.59963178144155471
decision_type=2 2 2 2 2 2 2 2 2 2 2 2 2 2 2 2 2 2 2 2 2 2 2 2 2 2 2 2 2 2
left_child=1 4 3 5 26 29 7 -5 11 10 16 13 -13 -4 -7 -8 -3 18 -10 -19 21 -11 -22 -12 25 -6 28 -28 -1 -2
right_child=2 9 8 6 24 14 15 -9 17 20 23 12 -14 -15 -16 -17 -18 19 -20 -21 22 -23 -24 -25 -26 -27 27 -29 -30 -31
leaf_value=0.047658792013814628 -0.0097635324592464587 -0.0095169124059148041 -0.0016640330873704569 -0.042087235959009858 -0.014210953609782421 0.0047791097384778814 0.0057221790769757495 0.019742498824973299 0.021996667847165165 -0.00012811553715671908 -0.041135976218882798 -0.033933808862943504 0.0048743846241793842 0.016026727734514721 -0.0076286874632402191 0.019764472256770561 0.0079309819481822776 0.0040915532277735304 0.071171236410804126 0.020263018683624432 -0.035569141263702697 0.065368134222153734 0.0080881407850996231 -0.0033378265803165811 -0.031048545241957083 0.032961971059671517 -0.053661511440212778 0.013182137398900921 -0.031214474844968837 -0.041506376661201203
leaf_weight=1.4768155887722958 7.5181428268551853 96.762085679918528 73.809478551149368 14.749630168080332 254.74188866093755 142.13434661924839 144.52579793334007 9.6704119294881803 41.117117002606392 19.107912726700309 20.024725995957855 15.567391932010649 264.36140851676464 306.23175662755966 259.69977537542582 115.48970784246922 70.144731730222702 77.541603595018387 9.6897888928651792 162.83511953055859 8.1219849064946157 12.064570315182207 61.774096667766571 11.264897413551806 34.954720843583345 7.8224173784255973 2.5997869707643977 9.5372067317366582 222.72376066073775 22.736887164413929
leaf_count=22 80 911 426 93 2965 1105 812 51 171 134 214 90 1422 1667 2102 605 513 341 40 682 56 80 452 84 412 78 41 117 3954 222
internal_value=-0.000182 -0.0138901 0.00666615 0.00050343 -0.0212476 -0.005367 0.00942126 -0.0176025 0.0113087 -0.000765077 -0.00618526 0.00840252 0.00271618 0.0125909 -0.00323988 0.0119593 -0.00218421 0.0178955 0.0313751 0.0150464 0.00986396 0.0252207 0.00301513 -0.0275279 -0.0149489 -0.0128056 -0.029177 -0.00113601 -0.0306949 -0.0336185
internal_weight=2500.8 833.122 1667.68 716.525 533.857 432.089 284.436 24.42 951.154 299.265 198.196 659.97 279.929 380.041 401.834 260.016 166.907 291.184 50.8069 240.377 101.069 31.1725 69.8961 31.2896 297.519 262.564 236.338 12.137 224.201 30.255
internal_count=19942 10033 9909 5070 7589 3509 1561 144 4839 2444 1722 3605 1512 2093 3207 1417 1424 1234 211 1023 722 214 508 298 3455 3043 4134 158 3976 302
is_linear=0
shrinkage=0.05


Tree=29
num_leaves=28
num_cat=0
split_feature=4 1 1 4 1 4 1 0 4 1 4 1 2 0 3 3 3 3 4 3 4 3 0 0 1 0 0
split_gain=85.8385 22.9456 18.874 14.6672 9.52268 7.65118 6.60574 7.86187 6.08839 6.01133 4.99525 4.76337 4.74764 5.59794 4.15937 3.93857 3.69658 3.64876 4.01291 3.56002 4.58066 4.22809 3.50622 10.8774 4.21661 3.42614 0.790423
threshold=5.0016097590664605 0.0023959411264389279 0.00068102160950711543 8.2369015252718096 0.00031130894658848446 3.4706361793305471 -0.00082327333049442275 64.565677166777917 14.458991171280177 0.00025230035418932767 7.528581196672012 0.0033330098892452313 0.01374850732792743 75.24519815199406 0.30351712238340284 1.0088184770037534 0.99305766179529986 0.41834918146148675 12.770128724184124 1.4978728358230049 22.792558354281784 1.9715129556457616 29.440277017099188 32.131833124933557 -0.00039448524152457804 62.971781934741124 22.386147093976621
decision_type=2 2 2 2 2 2 2 2 2 2 2 2 2 2 2 2 2 2 2 2 2 2 2 2 2 2 2
left_child=2 3 5 4 9 15 8 -8 -5 -2 -6 12 13 -4 -13 16 -1 18 25 20 -19 -21 24 -24 -7 -3 -17
right_child=1 17 11 6 10 22 7 -9 -10 -11 -12 14 -14 -15 -16 26 -18 19 -20 21 -22 -23 23 -25 -26 -27 -28
leaf_value=-0.027079714205032412 -0.010206891038639537 0.021562334264974847 -0.0027370286470569816 -0.0062797285840651479 0.0053070224402316287 -0.050551588549601602 0.012728447865272115 -0.001565347812059633 0.0059165998436969949 -0.048761572021551264 -0.014057232608969301 -0.0046947377132244821 0.057444064367065395 -0.025828689430804526 0.05690983370233306 -0.0068392689370201619 0.038257137416058018 0.013869261428553173 -0.0098451664724862401 0.025694007936742952 -0.0032246032518740142 -0.0063676907253738015 0.045063268642623638 -0.015176019777373959 -0.0046598824252855062 0.059779375834599413 -0.050577801707964304
leaf_weight=210.10580592229962 237.29677028954029 11.520897090435033 152.90867874771357 170.881880633533 201.37993621081114 13.590053658932449 409.25266099721193 125.76030127704144 255.0540192052722 10.560039527714251 39.903095871210098 5.1400124877691251 2.9304769262671462 31.683995611965656 5.8678916841745377 1.085572868585589 2.1873696558177462 257.1693312227726 4.6460190415382376 90.586182072758675 46.237387329339981 11.599485889077185 7.8957846984267226 147.22609404101968 7.92374513298273 11.944728195667265 21.301056697964668
leaf_count=3727 2450 52 1378 1351 1417 191 2209 686 1462 89 265 22 14 298 26 21 39 1115 20 384 205 51 81 1836 95 49 409
internal_value=-0.000178352 0.00509987 -0.0164826 0.00208199 -0.00496624 -0.0225937 0.00566966 0.00936854 0.00102354 -0.0118495 0.00210459 -0.00382169 -0.00569814 -0.00670054 0.0281443 -0.0285099 -0.0264065 0.0151902 0.0326102 0.0139828 0.0112643 0.0220546 -0.0147333 -0.0121098 -0.0336492 0.041016 -0.0484568
internal_weight=2493.64 1883.79 609.847 1450.09 489.14 411.315 960.949 535.013 425.936 247.857 241.283 198.531 187.523 184.593 11.0079 234.68 212.293 433.704 28.1116 405.592 303.407 102.186 176.636 155.122 21.5138 23.4656 22.3866
internal_count=19942 11805 8137 9929 4221 6399 5708 2895 2813 2539 1682 1738 1690 1676 48 4196 3766 1876 121 1755 1320 435 2203 1917 286 101 430
is_linear=0
shrinkage=0.05


Tree=30
num_leaves=31
num_cat=0
split_feature=4 1 1 4 1 4 2 3 2 0 1 4 4 0 1 0 1 4 3 2 0 0 2 4 0 2 0 0 3 0
split_gain=78.3953 20.6214 17.6924 13.2302 8.99232 7.43101 7.28977 10.1177 6.52658 11.8007 6.32435 8.88751 8.71253 5.11667 4.41742 3.96681 3.4624 3.71344 7.22159 6.69561 3.31782 3.26298 3.60861 3.25284 3.93884 3.00003 4.91036 1.93709 1.44974 1.43611
threshold=5.0016097590664605 0.0023959411264389279 0.00068102160950711543 8.2369015252718096 -0.00093604864810675748 2.485059891021367 0.0020231198024170953 0.1853683151959172 -0.0020582922855101322 27.463562953946106 -0.0083214107453278823 44.407134004858868 59.628429505301739 68.57487577377313 0.0021927259347926946 19.736463898572847 0.0067333866282944807 13.212846443613893 0.74990524597145813 0.017329643129958109 87.825219732613093 81.750118449010174 -0.00041197001515808068 30.697848730658169 80.575160176286218 -0.0013281255869755368 55.794505378227321 83.696601977068738 0.52170167705565507 84.561193477364853
decision_type=2 2 2 2 2 2 2 2 2 2 2 2 2 2 2 2 2 2 2 2 2 2 2 2 2 2 2 2 2 2
left_child=2 3 5 4 15 6 28 -8 9 -7 11 -5 -12 -10 21 -2 17 19 -19 -3 -6 22 -4 27 -25 -16 -27 -18 -1 -23
right_child=1 16 14 10 20 8 7 -9 13 -11 12 -13 -14 -15 25 -17 23 18 -20 -21 -22 29 -24 24 -26 26 -28 -29 -30 -31
leaf_value=-0.032178896018207524 0.0082213011093717828 0.015769617616693956 -0.018539214001955941 -0.04244497276847628 -0.0020399590574417801 -0.029964311925780099 -0.053793104344688238 0.019020718836375641 -0.024365388530896259 0.019255907745279254 0.0056462298145663406 0.018231234624448787 0.065035227719227873 -0.004399327894074003 0.049422040029151376 -0.023001497814383428 0.039094230147773683 -0.019598714624730441 0.01106893777675238 0.066890027086296641 0.036941260178992651 -0.057094101593690993 -0.00075609031975228461 0.0016961686861482956 0.038330958401129669 -0.038653870489023558 0.014170252889700669 0.01026942450646541 -0.043937120971358677 -0.019677367327893686
leaf_weight=62.854213420301676 11.681864589452742 161.23941123485565 38.668358705937862 15.741710267961027 391.26542666554451 20.671593710780144 7.1479369401931789 14.345990832895039 184.90066987648606 29.635847300291061 931.63612022250891 9.7873920351266843 6.2167096883058539 38.825891364365816 4.5703466832637778 78.74448386579752 32.706613838672638 21.620667710900307 171.17408566176891 6.6703118830919257 5.5358397290110579 4.106113597750662 108.77922248840332 23.841017186641693 10.598813578486441 5.1653575152158728 29.665829420089722 7.0924231559038153 44.970770079642534 6.8302423506975174
leaf_count=1230 124 706 372 107 3164 303 111 206 2752 386 5523 51 27 522 23 905 133 96 737 27 28 41 1057 105 43 28 144 29 889 73
internal_value=-0.000173823 0.00483888 -0.0158969 0.00197569 -0.00473878 -0.0219035 -0.0317827 -0.00519396 -0.0172414 -0.000968941 0.00537151 -0.0191828 0.0060399 -0.0209004 -0.00364727 -0.0189679 0.0143881 0.0123642 0.00762976 0.0178004 -0.00149613 -0.00737426 -0.00541974 0.0242215 0.0129705 0.0113343 0.0063366 0.0339575 -0.0370829 -0.0337257
internal_weight=2486.69 1885.55 601.138 1450.61 487.228 403.353 129.319 21.4939 274.034 50.3074 963.382 25.5291 937.853 223.727 197.785 90.4263 434.943 360.704 192.795 167.91 396.801 158.384 147.448 74.2389 34.4398 39.4015 34.8312 39.799 107.825 10.9364
internal_count=19942 11805 8137 9929 4221 6399 2436 317 3963 689 5708 158 5550 3274 1738 1029 1876 1566 833 733 3192 1543 1429 310 148 195 172 162 2119 114
is_linear=0
shrinkage=0.05


Tree=31
num_leaves=29
num_cat=0
split_feature=4 1 1 4 1 4 1 1 3 2 1 4 1 2 0 2 2 0 3 0 4 4 4 0 0 1 3 1
split_gain=71.6368 26.2225 14.7806 12.1982 10.1292 9.28663 6.04879 6.03665 8.00821 6.04213 5.86152 7.22113 9.15962 5.15238 6.01865 4.98896 4.01489 6.04409 3.97693 4.01723 3.7137 6.7041 5.32189 3.31367 3.12511 1.89873 1.73213 0.876489
threshold=6.1564596054469298 0.0006454333785558265 -0.00011861813278113419 14.297938610390782 -0.0037042033608062348 3.4706361793305471 0.0061288479747498856 -0.0083214107453278823 1.7879622025753197 -0.00089944959660503965 0.0031917495148185986 17.815573809893902 4.5257680439170229e-05 0.0026122199252536231 68.809914953311079 -0.0024945237827739826 0.0028389330388953753 72.274565633791028 1.0088184770037534 71.6935923392288 11.000416033521704 10.178638775880357 11.546357334180341 67.45502125504207 56.554614406125999 0.00029766916392315329 0.59963178144155471 -0.00093604864810675748
decision_type=2 2 2 2 2 2 2 2 2 2 2 2 2 2 2 2 2 2 2 2 2 2 2 2 2 2 2 2
left_child=1 5 3 4 26 18 13 8 -5 -9 11 24 -13 14 -3 -6 17 -7 19 -1 21 -12 -22 -15 -4 -18 -2 -20
right_child=2 6 10 7 15 16 -8 9 -10 -11 20 12 -14 23 -16 -17 25 -19 27 -21 22 -23 -24 -25 -26 -27 -28 -29
leaf_value=-0.027696872449687184 -0.016358412096801601 -0.0022403854400312143 0.0086144948963807946 -0.030396995266304155 0.0041723016575528332 -0.012672076184349776 0.078158791467305311 0.014504605956821551 0.044565451735695573 -0.0007604343871092027 0.018875841384777908 0.088071159876407124 0.015615340176112888 0.024325017282449249 -0.026463007930121497 -0.0089198310629435527 -0.022667852947528076 0.031690529351389107 -0.0017592455765826479 -0.0067929922773086807 -0.040712691157339539 0.064881397679993819 0.013880628251185287 0.0028855309892615397 0.0014702608905532144 -0.04984572072781937 -0.047011778304642871 -0.050179669848324671
leaf_weight=172.21376302838326 6.3522160574793842 164.871432852 293.89254135638475 19.827951967716221 111.88819528371096 246.62099139764905 2.4156573861837378 183.20098080486059 4.3431715816259375 100.32154725492001 41.377323001623154 4.536294922232627 113.42759843170643 23.610143378376961 30.368233717978001 208.10942403227091 24.798789523541927 7.9245083555579177 0.98090406507253902 26.523027777671814 4.5496881008148184 9.7930054813623411 237.09067539870739 76.156978026032448 319.45900917798281 8.6743738278746587 16.788874104619026 19.802129354327917
leaf_count=3299 72 1420 1710 124 904 2965 10 1032 22 535 171 20 507 170 298 1777 311 78 20 407 19 40 1004 546 1791 101 181 408
internal_value=-0.000169602 -0.012428 0.00572161 -0.000170307 -0.00665229 -0.0193363 -0.000639276 0.00705837 -0.0169274 0.00910323 0.00946593 0.00707239 0.0184016 -0.00128451 -0.00600805 -0.00434212 -0.0134317 -0.011291 -0.0270834 -0.0249071 0.0154439 0.0276804 0.0128527 0.00795924 0.00489348 -0.0297108 -0.0385974 -0.0478944
internal_weight=2479.92 804.961 1674.96 650.832 343.139 507.538 297.422 307.694 24.1711 283.523 1024.13 731.315 117.964 295.007 195.24 319.998 288.019 254.545 219.52 198.737 292.811 51.1703 241.64 99.7671 613.352 33.4732 23.1411 20.783
internal_count=19942 10033 9909 4647 2934 7589 2444 1713 146 1567 5262 4028 527 2434 1718 2681 3455 3043 4134 3706 1234 211 1023 716 3501 412 253 428
is_linear=0
shrinkage=0.05


Tree=32
num_leaves=30
num_cat=0
split_feature=4 1 1 4 1 0 0 2 3 3 0 2 4 2 0 2 3 2 0 0 1 3 3 2 2 1 3 1 2
split_gain=66.0732 18.7257 15.4672 14.292 7.48165 6.67047 5.45608 5.41917 5.51607 7.80334 5.73492 5.34938 5.07028 5.84332 8.86296 5.09163 6.99713 4.13939 6.41252 5.26389 4.1369 3.75517 3.69448 3.64986 3.615 3.12183 1.88405 2.14096 0.997536
threshold=4.4422007775710961 0.001201536103688339 0.0012831554257007884 9.8645257301430664 -0.0028332170019454979 22.952753556947417 17.893796022578346 0.012101151141806101 1.4397269281387868 1.402671809405927 38.459983412668215 -0.0024945237827739826 2.7849530157430009 -0.0034312219447791832 23.619573614330168 0.0020231198024170953 0.1853683151959172 0.0017314645056721869 75.580321366562586 37.953418969050176 0.00052450804421644303 0.42318280991990648 0.1759408582919488 0.001319537698850848 -0.0074742516813411921 0.001577282327231311 0.32389876080474173 0.0031917495148185986 -0.002893971424146657
decision_type=2 2 2 2 2 2 2 2 2 2 2 2 2 2 2 2 2 2 2 2 2 2 2 2 2 2 2 2 2
left_child=2 3 12 4 28 24 -6 8 9 -3 -10 -7 15 14 -14 20 -17 19 25 -4 -1 -20 -15 -21 -5 -19 -9 -28 -2
right_child=1 7 17 5 6 11 -8 26 10 -11 -12 -13 13 22 -16 16 -18 18 21 23 -22 -23 -24 -25 -26 -27 27 -29 -30
leaf_value=-0.035207689002554832 -0.029393473385408622 0.0069500053591979227 0.038854793116346098 -0.0030777924701379253 0.024908508731410223 0.01288372824936272 -0.0054067082076105543 0.048020864402275681 -0.046792805884546138 -0.035405891318211931 0.017556226457033319 0.0030655554814817444 -0.032602963212995557 0.041261913979216802 0.039578052468644084 -0.044004525062736624 0.0061134314107278648 0.00082795476662174373 -0.031101485356376881 -0.0099174660949413185 -0.015426751077411356 0.01439271215683189 -0.018569899234387569 -0.060919809704768568 -0.030482432553785646 0.042333640565366537 0.0072108178661887765 0.02639919760832346 -0.054766902310459498
leaf_weight=114.359938506037 11.755369782447817 491.80948186665773 4.8710076212882987 43.500096350908279 15.252792965620754 224.84540785849094 551.43072782829404 6.7856168597936621 3.5329004973173133 11.119945973157881 173.63217472285032 362.24668892472982 6.905776388943198 2.6120626404881468 11.070025026798247 9.9590818211436254 23.158911470323801 6.0835806801915195 8.8198996037244815 23.563876189291481 34.376852713525295 9.3382630571722967 210.55049612373114 4.1213290914893141 16.635779812932014 17.744598358869553 21.177072659134865 46.361544117331505 5.7772382572293273
leaf_count=2363 147 2422 34 291 148 1316 5098 29 16 53 795 2031 100 36 138 150 326 59 55 170 468 70 3009 33 125 99 96 191 74
internal_value=-0.000165319 0.00388383 -0.0166586 8.35749e-05 -0.005586 0.00520118 -0.00459075 0.010087 0.00868611 0.0060135 0.016273 0.00682573 -0.0204422 -0.0155281 0.0118482 -0.026688 -0.0089578 0.00430383 0.0146791 -0.00907669 -0.0306358 -0.00770502 -0.0178367 -0.0175099 -0.0106589 0.0317368 0.0229059 0.0203826 -0.0377544
internal_weight=2473.4 1985.86 487.536 1231.44 584.216 647.228 566.684 754.419 680.095 502.929 177.165 587.092 412.993 231.138 17.9758 181.855 33.118 74.5426 41.9863 32.5562 148.737 18.1582 213.163 27.6852 60.1359 23.8282 74.3242 67.5386 17.5326
internal_count=19942 12832 7110 9230 5467 3763 5246 3602 3286 2475 811 3347 6590 3283 238 3307 476 520 283 237 2831 125 3045 203 416 158 316 287 221
is_linear=0
shrinkage=0.05


Tree=33
num_leaves=31
num_cat=0
split_feature=4 1 4 1 1 3 3 3 2 4 4 3 0 3 4 4 0 2 3 1 2 0 2 2 2 4 3 3 4 3
split_gain=60.4348 17.4418 15.6033 13.9239 6.20153 9.06116 9.70546 5.69497 13.5864 5.92704 5.54093 5.31835 5.84128 5.24731 5.09861 4.97108 4.62682 4.00926 7.01674 4.03842 3.92377 6.88023 6.35834 4.94403 3.43068 3.362 3.33288 9.1919 9.16379 2.52282
threshold=4.4825828977293307 0.00031130894658848446 8.0825958042164014 0.0012276731855523917 0.0027866388739650198 0.51645288734437333 0.42879275971669023 0.3712433317577814 0.0021981533992694318 21.072105685880416 2.7849530157430009 0.71883399060690567 66.641435918286291 1.8612269189386839 29.375904797551431 4.6448373345635021 43.68166671934307 0.0020231198024170953 0.1853683151959172 0.00052450804421644303 0.0017314645056721869 75.580321366562586 -0.0020171561291508762 -0.0032736469407500519 0.001319537698850848 4.2188291235878701 0.59963178144155471 0.64363772781389406 14.675028749362065 0.42318280991990648
decision_type=2 2 2 2 2 2 2 2 2 2 2 2 2 2 2 2 2 2 2 2 2 2 2 2 2 2 2 2 2 2
left_child=3 2 13 10 5 6 -3 8 -4 -9 17 16 -13 15 -7 -2 -12 19 -19 -1 22 25 23 -5 -24 -22 28 -28 -6 -23
right_child=1 4 7 20 26 14 -8 9 -10 -11 11 12 -14 -15 -16 -17 -18 18 -20 -21 21 29 24 -25 -26 -27 27 -29 -30 -31
leaf_value=-0.034551807170794806 0.017160820987744348 0.0026632565224462249 -0.019501352135386694 0.0015601562251057457 0.03151409580339614 0.0065788775383811629 -0.032663568321396386 -0.00043225256067944368 0.12188524718232151 0.010651770128399116 0.0059997120780777404 -0.028249300091885088 0.00073944841871670733 0.05975083402346703 0.033075989205489834 -0.013575311657551038 -0.014574737954526455 -0.04814476502184805 0.0041046843445150848 -0.014489228267658937 0.022439964519934276 -0.028240711141635334 -0.012669407675385666 0.084827284302927158 -0.059695596762201146 0.075312966641918944 -0.029257118196574568 0.012985437306401943 -0.023176144072318525 0.0074845527761682159
leaf_weight=110.79547446966171 13.862209059298037 53.823425702750683 3.5366960093379012 5.1141036748886108 54.034840971231461 597.45266839116812 30.436709232628345 464.78462344780564 3.2702909857034683 162.8753690123558 42.123653598129749 88.589513830840588 21.618134301155806 2.5717246755957595 18.723919153213501 257.87360017001629 77.782500669360161 8.9026428312063235 23.093623094260693 32.423224952071905 22.459359817206863 9.4821339175105113 24.462882891297344 2.7366148382425299 4.6089890524744979 3.471244938671588 13.468088030815123 293.86967548727989 8.9244544208049756 10.320046506822107
leaf_count=2363 172 344 25 32 227 3547 202 3119 23 861 595 1327 286 25 81 2787 1104 142 324 451 153 61 188 21 40 22 58 1244 38 80
internal_value=-0.000161242 0.00372392 -0.00137056 -0.0159214 0.00804782 0.00528107 -0.0100976 0.00293733 0.0484252 0.00244401 -0.0197354 -0.0146342 -0.0225629 -0.0113346 0.00738405 -0.0120074 -0.00734683 -0.0264349 -0.0104332 -0.0300098 0.00278176 0.0125703 -0.00934247 0.0305855 -0.0201248 0.0295179 0.0132813 0.0111343 0.0237618 -0.00962224
internal_weight=2467.49 1979.51 908.775 487.984 1070.73 700.437 84.2601 634.467 6.80699 627.66 405.329 230.114 110.208 274.308 616.177 271.736 119.906 175.215 31.9963 143.219 82.6554 45.7328 36.9226 7.85072 29.0719 25.9306 370.297 307.338 62.9593 19.8022
internal_count=19942 12753 7012 7189 5741 4174 546 4028 48 3980 6592 3312 1613 2984 3628 2959 1699 3280 466 2814 597 316 281 53 228 175 1567 1302 265 141
is_linear=0
shrinkage=0.05


Tree=34
num_leaves=29
num_cat=0
split_feature=4 1 1 4 1 4 2 3 1 4 2 0 4 1 4 0 0 3 3 1 2 0 3 4 3 0 3 3
split_gain=55.3783 14.6415 13.5662 12.5199 9.48608 6.51803 6.7752 8.8114 5.82465 7.43716 5.81286 10.5842 5.7582 5.38614 4.9712 4.66925 3.80743 6.41538 5.97135 3.65933 4.14458 5.03109 3.62758 3.45186 4.2324 4.14159 1.56898 1.28372
threshold=5.0016097590664605 0.00031130894658848446 0.00068102160950711543 14.458991171280177 -0.0037042033608062348 2.485059891021367 0.0020231198024170953 0.1853683151959172 -0.0083214107453278823 44.407134004858868 -0.0020171561291508762 27.004185457282471 8.0825958042164014 0.0052663383483173573 59.628429505301739 68.57487577377313 87.825219732613093 0.51645288734437333 0.42318280991990648 0.0033330098892452313 0.01374850732792743 75.24519815199406 0.30351712238340284 22.792558354281784 1.4598348614574264 69.870049518547361 0.52170167705565507 0.59963178144155471
decision_type=2 2 2 2 2 2 2 2 2 2 2 2 2 2 2 2 2 2 2 2 2 2 2 2 2 2 2 2
left_child=2 3 5 4 27 6 26 -8 9 -5 11 -7 -6 16 -10 -12 17 -3 -18 20 21 -4 -21 25 -25 -15 -1 -2
right_child=1 13 19 8 12 10 7 -9 14 -11 15 -13 -14 23 -16 -17 18 -19 -20 22 -22 -23 -24 24 -26 -27 -28 -29
leaf_value=-0.029399803031848488 -0.017957227494701883 -0.0062652234906988985 -0.0020033887390296713 -0.040179477294591807 -0.010109117275644492 -0.029593227951240808 -0.053216191517158 0.018042439227515489 0.007678432645461631 0.016249808463958185 -0.022094162993150802 0.018001798313302574 0.00062615651205376842 0.040405002552893678 0.05414384856209286 -0.0026429127948958105 0.072141378330939587 0.0075579402101021379 0.013247769783182307 -0.0060490815906999486 0.053863817503187333 -0.02427216083385552 0.051156632471128463 -0.0055183098664410525 0.019848085775518821 0.014165842170045465 -0.04238649366381575 -0.043874905667373752
leaf_weight=56.20404289662838 6.6478983163833645 94.125453479588032 150.69035637378693 14.18741697818041 225.86823519319296 18.558336053043604 6.1854732334613827 14.526222679764031 306.00661908835173 9.9228699356317502 171.72529243677855 31.520230479538441 279.45946296304464 27.881391376256943 5.8666359633207312 37.609719201922417 5.4170443564653423 775.35396156460047 20.947895877063274 5.1542933732271177 2.9631194844841948 30.496535953134298 5.9940086901187897 27.070777699351311 41.890082761645317 32.648436397314072 39.675048775970936 16.982934307307005
leaf_count=1230 78 535 1378 95 2397 292 111 206 1649 51 2735 414 1993 114 25 522 24 4134 92 22 14 298 26 117 176 133 889 192
internal_value=-0.000157662 0.00396524 -0.0137992 -0.000825894 -0.00562019 -0.0193521 -0.0291717 -0.00323869 0.00672204 -0.0169553 -0.0149387 0.000363824 -0.00417223 0.00800691 0.00855249 -0.0185995 0.00662913 0.00606151 0.0253483 -0.00310832 -0.00479231 -0.00575157 0.0247082 0.0175387 0.00989044 0.0262522 -0.0347737 -0.0365837
internal_weight=2461.58 1890.28 571.303 864.942 528.959 376.004 116.591 20.7117 335.984 24.1103 259.414 50.0786 505.328 1025.34 311.873 209.335 895.844 869.479 26.3649 195.298 184.15 181.187 11.1483 129.491 68.9609 60.5298 95.8791 23.6308
internal_count=19942 11805 8137 6480 4660 6399 2436 317 1820 146 3963 706 4390 5325 1674 3257 4785 4669 116 1738 1690 1676 48 540 293 247 2119 270
is_linear=0
shrinkage=0.05


Tree=35
num_leaves=30
num_cat=0
split_feature=4 4 1 1 1 1 1 3 1 3 2 0 3 4 0 1 2 4 1 2 1 4 4 0 2 0 2 1 4
split_gain=50.8343 15.9284 13.3228 12.5269 8.99171 6.80275 6.30664 6.19398 5.97972 5.67523 4.84527 6.02955 4.26712 4.18971 4.10566 4.99064 11.6404 4.02374 3.64569 5.24234 3.3114 5.65331 3.14243 2.43285 2.2964 1.30455 0.367937 0.0017071 0.000685287
threshold=4.1468518988878413 10.068266326545126 0.0012831554257007884 -0.00010384526964879458 -0.0014751519535024513 -0.0015956825686533336 0.0044450411893166572 1.7266898351451203 -8.0581757296860332e-05 0.37657942365660085 -0.0094455257470397163 14.61117897153254 0.65800433554823445 3.3664280807982121 19.736463898572847 -0.0023071663841462415 -0.0018365484466977831 0.9659135669544302 0.0030650822750616373 0.0043064638280245768 0.0067333866282944807 49.608894188768083 49.608894188768083 41.291286000206917 0.0021099970282398854 69.376643319139404 -0.011595641612739236 0.000480720694414627 3.3330988665920329
decision_type=2 2 2 2 2 2 2 2 2 2 2 2 2 2 2 2 2 2 2 2 2 2 2 2 2 2 2 2 2
left_child=2 3 14 10 5 7 8 -3 -5 13 26 -12 -8 24 27 16 -16 -17 19 -11 21 -6 -22 -7 -4 -15 -2 28 -1
right_child=1 4 9 6 20 23 12 -9 -10 18 11 -13 -14 25 15 17 -18 -19 -20 -21 22 -23 -24 -25 -26 -27 -28 -29 -30
leaf_value=-0.052545379124062055 -0.056393642901748114 -0.0025111848128717817 -0.014691975769119901 0.056805743404720749 0.0083437829766222823 -0.062584146178565225 0.044109440318532415 0.016378728245726629 0.00096412305266482682 0.022376075109989072 0.037063590650116357 -0.010053116133092656 -0.0070312404202645413 -0.025011151893971337 0.14180305318184636 -0.045789248635906971 -0.053632160184873282 -0.018592661869897376 0.074289140990954725 -0.046353671854801125 0.024519424518152561 0.052063050836921365 -0.0042713317267637115 -0.016668456577043092 0.016177328081520795 -0.068168608877744272 -0.031771668919507737 -0.05509775829324625 -0.053486433476255528
leaf_weight=4.9392121285200101 5.4438180029392242 226.99847356230021 12.684611819684511 4.8331705629825583 745.93770106136799 5.3823171854019147 14.573804095387461 53.653044052422047 592.63294465094805 25.073262885212905 6.9492076225578776 296.52671397477388 5.6641628295183173 4.0589581653475753 1.5307346917688849 14.202428378164766 1.5169623866677273 320.66202966868877 2.8312591612339011 3.1196424961090079 60.570747181773186 7.4683259874582282 11.235696643590925 6.2174531370401382 11.474661178886889 3.0795039609074593 2.1035980917513362 1.0057550556957711 3.180149532854557
leaf_count=108 57 1508 84 46 3578 35 60 283 4177 201 72 3232 23 29 25 296 25 5518 12 23 253 32 47 36 72 19 25 13 53
internal_value=-0.000153607 0.00306415 -0.0162376 -0.00177485 0.00708585 -0.000450809 0.00234568 0.00110006 0.00141585 0.0050478 -0.00995837 -0.0089742 0.0297963 -0.00997444 -0.0200601 -0.0191664 0.044527 -0.0197461 0.0202025 0.0147709 0.00975498 0.00877716 0.0200145 -0.0379734 -3.03259e-05 -0.0436291 -0.0495311 -0.0531547 -0.052914
internal_weight=2455.55 2046.19 409.359 928.727 1117.46 292.251 617.704 280.652 597.466 62.3219 311.023 303.476 20.238 31.2977 347.037 337.912 3.0477 334.864 31.0242 28.1929 825.212 753.406 71.8064 11.5998 24.1593 7.13846 7.54742 9.12512 8.11936
internal_count=19942 13464 6478 7692 5772 1862 4306 1791 4223 440 3386 3304 83 204 6038 5864 50 5814 236 224 3910 3610 300 71 156 48 82 174 161
is_linear=0
shrinkage=0.05


Tree=36
num_leaves=31
num_cat=0
split_feature=4 4 1 1 1 1 1 3 1 3 2 0 0 2 3 2 4 3 4 4 1 4 4 0 1 2 2 0 2 4
split_gain=46.4988 14.342 12.3439 11.3959 8.07629 6.2869 5.70345 5.5495 5.2075 5.083 4.62381 5.3624 4.0336 6.98722 7.96466 3.98775 3.89768 3.86194 3.28127 4.36171 3.00644 5.02391 3.02646 2.36683 2.07505 1.51734 2.14065 1.25837 0.369662 0.277054
threshold=4.1468518988878413 10.068266326545126 0.0012831554257007884 -0.00010384526964879458 -0.0014751519535024513 -0.0015956825686533336 0.0044450411893166572 1.7266898351451203 -6.7486611492750801e-05 0.37657942365660085 -0.0094455257470397163 14.61117897153254 23.619573614330168 -0.0028052792550063428 0.23808289799898086 0.0026122199252536231 3.3664280807982121 0.65800433554823445 3.9536983733073048 3.7817032971616977 0.0067333866282944807 49.608894188768083 30.697848730658169 41.291286000206917 0.0023234184459436373 -0.0014188418801209244 -0.0010776483097232334 69.376643319139404 -0.011595641612739236 3.914347754354544
decision_type=2 2 2 2 2 2 2 2 2 2 2 2 2 2 2 2 2 2 2 2 2 2 2 2 2 2 2 2 2 2
left_child=2 3 12 10 5 7 8 -3 -5 16 28 -12 25 14 -14 -15 24 -8 19 -11 21 -6 -22 -7 -4 29 -27 -18 -2 -1
right_child=1 4 9 6 20 23 17 -9 -10 18 11 -13 13 15 -16 -17 27 -19 -20 -21 22 -23 -24 -25 -26 26 -28 -29 -30 -31
leaf_value=-0.052918810317920201 -0.056047099043291727 -0.0023893609735801788 -0.012896935778730956 0.041071988591773509 0.0079023298470772118 -0.061838811129911853 0.041990884844578753 0.015438365534311299 0.00079534890627019341 0.016326337149024737 0.034195836355116693 -0.0096281592590518189 -0.027361579247953606 -0.022445284628209092 0.039850896515609052 -0.0068158148362976873 -0.024145405033667664 -0.0066826862123614359 -0.023367122323878109 0.070262941807627058 0.029020047032817256 0.048883131101316556 0.0084801591827707769 -0.015983683633026002 0.016670569814547027 0.050324788960405743 -0.052573319473611629 -0.067096117664117605 -0.030985286040981982 -0.034834978242107205
leaf_weight=11.529978021979334 5.2095267772674561 226.65267256647348 13.637637525796896 8.1360187754034978 748.1691130399704 5.1799564436078054 14.544354483485224 54.06412198394537 589.87831730395555 22.864187240600593 7.1499645002186289 294.19467244297266 7.5361362844705608 258.28120675310493 10.617504574358462 48.469946768134832 3.9959039092063895 5.6616778522729865 3.9903663247823706 4.4832182005047789 36.833793520927429 7.5541224777698508 34.951902791857719 6.1610988676548004 10.50454521179199 0.96947494894266162 1.0559860058128823 2.9749442562460899 2.0505018010735503 2.5945949517190448
leaf_count=233 57 1508 109 76 3578 35 60 283 4147 173 72 3232 128 4734 160 701 29 23 31 32 152 32 148 36 47 21 23 19 25 38
internal_value=-0.00014935 0.00290942 -0.015662 -0.0016911 0.00671793 -0.000430369 0.00222609 0.00104414 0.00134331 0.00477483 -0.00953831 -0.00858835 -0.0194042 -0.0181919 0.0119489 -0.0199757 -0.00954124 0.0283527 0.0189882 0.0251685 0.00924082 0.00831197 0.0190193 -0.0369277 -3.17693e-05 -0.0437933 -0.00332175 -0.0424755 -0.0489687 -0.0495969
internal_weight=2449.9 2046.39 403.506 926.825 1119.57 292.058 618.22 280.717 598.014 62.4508 308.605 301.345 341.055 324.905 18.1536 306.751 31.113 20.206 31.3378 27.3474 827.509 755.723 71.7857 11.3411 24.1422 16.15 2.02546 6.97085 7.26003 14.1246
internal_count=19942 13464 6478 7692 5772 1862 4306 1791 4223 440 3386 3304 6038 5723 288 5435 204 83 236 205 3910 3610 300 71 156 315 44 48 82 271
is_linear=0
shrinkage=0.05


Tree=37
num_leaves=28
num_cat=0
split_feature=4 1 1 4 4 2 3 2 0 1 2 3 3 4 2 1 2 2 0 2 0 0 4 4 3 4 4
split_gain=42.6709 18.0939 9.27992 7.0378 6.43928 5.90814 8.19387 5.82447 12.0161 9.08385 5.62368 9.54356 5.22993 4.9699 4.71483 4.41976 4.38707 3.69249 3.67085 3.25476 2.95276 3.25968 2.72974 2.54206 1.67574 1.14151 0.00277414
threshold=6.1564596054469298 0.0006454333785558265 -0.00093604864810675748 2.485059891021367 8.3330759680389175 0.0020231198024170953 0.1853683151959172 -0.00089944959660503965 52.105872002722599 -0.0046583449979881167 -0.0022045618195563606 0.75587700171185002 1.402671809405927 10.068266326545126 0.020219425115825088 0.0061288479747498856 -0.013551799760286585 -0.00041197001515808068 14.61117897153254 -0.0065860891602725338 20.98507969645858 31.458433800484624 6.6437747828062568 3.4706361793305471 0.52170167705565507 5.38951094084047 4.9100462772437803
decision_type=2 2 2 2 2 2 2 2 2 2 2 2 2 2 2 2 2 2 2 2 2 2 2 2 2 2 2
left_child=1 3 4 5 18 24 -7 9 -9 -6 11 -5 15 14 16 17 -4 -3 19 -2 -15 -22 -20 -12 -1 26 -14
right_child=2 12 13 10 7 6 -8 8 -10 -11 23 -13 25 20 -16 -17 -18 -19 22 -21 21 -23 -24 -25 -26 -27 -28
leaf_value=-0.02709477308860312 0.076296201065050293 -0.0099362233562684029 -0.064269921814432168 0.013719720246523515 -0.0099685504946449011 -0.052955127658182069 0.018404167236187645 -0.028228221312397436 0.0038874490641539923 0.0099691621717688805 -0.023616916522975522 -0.026867688471719098 -0.055104866972271509 -0.024252169850669837 0.059102587939436901 0.069161234540314906 0.002344433206951864 0.0035754361686264925 -0.0012118162609182374 -0.012723086283507573 0.026003804371024498 0.0086829926038365993 -0.027598509000152704 -0.012969452346479844 -0.041150846577736787 -0.021212994560520389 -0.057684221564548679
leaf_weight=51.513318169862032 1.8859396688640115 66.067400392144918 2.4853263944387427 44.362113036215305 79.252568874508142 5.6809595078229931 13.782330539077519 47.762594647705555 74.639952212572098 204.65623331815004 75.321249555796385 21.503881208598614 2.3312944397330266 6.6041289418935767 3.641145944595336 2.356851950287818 447.73367929458618 215.47802434489131 13.02414410188794 2.2540398165583602 28.210043206810951 731.89083956182003 39.611597955226898 219.18275967985392 36.038086179643869 5.1754273176193237 1.8855373859405515
leaf_count=1213 20 572 18 581 520 110 199 305 479 1370 1522 290 29 34 17 10 2980 1777 160 21 140 3386 459 2797 877 39 17
internal_value=-0.000145128 -0.00997349 0.00429536 -0.0160822 -0.00173114 -0.0273413 -0.00242424 0.000472849 -0.00864438 0.00440359 -0.0127387 0.000468773 -0.00023883 0.00658183 0.002435 0.000975583 0.0019767 0.000404792 -0.0175038 0.027829 0.0090366 0.00932583 -0.0210694 -0.0156926 -0.0328806 -0.0369472 -0.0562582
internal_weight=2444.33 760.679 1683.65 467.385 463.087 107.015 19.4633 406.311 122.403 283.909 360.37 65.866 293.295 1220.57 453.86 283.902 450.219 281.545 56.7757 4.13998 766.705 760.101 52.6357 294.504 87.5514 9.39226 4.21683
internal_count=19942 10033 9909 7589 3334 2399 309 2674 784 1890 5190 871 2444 6575 3015 2359 2998 2349 660 41 3560 3526 619 4319 2090 85 46
is_linear=0
shrinkage=0.05


Tree=38
num_leaves=29
num_cat=0
split_feature=4 1 2 4 1 2 2 1 1 1 0 3 4 2 4 3 2 0 1 2 0 3 4 3 3 4 3 3
split_gain=39.3488 11.0859 10.8074 8.3542 8.80412 6.27956 9.19278 5.87623 5.05721 4.97259 6.4859 4.60728 4.54049 4.40848 4.1762 7.07579 4.02362 3.62827 3.59481 3.34683 3.13516 3.03317 3.1504 2.72718 2.71354 4.13078 3.82251 1.90145
threshold=4.4422007775710961 0.0023959411264389279 0.0016895165204451337 16.701860283241547 -0.0033690907719910452 -0.0048558323997645583 -0.0024945237827739826 -0.0023071663841462415 0.00068102160950711543 0.001577282327231311 75.580321366562586 0.99305766179529986 2.03253029915254 -0.013551799760286585 3.7817032971616977 0.30351712238340284 0.0014459023759187952 70.731692034421528 -0.0028332170019454979 0.0071201924984863893 32.402262241424545 0.41834918146148675 12.770128724184124 0.42318280991990648 1.4978728358230049 22.792558354281784 1.9715129556457616 0.22103325212402236
decision_type=2 2 2 2 2 2 2 2 2 2 2 2 2 2 2 2 2 2 2 2 2 2 2 2 2 2 2 2
left_child=2 3 7 4 20 11 -7 18 12 14 17 -5 -9 -6 15 -4 -10 -11 -1 -16 -2 22 27 -12 25 -23 -26 -3
right_child=1 21 9 5 13 6 -8 8 16 10 23 -13 -14 -15 19 -17 -18 -19 -20 -21 -22 24 -24 -25 26 -27 -28 -29
leaf_value=-0.0066876074101490379 -0.03469333737884614 0.0023810066842724822 0.0064552763023867955 0.016855749926574296 -0.036761702921408741 0.030852877979862164 0.0070721304396546576 -0.035443862426488941 -0.00580052262201997 0.020257139069853009 -0.03155629299677578 -0.0073988475466785879 -0.019114818203077515 -2.3429574286339751e-05 0.014574959000628504 -0.025490730251611728 -0.048604848071747017 0.068297919523182246 0.085253611667356968 -0.054687815490837989 -0.0085494412965123941 0.0087754908746928637 -0.013163842885248975 0.011806101657220819 0.019110362234209522 -0.0073140878949588999 -0.01103668203025028 0.037543996428487207
leaf_weight=2.0994028858840466 24.740478049963713 4.6557564884424272 28.062909923493862 25.040052339434624 8.2252299413084966 51.422500491142273 193.77726033329964 56.532436467707157 78.155203487724066 13.099529020488264 7.2521711364388448 89.779216110706329 172.38977855071425 1127.6333392336965 25.036129094660286 45.33480454236269 5.904915139079093 5.6148734614253035 2.1539091467857352 1.8747101090848435 21.374221745878458 264.39341281354427 4.6526795923709861 7.2518122866749763 92.221941754221916 46.980116128921509 11.867888063192366 22.06700736284256
leaf_count=33 255 20 434 133 66 263 940 1379 775 71 40 491 3196 8566 301 682 63 30 35 25 208 1134 20 46 384 205 51 96
internal_value=-0.000141405 0.00288169 -0.0134797 0.00087218 -0.00115896 0.00754059 0.0120594 -0.0185026 -0.0192959 -0.00154635 0.0152207 -0.00210935 -0.0231473 -0.000289467 -0.00709896 -0.0132765 -0.00880737 0.0346708 0.0398721 0.00974985 -0.0225756 0.00981629 0.0248067 -0.00987563 0.00868423 0.00634789 0.0156731 0.0314177
internal_weight=2439.59 1988.83 450.763 1541.99 1181.97 360.019 245.2 317.236 312.982 133.527 33.2184 114.819 228.922 1135.86 100.309 73.3977 84.0601 18.7144 4.25331 26.9108 46.1147 446.839 31.3754 14.504 415.463 311.374 104.09 26.7228
internal_count=19942 12832 7110 10922 9095 1827 1203 5481 5413 1629 187 624 4575 8632 1442 1116 838 101 68 326 463 1910 136 86 1774 1339 435 116
is_linear=0
shrinkage=0.05


Tree=39
num_leaves=28
num_cat=0
split_feature=4 1 1 4 1 2 1 2 2 2 0 0 4 4 0 2 3 3 1 4 3 4 0 4 1 0 0
split_gain=36.0061 15.1823 8.21987 8.78119 7.74053 6.53306 6.18863 10.9473 7.14811 5.59096 6.40585 5.2807 5.14324 4.92014 4.3719 5.26681 4.2558 3.68303 3.53783 6.41906 7.07753 2.59461 4.54953 2.58358 2.57016 2.52773 1.26458
threshold=5.586424652810364 0.0006454333785558265 -3.4054724697696319e-05 15.477642879812143 -0.0037042033608062348 -0.002893971424146657 -0.00039448524152457804 0.0028389330388953753 -0.00089944959660503965 -0.0012529026451787437 23.619573614330168 68.57487577377313 4.6448373345635021 2.485059891021367 21.772941098734268 -0.00041197001515808068 0.95037097327006037 1.2227728529908057 0.0067333866282944807 49.608894188768083 2.0123677200408125 49.608894188768083 72.274565633791028 3.3330988665920329 0.0028628618169846969 56.554614406125999 61.67015638787926
decision_type=2 2 2 2 2 2 2 2 2 2 2 2 2 2 2 2 2 2 2 2 2 2 2 2 2 2 2
left_child=1 9 3 4 25 -6 8 -8 -5 10 12 23 -1 -12 -3 24 -13 -17 19 20 -4 26 -23 -11 -16 -2 -20
right_child=2 14 18 6 5 -7 7 -9 -10 11 13 16 -14 -15 15 17 -18 -19 21 -21 -22 22 -24 -25 -26 -27 -28
leaf_value=-0.046332940351572149 -0.034757224967475055 0.060142987857272713 0.005649232561547232 0.0097022787415664349 0.0062465035316078658 -0.0077502067600508928 0.0091059841846902918 0.089306794635990894 -0.0080129426553561412 -0.028641152588566549 -0.028461055337019626 -0.013059904412405857 0.0069644442940649288 0.0054709824400213485 -0.018471554294012871 0.0046924888310524559 0.020248187378272831 -0.020925727582342471 0.033489279058523662 0.057198788220604459 -0.032049739315064517 -0.040250763917004863 0.023614059286014719 -0.018220556558017138 0.026430492400102604 0.02677831388818025 0.016825391716562294
leaf_weight=15.138718295842411 25.949984513223175 2.943953536450862 992.13937395811081 178.54754310101271 120.12274660915136 272.47569394111633 14.570131331682207 6.0099703520536414 83.606766685843468 109.54738302156329 12.637822482734917 47.713690955191851 6.4572786800563327 69.069761130958796 47.450092662125826 175.83407261222601 12.002464119344948 15.246136542409657 15.003401041030882 5.9648254811763755 12.608019739389418 5.0867928564548475 6.1721556484699249 130.14644664153457 3.4163471162319174 1.783553224056958 47.207729086279869
leaf_count=308 294 28 5207 986 958 2391 65 27 442 2578 314 760 80 971 447 1495 172 155 63 25 58 22 25 1840 16 17 198
internal_value=-0.000137363 -0.0102382 0.00352266 -0.000688123 -0.00527104 -0.00346765 0.00612514 0.0325269 0.00405251 -0.0162082 -0.00617845 -0.0196687 -0.0303968 0.000222668 -0.000420842 -0.00115777 -0.00636525 0.00264843 0.00625325 0.00548319 0.00517617 0.0168469 -0.00524007 -0.0229831 -0.0154558 -0.0307999 0.0208442
internal_weight=2434.85 647.604 1787.25 703.066 420.332 392.598 282.734 20.5801 262.154 402.714 103.304 299.41 21.596 81.7076 244.891 241.947 59.7162 191.08 1084.18 1010.71 1004.75 73.4701 11.2589 239.694 50.8664 27.7335 62.2111
internal_count=19942 9164 10778 5180 3660 3349 1520 92 1428 7023 1673 5350 388 1285 2141 2113 932 1650 5598 5290 5265 308 47 4418 463 311 261
is_linear=0
shrinkage=0.05


Tree=40
num_leaves=29
num_cat=0
split_feature=4 4 1 1 0 2 0 3 3 1 4 1 0 4 3 4 2 2 2 1 1 2 2 0 3 3 1 4
split_gain=33.0425 10.3813 9.61045 9.42651 7.54131 6.29373 6.22372 6.12002 4.46717 4.30655 6.36314 4.2821 4.08913 4.18995 4.87155 3.61597 3.39776 4.21612 3.15303 3.14389 3.12643 4.79453 2.38099 1.22708 1.22569 1.12154 0.00177797 0.000492401
threshold=4.1468518988878413 9.8645257301430664 0.0012831554257007884 -0.00051665490611074716 17.893796022578346 0.00084926439234245265 22.952753556947417 1.8203388920926749 0.37657942365660085 -0.0083214107453278823 49.608894188768083 -0.0028332170019454979 19.736463898572847 0.9659135669544302 0.50558642889153005 3.3664280807982121 -0.0074742516813411921 -0.0056246255763743305 -0.0023208625842770498 -0.004985216694804894 0.0030650822750616373 0.0043064638280245768 -0.002114589899628649 69.376643319139404 0.10356225873718453 0.41834918146148675 0.000480720694414627 3.3330988665920329
decision_type=2 2 2 2 2 2 2 2 2 2 2 2 2 2 2 2 2 2 2 2 2 2 2 2 2 2 2 2
left_child=2 3 12 7 25 -6 16 11 15 10 -8 -2 26 24 -15 22 19 -18 -11 -3 21 -10 -4 -17 -14 -5 27 -1
right_child=1 6 8 4 5 -7 9 -9 20 18 -12 -13 13 14 -16 23 17 -19 -20 -21 -22 -23 -24 -25 -26 -27 -28 -29
leaf_value=-0.052115918842268752 -0.036226647381824975 -0.019193476653705549 0.03604646748017179 0.043395909727210441 -0.0045255025807499349 0.0051622814701843336 -0.042669511101490948 0.060704872874306849 0.019611730664612491 0.011367094543571791 0.020212818424411357 -0.0096936241943623731 -0.013792841942792667 -0.0075326900260621367 -0.020433707286868011 -0.023273252304459008 -0.054691912410933255 -0.0037012187566121467 0.005191009401741273 0.0079051263469217242 0.067137570266748631 -0.046161814878895611 -0.0069733135430372186 -0.066297200883202956 -0.052483371055137368 0.09218223183123353 -0.054784141838389866 -0.052977540258104694
leaf_weight=4.1642651818692675 16.485628262162209 17.803580850362778 3.825072228908545 2.9196255058050147 305.381124176085 371.71011769399047 10.48881731927395 2.9547757282853118 25.741483211517341 279.63665939867496 6.526195377111434 195.95142486691475 2.576701294630765 126.03043492138386 174.47812693938613 3.9247080013155928 8.245560936629774 7.9744841679930678 791.78839874267578 26.837378911674023 2.8833289146423331 3.1048525273799887 20.210415847599506 2.8685617223381996 9.956813916563986 1.9748835526406763 0.93304768204689015 2.7552742809057236
leaf_count=108 228 129 23 24 2462 2580 70 26 201 1532 32 2199 59 2284 3283 29 63 62 3871 169 12 23 133 19 238 17 13 53
internal_value=-0.00013367 0.00238994 -0.0136034 -0.00164001 0.00123994 0.000792905 0.00553654 -0.0107587 0.00432424 0.0064066 -0.0185507 -0.0117527 -0.0170984 -0.0162045 -0.0150231 -0.00923072 -0.0100235 -0.0296227 0.00680294 -0.00290226 0.0174943 0.0125322 -0.00012703 -0.0414408 -0.0445292 0.0630807 -0.0527353 -0.052459
internal_weight=2430.13 2046.68 383.453 897.378 681.986 677.091 1149.3 215.392 62.5584 1088.44 17.015 212.437 320.895 313.042 300.509 30.8288 60.861 16.22 1071.43 44.641 31.7297 28.8463 24.0355 6.79327 12.5335 4.89451 7.85259 6.91954
internal_count=19942 13464 6478 7536 5083 5042 5928 2453 440 5505 102 2427 6038 5864 5567 204 423 125 5403 298 236 224 156 48 297 41 174 161
is_linear=0
shrinkage=0.05


Tree=41
num_leaves=30
num_cat=0
split_feature=4 1 1 4 1 2 3 0 3 3 1 4 1 3 1 3 0 2 4 2 0 3 2 2 3 4 3 4 4
split_gain=30.2967 13.7311 7.01895 5.81164 5.74318 5.49478 8.01211 5.11255 8.64531 4.81312 4.41231 4.16323 7.16414 5.78922 3.91739 3.90989 5.04393 7.8903 4.83938 4.00942 6.79934 3.69038 3.35818 4.9917 3.26063 1.90615 1.7829 1.10305 0.00227668
threshold=6.1564596054469298 0.0006454333785558265 -0.00093604864810675748 2.485059891021367 -0.0010863781534419801 0.0020231198024170953 0.1853683151959172 40.428207951407828 0.88720907096172141 1.402671809405927 -0.0010090598204105514 14.458991171280177 -0.0037042033608062348 0.95037097327006037 0.0061288479747498856 1.4397269281387868 30.565000014160827 -0.0037017652471750813 14.675028749362065 0.008342705806258734 72.274565633791028 1.3843304188126517 -0.0010338773989617132 -0.0017066361776442716 1.3570130812794876 14.675028749362065 0.52170167705565507 5.38951094084047 4.9100462772437803
decision_type=2 2 2 2 2 2 2 2 2 2 2 2 2 2 2 2 2 2 2 2 2 2 2 2 2 2 2 2 2
left_child=1 3 4 5 11 26 -7 8 -5 14 -9 12 -2 -13 24 19 17 -17 -18 20 -4 -21 23 -6 -3 -24 -1 28 -11
right_child=2 9 15 7 22 6 -8 10 -10 27 -12 13 -14 -15 -16 16 18 -19 -20 21 -22 -23 25 -25 -26 -27 -28 -29 -30
leaf_value=-0.024390789291438064 -0.033548566847721069 -6.2083320586093569e-05 0.0038888669888785901 0.0094938240676752626 -0.021067687218338238 -0.05273303202221017 0.019832716509699914 -0.033375728570202393 -0.01941269341170284 -0.054712378323637068 -0.012617365864587133 0.021159283860229378 -0.0024508179853985194 0.00056211065016211186 0.065746183472805628 0.0032253979589548891 0.0021534467956695539 0.1160034193101754 0.014277107203255363 0.010020270977561977 -0.012144861369275598 0.056120375170731367 -0.029330983508949016 0.055714264634111534 0.05597676826559414 -0.070751507213196257 -0.039646117986751897 -0.020655814546951985 -0.057122011380623852
leaf_weight=46.904120836406946 20.8235694617033 277.81170090287924 666.97445173561573 64.858677104115486 12.10219746828079 5.2914618588984039 13.530385602265595 29.143267784267664 43.024283766746521 2.1806634590029703 210.4809416346252 40.92228177934885 167.43257227912545 205.08232276141644 2.3167948722839347 3.4081422090530396 141.00140342861414 2.8459987044334403 197.7540919482708 137.26664451509714 73.396943405270576 4.4829462468624106 8.5519547238945943 2.5654708147048977 2.6202367469668379 4.1136415004730216 32.370165646076202 5.1192178651690483 1.7807469591498373
leaf_count=1213 258 2326 3773 957 90 110 199 445 649 29 3139 244 1477 1147 10 19 865 23 850 632 394 19 76 22 23 20 877 39 17
internal_value=-0.000129876 -0.00858512 0.00356236 -0.0141065 -0.00169348 -0.0248539 -0.000567985 -0.0110727 -0.00203424 -0.000154287 -0.015142 -0.000294253 -0.00589063 0.0039884 0.000996451 0.00553938 0.0100523 0.054546 0.00923083 0.00377433 0.00229936 0.0114782 -0.0239238 -0.00763802 0.00046152 -0.0427839 -0.03062 -0.0359855 -0.0557956
internal_weight=2426.16 737.433 1688.72 445.603 461.594 98.0961 18.8218 347.507 107.883 291.829 239.624 434.261 188.256 246.005 282.749 1227.13 345.01 6.25414 338.755 882.121 740.371 141.75 27.3333 14.6677 280.432 12.6656 79.2743 9.08063 3.96141
internal_count=19942 10033 9909 7589 3334 2399 309 5190 1606 2444 3584 3126 1735 1391 2359 6575 1757 42 1715 4818 4167 651 208 112 2349 96 2090 85 46
is_linear=0
shrinkage=0.05


Tree=42
num_leaves=30
num_cat=0
split_feature=4 1 1 4 1 3 2 0 1 3 3 4 4 0 2 4 3 1 2 4 0 4 4 0 2 3 2 1 1
split_gain=28.1058 8.57904 8.55395 7.37815 6.97961 5.83315 5.3265 7.87299 4.61783 4.37589 4.7504 4.68007 4.2809 4.25566 5.48877 3.93907 5.07077 5.24155 4.2564 7.88465 6.31142 3.38274 3.32804 2.95998 2.21341 1.26616 1.59193 0.0037825 0.00150538
threshold=4.1468518988878413 0.0027025948328207598 0.0015162115511724308 16.701860283241547 -0.0033690907719910452 0.16566242319283539 -0.0048558323997645583 29.440277017099188 -0.0046583449979881167 0.38227515327080847 0.30351712238340284 3.8798649301684653 0.9659135669544302 19.736463898572847 -0.0028052792550063428 14.087885361861685 1.2432811892115307 0.0088456115280552989 -0.00096650814226517656 9.4498889849671439 49.006821112609408 2.7067038186558592 30.697848730658169 32.402262241424545 0.0021099970282398854 0.10356225873718453 -0.00016678563101257812 0.00068102160950711543 0.000480720694414627
decision_type=2 2 2 2 2 2 2 2 2 2 2 2 2 2 2 2 2 2 2 2 2 2 2 2 2 2 2 2 2
left_child=2 3 12 4 23 -6 8 -8 -5 10 24 21 25 28 -15 18 17 -17 19 -3 -20 -11 -18 -2 -4 26 -1 -27 -14
right_child=1 15 9 6 5 -7 7 -9 -10 11 -12 -13 13 14 -16 16 22 -19 20 -21 -22 -23 -24 -25 -26 27 -28 -29 -30
leaf_value=-0.052575343009288067 -0.032965447681073436 0.0025414863590555881 -0.013895356529766898 -0.013777660383525731 0.070258971186707653 -0.00066778211647345383 0.094456505217581005 0.0098847870070092134 0.0063984792426891703 -0.0051584991040464342 -0.048239267933690523 -0.022303944764263665 -0.052340503778204185 0.010732091964085795 -0.01543506112270392 -0.0082418433258042191 0.017027628579377233 0.025381403845863765 -0.028155526001695998 0.062081078269985435 0.014480004469109513 0.045472947810541127 0.00040421099253530162 -0.0070095082260638224 0.019436973996760379 -0.0520441865510331 0.027019091215908859 -0.054833154326236602 -0.054536758137627928
leaf_weight=1.2541556134819987 23.33337739109993 10.176114469766619 9.3131700828671509 48.96493910998106 2.9056555777788153 1234.3245012275875 2.7819414883851996 254.65765406191349 67.392236441373825 4.2903764545917573 5.579782359302043 4.6533951163291922 6.2602634429931632 21.554141744971275 285.31161168590188 87.20471853017807 84.996089279651642 13.367793023586271 9.3134128600358945 12.259117916226385 127.64550711214542 14.275091402232645 46.62422576546669 20.753103133291006 10.705617196857927 8.4947462230920774 1.2586634196341027 1.418759062886237 0.89131381735205639
leaf_count=30 257 45 54 293 22 9454 15 1230 335 29 36 31 153 348 5359 370 351 57 40 51 538 87 198 208 59 231 30 18 13
internal_value=-0.000126486 0.00217986 -0.0127055 0.000605287 -0.00119781 -0.000501209 0.00678603 0.0107987 -0.00209196 0.0068156 -0.00744142 0.0225338 -0.0156247 -0.0144857 -0.0135971 0.00883507 0.00468013 -0.00377274 0.0148877 0.0350753 0.0115807 0.0337723 0.0111391 -0.020747 0.00393006 -0.0444079 -0.0127067 -0.0524433 -0.0526142
internal_weight=2421.96 2046.7 375.261 1655.11 1281.32 1237.23 373.797 257.44 116.357 48.8174 25.5986 23.2189 326.444 314.017 306.866 391.587 232.193 100.573 159.394 22.4352 136.959 18.5655 131.62 44.0865 20.0188 12.4263 2.51282 9.91351 7.15158
internal_count=19942 13464 6478 11814 9941 9476 1873 1245 628 296 149 147 6182 5873 5707 1650 976 427 674 96 578 116 549 465 113 309 60 249 166
is_linear=0
shrinkage=0.05


Tree=43
num_leaves=27
num_cat=0
split_feature=4 1 1 4 1 3 2 4 2 3 3 2 3 0 0 3 1 4 3 3 2 4 4 2 3 3
split_gain=25.7159 7.35428 7.31193 7.72307 6.20986 5.2786 11.0738 4.76692 5.91358 7.87619 4.6477 4.61406 6.85828 4.98892 3.96682 3.87534 3.05864 5.00973 4.17803 2.70022 2.8822 2.59322 3.73352 2.22851 1.77984 0.336805
threshold=5.0016097590664605 0.00068102160950711543 0.00031130894658848446 8.0825958042164014 0.0002635297174173879 0.3712433317577814 0.0021981533992694318 2.485059891021367 0.0020231198024170953 0.1853683151959172 1.8612269189386839 -0.0013728282511125676 0.54707529844795022 68.57487577377313 17.893796022578346 1.3843304188126517 0.0067333866282944807 49.608894188768083 2.0123677200408125 1.402671809405927 -0.00041197001515808068 30.697848730658169 34.702984735117845 0.0080344749979772718 0.52170167705565507 0.65351906013004635
decision_type=2 2 2 2 2 2 2 2 2 2 2 2 2 2 2 2 2 2 2 2 2 2 2 2 2 2
left_child=1 7 3 4 10 6 -5 8 24 -10 -2 12 -9 -13 -3 -7 17 18 -4 20 -16 23 -23 -18 -1 -6
right_child=2 14 16 5 25 15 -8 11 9 -11 -12 13 -14 -15 19 -17 21 -19 -20 -21 -22 22 -24 -25 -26 -27
leaf_value=-0.023701901688952469 -0.0080488685144412993 0.080877812585821773 0.0047553619498838838 -0.018418256544515572 -0.034718859829766545 -0.0017287335928064308 0.10781131526442334 0.018616266083177246 -0.052565576792684456 0.02019928712681951 0.059826659838721166 -0.019222979599948831 -0.014123715159092672 0.0020139140832771871 -0.013631774480474791 0.0062673242450479727 0.010598846068849126 0.056930993616541227 -0.027141778426412352 -0.054559891173691359 0.0012748927876216481 -0.021886841153952133 0.015118677129408072 0.034837728280239864 -0.039157929667458104 -0.057615646885617683
leaf_weight=45.883779373019934 210.26802085340023 1.4288323894143093 948.30573955923319 3.442006640136241 2.1887865364551526 376.81617559492588 3.5084502100944519 29.375666238367558 5.0474988520145443 14.128328919410704 2.5526553392410269 136.10514729470015 35.117583937942982 34.706157069653273 41.765750229358673 253.45065511763096 16.905789762735367 4.5619580447673789 10.378526501357554 2.4815690815448752 145.01829655468464 9.2346853464841825 26.022951737046242 21.596269130706787 31.354393787682056 6.0329499170184135
leaf_count=1230 2355 13 4948 25 20 2499 23 426 111 206 23 2452 565 520 396 1481 70 19 48 34 1295 40 108 92 889 54
internal_value=-0.000122466 -0.00994446 0.00258488 -0.000828875 -0.00888195 0.00196463 0.0452999 -0.0144424 -0.0238062 0.00104598 -0.00723474 -0.0106057 0.000788834 -0.014908 -0.0021201 0.00148674 0.00541021 0.00465879 0.00441005 -0.00274668 -0.0020583 0.0152232 0.00542619 0.0241947 -0.0299762 -0.0515201
internal_weight=2417.68 522.413 1895.27 858.26 221.042 637.217 6.95046 331.719 96.414 19.1758 212.821 235.305 64.4933 170.811 190.694 630.267 1037.01 963.246 958.684 189.266 186.784 73.7597 35.2576 38.5021 77.2382 8.22174
internal_count=19942 8137 11805 6480 2452 4028 48 6399 2436 317 2378 3963 991 2972 1738 3980 5325 5015 4996 1725 1691 310 148 162 2119 74
is_linear=0
shrinkage=0.05


Tree=44
num_leaves=29
num_cat=0
split_feature=4 1 4 1 1 2 1 4 2 0 3 3 0 4 0 2 3 3 4 3 3 4 0 2 3 2 1 1
split_gain=23.6178 7.62021 8.66399 7.56304 6.05534 7.98758 5.18567 4.85656 4.50122 7.53283 5.68443 4.35846 11.2253 4.13077 4.2238 4.83511 3.89072 4.41918 4.15742 3.81056 3.71561 2.95472 2.218 1.94857 1.30469 1.55681 0.00331034 0.00166862
threshold=4.1468518988878413 -0.00010384526964879458 13.079619522336346 0.0015162115511724308 -0.0028332170019454979 -0.0031934001853909373 -6.7486611492750801e-05 5.586424652810364 0.008342705806258734 70.388768219481264 0.31710267642897055 0.57898120593286673 61.265177235299731 0.9659135669544302 19.736463898572847 -0.0028052792550063428 0.38227515327080847 0.30351712238340284 3.8798649301684653 1.4778614207736565 1.3929147354567195 2.55546955395983 33.027261626855463 0.0021099970282398854 0.10356225873718453 -0.00016678563101257812 0.00068102160950711543 0.000480720694414627
decision_type=2 2 2 2 2 2 2 2 2 2 2 2 2 2 2 2 2 2 2 2 2 2 2 2 2 2 2 2
left_child=3 2 4 13 22 -6 7 -3 9 -8 -10 12 -4 24 27 -16 17 23 21 -13 -9 -18 -2 -5 25 -1 -26 -15
right_child=1 6 11 16 5 -7 8 20 10 -11 -12 19 -14 14 15 -17 18 -19 -20 -21 -22 -23 -24 -25 26 -27 -28 -29
leaf_value=-0.052402441371431442 -0.038795465603899147 0.090184654571054915 0.075972103456638865 -0.013050767066835299 0.0086949988038146006 -0.0090113763079092638 0.0046866484531956137 -0.0013030133558630246 0.042628848974196713 -0.0062822334683606392 0.0087829114788097028 -0.0016231024516168671 -0.036148609456072865 -0.052205654270401858 0.010094097539725141 -0.014386080622206707 -0.013869163430640511 -0.047038710413772097 -0.021447905523549454 0.0090368024693081826 0.062438412043974559 0.0402213934475876 -0.013613435407493291 0.018250394618522549 -0.051903452715171772 0.027867595555518626 -0.0545773920622196 -0.054536273218399905
leaf_weight=1.1727971825748684 18.423073582351208 3.0836070030927649 6.3562278151512128 9.2198850587010437 81.725526638329029 288.67641936987638 900.006142873317 7.2248540148138982 13.390063092112539 189.47288520261645 168.71331162005663 203.16495616734028 3.4408432245254517 5.9005712475627652 21.747612241655588 278.14743741601706 3.0031552910804811 5.4277407601475707 4.5924523845314971 142.73098718374968 3.344668947160244 15.84794346988201 16.643940612673759 10.791737787425516 7.9226177595555765 1.2455733194947232 1.3555049821734426 0.88290229812264431
leaf_count=30 235 34 39 54 715 3019 5276 49 65 1109 750 1187 20 153 348 5359 20 36 31 748 20 96 198 59 231 30 18 13
internal_value=-0.000118969 0.00197631 -0.0019884 -0.0117941 -0.00698471 -0.00510464 0.00432435 0.0349748 0.00399526 0.00277903 0.0112716 0.0037071 0.036594 -0.0146056 -0.0134934 -0.0126108 0.0065174 -0.00702404 0.0212117 0.00277562 0.0188676 0.0316043 -0.0268433 0.00382912 -0.0437685 -0.0110596 -0.0522941 -0.052509
internal_weight=2413.66 2046.4 761.162 367.258 405.469 370.402 1285.24 13.6531 1271.58 1089.48 182.103 355.693 9.79707 318.375 306.679 299.895 48.8829 25.4394 23.4436 345.896 10.5695 18.8511 35.067 20.0116 11.6965 2.41837 9.27812 6.78347
internal_count=19942 13464 6161 6478 4167 3734 7303 103 7200 6385 815 1994 59 6182 5873 5707 296 149 147 1935 69 116 433 113 309 60 249 166
is_linear=0
shrinkage=0.05


Tree=45
num_leaves=27
num_cat=0
split_feature=4 1 1 1 4 2 3 0 3 3 1 4 2 1 0 1 2 3 3 0 4 3 4 3 4 4
split_gain=21.8499 10.7118 5.41285 5.23497 4.66005 5.00945 7.20995 4.63438 7.70404 4.37335 4.26989 3.59715 8.2458 6.83347 3.44013 3.39353 3.15324 4.71291 3.13221 5.13531 2.98138 2.83097 1.86105 1.8327 1.06158 0.0022628
threshold=6.1564596054469298 0.0006454333785558265 -0.00093604864810675748 -0.0010863781534419801 2.485059891021367 0.0020231198024170953 0.1853683151959172 40.428207951407828 0.92500172920164647 1.402671809405927 -0.0010090598204105514 33.269451209376562 -0.014732494619830947 -0.0083214107453278823 17.091246690746548 0.0061288479747498856 -0.0010338773989617132 0.72351630782638365 1.4397269281387868 30.565000014160827 9.8645257301430664 1.3570130812794876 14.675028749362065 0.52170167705565507 5.38951094084047 4.9100462772437803
decision_type=2 2 2 2 2 2 2 2 2 2 2 2 2 2 2 2 2 2 2 2 2 2 2 2 2 2
left_child=1 4 3 11 5 23 -7 8 -6 15 -9 13 -13 -2 -4 21 17 -5 20 -20 -16 -3 -18 -1 25 -11
right_child=2 9 14 16 7 6 -8 10 -10 24 -12 12 -14 -15 18 -17 22 -19 19 -21 -22 -23 -24 -25 -26 -27
leaf_value=-0.021875745976251942 -0.043735588099549721 8.8786384996465142e-05 -0.040565990935853551 0.052365341625207479 0.0088674506154704427 -0.052406931027752068 0.019293286276031576 -0.032114523109200814 -0.019344320740187271 -0.054205411031443551 -0.011198741620778916 -0.065047297223101902 0.017832677952212942 -0.00087672586934754888 -0.00017751429036472666 0.062018064632130332 -0.028158674973633491 -0.020848389688524264 0.053664562444603298 0.0080695145708288597 0.0057296304737484011 0.051364589063167355 -0.069627169221385843 -0.038090074039223591 -0.020017391831504319 -0.056697760981957723
leaf_weight=43.246469680219889 9.537177059799431 276.22972398996353 4.1800632774829856 2.6968132406473186 68.63505245372653 4.7212152592837837 13.623471654951571 27.715137623250484 37.377348273992538 1.9752090387046322 204.06085370853543 3.2106736004352561 45.96612785756588 374.55919585376978 364.33015731722116 2.2664760649204245 8.3053033798933011 11.885829113423823 6.2896340265870085 340.28991814702749 516.29626110196114 2.7183324843645087 4.0128435939550391 29.190633585676551 5.059311106801033 1.6897587627172468
leaf_count=1213 76 2326 27 24 1020 110 199 445 586 29 3139 19 235 2796 2384 10 76 88 41 1715 2408 23 20 877 39 17
internal_value=-0.000115635 -0.00742043 0.00298716 -0.00163959 -0.0124419 -0.0224991 0.000840414 -0.00973895 -0.00107932 1.95614e-06 -0.0136998 -0.000310765 0.0124216 -0.00194092 0.00471619 0.00108356 -0.0230421 -0.00730875 0.00487043 0.00889696 0.00328574 0.000588466 -0.0416677 -0.0284098 -0.0348621 -0.0553545
internal_weight=2410.07 718.509 1691.56 460.174 428.57 90.7818 18.3447 337.788 106.012 289.939 231.776 433.273 49.1768 384.096 1231.39 281.215 26.9008 14.5826 1227.21 346.58 880.626 278.948 12.3181 72.4371 8.72428 3.66497
internal_count=19942 10033 9909 3334 7589 2399 309 5190 1606 2444 3584 3126 254 2872 6575 2359 208 112 6548 1756 4792 2349 96 2090 85 46
is_linear=0
shrinkage=0.05


Tree=46
num_leaves=27
num_cat=0
split_feature=4 2 1 1 4 2 1 3 0 0 0 0 1 4 1 1 1 3 3 4 2 3 3 3 0 3
split_gain=20.0817 8.07151 6.12752 5.5001 4.98976 7.79135 6.79426 5.85389 5.64151 4.35727 6.04133 7.72355 7.17574 3.58199 3.25998 3.17153 3.14837 4.97381 2.61521 2.85521 2.37449 3.23131 2.81968 1.89396 1.42153 0.554677
threshold=4.4422007775710961 0.0016895165204451337 0.0023959411264389279 -0.0023071663841462415 33.269451209376562 -0.014732494619830947 -0.0083214107453278823 2.0123677200408125 57.162808827726266 77.182276700822413 71.6935923392288 72.274565633791028 0.00108734388067 1.072213714517434 -0.0028332170019454979 0.00042191901074783994 0.0034708612798383114 0.29698834611458158 0.41834918146148675 12.770128724184124 -0.0071520641777908503 0.70257716807270543 1.4978728358230049 0.22103325212402236 44.11087271387921 1.0146748200997167
decision_type=2 2 2 2 2 2 2 2 2 2 2 2 2 2 2 2 2 2 2 2 2 2 2 2 2 2
left_child=1 3 4 14 6 -6 25 -8 -7 10 12 -12 -3 24 -1 -15 17 -11 19 23 21 -20 -22 -4 -5 -2
right_child=2 9 18 13 5 8 7 -9 -10 16 11 -13 -14 15 -16 -17 -18 -19 20 -21 22 -23 -24 -25 -26 -27
leaf_value=-0.003783454687397084 -0.025530310533759516 -0.015124287339229721 -0.0018003873391130177 -0.017581785557985657 -0.06412649413659248 0.010753358911300328 0.00045211379255284689 -0.030425605081982124 0.050406489222821385 0.011854676149006815 0.09876307161625103 0.016084935855777922 0.019912028760230273 -0.018634842846718194 0.085110283816016485 -0.0075230195647242983 0.038407151185793853 -0.030359846092196465 0.0015395726903936755 -0.015057404807347498 0.0030704821911844132 0.060552423827657048 0.012596462094455625 0.033428781662334033 -0.05304357063389438 -0.051504068101757262
leaf_weight=1.9798556528985498 3.0817654430866224 40.275997400283813 4.6115764081478181 4.2066294811666003 3.0968232303857794 57.197501569986343 1445.157366771251 15.514292120933531 10.638013899326323 9.7789021357893926 3.183304067701104 25.076290097087622 22.936431832611561 166.73062913119793 2.1528440043330184 104.4395361635834 2.6400362551212302 24.357575990259647 4.63384100794792 4.6636482030153266 304.37474770843983 4.6448260843753815 104.30154012143612 22.089140042662621 8.6105952821671945 6.1721406430006027
leaf_count=33 30 704 20 118 19 278 10426 76 47 124 42 288 164 3726 35 1340 11 296 20 20 1301 20 433 96 229 46
internal_value=-0.000112343 -0.0100981 0.00197679 -0.0147427 0.000478614 0.0134311 -0.000146419 0.000124151 0.0169718 0.000336365 0.00618012 0.0253982 -0.00241147 -0.015576 0.0425239 -0.0143552 -0.0141985 -0.0182669 0.00711451 0.0210394 0.00606955 0.0310809 0.00550168 0.0273442 -0.041405 -0.0428542
internal_weight=2406.55 416.369 1990.18 288.12 1540.86 70.9323 1469.93 1460.67 67.8355 128.249 91.472 28.2596 63.2124 283.987 4.1327 271.17 36.7765 34.1365 449.319 31.3644 417.955 9.27867 408.676 26.7007 12.8172 9.25391
internal_count=19942 7110 12832 5481 10922 344 10578 10502 325 1629 1198 330 868 5413 68 5066 431 420 1910 136 1774 40 1734 116 347 76
is_linear=0
shrinkage=0.05


Tree=47
num_leaves=27
num_cat=0
split_feature=4 1 1 1 4 3 2 3 0 4 1 3 0 2 2 2 3 0 3 0 2 4 0 4 1 2
split_gain=18.4774 9.23332 4.66778 4.79962 4.36956 4.05137 3.95279 7.04296 4.39513 3.4919 4.24418 3.55653 3.14679 2.98236 4.44295 2.74625 5.95423 3.23529 2.67388 4.50695 2.7622 1.77598 1.06047 1.61682 1.03241 0.000417083
threshold=6.1564596054469298 0.0006454333785558265 -0.00093604864810675748 -0.0010863781534419801 0.9659135669544302 1.402671809405927 -0.0045286779078770314 0.56808925150211753 23.619573614330168 8.3330759680389175 -0.0012905709487712189 0.62276353077718583 17.091246690746548 -0.0010338773989617132 -0.0017066361776442716 0.0090485934929661633 0.2132076120811153 72.548828971584257 1.4397269281387868 32.402262241424545 0.008342705806258734 14.675028749362065 68.037516247493855 5.38951094084047 -0.00077940638643370075 0.0020231198024170953
decision_type=2 2 2 2 2 2 2 2 2 2 2 2 2 2 2 2 2 2 2 2 2 2 2 2 2 2
left_child=1 4 3 9 24 15 7 -6 -8 10 -2 -11 -4 14 -5 17 -17 -3 20 -20 -14 -15 -7 -24 -1 -26
right_child=2 5 12 13 6 22 8 -9 -10 11 -12 -13 18 21 -16 16 -18 -19 19 -21 -22 -23 23 -25 25 -27
leaf_value=0.0053823921707689083 -0.019774758407956738 0.0027475344113829601 -0.03947754936204724 -0.020001613756256319 -0.0014016135268337976 -0.057129096474165822 -0.037688635809987069 0.083101520812328078 -0.010866953353671964 0.018403279543003009 0.020255973375597109 -7.487345047543789e-05 0.00178552620237268 -0.027330019278704022 0.051635137177924867 -0.01324326816298238 0.0480205393189823 -0.010571014595366964 0.042122538397018704 0.007235382287434206 0.0093913140072239224 -0.068393226715657784 -0.054872306622348571 0.0014597915561783146 -0.051618355364069828 -0.052655091959488434
leaf_weight=0.87611369229853053 39.626237656921148 206.27839991822839 4.0853472203016272 11.886255852878092 16.794732198119167 3.1354150362312776 15.920266253873704 2.8900635465979567 375.98952708393335 28.087688058614731 7.9497208371758452 357.28537886589766 739.4952979683876 8.1403258070349676 2.6462825313210514 7.0802427828311947 9.0169560536742193 58.53681443631649 9.5178865045309049 338.31746087968349 142.35265529155731 3.8920859098434439 2.0883366949856281 3.2655920833349228 6.9476322717964631 1.1275671012699602
leaf_count=28 487 1760 27 90 240 31 322 36 6708 229 94 2316 4141 76 22 41 47 511 58 1698 651 20 29 25 230 25
internal_value=-0.000108896 -0.00687977 0.00272995 -0.00157163 -0.01161 -6.05102e-06 -0.0108584 0.0110049 -0.0119565 -0.000305846 -0.0130858 0.0012719 0.00433206 -0.0222011 -0.00695702 0.00102237 0.0210741 -0.000196501 0.00447761 0.00819001 0.00301329 -0.0406126 -0.0340366 -0.0205129 -0.04617 -0.0517631
internal_weight=2403.23 709.948 1693.28 459.514 420.546 289.402 411.595 19.6848 391.91 432.949 47.576 385.373 1233.77 26.565 14.5325 280.912 16.0972 264.815 1229.68 347.835 881.848 12.0324 8.48934 5.35393 8.95131 8.0752
internal_count=19942 10033 9909 3334 7589 2444 7306 276 7030 3126 581 2545 6575 208 112 2359 88 2271 6548 1756 4792 96 85 54 283 255
is_linear=0
shrinkage=0.05


Tree=48
num_leaves=29
num_cat=0
split_feature=4 1 4 2 2 3 3 3 2 1 1 4 0 3 0 2 3 3 3 4 3 2 2 4 4 2 1 4
split_gain=17.0723 5.99215 5.77359 7.43379 6.99983 5.61627 5.83107 5.63082 5.0949 4.67996 4.18111 6.63816 8.62592 4.32848 4.11378 4.43143 7.94822 3.61171 4.06996 3.67113 3.36677 6.80267 3.5343 3.17419 2.5381 1.58028 0.00153385 0.000415443
threshold=4.1468518988878413 0.0015162115511724308 10.068266326545126 0.00084926439234245265 -0.00099863119882787044 1.7419423576801061 1.7879622025753197 0.33111767416137788 -0.00086809406693022495 -0.0024691325741387211 -0.0033690907719910452 24.000496980527544 50.507521554277638 0.94458178542690618 19.736463898572847 -0.0028052792550063428 0.23808289799898086 0.38227515327080847 0.30351712238340284 3.8798649301684653 2.0123677200408125 0.0015808536580920187 -0.0011134825193777063 0.9659135669544302 2.7067038186558592 0.0021099970282398854 0.00050814873915028269 3.3330988665920329
decision_type=2 2 2 2 2 2 2 2 2 2 2 2 2 2 2 2 2 2 2 2 2 2 2 2 2 2 2 2
left_child=1 14 3 4 9 7 -7 -5 -6 -2 11 13 -13 -4 26 16 -16 18 25 24 22 -22 -12 -17 -19 -3 27 -1
right_child=2 17 10 5 8 6 -8 -9 -10 -11 20 12 -14 -15 15 23 -18 19 -20 -21 21 -23 -24 -25 -26 -27 -28 -29
leaf_value=-0.051669148269608278 -0.022641427518460641 -0.012169826009000642 0.0029318131926457606 0.022446974722576063 -0.043668035784672848 0.098471757560638598 0.012123004979748407 0.00096862008272737563 -0.010537425808520101 0.0015953314765892231 0.01000615936552109 0.00030410390895420553 0.053428626093948973 -0.023305948187903099 -0.029374293484426148 -0.041777095993847435 0.032894512365357266 -0.0043903630544947321 -0.046082406014638186 -0.02052421982677027 -0.031745569401913025 0.01643710274183453 0.0035634590779931676 -0.012682887874009095 0.039439935920713931 0.016010839660579722 -0.054440963409970546 -0.052533263204617722
leaf_weight=3.328358393162488 21.631460070610046 9.1236175373196655 23.352752629667521 33.097757406532764 12.337035443633793 3.0948753356933576 5.308996893465519 391.0069151557982 195.36782220378518 251.35915666818619 318.14208041876554 61.05387869477272 8.734207481145857 48.085648067295551 8.1758548486977833 9.7156867701560241 13.732136640697716 4.249769024550921 5.2960470765829077 4.5016122385859481 17.276543602347378 12.718203186988829 643.28369735181332 267.15386890806258 14.82498814165592 10.93983071297407 0.74591573327779759 2.389541532844305
leaf_count=109 285 54 199 251 112 21 35 2919 1818 2251 1661 341 48 358 148 292 209 29 36 31 80 56 3029 5359 87 59 11 54
internal_value=-0.000105455 -0.0102407 0.00164916 -0.00130899 -0.0055881 0.00344687 0.0439225 0.00264482 -0.0125053 -0.000325161 0.00403418 -0.00401477 0.00695281 -0.014729 -0.0128447 -0.0119909 0.00965638 0.00600204 -0.00709523 0.0200899 0.00518074 -0.0113154 0.00569539 -0.0137038 0.0296747 0.00319601 -0.0523085 -0.0520303
internal_weight=2400.03 354.177 2045.85 913.204 480.695 432.509 8.40387 424.105 207.705 272.991 1132.65 141.226 69.7881 71.4384 305.241 298.778 21.908 48.9359 25.3595 23.5764 991.421 29.9947 961.426 276.87 19.0748 20.0634 6.46382 5.7179
internal_count=19942 6478 13464 7692 4466 3226 56 3170 1930 2536 5772 946 389 557 6182 6008 357 296 149 147 4826 136 4690 5651 116 113 174 163
is_linear=0
shrinkage=0.05


Tree=49
num_leaves=28
num_cat=0
split_feature=4 1 4 2 2 3 1 2 4 3 0 0 0 0 2 2 1 4 2 3 3 1 2 2 3 1 1
split_gain=15.6663 6.44133 5.83911 6.75692 8.30814 8.11491 5.57889 5.6743 5.10963 4.4956 5.68138 6.3044 4.35368 4.61432 4.18126 3.60025 3.33257 5.71533 2.87949 2.4265 3.05783 2.67461 2.13924 2.03073 1.65028 1.62345 0.00214969
threshold=3.7817032971616977 0.0015162115511724308 8.9898939877122697 0.00084926439234245265 -0.00099863119882787044 1.8203388920926749 0.000878513562503347 0.00087453522236735648 8.9002585394573952 1.0088184770037534 23.619573614330168 24.711388902747895 22.386147093976621 21.772941098734268 -0.00086809406693022495 0.0026122199252536231 -0.0083214107453278823 49.608894188768083 -0.002114589899628649 0.38227515327080847 0.30351712238340284 0.0028628618169846969 0.0021099970282398854 -0.0074742516813411921 1.5430068858041679 0.0017941187147296758 0.0006454333785558265
decision_type=2 2 2 2 2 2 2 2 2 2 2 2 2 2 2 2 2 2 2 2 2 2 2 2 2 2 2
left_child=1 9 3 4 5 -2 7 -5 -8 10 26 -12 13 23 -6 24 17 -14 -18 20 22 25 -3 -4 -11 -21 -1
right_child=2 19 12 6 14 -7 8 -9 -10 15 11 -13 16 -15 -16 -17 18 -19 -20 21 -22 -23 -24 -25 -26 -27 -28
leaf_value=-0.051944665237591475 -0.00092688623414110812 -0.013189284293364054 0.00047180624913727457 0.085771886621214266 -0.042219051292933282 0.078264194791747677 0.0092781323838829685 -0.0045670289649095619 -0.048434075246843011 -0.040113478506760482 0.081742346965146109 -0.010891733975013303 -0.041403957375998543 -0.053897706846288168 -0.011776622429966006 0.071042718420603321 0.008571358958833904 0.018331120958709791 0.0030240625042453461 0.033165068130035724 -0.041395634553195469 0.060256179548933801 0.020846968261454012 -0.021344643407621135 0.013603277649329913 -0.0021424093687923531 -0.054459896279603154
leaf_weight=7.3461847826838476 240.92597872018814 8.3305297717452103 40.769528541713953 1.7555810101330269 11.997281745076178 3.2790038809180251 215.4673536978662 175.67797297611833 3.9047595411539069 23.756134619936354 1.8525051567703474 215.50675218552351 10.183153051882984 5.3430274836719027 188.52313417568803 0.79712605103850265 320.5724193379283 6.5992479622364035 865.58391638845205 5.3606456369161632 4.2321861535310736 3.5836948603391638 10.354890808463095 14.446051467210053 1.5213772039860476 8.2913011834025365 0.96057169511914242
leaf_count=215 2393 49 281 19 119 27 1284 1848 19 563 40 4568 72 37 1915 11 1780 32 4307 43 29 15 56 121 40 46 13
internal_value=-0.000102669 -0.010958 0.00140259 -0.00182417 -0.00605624 0.000136433 0.00291897 -0.00367319 0.00825087 -0.0139244 -0.0116532 -0.0101022 0.00355172 -0.0095294 -0.013598 -0.0335811 0.00421025 -0.0179147 0.00452328 0.0076398 -0.0030195 0.0218131 0.00567257 -0.00523603 -0.0368804 0.0117216 -0.0522355
internal_weight=2396.92 291.894 2105.03 841.531 444.725 244.205 396.806 177.434 219.372 251.741 225.666 217.359 1263.5 60.5586 200.52 26.0746 1202.94 16.7824 1186.16 40.1532 22.9176 17.2356 18.6854 55.2156 25.2775 13.6519 8.30676
internal_count=19942 5688 14254 7624 4454 2420 3170 1867 1303 5450 4836 4608 6630 439 2034 614 6191 104 6087 238 134 104 105 402 603 89 228
is_linear=0
shrinkage=0.05


Tree=50
num_leaves=26
num_cat=0
split_feature=4 1 1 4 0 3 3 0 0 4 4 0 0 2 1 2 2 0 3 3 1 2 3 1 1
split_gain=14.2902 5.89931 5.77372 7.77317 4.36201 4.54017 4.28993 5.5014 5.38034 3.69801 3.88553 4.37724 3.81157 3.63945 5.1002 4.00199 3.25418 2.58934 2.1691 2.82428 2.43755 1.92202 1.57947 1.57594 0.00183435
threshold=3.7817032971616977 0.0015162115511724308 -0.0004844571074067438 8.3330759680389175 77.182276700822413 0.36472578082089374 1.0088184770037534 23.619573614330168 24.711388902747895 3.8155623068356745 9.0795689807625877 17.893796022578346 23.619573614330168 -0.0031934001853909373 -0.0033690907719910452 0.011602145941986721 0.0026122199252536231 62.548105649203755 0.38227515327080847 0.30351712238340284 0.0027866388739650198 0.0021099970282398854 1.5430068858041679 0.0017941187147296758 0.0006454333785558265
decision_type=2 2 2 2 2 2 2 2 2 2 2 2 2 2 2 2 2 2 2 2 2 2 2 2 2
left_child=1 6 3 13 5 -5 7 24 -9 17 11 -11 -12 14 -2 -15 22 -4 19 21 23 -3 -8 -20 -1
right_child=2 18 9 4 -6 -7 16 8 -10 10 12 -13 -14 15 -16 -17 -18 -19 20 -21 -22 -23 -24 -25 -26
leaf_value=-0.051846644866645433 -0.053600818227092444 -0.012616255968369811 0.082181922883338809 0.059402354891032717 -0.050306848192663456 0.0006396315711712868 -0.039544200706704551 0.072143042061428173 -0.010449939206478749 0.045556826628887125 -0.024219581809805813 -0.00029066702182990571 0.0056836577652660848 -0.016971088970558192 0.0082247924221572986 0.05895956878536146 0.063511109546115121 0.0018301978438766461 0.030795436674981455 -0.040288524639497773 0.054531613892816383 0.019651788033648171 0.01275852719494971 -0.0041564085339676369 -0.054224197071005557
leaf_weight=7.0007848460227242 3.7125900723040095 8.27490939199925 2.5074329674243918 3.3098750561475745 4.171350546181201 476.94292152300477 22.914674241095788 1.9901882056146849 213.44080484285951 5.2483377978205672 10.802201241254805 646.32723129540682 789.07256280630827 126.58870752155781 32.861365385353565 1.7594494782388199 0.84572373330593009 1.6706556454300878 5.4812357053160685 4.1335942521691313 4.0491193532943717 10.433335870504377 1.5404944270849217 7.8351741135120392 0.91759531944990147
leaf_count=215 63 49 32 24 28 3084 563 40 4568 47 55 5132 3636 1737 374 23 11 19 43 29 17 56 40 44 13
internal_value=-9.9914e-05 -0.0105285 0.00133116 -0.00258952 0.000602436 0.00104462 -0.0134018 -0.0111914 -0.00968693 0.00308015 0.00294493 7.86273e-05 0.00527982 -0.0119652 0.00194893 -0.0159302 -0.0329149 0.0500524 0.00724083 -0.0028851 0.02056 0.0053792 -0.0362495 0.0102303 -0.0521222
internal_weight=2393.83 288.858 2104.97 649.346 484.424 480.253 248.65 223.349 215.431 1455.63 1451.45 651.576 799.875 164.922 36.574 128.348 25.3009 4.17809 40.2074 22.8418 17.3655 18.7082 24.4552 13.3164 7.91838
internal_count=19942 5688 14254 5333 3136 3108 5450 4836 4608 8921 8870 5179 3691 2197 437 1760 614 51 238 134 104 105 603 87 228
is_linear=0
shrinkage=0.05


Tree=51
num_leaves=30
num_cat=0
split_feature=4 1 4 2 1 2 0 2 0 1 4 3 3 4 1 3 4 2 2 2 2 0 2 2 0 0 2 1 0
split_gain=13.0512 4.89726 6.44622 4.72609 5.49369 6.92384 9.8561 3.86225 9.15174 6.28494 3.76472 3.65206 16.2455 9.53979 4.87488 6.62701 4.40993 3.36567 3.32828 3.27331 2.99943 4.47325 5.97046 3.5718 2.94062 4.14531 1.55596 0.854233 0.809351
threshold=4.1468518988878413 -0.00050212344702132972 8.3330759680389175 0.0016895165204451337 -0.0011701577479016898 -0.00086809406693022495 29.826915828859082 -0.00089944959660503965 52.105872002722599 -0.0046583449979881167 1.072213714517434 0.30351712238340284 0.20395426005583475 2.1012843596320487 0.0012831554257007884 0.37657942365660085 3.7817032971616977 0.011602145941986721 0.0014459023759187952 0.0040042149972475691 0.012101151141806101 66.944019681791943 0.0015051425213209459 0.00075608307319452461 63.852428894914439 77.723123439004453 0.0026714915035394031 -0.0014751519535024513 42.91445435690251
decision_type=2 2 2 2 2 2 2 2 2 2 2 2 2 2 2 2 2 2 2 2 2 2 2 2 2 2 2 2 2
left_child=3 2 17 4 5 6 -1 9 -9 -4 28 12 26 -14 16 -16 -13 19 -12 -2 21 23 -23 -3 -22 -26 -5 -7 -6
right_child=1 20 7 11 10 27 -8 8 -10 -11 18 14 13 -15 15 -17 -18 -19 -20 -21 24 22 -24 -25 25 -27 -28 -29 -30
leaf_value=-0.017735485178112867 -0.010157249737393976 0.0016620602701152593 -0.0087214434814820579 -0.057457063477270823 -0.023149138129676089 -0.052413225679236647 0.081418911100718638 -0.021267934213817147 0.0034811108901465619 0.007642478725578411 -0.012081279549540684 -0.024591129223538656 0.10122151788526304 0.022520894300885691 -0.049736962271002716 0.023967713191345379 0.013601938784342796 0.05684444041906949 -0.040538667979117184 -0.039699051430674787 -0.02828328671080893 -0.030898346426175151 -0.00081146382921380407 0.0078354538756452603 0.033672569575224146 0.0077197522698822969 -0.014184924225989543 -0.011034560893063448 -0.052799522863606341
leaf_weight=4.3428640644997341 136.72534792497754 557.59581308066845 77.2058380022645 2.35351758822799 3.3143995217978937 2.5653512515127659 5.9261771067976952 59.780195258557796 99.566066712141037 244.4908585101366 201.05831785313785 36.301502853631973 5.4529259875416782 13.103502988815306 3.6478376239538219 18.601804308593273 9.545220021158455 1.7873969450592984 10.828078243881462 10.067172095179556 4.2944816723465911 17.302631814032793 350.63711268082261 404.1137097813189 20.458411335945129 62.056947141885757 17.707300873473287 2.4275640845298758 7.53123789280653
leaf_count=115 1793 3607 520 44 101 61 115 387 624 1585 4147 636 75 165 28 129 133 22 201 135 20 138 1950 2319 91 273 239 62 227
internal_value=-9.69808e-05 0.00141933 -0.00224966 -0.00909737 -0.0130177 0.0160028 0.0394857 0.000562048 -0.00580372 0.00371521 -0.0150062 -0.0003542 0.0119287 0.0456476 -0.00731979 0.0118838 -0.0166394 -0.0113529 -0.0135355 -0.0121833 0.00305022 0.00246232 -0.00222632 0.00425614 0.012055 0.0141544 -0.0192616 -0.0322948 -0.0437384
internal_weight=2390.79 2046.08 629.623 344.708 237.994 15.262 10.269 481.043 159.346 321.697 222.732 106.714 38.6172 18.5564 68.0964 22.2496 45.8467 148.58 211.886 146.793 1416.46 1329.65 367.94 961.71 86.8098 82.5154 20.0608 4.99292 10.8456
internal_count=19942 13464 5066 6478 5029 353 230 3116 1011 2105 4676 1449 523 240 926 157 769 1950 4348 1928 8398 8014 2088 5926 384 364 283 123 328
is_linear=0
shrinkage=0.05


Tree=52
num_leaves=27
num_cat=0
split_feature=4 2 1 2 2 4 4 1 1 1 4 1 3 4 0 4 3 1 2 2 0 1 4 4 1 3
split_gain=11.9106 4.65937 5.56159 5.09295 14.4993 9.26892 7.49069 4.33275 3.95683 3.93114 5.01083 7.5202 7.29539 6.67722 4.74915 4.42855 4.48113 4.55859 4.10126 4.23927 3.88588 3.80267 3.66454 3.21189 2.79985 1.82313
threshold=5.0016097590664605 -0.0089827417031623207 0.0012276731855523917 0.0017688422839535758 0.0018478526145970788 4.2188291235878701 4.8736375549137749 -0.0023071663841462415 0.0028628618169846969 0.0027025948328207598 21.072105685880416 -0.0037042033608062348 2.0123677200408125 21.699718864052894 53.100691073591868 14.087885361861685 1.2432811892115307 0.0088456115280552989 0.017329643129958109 -0.00096650814226517656 59.50394248915574 0.00043800506709579251 4.2188291235878701 30.697848730658169 -0.00059269455538202276 1.3112640566173204
decision_type=2 2 2 2 2 2 2 2 2 2 2 2 2 2 2 2 2 2 2 2 2 2 2 2 2 2
left_child=1 2 21 7 5 -5 -6 22 -9 10 11 20 -13 25 -15 18 17 -17 19 -11 -2 24 -3 -18 -1 -12
right_child=9 3 -4 4 6 -7 -8 8 -10 15 13 12 -14 14 -16 16 23 -19 -20 -21 -22 -23 -24 -25 -26 -27
leaf_value=-0.016773410329506133 -0.022091464461720795 0.065305864171894865 0.11426357806848386 0.036130509663850723 -0.00024428967576272818 0.17739196573609547 -0.050146833688693229 -0.012388835419590457 0.037701915632948675 0.031582539822693344 0.073205285989043981 0.0004530995067299347 -0.048557066833718313 0.00085918755421659555 0.017459594354253052 -0.010187065975947734 0.013723318079232431 0.021229472020048868 0.05228794573122493 0.0075774304082631737 0.042326098070263753 -0.05533889227875987 -0.02476377634560524 -0.0025486161331287026 0.078426818274325155 0.029624801576432658
leaf_weight=1.3102719783782957 50.429676469415426 3.3445061203092328 1.6535297185182569 3.6909112166613331 137.47920817323029 1.6943046748638151 7.955114070326089 323.33078819699585 3.9911734610795966 21.607127949595451 4.0962029546499235 1233.1219892725348 7.6400950402021399 149.72805101424456 60.490367189049721 87.635402217507362 85.31164762377739 13.298823893070219 6.3222723901271811 123.59353694319725 2.455075789242982 1.588284410536289 1.704970486462116 47.052725121378899 1.8811385631561273 5.7945978343486786
leaf_count=21 475 57 9 61 1699 16 76 6106 19 91 20 8568 41 765 277 370 351 57 27 517 20 20 25 198 28 28
internal_value=-9.51307e-05 -0.00704831 0.0352231 -0.00761111 9.29592e-06 0.0805744 -0.00297391 -0.011069 -0.0117781 0.00169802 0.000550884 -0.000635726 0.000151315 0.00752494 0.00563596 0.00621048 0.00188779 -0.00604771 0.0128661 0.0111496 -0.019101 0.00787918 0.0348936 0.00793899 0.0393412 0.0476733
internal_weight=2388.2 489.624 6.43322 483.191 150.82 5.38522 145.434 332.371 327.322 1898.58 1513.76 1293.65 1240.76 220.109 210.218 384.822 233.299 100.934 151.523 145.201 52.8848 4.77969 5.04948 132.364 3.19141 9.8908
internal_count=19942 8137 78 8059 1852 77 1775 6207 6125 11805 10194 9104 8609 1090 1042 1611 976 427 635 608 495 69 82 549 49 48
is_linear=0
shrinkage=0.05


Tree=53
num_leaves=27
num_cat=0
split_feature=4 3 1 4 4 1 2 1 0 2 0 0 0 2 4 4 4 2 0 4 0 2 1 1 1 1
split_gain=11.0873 5.52653 4.52531 6.4962 6.43009 5.33623 7.50184 4.30825 4.6929 7.08396 4.38804 16.224 5.11632 3.99787 3.71015 3.40484 3.12106 4.15862 3.40047 2.6849 2.19741 1.80135 1.59471 3.50777 0.779973 0.662367
threshold=3.7817032971616977 1.0088184770037534 -0.0004844571074067438 13.555624205540438 13.700760242986988 -0.0039221771461428459 -0.002893971424146657 0.00045339692341139776 75.580321366562586 0.0021099970282398854 43.68166671934307 42.91445435690251 69.870049518547361 -0.00089944959660503965 2.7067038186558592 3.8155623068356745 9.0795689807625877 0.00084926439234245265 23.619573614330168 3.4706361793305471 62.548105649203755 0.0026122199252536231 0.00082507409508558738 0.00059008496468071503 -0.00080128368726983801 0.001104822944077988
decision_type=2 2 2 2 2 2 2 2 2 2 2 2 2 2 2 2 2 2 2 2 2 2 2 2 2 2
left_child=1 7 3 5 -5 21 -7 10 9 -9 11 -1 -12 -6 -10 20 17 -17 -18 24 -4 -2 23 -21 -3 -26
right_child=2 19 15 4 13 6 -8 8 14 -11 12 -13 -14 -15 -16 16 18 -19 -20 22 -22 -23 -24 -25 25 -27
leaf_value=-0.0071815106988008526 -0.042731859422944371 0.00047391664426597532 0.075741151894124684 0.063030677067689167 0.0059443376423062673 0.005627814552791004 -0.010894901269106683 -0.0036864414598850649 -0.044363626844897648 0.027091021293224785 -0.026251047704652475 0.13287111466750401 0.00093608199330529626 -0.0063540018129554154 -0.0015022033645199794 -0.0043756551792274306 -0.023343839360170475 0.0036462552811949221 0.0050342298592360559 -0.013780280817331354 0.0022451228425599654 0.018039461245061037 -0.055378339873243643 0.085701509898545081 -0.048702247073363514 -0.0077422380141591697
leaf_weight=46.516444014385343 12.961133569478987 0.95887247473002091 2.6203581765294066 4.3833368793129912 208.05752225220203 99.252934224903584 223.15609616413713 70.005114434286952 9.6650862507522124 25.508566368371248 69.64274082519114 2.1640330385416737 23.026717564091086 96.837260976433754 10.571162447333334 296.41585218533874 10.699089616537092 355.11185189709067 791.21420698612928 5.1175836008042088 1.6620909385383127 1.3460217900574196 1.4157483913004396 1.0716591589152811 14.777316901832817 1.0576461367309082
leaf_count=1223 191 31 32 30 1184 912 2475 972 116 244 1910 62 437 526 107 2583 55 2596 3636 104 19 15 18 16 434 14
internal_value=-9.24197e-05 -0.00941155 0.00115457 -0.00232899 0.00290271 -0.00713437 -0.00580842 -0.00725335 -0.000100864 0.00453321 -0.0131104 -0.000955637 -0.0194955 0.00203828 -0.0219734 0.00269833 0.00256716 -3.3538e-06 0.00465561 -0.0321533 0.0472161 -0.0370145 -0.00750569 0.00344486 -0.0433149 -0.0459665
internal_weight=2385.22 281.499 2103.72 645.994 309.278 336.716 322.409 257.1 115.75 95.5137 141.35 48.6805 92.6695 304.895 20.2362 1457.72 1453.44 651.528 801.913 24.3988 4.28245 14.3072 7.60499 6.18924 16.7938 15.835
internal_count=19942 5688 14254 5333 1740 3593 3387 5071 1439 1216 3632 1285 2347 1710 223 8921 8870 5179 3691 617 51 206 138 120 479 448
is_linear=0
shrinkage=0.05


Tree=54
num_leaves=28
num_cat=0
split_feature=4 1 1 4 2 2 1 4 1 1 2 4 2 3 3 1 2 1 3 3 4 2 2 2 2 3 1
split_gain=10.1806 4.16818 3.78955 5.9771 5.74793 5.91702 4.90864 4.44013 4.10917 9.3712 5.50189 3.56565 7.12574 11.4712 4.08999 3.52632 5.79645 4.08213 3.12945 3.0956 3.08826 2.86255 6.10938 3.01444 2.59036 1.92029 0.018644
threshold=4.1468518988878413 0.00052450804421644303 -0.00010384526964879458 14.297938610390782 -0.0094455257470397163 -0.002114589899628649 -6.7486611492750801e-05 5.586424652810364 -0.00039448524152457804 -0.00027623861447406689 -0.00089944959660503965 2.6752482304926439 0.0044118790748204359 0.1853683151959172 0.52170167705565507 -0.00057847721210146908 -0.0011516210358467058 -0.00046901071198046646 0.1853683151959172 0.22103325212402236 7.9428448797187885 -0.0037017652471750813 -0.0028052792550063428 -0.00099863119882787044 -0.0089827417031623207 0.51094820347856906 0.0011793320534306819
decision_type=2 2 2 2 2 2 2 2 2 2 2 2 2 2 2 2 2 2 2 2 2 2 2 2 2 2 2
left_child=1 11 3 4 25 -6 7 -4 10 -10 -5 12 14 -14 -1 16 -13 -17 -8 -20 -9 24 -23 -24 -3 -2 -26
right_child=2 21 6 8 5 -7 18 20 9 -11 -12 15 13 -15 -16 17 -18 -19 19 -21 -22 22 23 -25 26 -27 -28
leaf_value=-0.014864903843023681 -0.056224953857425354 0.01190625264209335 0.083975910306148316 0.0068809078299832422 0.0035373962308082535 -0.0087772992928607674 0.039350275403848882 -0.019012003070695997 0.06786110734387206 -0.003092027179399881 -0.0076796524165561042 0.030837973212984954 -0.0522300988381387 0.10305040730922077 -0.037827537634781652 -0.05291517533415583 -0.01169065886615412 -0.0094412682491288261 -0.027323242405971584 0.0025971046682743931 0.037056675798392245 0.069523721857110796 -0.023129680396705952 0.00092073040954880169 -0.054419354514122109 -0.020610720125991133 -0.061145480801543167
leaf_weight=48.352587645873427 6.3804752379655829 1.9885519482195375 3.2131876870989791 201.71692185848951 153.84184204787016 266.54483806714416 5.753800891339778 3.8307006210088712 7.8967451602220562 11.331253245472906 95.637316659092903 14.226190179586409 2.0446373615413895 2.8433345630764961 32.376362394541502 5.8425046838819972 18.341763738542795 71.245630761608481 8.7042762264609319 1263.9201323240995 6.8431325852870941 3.0781085118651381 14.641467878594993 118.28330740146339 2.2531935125589362 9.30441005527973 1.8982230946421621
leaf_count=1389 74 18 34 1121 1441 2838 31 32 35 50 511 276 52 34 1051 121 411 1487 50 7119 37 32 188 1371 33 91 15
internal_value=-9.03794e-05 -0.00813696 0.00123732 -0.00158303 -0.00537952 -0.0042707 0.00287998 0.0324465 0.00364638 0.0260477 0.00219783 -0.0128783 -0.0205247 0.0380966 -0.0240741 -0.0069082 0.00688651 -0.0127362 0.0025588 0.00239246 0.0169344 -0.00162339 -0.000115761 -0.00172839 -0.0350179 -0.0350983 -0.0574949
internal_weight=2382.33 337.416 2044.92 752.654 436.072 420.387 1292.27 13.887 316.582 19.228 297.354 195.273 85.6169 4.88797 80.729 109.656 32.568 77.0881 1278.38 1272.62 10.6738 142.143 136.003 132.925 6.13997 15.6849 4.15142
internal_count=19942 6478 13464 6161 4444 4279 7303 103 1717 85 1632 4821 2526 86 2440 2295 687 1608 7200 7169 69 1657 1591 1559 66 165 48
is_linear=0
shrinkage=0.05


Tree=55
num_leaves=24
num_cat=0
split_feature=4 1 4 3 3 2 3 1 2 3 3 1 1 3 3 3 0 0 1 4 0 4 2
split_gain=9.43341 5.81276 3.94347 3.93734 10.3891 5.62327 3.86829 2.87528 7.34862 6.23071 4.10421 3.27121 3.83539 3.58192 3.01669 2.93208 2.78234 4.57851 1.26196 1.01575 0.48209 0.00171445 0.000332644
threshold=6.1564596054469298 0.0006454333785558265 0.9659135669544302 0.25269198525043451 0.20395426005583475 0.0037282377383793812 1.402671809405927 -0.0044254374280445754 0.0044118790748204359 1.9382963222163594 0.79452389350297337 -0.0041605583196506193 -0.0039221771461428459 1.488686689358621 2.0123677200408125 1.2085265637603999 21.772941098734268 35.237145097448227 -0.00088582302894196763 5.38951094084047 42.69748516602192 4.9100462772437803 0.0020231198024170953
decision_type=2 2 2 2 2 2 2 2 2 2 2 2 2 2 2 2 2 2 2 2 2 2 2
left_child=1 2 18 4 -4 -5 16 8 9 10 -2 15 13 -13 -14 20 -3 -18 -1 21 -9 -8 -20
right_child=7 6 3 5 -6 -7 19 11 -10 -11 -12 12 14 -15 -16 -17 17 -19 22 -21 -22 -23 -24
leaf_value=0.018333740419414594 -0.043130414808794391 0.047334615616095116 -0.015835516909888329 -0.008289967818135029 0.039078310526835303 -0.035125080841095065 -0.053697563603415079 0.041696787189958028 0.051699861448128284 0.037196804120651121 -0.0091864544513423334 -0.052150906654520504 0.00274074064515703 0.0092368197110833852 -0.013029252030433189 0.0049316440691698693 -0.025140746143511958 0.0024482838517143491 -0.051328199722156888 -0.018993373404123777 0.072641620776049604 -0.055978555603385396 -0.052324350344930007
leaf_weight=0.71553306840360154 10.066410165280102 3.2561851367354384 20.11557443998754 333.24968146719038 15.062296904623507 20.736651923507452 1.7724827341735347 2.4296841807663423 5.1659546867012969 6.6242582201957694 77.199104379862547 6.1846413463354093 1547.0037743858993 3.8589276596903801 30.931857265532017 5.4982105419039726 15.967669591307638 258.30369772389531 5.8265144862234584 4.9569958075881004 2.6113069318234921 1.5391279272735117 0.97884005494415749
leaf_count=25 112 30 443 6287 277 299 29 20 33 30 528 52 8916 22 143 33 146 2183 233 39 20 17 25
internal_value=-8.83287e-05 -0.00505288 -0.00896958 -0.00827655 0.00767723 -0.00986198 0.00038351 0.00190759 -0.00635879 -0.00955326 -0.013102 0.00241983 0.00223556 -0.0285646 0.00243161 0.030184 0.00138758 0.000842092 -0.0448302 -0.0333171 0.0577267 -0.0547577 -0.0514715
internal_weight=2380.06 682.481 396.685 389.164 35.1779 353.986 285.796 1697.57 99.0557 93.8898 87.2655 1598.52 1587.98 10.0436 1577.94 10.5392 277.528 274.271 7.52089 8.26861 5.04099 3.31161 6.80535
internal_count=19942 10033 7589 7306 720 6586 2444 9909 703 670 640 9206 9133 74 9059 73 2359 2329 283 85 40 46 258
is_linear=0
shrinkage=0.05


Tree=56
num_leaves=29
num_cat=0
split_feature=4 3 4 2 2 2 3 1 4 2 1 2 2 2 0 3 3 1 3 0 0 0 3 4 1 1 3 2
split_gain=8.80349 6.41962 4.52691 5.8796 6.50924 5.07417 5.13583 4.45388 3.75848 3.61368 3.24129 4.02934 7.11819 5.47435 3.19567 3.09083 6.36773 3.0659 5.7427 5.4613 2.23729 3.46855 2.49616 1.46712 1.1288 2.44604 1.60016 0.000614737
threshold=2.7067038186558592 0.61338314796652582 10.068266326545126 0.00084926439234245265 -0.0010338773989617132 0.00087453522236735648 0.33111767416137788 -0.00093604864810675748 3.0214587941899951 -0.013551799760286585 9.2712987810883454e-05 -0.00099863119882787044 -0.00081309665668222164 -0.0022045618195563606 56.011736245546736 0.52170167705565507 0.49563762860148269 -0.0083214107453278823 1.7879622025753197 45.86246211985614 22.386147093976621 21.772941098734268 1.3843304188126517 2.55546955395983 0.00015165660148841467 0.00019660072922844665 1.3342811830306294 0.0021099970282398854
decision_type=2 2 2 2 2 2 2 2 2 2 2 2 2 2 2 2 2 2 2 2 2 2 2 2 2 2 2 2
left_child=1 10 3 4 9 14 -7 23 -6 -2 15 13 -13 -12 -5 16 -1 18 19 -4 21 -19 -22 -3 26 -26 -9 -17
right_child=2 7 17 5 8 6 -8 24 -10 -11 11 12 -14 -15 -16 27 -18 20 -20 -21 22 -23 -24 -25 25 -27 -28 -29
leaf_value=-0.01704962585529458 -0.037129557139808748 0.011005972650065293 -0.039043191685306247 0.10762864361647771 -0.037760895987682917 0.016897035712546998 0.00016965172369129346 -0.048296601489939424 -0.0095806760791994402 0.00052259998227150925 0.011789800101261594 0.11427738754161557 0.0030956509166295953 -0.05446515647984318 0.016385246982351942 -0.051561349649561675 0.075563994102534712 -0.003221181796130282 0.035251776749477527 0.034730079357067491 0.0017642803356627624 -0.051435375484984294 0.0066990188833883635 0.11443600822774398 0.050300749526433722 -0.03138180826746384 0.037701119989485284 -0.053119378199675577
leaf_weight=34.16653192602098 6.5065597333014003 0.79979926347732788 15.761704500764614 1.8165771588683122 12.422399731352924 50.908500131219625 465.26449167728424 15.123911801725626 249.01045482605696 309.29568444937468 5.5816080495715141 1.4787535052746523 54.376229379326105 7.062722295522688 2.0341941900551319 4.9319987315684548 1.9625999685376871 42.8754195086658 4.5620273798704138 2.9834894537925711 641.74965170770884 4.0857119709253302 426.61876352876425 0.60011185519397259 0.9811216201633205 13.921089982613919 0.56097960285842496 0.72634807229042042
leaf_count=975 62 29 116 19 293 481 3929 521 2787 3257 93 28 881 140 24 171 61 304 22 18 3245 27 2040 16 33 335 21 14
internal_value=-8.56851e-05 -0.0121455 0.000681699 -0.00161014 -0.00508409 0.00224602 0.00181942 -0.0318668 -0.0109197 -0.000253158 -0.00642558 0.00026937 0.00603917 -0.0252181 0.0594287 -0.0174001 -0.0120187 0.00289025 -0.0150576 -0.0273014 0.00326531 -0.00741591 0.00373481 0.0553442 -0.0358583 -0.026004 -0.0452208 -0.0517613
internal_weight=2378.17 142.274 2235.9 1097.26 577.235 520.024 516.173 31.987 261.433 315.802 110.287 68.4993 55.855 12.6443 3.85077 41.7875 36.1291 1138.64 23.3072 18.7452 1115.33 46.9611 1068.37 1.39991 30.5871 14.9022 15.6849 5.65835
internal_count=19942 3318 16624 10852 6399 4453 4410 955 3080 3319 2363 1142 909 233 43 1221 1036 5772 156 134 5616 331 5285 45 910 368 542 185
is_linear=0
shrinkage=0.05


Tree=57
num_leaves=29
num_cat=0
split_feature=4 3 1 3 4 1 1 1 4 3 0 3 4 2 2 0 0 1 2 2 0 2 3 1 1 3 2 1
split_gain=8.05685 6.07794 4.20481 5.33884 5.18273 4.62404 4.46288 4.06236 3.60318 4.03643 3.42461 3.07646 6.06942 4.55687 2.83064 3.86246 2.73475 2.48717 2.09873 4.31918 2.06488 4.61709 1.31873 1.13376 2.22066 1.52505 0.411419 0.00346095
threshold=2.7067038186558592 0.61338314796652582 0.0027866388739650198 0.16566242319283539 17.815573809893902 0.0025451179781220694 -0.0039221771461428459 -0.00093604864810675748 22.792558354281784 1.4598348614574264 79.63549945246622 0.13427675018293825 0.9659135669544302 0.0020231198024170953 0.012898663455626293 69.376643319139404 79.110774808752254 0.0088456115280552989 0.0035604536038272854 0.0031040365612636793 79.63549945246622 0.00062318292398322328 0.77632163069820448 0.00015165660148841467 0.00019660072922844665 1.3342811830306294 0.010403636357624759 0.00068102160950711543
decision_type=2 2 2 2 2 2 2 2 2 2 2 2 2 2 2 2 2 2 2 2 2 2 2 2 2 2 2 2
left_child=1 11 3 20 6 -6 -5 22 14 17 -11 18 27 -14 15 -4 -16 -10 19 -1 21 -2 -3 25 -25 -9 -20 -13
right_child=2 7 8 4 5 -7 -8 23 9 10 -12 12 13 -15 16 -17 -18 -19 26 -21 -22 -23 -24 24 -26 -27 -28 -29
leaf_value=-0.026401531247280216 0.022119618489746178 0.0082038632159363266 0.011761004895509774 -0.020444198206890904 0.0043310708192592475 0.048084135024673541 -0.0013601088628995904 -0.04806781632399712 -0.022370327346412824 -0.00082792141728760575 0.025856776638457681 -0.051382271550244697 -0.0071394108923143983 0.017374381759726148 0.04757511938332587 -0.0010282909097766525 0.013554355079106959 0.0039185307269243089 -0.059133969713766638 0.071613087776698461 -0.00014611010092524415 0.1200678649695593 0.10356325572373629 0.045531517347257307 -0.030681665944947513 0.034531786816793843 -0.027108084746030603 -0.054596821496779149
leaf_weight=8.1206991448998433 3.1137168556451789 0.83116214349866158 149.34044821560383 31.283003069460392 326.261609390378 6.1525945812463751 1478.1018670555204 14.45307127200067 29.476632937788963 52.223345667123795 15.619426339864729 4.8890896979719392 61.308057358488441 27.443889163434505 8.2433466017246264 97.628243505954742 20.842086344957352 12.949713706970213 4.2465376965701571 1.304543662816285 1.9883120879530904 1.9607798308134077 0.64304959774017334 1.0283991619944561 13.536694612354038 0.58129179105162698 1.3128442075103519 1.0103680267930029
leaf_count=183 36 26 624 349 1615 26 12942 521 128 218 65 198 1503 365 35 405 87 55 68 12 16 23 19 33 335 21 19 15
internal_value=-8.37773e-05 -0.0116885 0.000646763 -0.000344547 -0.00051093 0.00514089 -0.00175564 -0.0312079 0.00539097 -0.00224929 0.00531569 -0.00615617 -0.00282361 0.000440747 0.00844285 0.00670532 0.0231965 -0.0143462 -0.0272065 -0.0128354 0.0430438 0.0599667 0.0497995 -0.0352425 -0.0253005 -0.0448742 -0.0515711 -0.0519328
internal_weight=2375.89 140.71 2235.19 1848.86 1841.8 332.414 1509.38 31.0737 386.323 110.269 67.8428 109.636 94.6514 88.7519 276.054 246.969 29.0854 42.4263 14.9846 9.42524 7.06281 5.0745 1.47421 29.5995 14.5651 15.0344 5.55938 5.89946
internal_count=19942 3318 16624 15007 14932 1641 13291 955 1617 466 283 2363 2081 1868 1151 1029 122 183 282 195 75 59 45 910 368 542 87 213
is_linear=0
shrinkage=0.05


Tree=58
num_leaves=29
num_cat=0
split_feature=4 2 1 0 0 0 0 1 2 1 4 2 1 3 3 1 4 0 2 3 3 2 4 2 1 1 3 0
split_gain=7.56939 4.46799 4.05152 3.96137 5.46758 6.40227 5.73419 3.29356 4.71333 3.03252 5.58413 16.7303 5.56485 4.98276 4.4092 3.27124 3.00211 3.59271 4.89087 3.92139 3.14477 3.95258 2.90091 2.91963 2.34469 2.30542 4.38152 1.7082
threshold=4.4422007775710961 0.0016895165204451337 -0.0023071663841462415 77.182276700822413 71.6935923392288 72.274565633791028 63.852428894914439 -0.0024691325741387211 -0.0035135275900401437 0.0052663383483173573 49.608894188768083 0.0018873522824685021 -0.0071181193175197102 1.8037697603192286 2.0123677200408125 -0.0033690907719910452 22.792558354281784 69.870049518547361 0.0080344749979772718 1.0982732143764291 1.4598348614574264 0.0068914674362758896 1.072213714517434 0.0015441001673546231 0.0088456115280552989 0.0034708612798383114 0.29698834611458158 44.11087271387921
decision_type=2 2 2 2 2 2 2 2 2 2 2 2 2 2 2 2 2 2 2 2 2 2 2 2 2 2 2 2
left_child=1 2 7 4 6 -6 -3 8 -1 10 12 15 13 -2 -14 -12 17 19 -19 -11 24 -22 27 -24 -18 26 -5 -4
right_child=9 3 22 25 5 -7 -8 -9 -10 16 11 -13 14 -15 -16 -17 20 18 -20 -21 21 -23 23 -25 -26 -27 -28 -29
leaf_value=0.07019126119137685 -0.031581359699409027 0.014722095639669861 -0.0087859529971855959 0.011480460980197914 0.090226947168849853 0.016387950872414934 -0.015921344909031913 0.10629519458955759 -0.053646763562046187 0.020989715037114654 0.01211453541415846 0.089542062571698999 0.00095529525655263503 0.027775538964770776 -0.020764012151818112 -0.036290612316333522 -0.025626974521179263 -0.030041856368674555 0.016244880650753028 0.069299331651214421 0.033469602090182897 7.2008361476805891e-05 -0.0090212725501851235 -0.040926921335503047 0.0037218351993066412 0.032079081839503275 -0.028556595384655017 -0.052485873367597059
leaf_weight=1.5799370780587194 22.586671367287639 28.844548119232059 3.3986094780266267 9.7550761569291335 3.3309254609048393 24.737392835319042 32.430998716503382 1.2471585329622019 1.4957714043557646 22.246738821268085 11.405713841319088 7.0137758851051322 1786.6398253776133 4.1918054372072211 23.676945775747299 5.0294577181339273 14.339166820049288 7.4479161202907589 24.416724219918251 5.1783986985683432 12.650129988789557 29.561733216047287 237.89485655911267 7.3930443283170453 12.952320903539656 2.6325262337923041 22.816469967365265 6.5384560935199261
leaf_count=22 174 431 118 124 42 288 437 20 26 93 53 30 11878 22 114 21 62 30 103 21 53 123 4931 135 55 11 296 229
internal_value=-8.1097e-05 -0.00650718 -0.0102428 0.0012776 0.00687503 0.0251506 -0.0014964 0.0377577 0.00996664 0.00115963 0.000646011 0.0248916 0.000336538 -0.0222898 0.000671231 -0.00269831 0.00857942 0.0168446 0.005426 0.0301115 0.00152885 0.0100807 -0.0110558 -0.00998292 -0.0116983 -0.012928 -0.0165656 -0.0375399
internal_weight=2373.43 384.096 259.548 124.548 89.3439 28.0683 61.2755 4.32287 3.07571 1989.34 1860.54 23.4489 1837.1 26.7785 1810.32 16.4352 128.793 59.2898 31.8646 27.4251 69.5034 42.2119 255.225 245.288 27.2915 35.2041 32.5715 9.93707
internal_count=19942 7110 5481 1629 1198 330 868 68 48 12832 12292 104 12188 196 11992 74 540 247 133 114 293 176 5413 5066 117 431 420 347
is_linear=0
shrinkage=0.05


Tree=59
num_leaves=29
num_cat=0
split_feature=4 3 3 0 4 1 0 0 4 4 1 1 1 3 3 4 3 3 3 1 1 0 0 0 1 3 3 2
split_gain=7.06026 4.66499 8.395 7.4656 7.57592 6.10855 4.55269 4.21589 5.01496 2.98964 3.58025 2.87149 4.95686 4.66214 4.63189 4.37037 5.3549 7.69195 6.50328 4.18056 3.97107 3.54244 3.13651 2.73125 1.65416 0.836825 0.66502 0.00140864
threshold=6.7055117703389113 1.0774708190299831 0.99305766179529986 62.971781934741124 3.7817032971616977 -0.0011975988790321466 34.654995218274898 20.431022890835475 3.4706361793305471 0.9659135669544302 0.0023234184459436373 -0.00082327333049442275 -0.00066799161456448919 1.488686689358621 1.5843696157100746 7.2446529340948063 0.95530862632118252 0.7992087645800946 1.0924003692731803 -0.00076289921067151923 -0.00063110126888327167 17.091246690746548 20.431022890835475 39.300029881720775 -0.0013978606931231428 0.97658554214636484 1.1159892309528987 -0.0029536579968799099
decision_type=2 2 2 2 2 2 2 2 2 2 2 2 2 2 2 2 2 2 2 2 2 2 2 2 2 2 2 2
left_child=1 2 9 6 -5 26 -4 -7 -9 10 -1 15 13 19 -15 22 17 -17 -18 -13 25 -22 -2 -11 -24 -14 -3 -28
right_child=11 5 3 4 -6 7 -8 8 -10 23 -12 12 20 14 -16 16 18 -19 -20 -21 21 -23 24 -25 -26 -27 27 -29
leaf_value=-0.040386853032894271 0.035824418223620737 -0.016052531386912726 0.041534309404946873 -0.032496875708600791 0.064994702322519013 0.071663343472254906 -0.0071656420487580148 -0.04285628882590653 -0.0073640558973638486 0.0034595236032395464 0.083010000616996774 -0.015214544001591316 -0.017031353132143708 0.09963194695808697 0.025651648680305852 -0.0012100832524330517 -0.021994811442696632 0.025189645804579913 -0.0012087886424959912 0.027533241103153857 -0.049106919158954133 0.0029821463865833159 -0.054430670444353818 -0.0050131437367383338 -0.01715690980291204 -0.05205045719778828 -0.055401373594258653 -0.053878381310140902
leaf_weight=8.5776048637926543 1.6290903501212586 1.3100021481513966 6.2495860401541021 2.3904379531741133 11.976169738918541 1.5923862289637316 20.675715731456876 10.805252363905309 126.1389453150332 120.810307091102 0.63106845319271165 9.4565643742680532 3.254199467599391 3.3303860500454885 5.8011868372559547 75.386496983468533 43.247136507183313 43.520061336457729 289.69635090976954 14.472193501889707 3.2737511470913878 1095.3659701570868 6.7857400737702838 447.25954637490213 5.3024436086416236 3.5856361463665962 1.9426249675452698 6.9501210879534474
leaf_count=313 19 19 105 53 103 30 310 332 1389 1889 3 70 23 23 34 629 308 323 1858 109 21 5527 93 6139 66 23 23 108
internal_value=-7.86474e-05 -0.00402329 -0.00211155 0.0196679 0.0487732 -0.0119737 0.00413802 -0.00922393 -0.0101645 -0.0036694 -0.0319305 0.00180824 0.00316101 0.0222385 0.0526331 -0.00149995 -0.000655889 0.00845228 -0.00390875 0.0106395 0.00259048 0.00282693 -0.0293035 -0.00321128 -0.0380807 -0.0353894 -0.0493116 -0.0542111
internal_weight=2371.42 767.31 618.57 41.2919 14.3666 148.739 26.9253 138.537 136.944 577.279 9.20867 1604.11 1138.54 33.0603 9.13157 465.567 451.85 118.907 332.943 23.9288 1105.48 1098.64 13.7173 568.07 12.0882 6.83984 10.2027 8.89275
internal_count=19942 10816 8915 571 156 1901 415 1751 1721 8344 316 9126 5830 236 57 3296 3118 952 2166 179 5594 5548 178 8028 159 46 150 131
is_linear=0
shrinkage=0.05


Tree=60
num_leaves=29
num_cat=0
split_feature=4 3 1 4 2 2 2 3 1 4 0 3 4 3 4 3 3 3 1 1 0 3 3 1 2 4 1 2
split_gain=6.55291 5.75127 3.6885 3.47178 4.58154 6.4425 4.48437 4.64479 3.77041 3.49142 3.48448 3.11169 6.3846 8.27231 3.82027 3.50937 5.22129 3.43113 2.98109 3.89014 3.64509 3.09105 5.60806 1.61299 1.19094 1.13215 0.00162355 0.000521532
threshold=2.7067038186558592 0.61338314796652582 -0.00093604864810675748 10.418278364291837 0.00084926439234245265 -0.0010338773989617132 0.00087453522236735648 0.33111767416137788 -0.0044254374280445754 3.0214587941899951 55.606502693236948 0.41293394087023688 12.770128724184124 0.33603434999787113 11.275063152579628 1.3843304188126517 1.3342811830306294 1.6171642440420959 9.2712987810883454e-05 0.00011623071956790022 66.641435918286291 0.52170167705565507 0.49563762860148269 -0.001107955272850347 -0.00033676667925769394 1.9958941874347198 0.00068102160950711543 0.0021099970282398854
decision_type=2 2 2 2 2 2 2 2 2 2 2 2 2 2 2 2 2 2 2 2 2 2 2 2 2 2 2 2
left_child=1 18 23 4 5 8 10 -8 -2 -7 -6 12 14 -14 -5 16 -13 -17 21 -20 -21 22 -1 -3 26 -26 -4 -23
right_child=3 2 24 11 6 9 7 -9 -10 -11 -12 15 13 -15 -16 17 -18 -19 19 20 -22 27 -24 -25 25 -27 -28 -29
leaf_value=-0.015683436841599795 -0.053011280332221834 0.00258207468344089 -0.051428244167565078 0.023066073024947755 0.10550965618013007 -0.036774998050522784 0.015800048308088548 5.3034098518737365e-05 0.00080012732667774928 -0.0089610878587346853 0.011803917767928211 0.00097781276355475631 -0.056898798156481772 0.03454383610184588 0.090254541786742651 0.011010468001777799 -0.018104041732017191 0.0020723031868448527 0.081026501343730795 0.0072908159973051395 -0.018015967100082828 -0.051455394610622776 0.06932378846744558 0.10655109442096251 -0.044671587949952754 -0.019959967426902692 -0.054090637564484047 -0.052929934036573992
leaf_weight=32.920662067830563 3.287906799465417 0.91190964728593826 6.6746191903948846 4.4743783921003359 1.8313748352229589 11.809781199321149 51.870338693261147 481.75883182696998 327.36825247853994 252.87095903605223 2.1647488456219435 593.45429000258446 4.2697583734989148 5.8782100826501846 4.0132770910859108 177.59065342321992 38.153766226023436 271.53803154081106 1.4897139500826586 45.181710712611675 20.770112363621593 4.6110784579068413 2.0616807248443356 0.63130028359592205 6.9508257731795302 13.910921853035687 0.6263466328382491 0.68930725380778302
leaf_count=975 67 26 254 21 18 293 483 4018 3356 2826 25 3064 20 30 20 907 196 1280 36 824 282 171 61 19 239 408 9 14
internal_value=-7.70246e-05 -0.0106738 -0.0301519 0.000575348 -0.00136702 -0.00438855 0.00197886 0.00158369 0.000265049 -0.0102021 0.0547481 0.00257706 0.0228345 -0.00393066 0.0548353 0.00222775 -0.000174871 0.00560656 -0.00530253 0.00112578 -0.000679013 -0.0160648 -0.0106735 0.045114 -0.0342762 -0.0281935 -0.0516566 -0.0516472
internal_weight=2369.76 137.43 29.7059 2232.33 1132.96 595.337 537.625 533.629 330.656 264.681 3.99612 1099.37 18.6356 10.148 8.48766 1080.74 631.608 449.129 107.724 67.4415 65.9518 40.2827 34.9823 1.54321 28.1627 20.8617 7.30097 5.30039
internal_count=19942 3318 955 16624 11086 6542 4544 4501 3423 3119 43 5538 91 50 41 5447 3260 2187 2363 1142 1106 1221 1036 45 910 647 263 185
is_linear=0
shrinkage=0.05


Tree=61
num_leaves=29
num_cat=0
split_feature=4 3 1 1 3 4 2 1 4 3 0 3 4 2 4 4 2 0 3 2 2 1 1 1 1 3 2 1
split_gain=5.98484 5.42716 3.38568 3.2904 4.55668 4.44692 6.78916 5.05802 3.34884 3.13542 3.25964 2.94827 5.49782 4.06525 2.37026 3.82924 2.20819 3.31846 2.63715 2.06895 3.74993 2.04451 1.2535 1.20196 2.15327 1.5709 0.41687 0.00241544
threshold=2.7067038186558592 0.61338314796652582 -0.00093604864810675748 0.0028628618169846969 0.16566242319283539 33.269451209376562 -0.014732494619830947 -0.0083214107453278823 22.792558354281784 1.4598348614574264 79.63549945246622 0.13427675018293825 0.9659135669544302 0.0020231198024170953 3.3948645365351457 4.4422007775710961 0.012898663455626293 69.622723103227074 0.70798061916008137 0.0035604536038272854 0.0031040365612636793 0.0088456115280552989 -0.001107955272850347 0.00015165660148841467 0.00028444455722209666 1.3342811830306294 0.010403636357624759 0.00068102160950711543
decision_type=2 2 2 2 2 2 2 2 2 2 2 2 2 2 2 2 2 2 2 2 2 2 2 2 2 2 2 2
left_child=1 11 22 4 14 7 -7 -6 16 21 -11 19 27 -14 -2 -16 17 -5 -18 20 -1 -10 -3 25 -25 -4 -21 -13
right_child=3 2 23 8 5 6 -8 -9 9 10 -12 12 13 -15 15 -17 18 -19 -20 26 -22 -23 -24 24 -26 -27 -28 -29
leaf_value=-0.024919942334814458 0.083683723772310051 0.0024470338623852816 -0.047581929230340651 0.011155285781036847 -0.039849823510326329 -0.063085875392956611 0.01480400025146739 -0.00077505890174843701 -0.020567263299113944 -0.0018544019390917769 0.0242696843837681 -0.051215448853314131 -0.0061301356181386116 0.017068083736841114 -0.021843103587674318 0.063975952842915004 0.009048403006860866 -0.0010924955459953583 0.040440491458191959 -0.058724608640990342 0.065847617484230417 0.0033131127052389488 0.091477696324633428 0.013806619253334977 -0.033843081617587679 0.037980905824439935 -0.026028279565850104 -0.054055984076624888
leaf_weight=7.7565443236380798 2.1163398101925841 0.91406595706939697 13.146032866090536 140.51497836410999 8.3206926323473436 2.9148093536496154 69.604735717177391 1774.8585779443383 29.064953297376633 51.311188504099846 15.562099844217299 4.3028338104486457 60.062712401151657 27.546159438788891 2.6087272092700005 2.5906416922807693 17.366294682025913 91.199302151799202 10.882433310151098 4.0441648829728356 1.3335228264331815 12.959077894687651 0.69668243452906853 3.0610004831105462 10.516956580802796 0.55925606377422887 1.2844940181821582 0.90598198771476735
leaf_count=183 29 26 521 585 77 19 329 14582 127 214 65 198 1503 365 28 18 74 377 45 68 12 55 19 111 257 21 19 15
internal_value=-7.50787e-05 -0.0102531 -0.029486 0.000545715 -0.000308529 -0.000463789 0.0116733 -0.00095739 0.00486027 -0.00250067 0.00422494 -0.00507091 -0.0018033 0.0011639 0.0390747 0.0209172 0.00794374 0.00633474 0.0211418 -0.0261055 -0.0116042 -0.0132032 0.0409547 -0.0336447 -0.023101 -0.0440905 -0.050843 -0.0517095
internal_weight=2368.01 136.13 28.894 2231.87 1863.01 1855.7 72.5195 1783.18 368.86 108.897 66.8733 107.236 92.8177 87.6089 7.31571 5.19937 259.963 231.714 28.2487 14.4187 9.09007 42.024 1.61075 27.2832 13.578 13.7053 5.32866 5.20882
internal_count=19942 3318 955 16624 15082 15007 348 14659 1542 461 279 2363 2081 1868 75 46 1081 962 119 282 195 182 45 910 368 542 87 213
is_linear=0
shrinkage=0.05


Tree=62
num_leaves=23
num_cat=0
split_feature=4 1 3 0 1 2 3 3 0 0 3 0 4 1 4 2 1 3 4 3 1 4
split_gain=5.66467 5.63843 3.96937 3.3222 3.18207 3.13771 5.17512 7.20036 4.13019 4.10296 2.70053 2.48774 5.6046 2.43516 4.73485 14.6424 4.99808 4.39771 2.59699 2.35702 1.82498 0.00832068
threshold=5.8845655116087441 0.0006454333785558265 1.402671809405927 21.772941098734268 0.00071251076361511523 -0.0048558323997645583 0.59410262972038963 0.24487435368865443 23.619573614330168 39.521764249153925 1.4598348614574264 91.912680741346549 11.000416033521704 0.0056649873776194468 49.608894188768083 0.0018873522824685021 -0.0071181193175197102 0.77104893894309001 15.727463406902826 1.3843304188126517 0.00086041184460494702 5.4318613992999234
decision_type=2 2 2 2 2 2 2 2 2 2 2 2 2 2 2 2 2 2 2 2 2 2
left_child=1 5 3 -3 -5 6 7 -1 10 -10 -7 13 -13 14 16 -16 -2 18 -15 -19 -4 -22
right_child=11 2 20 4 -6 8 -8 -9 9 -11 -12 12 -14 17 15 -17 -18 19 -20 -21 21 -23
leaf_value=0.049435570666079641 -0.021247142811363404 0.054268170779469264 0.0051055266031262243 0.023952081538545861 0.00030863854877393176 -0.041708780976386972 0.098137786153878165 -0.025112604238444226 0.0022102906775203486 -0.011077521761676638 0.041514246217007472 0.057065016529047531 -0.014862556099371801 0.045032791126208456 -0.0024877321849011845 0.08297486288856401 0.00078800192426451701 -0.0051778728003355921 0.0089541830349803477 0.011361296090296279 -0.054772604213297063 -0.059235878569308377
leaf_weight=5.3023787960410109 26.161741375923157 3.0441769994795314 1.6575343087315548 15.135370934382079 238.09905379265547 13.193274928256868 1.631090685725211 8.3238974735140783 75.125273896381259 256.25029909610748 1.0525364205241192 6.0989333540201169 4.8715190589427948 11.565650954842569 16.959326922893528 7.1143170446157447 1574.8814800679684 40.432426139712334 8.7699910104274732 46.105386391282082 2.2229559011757374 1.969274118542671
leaf_count=95 196 28 22 196 2018 315 21 115 1462 5299 20 26 20 50 76 30 9506 171 37 192 31 16
internal_value=-7.26963e-05 -0.00416483 0.00141635 0.00234593 0.00172177 -0.00821879 0.0139712 0.00389625 -0.00919836 -0.00806508 -0.0355599 0.00139 0.025125 0.00123967 0.000758879 0.0227684 0.000427938 0.00855053 0.0294735 0.00363382 -0.0393086 -0.0568692
internal_weight=2365.97 623.007 262.128 256.279 253.234 360.879 15.2574 13.6263 345.621 331.376 14.2458 1742.96 10.9705 1731.99 1625.12 24.0736 1601.04 106.873 20.3356 86.5378 5.84976 4.19223
internal_count=19942 9638 2311 2242 2214 7327 231 210 7096 6761 335 10304 46 10258 9808 106 9702 450 87 363 69 47
is_linear=0
shrinkage=0.05


Tree=63
num_leaves=29
num_cat=0
split_feature=4 3 1 4 2 2 2 3 2 4 4 3 0 3 3 3 3 4 2 0 2 2 2 4 1 2 1 1
split_gain=5.24103 5.09743 3.15005 2.85827 4.09754 5.72174 3.93803 4.07654 3.76095 3.30308 2.95234 8.79215 3.63632 3.56901 5.78602 5.65078 2.80932 5.23454 3.6646 2.74035 1.96533 3.39105 1.24501 1.15428 1.00705 0.42057 0.00210018 0.00131226
threshold=2.7067038186558592 0.61338314796652582 -0.00093604864810675748 10.418278364291837 0.00084926439234245265 -0.0010338773989617132 0.00087453522236735648 0.33111767416137788 -0.013551799760286585 3.0214587941899951 10.626925844992597 1.4508808821144699 70.126381648153796 1.4978728358230049 1.6171642440420959 1.488686689358621 0.13427675018293825 0.9659135669544302 0.0020231198024170953 55.606502693236948 0.0035604536038272854 0.0031040365612636793 -0.00033676667925769394 1.9958941874347198 -0.001107955272850347 0.010403636357624759 0.00068102160950711543 0.00068102160950711543
decision_type=2 2 2 2 2 2 2 2 2 2 2 2 2 2 2 2 2 2 2 2 2 2 2 2 2 2 2 2
left_child=1 16 24 4 5 8 19 -8 -2 -7 11 12 -5 15 -15 -12 20 26 -19 -6 21 -1 27 -24 -3 -22 -18 -4
right_child=3 2 22 10 6 9 7 -9 -10 -11 13 -13 -14 14 -16 -17 17 18 -20 -21 25 -23 23 -25 -26 -27 -28 -29
leaf_value=-0.02430683903052102 -0.037197217740616954 0.0027519793539426164 -0.051302221849380138 0.022942247332622435 0.093208019393606831 -0.036011302266343755 0.014796254486951189 8.5623467657727651e-05 0.0010071714516023545 -0.0084507152981597097 0.00030228742592449775 -0.038349591182127607 0.074944656265942627 0.016777413786319431 0.0022570308166540171 -0.044948828703312307 -0.051144933259432195 -0.0056596928006519458 0.016335476941161123 0.011707632368460681 -0.058350851710596223 0.061416903455433706 -0.043929425180206573 -0.018069235960804828 0.081011680468146108 -0.025098549812774928 -0.053855375434273205 -0.053780871367150568
leaf_weight=7.6412248723208887 6.5725513249635688 0.90891345404088497 6.09908672329039 17.227648958563812 1.9686589464545239 11.364427372813223 52.206144377589226 480.97134573385119 323.95467937365174 250.54881096817553 705.13667220622301 5.3917811661958686 4.1766814142465583 92.115756846964359 268.81488588452339 6.967227265238761 4.0610107928514472 59.479561110958457 27.782309308648109 2.1663996316492558 3.8606347218155852 1.3587885797023771 6.4135440355166784 13.188060965389012 0.75048116035759693 1.2616548351943491 0.86732637882232655 0.58522463962435711
leaf_count=183 64 26 254 103 18 293 483 4018 3359 2826 3629 32 21 455 1263 35 198 1503 365 25 68 12 239 408 19 19 15 9
internal_value=-7.02884e-05 -0.00966454 -0.0286672 0.000507445 -0.00125892 -0.0041266 0.00190298 0.00152602 0.000247475 -0.00964657 0.00232187 0.018715 0.0330896 0.00191249 0.00596288 -0.00014045 -0.00466951 -0.00148833 0.0013431 0.0505091 -0.0254363 -0.0113646 -0.032885 -0.0265306 0.0381459 -0.0501606 -0.0516219 -0.0515192
internal_weight=2363.84 134.258 27.9453 2229.58 1129.75 592.44 537.313 533.177 330.527 261.913 1099.83 26.7961 21.4043 1073.03 360.931 712.104 106.313 92.1902 87.2619 4.13506 14.1223 9.00001 26.2859 19.6016 1.65939 5.12229 4.92834 6.68431
internal_count=19942 3318 955 16624 11086 6542 4544 4501 3423 3119 5538 156 124 5382 1718 3664 2363 2081 1868 43 282 195 910 647 45 87 213 263
is_linear=0
shrinkage=0.05


Tree=64
num_leaves=29
num_cat=0
split_feature=4 3 3 0 4 4 3 3 3 3 2 2 4 4 4 0 1 1 0 2 4 2 1 0 1 1 4 1
split_gain=4.79225 4.9424 6.9119 8.06667 4.05359 5.56984 9.94822 5.23492 20.6825 4.83232 4.49953 4.4948 4.24289 3.7692 3.41932 3.58296 12.5234 3.44208 2.91413 3.5155 2.61793 3.48263 2.62075 1.72537 1.04322 0.68545 0.00314169 0.000466852
threshold=4.4825828977293307 1.0146748200997167 0.99305766179529986 68.325340869501545 4.6973827712752074 5.0016097590664605 0.31710267642897055 1.1524792257715464 1.003395934179655 0.88146613580122424 0.00090602454494714834 0.0018478526145970788 4.8296333465777463 3.3664280807982121 3.4706361793305471 58.113959714580339 0.00012814955690521049 -0.00030562480036583345 15.812332165691155 -0.0020171561291508762 5.132759686352335 -0.0027448254988941541 -0.00082327333049442275 59.50394248915574 -0.00088582302894196763 0.001104822944077988 4.0263542185876515 -0.00021249704305925651
decision_type=2 2 2 2 2 2 2 2 2 2 2 2 2 2 2 2 2 2 2 2 2 2 2 2 2 2 2 2
left_child=1 2 18 13 7 6 12 8 9 -2 -10 -8 -6 -4 24 17 -17 -16 26 -20 21 -7 -22 27 -3 -26 -1 -9
right_child=4 14 3 -5 5 20 11 23 10 -11 -12 -13 -14 -15 15 16 -18 -19 19 -21 22 -23 -24 -25 25 -27 -28 -29
leaf_value=-0.051649073107630505 0.017783679499500143 0.016961861945684321 0.087000422308045708 0.17809543612833173 0.099271939920514723 0.066194755930682483 -0.013259408984274185 -0.053450219041256679 0.17194157559814435 -0.043230883099014822 0.070104936236949952 -0.048268021009426142 0.0076405869298155783 -0.014729213042646426 -0.052945242346710455 0.098617205444657005 -0.017630885043673338 -0.0073267318260278845 0.0085708205705868363 -0.0057634430106726321 -0.002232678906836942 0.0099661020465799232 0.0019768220204194713 0.0023912076916834443 -0.047712918092577113 -0.004652013854498308 -0.055298079741908139 -0.054728549349049707
leaf_weight=2.2586341891437764 21.715537507086999 0.72877199016511518 1.4329744633287185 1.0546014253050087 2.3534472584724417 3.2136682793498066 30.282627318054438 1.3467440716922285 2.415839370340108 3.8152406364679328 1.968498859554529 13.149871490895746 2.7273497804999352 2.4974322263151407 7.229134431108835 2.9593249633908263 10.670809932053087 9.6611544787883776 50.552119364030659 277.98386425431818 506.69470043666661 19.243901558220387 1368.0368073359132 2.5520877353847027 12.300174596719438 0.99924212321639139 0.79836965724825848 1.5206966325640667
leaf_count=82 231 24 40 14 22 32 372 23 30 43 20 132 27 40 143 52 143 160 811 5225 3872 205 7696 28 430 14 11 20
internal_value=-6.84226e-05 -0.0052029 -0.00313143 0.0553066 0.000919387 0.000614593 -0.0161147 0.0177029 0.0258943 0.00866585 0.126219 -0.0238588 0.0500846 0.0223601 -0.0208535 -0.0114621 0.00760847 -0.0268517 -0.00400996 -0.00355782 0.00104238 0.0180124 0.000839095 -0.0275129 -0.0412858 -0.0444776 -0.0526021 -0.0541282
internal_weight=2362.16 381.127 336.578 4.98501 1981.04 1945.7 48.5133 35.3346 29.9151 25.5308 4.38434 43.4325 5.0808 3.93041 44.5486 30.5204 13.6301 16.8903 331.593 328.536 1897.19 22.4576 1874.73 5.41953 14.0282 13.2994 3.057 2.86744
internal_count=19942 7189 6223 94 12753 12358 553 395 324 274 50 504 49 80 966 498 195 303 6129 6036 11805 237 11568 71 468 444 93 43
is_linear=0
shrinkage=0.05


Tree=65
num_leaves=29
num_cat=0
split_feature=4 3 3 4 4 1 3 0 2 1 4 4 3 1 4 3 2 0 2 4 3 1 4 0 3 3 3 2
split_gain=4.5552 4.05741 7.32429 6.82242 9.4044 5.99763 5.30047 4.27251 5.6325 2.4289 4.9765 3.25605 2.24914 2.22791 4.66993 5.78611 6.57969 4.7101 4.37444 2.99368 5.973 5.12099 3.64168 7.85928 3.3675 2.44146 0.666086 0.00115003
threshold=6.7055117703389113 1.0774708190299831 0.99305766179529986 5.4318613992999234 5.6695141473913173 -0.0011975988790321466 1.0088184770037534 78.223919913516895 0.0016171540181774138 0.001695755114964115 6.413946727471088 0.9659135669544302 1.402671809405927 -0.00093604864810675748 8.3330759680389175 0.36472578082089374 -0.00089944959660503965 14.61117897153254 0.00277974372513401 7.3763273538795024 1.1654583386331228 0.0020398885283253736 7.8649893469691854 43.131737519526382 1.0715954798250036 0.28333258609417905 1.1159892309528987 -0.0029536579968799099
decision_type=2 2 2 2 2 2 2 2 2 2 2 2 2 2 2 2 2 2 2 2 2 2 2 2 2 2 2 2
left_child=1 2 9 6 -5 26 -4 8 -7 11 -11 -1 -9 14 17 -16 -17 -2 -19 20 24 -22 23 -21 -15 -24 -3 -28
right_child=13 5 3 4 -6 7 -8 12 -10 10 -12 -13 -14 19 15 16 -18 18 -20 22 21 -23 25 -25 -26 -27 27 -29
leaf_value=-0.037788157612547446 0.049720725077252691 -0.015355301260473499 0.042804463945559541 0.13265967237398274 0.027661124618694091 -0.011078070538729702 -0.0087567216413139571 -0.050142718103294272 0.014449436499178892 0.0064576409034742587 -0.039172530386039017 -0.0040152183604564018 -0.0019951630093338079 0.015947663372670715 0.068557103354990531 0.0035767302913238467 -0.010432280686852275 -0.030729156146089877 0.02192480729432586 0.022985512851185465 -0.015422557869600126 0.04892409428711697 -0.034924594776967431 -0.021386826490918893 0.055223004449240977 0.002671471539474102 -0.055065249622274881 -0.05364788946397573
leaf_weight=7.2507249480113378 2.3426089845597735 1.2892908230423916 6.5985628347843912 2.5916826389729968 12.038536392152308 95.461419155821204 20.374955368228257 8.6053737718611938 27.930851696059108 101.80382393300533 6.3478897064924231 453.58331944886595 3.3775370772927991 58.830194473266602 3.0498118437826625 282.94966737926006 119.09591235220432 29.135246876627207 4.5622506327927104 13.132172472774981 25.629760429263118 3.5162246376276007 4.3367383852601042 41.564522467553616 6.0157492086291304 1011.2536793127656 1.8307741135358799 6.5566480681300154
leaf_count=311 24 19 102 24 108 1385 337 81 254 541 31 7461 31 392 21 1883 770 382 58 101 197 16 22 295 46 4919 23 108
internal_value=-6.7825e-05 -0.00326898 -0.00148322 0.0187685 0.0462612 -0.0107861 0.00385675 -0.00806779 -0.00529971 -0.00296401 0.00377941 -0.0045466 -0.0365717 0.0014389 -0.00158709 -5.26322e-05 -0.000573088 -0.0188345 -0.0236004 0.00258543 0.011141 -0.00765966 0.00183408 -0.0107334 0.0195912 0.00251093 -0.0488141 -0.0539573
internal_weight=2361.06 755.641 610.589 41.6037 14.6302 145.052 26.9735 135.375 123.392 568.986 108.152 460.834 11.9829 1605.41 441.135 405.095 402.046 36.0401 33.6975 1164.28 93.9919 29.146 1070.29 54.6967 64.8459 1015.59 9.67671 8.38742
internal_count=19942 10816 8915 571 132 1901 439 1751 1639 8344 572 7772 112 9126 3138 2674 2653 464 440 5988 651 213 5337 396 438 4941 150 131
is_linear=0
shrinkage=0.05


Tree=66
num_leaves=28
num_cat=0
split_feature=4 3 1 3 4 2 1 4 2 1 3 3 4 4 4 3 0 2 2 2 2 2 4 0 2 1 1
split_gain=4.3014 4.77627 2.90978 2.63107 4.84375 3.31022 2.57068 4.11252 9.80155 4.41558 4.48099 4.29296 2.57378 3.20879 4.7095 2.08246 2.05508 3.77135 1.90098 3.06174 1.27558 1.19695 0.977123 0.812995 0.425572 0.00172393 0.00107036
threshold=2.7067038186558592 0.61338314796652582 -0.00093604864810675748 0.13427675018293825 0.9659135669544302 0.0020231198024170953 0.0067333866282944807 49.608894188768083 0.0018873522824685021 -0.0071181193175197102 1.7266898351451203 2.0123677200408125 30.697848730658169 34.702984735117845 39.947500884137341 1.9093079809388513 83.696601977068738 0.008342705806258734 0.0035604536038272854 0.0031040365612636793 -0.00033676667925769394 0.0016171540181774138 2.55546955395983 71.094456815737786 0.010403636357624759 0.0012550636690837893 0.00068102160950711543
decision_type=2 2 2 2 2 2 2 2 2 2 2 2 2 2 2 2 2 2 2 2 2 2 2 2 2 2 2
left_child=1 3 22 18 25 -6 7 9 15 10 -2 -11 16 23 -15 -9 17 -8 19 -1 26 -22 -3 -14 -20 -5 -4
right_child=6 2 20 4 5 -7 12 8 -10 11 -12 -13 13 14 -16 -17 -18 -19 24 -21 21 -23 -24 -25 -26 -27 -28
leaf_value=-0.023272957219226731 -0.031943609768369428 0.0013229513708056086 -0.051230212554646076 -0.051189943835778573 -0.0050700612487166747 0.015833753822697187 0.0088329859335329625 0.01434757359816298 0.06742948140787268 0.00039815865545969002 0.017595344121711008 -0.020953504667076645 -0.0098311139422412718 0.042287492384064235 -0.0044824145132022512 -0.020867707361421104 -0.0066060130800043278 0.044050442966553041 -0.057991225934564718 0.057967113660220608 -0.019657365148955951 -0.052893355782570442 0.077347533806720534 -0.039365727061046241 -0.024046565152194405 -0.054656177620232775 -0.053535036251016667
leaf_weight=7.4109566900879127 19.970299547538165 0.94044925831258541 5.7455993406474652 4.115334632806479 58.781875321641564 27.940472558140755 17.398045048117641 9.8947845250368172 7.6541964858770362 2079.8616592418402 5.9173725098371497 23.810970894992352 4.4970793724060041 7.563562378287318 18.665310800075531 7.2918825894594184 6.5530113130807868 13.500946640968321 3.663057340309023 1.3749255798757074 15.567821509204803 3.2796147577464572 0.76763658598065376 4.835385724902153 1.2345582898706196 0.39296329021453846 0.55213162675499905
leaf_count=183 165 29 254 207 1503 365 74 46 32 15892 32 115 20 31 77 31 29 60 68 12 572 75 16 20 19 6 9
internal_value=-6.67173e-05 -0.00884462 -0.0276607 -0.00402856 -0.000962032 0.00166479 0.000452558 0.000139856 0.0203664 -9.60826e-05 -0.0206201 0.000156484 0.00967945 4.55172e-05 0.00900452 -0.000593409 0.018827 0.0242208 -0.0244737 -0.0105595 -0.0319504 -0.0254407 0.0354894 -0.0251337 -0.0494347 -0.0514921 -0.0514323
internal_weight=2359.18 131.767 26.8533 104.914 91.2306 86.7223 2227.41 2154.4 24.8409 2129.56 25.8877 2103.67 73.0133 35.5613 26.2289 17.1867 37.452 30.899 13.6835 8.78588 25.1452 18.8474 1.70809 9.33247 4.89762 4.5083 6.29773
internal_count=19942 3318 955 2363 2081 1868 16624 16313 109 16204 197 16007 311 148 108 77 163 134 282 195 910 647 45 40 87 213 263
is_linear=0
shrinkage=0.05


Tree=67
num_leaves=23
num_cat=0
split_feature=4 3 3 1 1 1 0 0 1 0 0 1 2 1 0 4 4 1 3 1 1 4
split_gain=3.98595 4.83345 8.20045 5.30342 6.51786 4.36506 4.05621 4.18534 14.7483 4.916 3.9008 3.7189 2.19787 2.53444 2.13028 4.96911 2.20789 6.43895 2.92102 0.322701 0.0403367 0.0145502
threshold=5.8845655116087441 1.0774708190299831 1.0594086207510991 0.000878513562503347 -0.0007067457046494029 0.00045339692341139776 78.223919913516895 57.732002048936671 -0.00026376895794921745 50.802238900892931 39.521764249153925 0.00049517528961229307 -0.016637730712464768 -0.00163976116251191 91.912680741346549 11.000416033521704 34.702984735117845 -0.0083214107453278823 1.7419423576801061 0.0017941187147296758 -0.0054102083074331056 5.2106821727750789
decision_type=2 2 2 2 2 2 2 2 2 2 2 2 2 2 2 2 2 2 2 2 2 2
left_child=1 2 5 4 -4 10 7 9 -9 -3 -1 -7 13 20 16 -16 17 -14 -18 21 -2 -8
right_child=12 6 3 -5 -6 11 19 8 -10 -11 -12 -13 14 -15 15 -17 18 -19 -20 -21 -22 -23
leaf_value=0.0023450079286920864 -0.038659861113000286 -0.011197150369262422 0.14041643621121844 0.13613939192502719 -0.0016500535969489192 0.037963558622397253 -0.054254828859813135 0.1147605504989891 -0.0070872893906216376 -0.047089721108967524 -0.011120623793901954 0.0012149840890060811 -0.044614119812089903 0.0093695510545455923 0.053226783149651784 -0.014458433120082277 -0.00090588791048558642 0.00091911630773465762 0.01610256533005287 -0.030900167489331623 -0.047070177278144658 -0.059572261100748924
leaf_weight=77.465219002217054 2.5119894295930862 36.350948533043265 1.0303173325955866 1.5285581573843954 3.7307083383202544 7.0767390299588433 3.3045122232288113 2.6703164037317029 35.477683937177062 12.934349508956073 175.92006963584572 253.44535059668124 7.8017784971743813 3.733027443289755 6.1192294955253583 4.8694541454315186 46.657914705574512 1613.1052244659513 54.99963167309761 1.6221725568175314 3.2966329418122768 2.1066073551774025
leaf_count=1548 23 663 17 12 59 141 55 47 459 206 3914 2488 75 21 26 20 219 9656 240 12 24 17
internal_value=-6.42808e-05 -0.00352629 -0.00163684 0.0551093 0.0290941 -0.00233134 -0.0139309 -0.0109923 0.00144192 -0.0206167 -0.0070039 0.00221321 0.00115652 -0.0227748 0.00128824 0.0232332 0.00114825 0.000699955 0.00829617 -0.0504609 -0.0434331 -0.056325
internal_weight=2357.76 614.664 520.197 6.28958 4.76103 513.907 94.4666 87.4333 38.148 49.2853 253.385 260.522 1743.09 9.54165 1733.55 10.9887 1722.56 1620.91 101.658 7.03329 5.80862 5.41112
internal_count=19942 9638 8179 88 76 8091 1459 1375 506 869 5462 2629 10304 68 10236 46 10190 9731 459 84 47 72
is_linear=0
shrinkage=0.05


Tree=68
num_leaves=27
num_cat=0
split_feature=4 3 1 1 2 2 2 3 3 1 4 2 1 3 3 4 0 3 4 4 3 2 2 0 1 2
split_gain=3.77237 4.47007 2.68688 2.47524 3.69276 6.00975 5.40923 3.17536 5.03993 2.2457 3.5514 8.78389 3.839 3.984 3.96732 2.49374 3.77824 2.33867 1.51988 5.93773 1.51029 1.29276 1.57238 0.918703 0.00091735 0.00051884
threshold=2.7067038186558592 0.61338314796652582 -0.00093604864810675748 9.2712987810883454e-05 -0.00099863119882787044 -0.00081309665668222164 -0.0022045618195563606 0.52170167705565507 0.49563762860148269 0.0067333866282944807 49.608894188768083 0.0010611514663586565 -0.0071181193175197102 2.0123677200408125 1.8037697603192286 49.608894188768083 72.274565633791028 1.8612269189386839 15.727463406902826 17.547159897913215 0.62831686574559475 -0.00033676667925769394 -0.00027974829120186445 33.88287336505978 0.00068102160950711543 0.0021099970282398854
decision_type=2 2 2 2 2 2 2 2 2 2 2 2 2 2 2 2 2 2 2 2 2 2 2 2 2 2
left_child=1 3 23 7 6 -6 -5 8 -1 10 12 17 14 -14 -2 18 -17 -12 20 -20 -11 24 -23 -3 -4 -9
right_child=9 2 21 4 5 -7 -8 25 -10 15 11 -13 13 -15 -16 16 -18 -19 19 -21 -22 22 -24 -25 -26 -27
leaf_value=-0.013410992277736528 -0.028458989866239844 -0.00028747461154061488 -0.051166120399408634 0.013615566405023795 0.10408595981808995 0.0048030777586308433 -0.054006472699607372 -0.051327892792658626 0.066440844757985507 0.05314696593250761 0.016419639748562767 0.059789489826697843 0.00037422355193362231 -0.020259869578865237 0.02424460758163078 -0.043917038798125287 0.014044361602781436 -0.021451163361903693 -0.040204136072245107 0.01538949664145179 0.013383410760354934 0.073936847162197936 -0.026767970184707585 0.0722523930131964 -0.053350780276511273 -0.052828099269780375
leaf_weight=31.02844859752804 20.941054323688153 0.95682877488434559 5.457345760427418 5.451962698251009 1.5696379207074631 52.675624864175916 6.4631465421989542 4.2103861561045042 2.1104380805045357 4.3366541862487775 8.0905855596065575 8.5994232445955259 2079.4728468284011 23.659324772655964 4.3047384470701209 5.186812147498129 6.1397243738174438 8.2168588787317258 5.3570756316184989 46.435458019375801 5.3142687231302261 0.39618852827698958 17.904387968592339 0.80260045640170574 0.52690954878926266 0.66773096099495877
leaf_count=975 175 25 254 93 28 881 140 171 61 20 38 36 15892 115 22 22 25 35 23 198 23 13 634 20 9 14
internal_value=-6.28297e-05 -0.00833444 -0.0268619 -0.00370259 0.00213968 0.00767592 -0.0230648 -0.0138698 -0.00832566 0.00042105 0.000129104 0.0188999 -9.0558e-05 0.000142099 -0.0194723 0.00905983 -0.0124982 -0.00266238 0.0130338 0.00963926 0.0312512 -0.0311846 -0.0245878 0.0328031 -0.0513585 -0.0515332
internal_weight=2356.28 130.222 26.0443 104.177 66.1604 54.2453 11.9151 38.017 33.1389 2226.05 2153.28 24.9069 2128.38 2103.13 25.2458 72.77 11.3265 16.3074 61.4435 51.7925 9.65092 24.2848 18.3006 1.75943 5.98426 4.87812
internal_count=19942 3318 955 2363 1142 909 233 1221 1036 16624 16313 109 16204 16007 197 311 47 73 264 221 43 910 647 45 263 185
is_linear=0
shrinkage=0.05


Tree=69
num_leaves=23
num_cat=0
split_feature=4 3 0 2 0 0 3 4 4 3 0 0 0 0 3 1 1 2 2 3 1 4
split_gain=3.5695 5.1122 10.8764 4.45905 6.52565 6.98707 4.14406 8.00877 6.83613 2.64959 2.30507 4.16506 2.60594 4.97819 4.11851 7.90038 3.24203 2.51352 2.13246 2.62538 2.53956 1.60412
threshold=8.9898939877122697 1.8612269189386839 44.531405007155008 0.00059867207206265604 47.503877774088629 46.792430689484611 0.30351712238340284 1.9958941874347198 6.7636837328373529 1.0477522263672434 22.386147093976621 21.772941098734268 66.944019681791943 67.45502125504207 0.57898120593286673 -0.00084201076521234197 -0.00082327333049442275 0.0080344749979772718 -0.0074742516813411921 0.56316239155904912 -0.0024691325741387211 13.555624205540438
decision_type=2 2 2 2 2 2 2 2 2 2 2 2 2 2 2 2 2 2 2 2 2 2
left_child=1 3 -3 4 5 -1 8 -8 -5 -6 11 18 14 21 15 -12 -16 -15 19 -2 -20 -14
right_child=10 2 -4 6 9 -7 7 -9 -10 -11 12 -13 13 17 16 -17 -18 -19 20 -21 -22 -23
leaf_value=-0.0032514941923442904 -0.04535927386175425 0.12299608606886306 -0.02197893200053077 0.0076639904069867384 -0.0098753531310163279 0.033929206038627389 -0.038771250082973156 0.00015716769497917048 0.067604729677872441 -0.023796820248056023 0.047208158860285808 -0.051827802637964229 -0.058224150101773321 -0.0059850166724281333 -0.0013876795233050267 0.0056557495529774753 0.0049239217873262601 0.0037853400941972194 -0.039362134089564599 0.0055298379119427879 0.0032504081874125028 -0.019702900513513096
leaf_weight=344.52988659776747 2.7207471579313269 2.4798325151205054 2.7047970592975616 66.319397202692926 120.06173165049404 13.116776240989564 13.595115011557935 468.98530205711722 5.1242358013987532 47.779687800444663 15.240114837884901 4.9480987936258307 4.3459222540259344 120.71968252956867 322.68336751684546 45.866538152098656 550.67019728571177 144.76480308175087 7.9165546894073486 37.011546093970537 6.2621487379074079 7.1470501273870468
leaf_count=4840 21 23 22 857 1855 186 348 4562 28 591 120 37 24 571 1990 220 2589 643 76 260 45 34
internal_value=-6.08387e-05 -0.00216741 0.0473633 -0.0024053 -0.00570489 -0.00188788 0.000724343 -0.000939512 0.0119632 -0.0138384 0.00173795 -0.00792486 0.00220743 -0.00205208 0.00346996 0.016019 0.00259194 -0.000657384 -0.00389533 0.00204511 -0.0205419 -0.0342692
internal_weight=2354.99 1084.7 5.18463 1079.51 525.488 357.647 554.024 482.58 71.4436 167.841 1270.3 58.8591 1211.44 276.977 934.46 61.1067 873.354 265.484 53.911 39.7323 14.1787 11.493
internal_count=19942 13312 45 13267 7472 5026 5795 4910 885 2446 6630 439 6191 1272 4919 340 4579 1214 402 281 121 58
is_linear=0
shrinkage=0.05


Tree=70
num_leaves=26
num_cat=0
split_feature=4 3 3 4 2 1 3 1 3 3 4 0 4 4 1 2 2 2 2 2 3 4 2 1 1
split_gain=3.25077 4.17067 2.56792 4.62812 2.88027 2.48431 2.17473 4.36324 3.89864 3.50332 3.63892 3.40791 3.19407 4.98668 2.54661 1.85594 3.13024 1.81988 1.31417 1.22675 0.8715 0.84378 0.424266 0.00135127 0.000809024
threshold=2.7067038186558592 0.61338314796652582 0.13427675018293825 0.9659135669544302 0.0020231198024170953 -0.00093604864810675748 0.16566242319283539 0.0023234184459436373 0.2132076120811153 0.24487435368865443 6.0453133784923301 58.572143687670582 4.1850581106784519 3.3948645365351457 0.0027866388739650198 0.0035604536038272854 0.0031850131809181286 0.0086421906994172976 -0.00033676667925769394 0.0016171540181774138 0.77632163069820448 5.132759686352335 0.010403636357624759 0.00068102160950711543 0.00068102160950711543
decision_type=2 2 2 2 2 2 2 2 2 2 2 2 2 2 2 2 2 2 2 2 2 2 2 2 2
left_child=1 2 15 23 -5 20 7 12 11 10 -10 21 13 -2 -11 16 -1 -13 24 -20 -3 -8 -17 -4 -7
right_child=6 5 3 4 -6 18 8 -9 9 14 -12 17 -14 -15 -16 22 -18 -19 19 -21 -22 -23 -24 -25 -26
leaf_value=-0.020115860740371361 0.073275105328316187 -0.0014322245216784899 -0.050974641538317871 -0.0041776021945189199 0.015348572695766425 -0.051104254769843295 -0.056583087374392563 -0.028500278077861759 0.03891520704074132 -0.00047692364593539445 -0.013976149675483119 0.028847713759486228 0.095687489913162588 -0.033578016184996146 0.0040303728676614843 -0.05774753313055371 0.079571959799660336 -0.017338611812855724 -0.017705730723111501 -0.052668728996493358 0.068254656673345154 -0.023516307949158041 -0.023533025943299226 -0.053309468893027824 -0.053200223831233365
leaf_weight=7.7453241981565935 2.2690079212188703 0.98015132732689625 3.4707017689943305 57.712582466192544 28.072430990636349 5.1804102109745171 5.7457440681755561 2.7415014356374741 11.39908120036125 1801.8745436090976 4.5499579906463614 3.1581442691385728 2.2025436908006668 2.1047068871557713 379.35695213079453 3.5176337175071231 0.87659084051847447 6.5694464221596718 14.714115821756424 3.024575079791247 0.8273551557213068 2.9044606015086174 1.2204106543213127 0.75438130274415005 0.50530389323830593
leaf_count=186 29 26 198 1503 365 254 76 12 123 14616 31 32 17 25 1589 68 9 50 572 75 19 24 19 15 9
internal_value=-5.95081e-05 -0.00778876 -0.00334012 -0.000303987 0.00221218 -0.0260139 0.000387257 0.0244922 0.000285881 0.000477703 0.0238263 -0.0226477 0.0465836 0.0218555 0.00030698 -0.0237955 -0.00998059 -0.00234383 -0.0303721 -0.0236672 0.0304658 -0.0454803 -0.0489347 -0.0513915 -0.0512905
internal_weight=2353.48 128.602 103.37 90.0101 85.785 25.2319 2224.88 9.31776 2215.56 2197.18 15.949 18.3778 6.57626 4.37371 2181.23 13.36 8.62192 9.72759 23.4244 17.7387 1.80751 8.6502 4.73804 4.22508 5.68571
internal_count=19942 3318 2363 2081 1868 955 16624 83 16541 16359 154 182 71 54 16205 282 195 82 910 647 45 100 87 213 263
is_linear=0
shrinkage=0.05


Tree=71
num_leaves=26
num_cat=0
split_feature=4 3 3 1 0 4 4 0 2 3 0 0 1 2 1 4 1 3 3 3 4 3 4 1 4
split_gain=3.12001 3.48675 6.27009 5.8731 5.8596 8.02632 5.40195 3.86033 4.82408 2.19952 2.13628 9.94606 4.27749 1.75204 2.52391 1.67596 5.81847 4.7498 2.65912 14.7153 2.39095 0.674344 0.294278 0.0371687 0.000977428
threshold=6.7055117703389113 1.0774708190299831 0.99305766179529986 -0.0011975988790321466 59.132257402189637 5.38951094084047 6.5232515191687712 78.223919913516895 0.0016171540181774138 1.402671809405927 39.111040637811307 36.228611299378642 -0.00010384526964879458 -0.016637730712464768 -0.00163976116251191 34.702984735117845 -0.0083214107453278823 2.0123677200408125 1.7419423576801061 1.6171642440420959 36.924870810092166 1.1159892309528987 28.199245310543805 -0.0054102083074331056 5.0016097590664605
decision_type=2 2 2 2 2 2 2 2 2 2 2 2 2 2 2 2 2 2 2 2 2 2 2 2 2
left_child=1 2 10 21 6 -6 -4 8 -5 -9 11 -1 -12 14 23 16 22 -18 19 -17 -20 -3 -15 -2 -23
right_child=13 3 4 7 5 -7 -8 9 -10 -11 12 -13 -14 15 -16 18 17 -19 20 -21 -22 24 -24 -25 -26
leaf_value=-0.0038773493019202462 -0.037502251073144678 -0.014375411115164631 -0.0050480368333328711 -0.0099596950536367645 0.010761512200048957 0.076857652343930882 0.10195932053911783 -0.048883774503300489 0.013638386733532685 -0.00045914808027913522 -0.012860028637432352 0.031874829915174645 -0.0013210865450230625 -0.036565082234284514 0.011793999012621957 0.016656806331034498 0.0014181817680806537 -0.024493195411583409 0.040612926007000581 -0.045281885056619724 0.010727285345753223 -0.05237583687369976 -0.057994538712936194 -0.045804749336505426 -0.053958419441953169
leaf_weight=94.430009136907756 2.4140991605818272 1.2606824412941913 21.962360766716305 93.348084128461778 11.069141068495812 7.8506817892193785 1.2463360130786885 8.1179108992218953 28.199555952101946 3.2974774353206149 105.28762922156602 24.500082572922111 338.61897324677557 5.0374700687825671 3.5963848158717138 33.134397365152836 1469.0983968526125 17.901726700365543 7.7952801436185828 13.494748368859289 47.305343344807625 1.1383731402456758 2.3491355776786804 3.0526014417409897 6.8251756355166435
leaf_count=1525 23 19 354 1385 150 56 11 81 254 31 2256 405 4158 55 20 155 8438 89 34 64 206 28 20 22 103
internal_value=-5.77429e-05 -0.00272679 -0.00107086 -0.00977227 0.0175348 0.0381878 0.000698392 -0.00709573 -0.00448484 -0.0348957 -0.0024635 0.00348775 -0.00405794 0.0011846 -0.0207371 0.00130908 0.000886347 0.00110624 0.00751887 -0.00126861 0.0149553 -0.0483533 -0.0433802 -0.0421384 -0.0537322
internal_weight=2352.33 747.152 604.965 142.187 42.1285 18.9198 23.2087 132.963 121.548 11.4154 562.837 118.93 443.907 1605.18 9.06309 1596.12 1494.39 1487 101.73 46.6291 55.1006 9.22423 7.38661 5.4667 7.96355
internal_count=19942 10816 8915 1901 571 206 365 1751 1639 112 8344 1930 6414 9126 65 9061 8602 8527 459 219 240 150 75 45 131
is_linear=0
shrinkage=0.05


Tree=72
num_leaves=23
num_cat=0
split_feature=4 3 0 2 0 0 1 1 2 0 0 0 0 0 3 1 3 1 2 3 1 4
split_gain=2.8934 4.47256 8.83505 3.83392 5.92685 6.29347 3.91162 4.55381 4.15779 2.68724 1.99181 3.94136 2.44955 4.55054 3.66238 6.87489 3.60456 2.81251 1.99718 2.44495 2.38946 1.52652
threshold=8.9898939877122697 1.8612269189386839 44.531405007155008 0.00059867207206265604 47.503877774088629 46.792430689484611 0.0026229620101404509 0.0025451179781220694 0.0018478526145970788 69.376643319139404 22.386147093976621 21.772941098734268 66.944019681791943 67.45502125504207 0.57898120593286673 -0.00084201076521234197 0.36472578082089374 -0.00082327333049442275 -0.0074742516813411921 0.56316239155904912 -0.0024691325741387211 13.555624205540438
decision_type=2 2 2 2 2 2 2 2 2 2 2 2 2 2 2 2 2 2 2 2 2 2
left_child=1 3 -3 4 5 -1 7 -5 -8 -6 11 18 14 21 15 -12 -15 -16 19 -2 -20 -14
right_child=10 2 -4 6 9 -7 8 -9 -10 -11 12 -13 13 16 17 -17 -18 -19 20 -21 -22 -23
leaf_value=-0.0029436271556997715 -0.044317097966256803 0.10740268740786468 -0.021086958339648715 -0.00033127984564195796 -0.011911763183018943 0.03201895737509277 0.050703795056697303 -0.046015612019094806 0.0080229232502142256 -0.047677768348468819 0.043563512717979952 -0.050934007488064571 -0.056933416527721818 0.043913565053142152 -0.0013240189827334584 0.0052364756908567667 -0.0015715333388203216 0.0045542057301667166 -0.038510286730188949 0.0054694750954890981 0.0030597869035134053 -0.019004767011319604
leaf_weight=342.58828191738576 2.6420475468039504 2.6958020254969588 2.6559627577662468 480.80015219375491 159.89348019659519 13.373781641945241 6.2968445122241965 5.5174144804477683 60.817940294742584 5.4301270460709921 15.697218133136628 4.7859766893088809 4.2306509763002378 4.4295973926782599 322.38685056939721 45.9503233730793 260.9323830679059 551.75490764528513 7.694115161895752 36.998889062553644 6.2769760489463788 7.113038495182991
leaf_count=4840 21 23 22 5477 2369 186 28 27 263 77 120 37 24 20 1990 220 1194 2589 76 260 45 34
internal_value=-5.65511e-05 -0.00195929 0.0436361 -0.00218634 -0.00526342 -0.00163005 0.000712002 -0.000849582 0.0120273 -0.0130865 0.0015605 -0.00745897 0.0019949 -0.00213798 0.00321697 0.0149956 -0.000812266 0.00238629 -0.00357792 0.00215123 -0.0198336 -0.0331503
internal_weight=2350.96 1080.07 5.35176 1074.72 521.286 355.962 553.432 486.318 67.1148 165.324 1270.89 58.398 1212.49 276.706 935.789 61.6475 265.362 874.142 53.612 39.6409 13.9711 11.3437
internal_count=19942 13312 45 13267 7472 5026 5795 5504 291 2446 6630 439 6191 1272 4919 340 1214 4579 402 281 121 58
is_linear=0
shrinkage=0.05


Tree=73
num_leaves=25
num_cat=0
split_feature=4 3 3 4 2 1 3 1 3 0 3 4 1 4 3 2 2 2 3 1 3 2 1 1
split_gain=2.75961 3.9083 2.39143 4.39994 2.55055 2.31917 1.95649 3.85657 3.54825 3.31813 3.14824 3.28115 2.67471 4.5372 2.25338 1.80139 2.76719 1.74765 1.35946 1.87209 0.918451 0.425291 0.0134999 0.00115721
threshold=2.7067038186558592 0.61338314796652582 0.13427675018293825 0.9659135669544302 0.0020231198024170953 -0.00093604864810675748 0.16566242319283539 0.0023234184459436373 0.2132076120811153 46.792430689484611 0.24487435368865443 6.0453133784923301 0.001104822944077988 3.3948645365351457 0.49563762860148269 0.0035604536038272854 0.0031850131809181286 0.0019714749673819258 1.3843304188126517 0.00015165660148841467 0.78220742820266087 0.010403636357624759 0.00061833158588375803 0.0012550636690837893
decision_type=2 2 2 2 2 2 2 2 2 2 2 2 2 2 2 2 2 2 2 2 2 2 2 2
left_child=1 2 15 23 -5 20 7 12 9 22 11 -10 13 -2 -12 16 -1 -11 19 -7 -3 -17 -8 -4
right_child=6 5 3 4 -6 18 8 -9 10 17 14 -13 -14 -15 -16 21 -18 -19 -20 -21 -22 -23 -24 -25
leaf_value=-0.019143936364383406 0.08261295252512231 -0.0031558262631541027 -0.051050278524649412 -0.0037030299722177577 0.014648465389291876 -0.046428256562093984 -0.054420034668476683 -0.027009364035917627 0.036502556759796571 0.024692648882771132 -0.0044648917060313362 -0.013687047240400483 0.08879351223357429 -0.019160317198332347 0.00082135144584340918 -0.057418118851782309 0.07367872350131173 -0.018625200203952041 0.054171574157629958 -0.017342486241237912 0.067774380374358498 -0.022746402883730355 -0.05975739029888219 -0.054045573095557478
leaf_weight=7.5836036261171085 1.8247374966740588 1.0148783288896108 3.6404040046036239 57.169694658368826 28.308915816247463 10.679986284114426 3.0601547360420254 2.7409040480852127 11.620005406439306 3.0328864678740493 224.78684627823532 4.5242948532104483 2.1861948072910309 2.7388285659253597 1954.0118371043354 3.3585326056927434 0.89799194037914265 10.024308033287523 0.47450411133468051 11.477938127703963 0.82933819293975819 1.200636390596628 1.9331255517899988 0.353797286748886
leaf_count=186 26 27 207 1503 365 526 47 12 123 30 2042 31 12 33 14163 68 9 87 21 363 18 19 18 6
internal_value=-5.5051e-05 -0.00722379 -0.00293768 -2.21714e-05 0.00237464 -0.025175 0.000354563 0.0230079 0.000257412 -0.0218203 0.000438971 0.0224374 0.0433186 0.0215336 0.000275969 -0.022941 -0.0093163 -0.00856346 -0.0295684 -0.0313617 0.0287413 -0.0482875 -0.0564864 -0.0513156
internal_weight=2349.47 126.99 102.514 89.4728 85.4786 24.4766 2222.48 9.49066 2212.99 18.0505 2194.94 16.1443 6.74976 4.56357 2178.8 13.0408 8.4816 13.0572 22.6324 22.1579 1.84422 4.55917 4.99328 3.9942
internal_count=19942 3318 2363 2081 1868 955 16624 83 16541 182 16359 154 71 59 16205 282 195 117 910 889 45 87 65 213
is_linear=0
shrinkage=0.05


Tree=74
num_leaves=23
num_cat=0
split_feature=4 3 0 0 1 0 2 1 2 2 0 0 3 4 4 1 3 2 1 1 4 1
split_gain=2.56056 4.46639 3.92571 3.66817 2.99741 2.75003 2.56559 2.54959 2.51531 2.22116 7.9484 6.43949 4.33334 8.89018 4.57513 2.4825 1.83755 2.76454 1.57305 1.42353 0.0319501 0.00154967
threshold=3.7817032971616977 1.0088184770037534 22.952753556947417 24.711388902747895 -0.00031881766441982368 87.825219732613093 0.0026122199252536231 0.0019866775194129498 -0.016637730712464768 -0.0019723755391276572 46.792430689484611 44.531405007155008 0.29698834611458158 5.2682223313416054 4.0263542185876515 -0.0054102083074331056 1.5430068858041679 0.00027330144100612413 -0.00163976116251191 -0.00019087124648881068 24.000496980527544 0.00068102160950711543
decision_type=2 2 2 2 2 2 2 2 2 2 2 2 2 2 2 2 2 2 2 2 2 2
left_child=1 2 7 4 -4 -5 16 21 18 12 11 -11 13 -10 -14 -12 19 -18 20 -3 -2 -1
right_child=8 6 3 5 -6 -7 -8 -9 9 10 15 -13 14 -15 -16 -17 17 -19 -20 -21 -22 -23
leaf_value=-0.051615221780136035 -0.045006262318981138 -0.013655222093103245 0.11552480346041892 -0.0017382021121995568 0.0098783659396925304 -0.04648866818765815 0.054392496988862032 0.040022530732043753 0.011898964981318504 -0.0036502916806257072 0.028194963914485706 -0.021923357046944082 0.050845200956566451 -0.062076304240342994 0.0036429897730563474 0.0010448627949195593 0.095942780500855487 -0.051668894930544565 -0.0023899487452515387 -0.044611471903628457 -0.037224260319239852 -0.054061859800253201
leaf_weight=5.2070652665570369 3.4752148278057575 5.2661970350891432 1.1888506803661587 221.22644652146846 1.5425096573308099 3.4871876109391442 0.91413890570402045 0.86352498829364766 8.8561005517840403 176.48621835745871 8.475607864558695 66.335334781557322 5.1828449219465247 7.5017069652676573 539.86801362782717 1271.8304972760379 0.6759661566466082 0.59762122668325901 4.5150318443775159 12.59754373319447 2.1257413402199745 0.73906119912862767
leaf_count=197 32 191 30 4750 31 48 12 4 83 1594 54 524 75 60 3691 8096 20 20 29 374 16 11
internal_value=-5.3415e-05 -0.00479123 -0.00285258 -0.0017326 0.055862 -0.00243266 -0.0274398 -0.0402603 0.00052179 0.000642491 -0.000348403 -0.00864223 0.00333083 -0.0220262 0.00409183 0.0012246 -0.0313487 0.0266771 -0.0243502 -0.0354856 -0.0420527 -0.0519193
internal_weight=2348.96 254.306 234.255 227.445 2.73136 224.714 20.0515 6.80965 2094.65 2084.54 1523.13 242.822 561.409 16.3578 545.051 1280.31 19.1373 1.27359 10.116 17.8637 5.60096 5.94613
internal_count=19942 5688 5071 4859 61 4798 617 212 14254 14177 10268 2118 3909 143 3766 8150 605 40 77 565 48 208
is_linear=0
shrinkage=0.05


Tree=75
num_leaves=23
num_cat=0
split_feature=4 1 1 2 4 4 3 3 3 0 0 4 3 0 3 3 3 0 0 3 4 4
split_gain=2.41025 4.02863 3.83164 2.90316 3.62961 2.64932 7.75643 3.4891 4.40737 4.8689 3.26251 5.4724 2.54567 2.54352 2.45623 3.34981 2.41977 4.91099 3.21151 1.08605 0.000231869 8.31447e-05
threshold=10.418278364291837 0.0044450411893166572 -0.0044254374280445754 -0.013551799760286585 5.0933206441719641 10.626925844992597 1.4508808821144699 1.3843304188126517 1.3570130812794876 46.401374383545196 34.654995218274898 10.532828607504294 0.13427675018293825 89.455490419390017 0.77104893894309001 0.52717978271147714 1.6171642440420959 85.619327732604276 25.247760705682108 0.28333258609417905 6.4710150018786123 8.0825958042164014
decision_type=2 2 2 2 2 2 2 2 2 2 2 2 2 2 2 2 2 2 2 2 2 2
left_child=1 2 20 4 -4 6 10 8 13 -10 -2 -12 -5 -7 15 19 18 -18 -9 -3 -1 -22
right_child=5 14 3 12 -6 7 -8 16 9 -11 11 -13 -14 -15 -16 -17 17 -19 -20 -21 21 -23
leaf_value=-0.0534421143496479 0.073581872250066058 -0.0021574027051352771 0.022675380341329786 -0.02239333064637318 -0.060568690108261318 -9.9169562151622112e-06 -0.037288833576927485 -0.020557493218471543 -0.053311750254542205 -0.0023349811524122827 -0.0065957181384481284 0.048392607058376245 -0.0013739189620241743 -0.027859011611485174 -0.011751626854414219 0.062966003936841847 0.00071123366833196087 0.048469639402352521 0.010795760673524106 0.026219050357452346 -0.052255710583328223 -0.052816914406373761
leaf_weight=1.0345681980252259 3.6290941312909188 5.6731144338846269 1.8652427755296219 14.579835994169114 4.3946555890142918 603.91739529371262 5.2723197638988486 8.5906185135245305 8.3873475193977374 10.608826309442518 8.8110258653759956 9.3004716485738754 1198.3483992656693 8.3116874992847425 5.1837256103754035 4.8407819867134085 263.22307700663805 5.4951944202184668 165.78823445737362 8.3125089704990369 1.2176881693303587 1.4410054124891756
leaf_count=20 27 25 25 300 41 3101 32 71 52 48 48 49 13856 35 21 20 1240 23 812 36 30 30
internal_value=-5.21825e-05 -0.00155767 -0.0019559 -0.00180186 -0.0357647 0.00165227 0.0171176 0.00126341 -0.00112394 -0.0248427 0.0303117 0.0216414 -0.00162658 -0.000387999 0.0187252 0.0271168 0.00466438 0.00168788 0.00925117 0.0147085 -0.052807 -0.0525599
internal_weight=2348.23 1246.89 1222.88 1219.19 6.2599 1101.34 27.0129 1074.32 631.225 18.9962 21.7406 18.1115 1212.93 612.229 24.0101 18.8264 443.097 268.718 174.379 13.9856 3.69326 2.65869
internal_count=19942 14404 14302 14222 66 5538 156 5382 3236 100 124 97 14156 3136 102 81 2146 1263 883 61 80 60
is_linear=0
shrinkage=0.05


Tree=76
num_leaves=23
num_cat=0
split_feature=4 3 0 2 2 0 1 3 1 3 0 3 4 4 4 3 2 2 4 4 2 1
split_gain=2.27803 3.67088 2.27443 2.40661 5.03006 4.91587 2.12545 1.80345 3.4496 3.17891 3.25684 2.97128 2.7638 2.73978 3.82079 1.94028 1.82158 1.37057 1.27918 0.866167 0.817651 0.000686295
threshold=2.7067038186558592 0.61338314796652582 87.825219732613093 0.0020231198024170953 0.003486543911668694 66.641435918286291 -0.00093604864810675748 0.16566242319283539 0.0023234184459436373 0.2132076120811153 58.572143687670582 0.24487435368865443 6.0453133784923301 4.1850581106784519 3.3948645365351457 0.49563762860148269 0.0074520980142283042 -0.00033676667925769394 1.9958941874347198 5.132759686352335 -0.0011886918286597157 0.00068102160950711543
decision_type=2 2 2 2 2 2 2 2 2 2 2 2 2 2 2 2 2 2 2 2 2 2
left_child=1 2 3 5 -5 -1 20 8 13 10 19 12 -11 14 -2 -13 -12 21 -19 -9 -3 -8
right_child=7 6 -4 4 -6 -7 17 9 -10 11 16 15 -14 -15 -16 -17 -18 18 -20 -21 -22 -23
leaf_value=-0.0022731479594773263 0.059543821863992277 -0.0038834367912679532 -0.056552761720548544 0.028806634518963731 -0.0099675371703212157 -0.046545488995932846 -0.051005061829513969 -0.056111141038325291 -0.025444347507655125 0.034283999054888901 0.035155916376599115 -0.0041725845045204922 -0.012070121355731487 0.084955188614774538 -0.032763547069626135 0.00074219854693339301 -0.014229149270782109 -0.042002965776442344 -0.01226477437306627 -0.021553013789721256 0.062043275586402297 -0.052997614253942532
leaf_weight=59.244221219792962 2.5052118599414808 1.0200466271489856 1.9077433608472336 16.791471654549241 16.66611222922802 7.0122565850615493 4.7021563807502416 5.3134967572987097 2.7443701475858688 11.839709477499129 2.5319341607391816 223.81468289159238 4.4146924242377272 2.3292960673570633 2.0289596039801836 1954.1637598592788 7.1124951355159283 5.306195521727207 11.353320885449646 2.7524165399372578 0.87267214059829967 0.47588232159614552
leaf_count=1679 29 24 27 241 228 188 254 76 12 123 26 2042 31 17 25 14163 56 239 408 24 21 9
internal_value=-5.03422e-05 -0.00660824 -0.00247351 -0.00143886 0.00949219 -0.00695871 -0.0243147 0.00031969 0.0219353 0.0002258 -0.0208726 0.000396092 0.0216942 0.0408802 0.0182379 0.000237143 -0.00126418 -0.0287201 -0.0217366 -0.0443185 0.0265133 -0.0511882
internal_weight=2346.9 125.352 101.622 99.7141 33.4576 66.2565 23.7303 2221.55 9.60784 2211.94 17.7103 2194.23 16.2544 6.86347 4.53417 2177.98 9.64443 21.8376 16.6595 8.06591 1.89272 5.17804
internal_count=19942 3318 2363 2336 469 1867 955 16624 83 16541 182 16359 154 71 54 16205 82 910 647 100 45 263
is_linear=0
shrinkage=0.05


Tree=77
num_leaves=21
num_cat=0
split_feature=1 4 4 3 3 0 2 2 4 1 1 0 2 2 0 0 0 3 3 1
split_gain=2.25393 4.41474 6.72686 5.81455 5.03897 3.82845 6.15157 5.35251 5.05144 3.28738 2.58434 1.82724 1.85233 3.58597 4.0351 2.97176 1.98518 6.47782 2.26044 1.15763
threshold=0.001201536103688339 21.072105685880416 20.670941131151071 2.0123677200408125 1.9715129556457616 53.100691073591868 0.00057156557347859416 0.0098632869899507609 39.947500884137341 -0.00031881766441982368 0.00046761436321962618 18.890352860497725 0.012101151141806101 0.011602145941986721 86.64796586954985 81.167099252704602 86.64796586954985 1.6555996936064084 0.65351906013004635 -0.00096028452258062325
decision_type=2 2 2 2 2 2 2 2 2 2 2 2 2 2 2 2 2 2 2 2
left_child=1 2 3 4 -1 6 10 9 -8 -7 -3 -2 13 14 -13 -15 17 -14 -18 -4
right_child=11 5 19 -5 -6 7 8 -9 -10 -11 -12 12 16 15 -16 -17 18 -19 -20 -21
leaf_value=-0.0019074719296075166 0.039719471088571275 0.0069090207852095676 -0.057219577491938511 -0.054921457938752229 0.050096590636650423 0.013901021862350912 -0.058328606024562038 -0.023810041808722295 0.0074136193682281318 0.043514574628620517 -0.022199316354907149 0.00095991567890537808 0.020897009803654401 -0.0058592411797210352 0.023472018662050925 -0.055046296994095571 0.012649926479641827 -0.033723254985942884 -0.018175278499118281 -0.023540908920900033
leaf_weight=1284.9355989778414 3.1987365856766692 121.41525568813086 5.7958563566207886 5.1561455130577079 4.675033025443553 24.146449632942677 7.318807125091551 6.4271802157163611 4.8636263310909271 15.315670818090437 8.1362340897321683 740.08300419151783 47.16169461607933 7.8908144980669004 20.455164674669504 5.0272073596715927 11.896346509456636 6.1343248486518851 11.892911225557325 4.5581576079130155
leaf_count=14670 17 643 33 31 27 119 37 30 22 64 34 3706 204 34 103 21 52 25 50 20
internal_value=-4.89163e-05 -0.00122085 -0.00225182 -0.00193082 -0.00171895 0.00595069 0.00188665 0.0185029 -0.0320822 0.0253944 0.00508093 0.00200018 0.00185832 0.00112169 0.00156539 -0.025001 0.0092495 0.0146103 -0.00276045 -0.0423932
internal_weight=2346.48 1492.74 1305.12 1294.77 1289.61 187.623 141.734 45.8893 12.1824 39.4621 129.551 853.74 850.541 773.456 760.538 12.918 77.0853 53.296 23.7893 10.354
internal_count=19942 15730 14781 14728 14697 949 736 213 59 183 677 4212 4195 3864 3809 55 331 229 102 53
is_linear=0
shrinkage=0.05


Tree=78
num_leaves=30
num_cat=0
split_feature=2 0 0 3 2 3 3 3 4 1 2 1 3 3 2 3 0 1 0 1 1 2 2 4 1 2 0 1 1
split_gain=2.22246 7.64523 5.70337 9.14151 6.85522 4.94012 5.10466 4.25468 8.91726 5.19401 6.04738 4.64919 5.453 4.89399 4.16117 9.14316 4.02959 3.22495 3.17061 6.66608 5.32979 3.28114 3.14116 8.28395 5.02315 1.59575 0.478408 0.0772067 0.00258524
threshold=-0.0020171561291508762 46.792430689484611 44.315659421988961 1.8612269189386839 -0.0017066361776442716 1.6953500338434071 1.5843696157100746 0.29698834611458158 5.2682223313416054 -0.0013258886773173104 -0.0083969296209451243 -0.0046583449979881167 0.79452389350297337 0.9397474849909192 -0.002433462996686619 1.9093079809388513 40.428207951407828 -0.0012629272067897766 47.298015106989048 0.00042191901074783994 0.0010657623379626282 -0.00096650814226517656 0.00038421188610771045 9.0795689807625877 -0.0054102083074331056 -0.00035878926378590798 21.772941098734268 0.00034804326232329435 -0.00039448524152457804
decision_type=2 2 2 2 2 2 2 2 2 2 2 2 2 2 2 2 2 2 2 2 2 2 2 2 2 2 2 2 2
left_child=7 2 3 4 -2 6 -4 8 9 -1 -11 12 26 -14 17 -16 -5 -13 19 21 -21 -3 23 -20 -24 -7 -9 28 -10
right_child=1 18 5 16 -6 25 -8 11 27 10 -12 14 13 -15 15 -17 -18 -19 22 20 -22 -23 24 -25 -26 -27 -28 -29 -30
leaf_value=0.070223976659982756 -0.025916906229286486 0.037120445037221811 -0.01852542966752805 0.071438783615087584 -0.0020725511209737564 -0.070080249808200309 0.035269644989438957 -0.028959225977832667 -0.055104578310006251 0.033493162148963404 -0.024760301257639832 0.0089979664110125639 0.045011958340606478 -0.007630372387933038 0.02144926351190278 -0.071802948566190974 0.0095586993500461834 0.00011035138039772715 -0.013649435521052078 0.10900860403478617 0.024763766492597351 -0.016215139034740946 0.046257920171231703 0.0055065220627756716 0.0010522978116828743 -0.028411447463213897 -0.058409364287698468 -0.065968249542682267 -0.05757076196575215
leaf_weight=2.3831612728536191 36.648492506705225 4.0023317672312251 67.531664257869124 5.4282643869519216 169.81752258725464 5.6986015625298023 4.7179111074656239 1.8966343998908985 2.517071109265089 6.3175854831934037 15.112499568611378 167.24740376416594 4.7639788128435603 60.273878064006567 59.969794536940753 2.749055713415145 5.1051257476210594 261.90647750440985 126.6308156484738 2.9519221261143667 5.1578064858913422 10.3159341737628 6.1769333966076365 101.81565741449594 1193.661534990184 3.8498919978737813 5.0526794157922268 3.699596218764782 1.8390588164329509
leaf_count=39 409 33 755 35 2362 32 32 28 32 74 258 1297 44 396 559 14 27 1742 1909 28 28 123 39 515 9008 25 59 23 17
internal_value=-4.70888e-05 -0.00094526 -0.00822824 -0.00398703 -0.00630501 -0.0194796 -0.0150126 0.00259062 -0.0151832 0.000199928 -0.00758719 0.00359519 -0.00827265 -0.00377436 0.00533208 0.0173619 0.0414479 0.00357398 0.000554787 0.0192084 0.0554287 -0.00130644 0.000261874 -0.00511187 0.00128502 -0.0532797 -0.0503717 -0.0606567 -0.0561457
internal_weight=2345.24 1749.51 298.797 216.999 206.466 81.7981 72.2496 595.729 31.869 23.8132 21.4301 563.86 71.9872 65.0379 491.873 62.7189 10.5334 429.154 1450.71 22.428 8.10973 14.3183 1428.28 228.446 1199.84 9.54849 6.94931 8.05573 4.35613
internal_count=19942 15360 3677 2833 2771 844 787 4582 443 371 332 4139 527 440 3612 573 62 3039 11683 212 56 156 11471 2424 9047 57 87 72 49
is_linear=0
shrinkage=0.05


Tree=79
num_leaves=21
num_cat=0
split_feature=1 4 4 3 1 0 2 4 2 1 1 4 0 1 0 4 0 2 0 1
split_gain=2.00312 3.92787 6.2409 5.45507 4.53165 3.30234 5.66665 6.90559 4.80568 3.01573 2.41742 1.71981 5.40663 5.02057 3.41656 3.3833 2.31351 4.88359 2.78765 1.12885
threshold=0.001201536103688339 21.072105685880416 20.670941131151071 2.0123677200408125 -0.0039221771461428459 53.100691073591868 0.00057156557347859416 44.407134004858868 0.0098632869899507609 -0.00031881766441982368 -0.0046583449979881167 22.792558354281784 37.953418969050176 0.0016160633689671358 43.482183163573701 22.277559114487975 36.228611299378642 -0.0034312219447791832 35.237145097448227 -0.00096028452258062325
decision_type=2 2 2 2 2 2 2 2 2 2 2 2 2 2 2 2 2 2 2 2
left_child=1 2 3 4 -1 6 10 -8 9 -7 -3 15 -13 -14 -15 16 18 -18 -2 -4
right_child=11 5 19 -5 -6 8 7 -9 -10 -11 -12 12 13 14 -16 -17 17 -19 -20 -21
leaf_value=-0.017591061198598573 0.0098026432818831971 -0.0032458597226862696 -0.056145774981528077 -0.05389309893015002 -0.0010680351846330269 0.012727347665172495 -0.057788663874172523 0.02258681870211042 -0.023034098967516438 0.040982809082495408 0.010605617812077172 -0.048538422867356192 0.038181033922648724 0.036525388413645644 -0.0052150708778948181 0.037023100039872157 -0.021325089614761508 0.0026418977049127404 0.053103773871647414 -0.022604423334691426
leaf_weight=42.928552394732833 32.152892716228962 53.797304831445217 5.6217716857790947 5.0101999044418326 1244.3916855249554 24.355840072035789 8.0207564830780012 4.0076059550046912 6.3890326619148246 15.423444151878355 75.996658965945244 6.283764347434043 7.6738765835762015 5.1132934689521781 118.90231744945049 7.1781827211379996 21.972532749176025 650.46592681482434 4.2027234658598891 4.5297173708677274
leaf_count=440 169 320 33 31 14257 119 42 17 30 64 357 27 32 22 503 30 104 3305 20 20
internal_value=-4.70331e-05 -0.0011533 -0.00212844 -0.00182169 -0.00161903 0.00560293 0.00182188 -0.0310092 0.0172178 0.0236827 0.00486443 0.00188384 -0.00322763 -0.00106556 -0.00349407 0.00286886 0.00252296 0.00185875 0.0148083 -0.0411792
internal_weight=2344.42 1490.47 1302.48 1292.33 1287.32 187.991 141.822 12.0284 46.1683 39.7793 129.794 853.946 137.973 131.689 124.016 715.972 708.794 672.438 36.3556 10.1515
internal_count=19942 15730 14781 14728 14697 949 736 59 213 183 677 4212 584 557 525 3628 3598 3409 189 53
is_linear=0
shrinkage=0.05


Tree=80
num_leaves=26
num_cat=0
split_feature=2 0 1 0 3 3 3 4 4 2 1 4 1 2 0 0 4 1 1 2 4 3 2 1 1
split_gain=2.12346 6.8585 8.78905 5.10729 7.02353 5.50903 3.89591 8.48177 4.53735 4.22809 5.42278 5.77321 4.96981 4.6213 2.91599 2.84274 6.23789 7.77838 4.59997 2.85685 6.67545 4.53296 2.03425 0.0661173 0.00218783
threshold=-0.0020171561291508762 46.792430689484611 -0.0064625924718588737 44.531405007155008 1.8612269189386839 1.6953500338434071 0.29698834611458158 5.2682223313416054 4.5648800337078823 -0.0054198906209816369 0.0034708612798383114 17.547159897913215 0.0044450411893166572 -0.0058226498363645454 58.763835685946951 47.298015106989048 4.0263542185876515 0.00015165660148841467 0.00068102160950711543 0.00030139820616192919 9.0795689807625877 0.30351712238340284 -0.002893971424146657 0.00034804326232329435 -0.00039448524152457804
decision_type=2 2 2 2 2 2 2 2 2 2 2 2 2 2 2 2 2 2 2 2 2 2 2 2 2
left_child=6 2 -2 4 -4 -5 7 8 14 12 11 -11 13 -8 -1 16 17 -3 -18 20 -17 -21 -12 24 -9
right_child=1 15 3 5 -6 -7 9 23 -10 10 22 -13 -14 -15 -16 19 18 -19 -20 21 -22 -23 -24 -25 -26
leaf_value=-0.013250984624674673 0.11912295135168019 -0.0099192141573472784 -0.0066211893574771447 -0.014765123589937269 0.034947211682992467 -0.056829126649341727 -0.00057685001456876173 -0.054825944839865463 0.054462938705917466 0.004843617203007234 -0.037788337513057789 0.021019327592188317 0.051482697281195755 -0.025439557068278579 0.067675123443265636 -0.013395265150599849 -0.0077164584258246696 0.15765150135136441 0.044764336500409591 0.013231501451752767 0.0044324581060369867 0.00037542704639773088 2.2726950100464464e-06 -0.065084860119726043 -0.057146210030559419
leaf_weight=19.291692465543758 1.3567280545830716 1.1934080589562683 210.42793541774154 65.707578215748072 10.677369594573973 8.8298338502645475 197.19269924424589 2.402516383677721 3.3162517659366122 257.29515823349357 8.8674824982881528 70.213748134672642 4.278311923146247 20.646844634786248 1.1812968105077732 113.57589282188565 13.831334777176382 1.6499915067106483 5.9808325096964827 72.938847576268017 97.657461203634739 1143.5118657564744 5.9507737904787055 3.5646500140428543 1.7603939324617375
leaf_count=329 9 40 2829 723 62 54 1286 32 28 2285 37 345 18 143 14 1732 113 28 31 876 492 8371 25 23 17
internal_value=-4.54308e-05 -0.000924451 -0.00784679 -0.00842947 -0.00461381 -0.0197481 0.00253183 -0.0145764 0.000206955 0.00348709 0.00697289 0.00831148 -0.00188521 -0.00293334 -0.00858153 0.000493101 0.0180655 0.0873201 0.00812627 0.000214248 -0.00515315 0.00114628 -0.0226122 -0.0600869 -0.0558071
internal_weight=2343.3 1747.34 296.999 295.643 221.105 74.5374 595.962 31.5168 23.7892 564.445 342.327 327.509 222.118 217.84 20.473 1450.34 22.6556 2.8434 19.8122 1427.68 211.233 1216.45 14.8183 7.72756 4.16291
internal_count=19942 15360 3677 3668 2891 777 4582 443 371 4139 2692 2630 1447 1429 343 11683 212 68 144 11471 2224 9247 62 72 49
is_linear=0
shrinkage=0.05


Tree=81
num_leaves=19
num_cat=0
split_feature=1 4 2 2 0 1 1 3 4 0 4 0 2 4 0 2 3 2
split_gain=1.96694 2.88941 4.56226 2.44747 5.01511 7.46094 3.91083 4.1995 3.43087 2.83209 2.39559 2.93286 3.05832 2.97877 1.95357 3.36138 1.92917 1.19359
threshold=0.0067333866282944807 59.628429505301739 -0.0052310827627745074 -0.0020171561291508762 46.792430689484611 -0.0064625924718588737 -0.0071181193175197102 0.29698834611458158 24.000496980527544 66.944019681791943 30.697848730658169 81.750118449010174 0.0060576035300119466 44.407134004858868 83.696601977068738 0.008342705806258734 0.7992087645800946 0.012101151141806101
decision_type=2 2 2 2 2 2 2 2 2 2 2 2 2 2 2 2 2 2
left_child=1 3 -3 6 5 -5 8 -8 -1 -6 14 12 -12 -14 15 16 -2 -17
right_child=10 2 -4 4 9 -7 7 -9 -10 -11 11 -13 13 -15 -16 17 -18 -19
leaf_value=-0.049084428413011444 0.028997747246807926 -0.010064135856390755 0.054739412245024155 0.10594973979961167 0.001630295276475462 -0.0078807143220904954 -0.014689728683732424 0.0042691809203520082 -0.0063540584684624486 -0.0030436611888716909 0.019212944184833051 0.023417986120926753 -0.0054543291841486563 -0.046334724645320999 -0.0079691013531131612 0.052595840800661389 -0.0052395558347438226 0.021255201790876449
leaf_weight=6.2295631505548981 6.6527447104454103 4.9753484576940536 5.9807133972644788 1.4466174021363247 857.48350019473583 293.28723913431168 30.914745036512613 529.25751466862857 19.101295441389084 521.02965216059238 6.8387552797794369 9.0138483196496946 12.879903286695482 6.8131410479545584 6.4934754669666281 8.4200151115655881 10.783727601170538 4.7527183443307868
leaf_count=69 29 22 25 9 7519 3665 441 3898 126 3856 29 37 54 28 29 38 46 22
internal_value=-4.49612e-05 -0.000304181 0.0253109 -0.000428427 -0.00140202 -0.00732201 0.00235391 0.00322288 -0.0168626 -0.000136296 0.00805367 -0.00122258 -0.00959391 -0.0195976 0.0169406 0.022225 0.00782341 0.0412881
internal_weight=2342.35 2269.71 10.9561 2258.75 1673.25 294.734 585.503 560.172 25.3309 1378.51 72.6483 35.5456 26.5318 19.693 37.1027 30.6092 17.4365 13.1727
internal_count=19942 19630 47 19583 15049 3674 4534 4339 195 11375 312 148 111 82 164 135 75 60
is_linear=0
shrinkage=0.05


Tree=82
num_leaves=24
num_cat=0
split_feature=4 3 0 0 0 1 1 4 2 3 1 3 4 4 0 0 2 2 2 3 3 0 1
split_gain=1.87073 3.40161 2.20532 2.26341 4.25302 2.0037 1.55288 2.53989 4.1159 2.55892 3.68178 2.58457 2.09845 3.02801 4.11376 1.73888 3.23949 1.36832 1.31525 0.851161 0.770903 0.745671 0.00071476
threshold=2.7067038186558592 0.61338314796652582 87.825219732613093 26.637263030035118 27.876783857575145 -0.00093604864810675748 0.0067333866282944807 59.628429505301739 -0.0052310827627745074 2.0123677200408125 -0.0026524657792834634 1.6953500338434071 30.697848730658169 34.702984735117845 72.274565633791028 83.696601977068738 0.008342705806258734 -0.00033676667925769394 0.0016171540181774138 0.49563762860148269 0.78220742820266087 71.094456815737786 0.00068102160950711543
decision_type=2 2 2 2 2 2 2 2 2 2 2 2 2 2 2 2 2 2 2 2 2 2 2
left_child=1 2 3 19 -5 20 7 9 -9 11 -11 -2 15 21 -15 16 -8 22 -19 -1 -3 -14 -7
right_child=6 5 -4 4 -6 17 12 8 -10 10 -12 -13 13 14 -16 -17 -18 18 -20 -21 -22 -23 -24
leaf_value=-0.043187216222471098 -0.00044506823978463731 -0.0038844896584537187 -0.056364693437325544 0.14610688788018825 -0.00011430769615666321 -0.050935855745939784 0.0067044575933330021 -0.0095867211103273283 0.052011859138118621 0.029660219346292357 -0.022640682753218688 0.0055226279757713053 -0.011013787525928414 -0.014885870807802241 0.025089906802469714 -0.0075517019201124169 0.039784720697440705 -0.014439226032955757 -0.05243442080092147 0.014571684037354884 0.059754734294484094 -0.039262522971177452 -0.052999309781184584
leaf_weight=4.1262586200609794 1906.2851437292993 1.0273551084101225 1.8360112635418762 0.49995605368167062 93.530903775244951 4.3883918970823315 17.196514636278156 4.9623040854930878 5.9796247333288175 3.9227169975638416 23.665736511349678 200.51694279536605 4.5308728665113431 11.455878511071207 14.685197308659552 6.509346365928649 12.992199659347532 13.463949533179404 2.7414344856515518 0.75447033997625101 0.88649882748723019 4.8225765377283096 0.4640510044991969
leaf_count=127 15051 27 27 14 2166 254 74 22 25 19 115 1081 20 48 60 29 60 572 75 29 18 20 9
internal_value=-4.31396e-05 -0.0060268 -0.00206792 -0.00106006 0.000663141 -0.0233894 0.000290699 4.79799e-05 0.0240761 -7.52001e-05 -0.0152042 0.000122913 0.00750352 -0.00116438 0.00757121 0.0158872 0.0209411 -0.0278412 -0.0208668 -0.0342588 0.0255933 -0.0255786 -0.0511332
internal_weight=2341.24 123.719 100.748 98.9116 94.0309 22.9717 2217.53 2145.33 10.9419 2134.39 27.5885 2106.8 72.1926 35.4945 26.1411 36.6981 30.1887 21.0578 16.2054 4.88073 1.91385 9.35345 4.85244
internal_count=19942 3318 2363 2336 2180 955 16624 16313 47 16266 134 16132 311 148 108 163 134 910 647 156 45 40 263
is_linear=0
shrinkage=0.05


Tree=83
num_leaves=29
num_cat=0
split_feature=1 2 2 3 1 3 4 3 1 2 0 4 0 3 3 1 4 4 3 3 1 1 3 1 0 1 2 4
split_gain=1.83914 4.90981 9.35621 8.04481 7.63455 7.14017 4.92045 6.87971 4.45957 10.1516 6.98574 3.77034 3.72044 3.87851 4.16265 3.61638 6.15308 3.3618 3.06393 5.3689 11.0519 3.58042 6.60305 2.81671 2.77474 2.63044 1.99574 0.00245838
threshold=-0.00010384526964879458 -0.00096650814226517656 0.00030139820616192919 0.7992087645800946 -0.00088582302894196763 0.56316239155904912 19.896729867268668 0.99305766179529986 -6.7486611492750801e-05 0.0039004197458827332 50.652508516410698 4.3649822588622351 37.191964696169315 0.22103325212402236 0.54239045166970568 -0.0058679021899997732 39.947500884137341 14.458991171280177 0.22103325212402236 0.24487435368865443 0.00040848271596549696 0.001104822944077988 0.1759408582919488 -3.4054724697696319e-05 63.416122846086154 -0.0046583449979881167 0.00062318292398322328 3.4369212499141448
decision_type=2 2 2 2 2 2 2 2 2 2 2 2 2 2 2 2 2 2 2 2 2 2 2 2 2 2 2 2
left_child=1 12 6 5 -5 -4 7 -3 9 10 11 -2 15 27 -15 16 -1 -17 21 20 -20 26 -23 -21 -12 -8 -10 -14
right_child=8 2 3 4 -6 -7 25 -9 18 -11 24 -13 13 14 -16 17 -18 -19 19 23 -22 22 -24 -25 -26 -27 -28 -29
leaf_value=-0.030187580020340721 -0.013993620687263113 -0.0065911500143656047 -0.0010607832266336637 -0.004618173842178718 0.017765494009101584 -0.029287651141693235 -0.02574027598396942 -0.03363548683968734 -0.04754168548790208 0.12587264415363164 -0.049589326019608117 0.056352189834040806 -0.051649544147257392 0.033010548415685285 0.0057306587743116803 -0.00386527550809267 0.017148667499446199 0.0079289769069947284 0.10639826300281152 -0.019440570605003756 0.0042498326944811491 0.022481432242405355 -0.026615156050262587 0.0010529655827538271 0.021379659533690268 0.022634245083493116 -0.01412600966935228 -0.054716384546787566
leaf_weight=24.974748194217682 2.567591632716363 40.163551464676857 55.179021005518734 79.25264148786664 73.352886274456978 37.718342051841319 3.8854999169707289 56.732323353178799 8.234913522377612 2.2108884248882523 4.5884566912427536 7.3786850720643997 1.3485684264451259 15.38273214176297 153.76307137683034 183.63383921515197 9.4675039052963239 90.04512869566679 3.6831608032807699 16.968584676273167 9.4213669970631582 14.489812415093185 12.985689725726841 1409.5137171838433 1.9680183287709949 10.15417544543743 9.7690570261329395 1.2676983103156088
leaf_count=217 69 946 939 547 708 511 24 713 199 18 64 52 48 214 1115 2191 49 486 53 216 89 92 81 10012 34 51 187 17
internal_value=-4.14956e-05 -0.0019211 -0.00636629 -0.000920832 0.00614098 -0.0125215 -0.0184172 -0.0224256 0.00100384 0.0252598 0.0117806 0.0381927 0.00138062 0.00727716 0.00821159 -0.0019064 -0.0171758 1.52382e-05 0.000698183 0.00110185 0.0329597 -0.0120794 -0.000722987 0.000809187 -0.028287 0.00924653 -0.0294101 -0.0531356
internal_weight=2340.1 836.322 356.438 245.503 152.606 92.8974 110.936 96.8959 1503.78 18.7136 16.5028 9.94628 479.883 171.762 169.146 308.121 34.4423 273.679 1485.07 1439.59 13.1045 45.4795 27.4755 1426.48 6.55648 14.0397 18.004 2.61627
internal_count=19942 8776 4439 2705 1255 1450 1734 1659 11166 237 219 121 4337 1394 1329 2943 266 2677 10929 10370 142 559 173 10228 98 75 386 65
is_linear=0
shrinkage=0.05


Tree=84
num_leaves=21
num_cat=0
split_feature=4 3 2 1 2 2 3 4 1 2 0 1 0 0 1 1 2 1 1 2
split_gain=1.80226 1.84965 2.74541 1.71837 4.48065 9.00988 7.05206 4.66025 4.04072 9.34594 4.95966 3.37251 3.65094 2.60515 2.47358 4.42051 2.59822 0.00248199 0.000105146 4.05717e-05
threshold=0.87170195068155276 0.10356225873718453 -0.00016678563101257812 -0.00010384526964879458 -0.00096650814226517656 0.00030139820616192919 0.7992087645800946 22.792558354281784 -6.7486611492750801e-05 0.0049235250695300889 50.652508516410698 -0.00027623861447406689 37.191964696169315 29.826915828859082 -3.4054724697696319e-05 -1.1851681986640992e-05 0.0055901518541802151 0.0012550636690837893 0.00060304603549532498 0.0014794742026676968
decision_type=2 2 2 2 2 2 2 2 2 2 2 2 2 2 2 2 2 2 2 2
left_child=1 2 -1 4 11 7 -7 -6 9 10 -5 12 -2 -13 16 -16 -10 18 19 -3
right_child=3 17 -4 8 5 6 -8 -9 14 -11 -12 13 -14 -15 15 -17 -18 -19 -20 -21
leaf_value=-0.054022749831814647 -0.00097603704124551093 -0.050772207404993434 0.084443249452995833 0.03601698574389494 -0.021496650313525933 -0.011742030257881293 0.0058085111986203456 0.012973949181333655 -0.024531395550270049 0.14081628192005186 -0.018361432043059473 -0.04057863257680857 0.0083954854199760395 -0.0060821644539149414 0.032781541033911836 0.00072590110505722501 0.037256301597499673 -0.055189511474335873 -0.051806237792424908 -0.051346295966714688
leaf_weight=0.70210811495780945 290.94469656608999 2.224361953325571 0.73037861101329216 10.090968091972178 97.892181114293635 91.372632585465908 153.20771958399564 10.896514363586901 15.75724347587675 1.5706117004156102 7.1742832418531171 7.6220841584727195 161.67746747098863 19.410712939687073 10.834990835748611 1453.7862353539094 1.9073726963251818 0.39351357892155636 0.3247483568266033 0.35717251244932402
leaf_count=27 2744 151 26 117 1639 1416 1255 58 214 12 101 95 1266 210 155 10409 14 6 11 16
internal_value=-4.19516e-05 -0.030867 0.0165766 2.05435e-05 -0.0018006 -0.0060729 -0.000748185 -0.018044 0.00103116 0.0240437 0.013421 0.00134687 0.00237149 -0.0158087 0.000738729 0.000963043 -0.0178597 -0.0514629 -0.0509583 -0.0508516
internal_weight=2338.88 4.73228 1.43249 2334.15 833.024 353.369 244.58 108.789 1501.12 18.8359 17.2653 479.655 452.622 27.0328 1482.29 1464.62 17.6646 3.2998 2.90628 2.58153
internal_count=19942 237 53 19705 8683 4368 2671 1697 11022 230 218 4315 4010 305 10792 10564 228 184 178 167
is_linear=0
shrinkage=0.05


Tree=85
num_leaves=17
num_cat=0
split_feature=4 1 2 1 4 2 1 3 2 1 4 4 0 3 1 1
split_gain=1.68153 1.97431 1.93019 1.55644 2.20716 7.53452 2.84914 3.29149 3.21176 2.06363 2.00537 4.71488 4.76325 1.50862 0.00826435 0.000249103
threshold=0.87170195068155276 -0.00077940638643370075 0.0033219438101635972 0.0067333866282944807 49.608894188768083 0.0018873522824685021 -0.0071181193175197102 1.7266898351451203 -0.0020171561291508762 -0.0026524657792834634 15.727463406902826 17.547159897913215 55.794505378227321 0.62831686574559475 0.0014443266980362914 0.00068102160950711543
decision_type=2 2 2 2 2 2 2 2 2 2 2 2 2 2 2 2
left_child=1 -1 14 4 6 9 7 -2 -8 -6 13 -12 -13 -5 15 -3
right_child=3 2 -4 10 5 -7 8 -9 -10 -11 11 12 -14 -15 -16 -17
leaf_value=0.077561973577053078 -0.028165237561812908 -0.050870080898049966 0.057963948024601641 0.050319351220803832 0.0074683031257090767 0.056014993721571128 0.0030912075142752169 0.014416431175074629 -0.0012969934007392167 -0.030375535138060572 -0.040981096919440151 -0.029480548425029923 0.013708910781113144 0.010431784136776022 -0.058529878073440213 -0.052162004788648735
leaf_weight=0.38885345961898554 18.063934996724132 2.9242156930267811 0.44767217710614193 4.3492280095815641 12.321686580777172 7.6210032105445853 557.46600775234401 6.0609420612454405 1654.5560613218695 5.0905523896217355 5.33139644563198 7.3208487331867209 49.882175102829933 5.2104759514331818 0.41313147172331799 0.42768908664584149
leaf_count=21 165 189 12 21 56 32 4311 32 14776 21 23 31 214 23 4 11
internal_value=-4.11606e-05 -0.0302366 -0.0401869 1.83893e-05 -0.000212198 0.014552 -0.000377481 -0.0174674 -0.000191094 -0.00359553 0.00725061 0.00399014 0.00818152 0.0285788 -0.0518573 -0.0510349
internal_weight=2337.88 4.60156 4.21271 2333.27 2261.18 25.0332 2236.15 24.1249 2212.02 17.4122 72.0941 62.5344 57.203 9.5597 3.76504 3.3519
internal_count=19942 237 216 19705 19393 109 19284 197 19087 77 312 268 245 44 204 200
is_linear=0
shrinkage=0.05


Tree=86
num_leaves=25
num_cat=0
split_feature=3 3 0 2 0 2 2 3 3 4 0 1 4 3 3 4 0 1 1 1 2 4 1 1
split_gain=1.59392 4.53632 5.30202 5.48315 3.69406 3.55024 13.2572 13.0817 3.4018 2.85494 4.09598 2.33606 7.25368 8.25754 4.59438 4.03993 11.6568 3.88693 1.94509 3.4395 1.80517 2.41178 1.28234 1.10585
threshold=0.22103325212402236 0.24487435368865443 82.362797231668551 -0.0077115403670293672 39.111040637811307 0.00041219147390447747 0.00081999804443833046 0.1759408582919488 0.1207925084333855 6.6437747828062568 86.64796586954985 0.00042191901074783994 2.03253029915254 0.29698834611458158 0.29698834611458158 2.1012843596320487 66.641435918286291 0.00049517528961229307 -9.2943659026512013e-05 0.0012276731855523917 -0.0054198906209816369 3.2271104070179857 0.0024618970351812934 -0.00059269455538202276
decision_type=2 2 2 2 2 2 2 2 2 2 2 2 2 2 2 2 2 2 2 2 2 2 2 2
left_child=5 2 3 -2 -5 8 7 -7 18 10 -8 12 13 -3 -14 16 -13 -17 23 -20 21 -10 -22 -1
right_child=1 11 -4 4 -6 6 9 -9 20 -11 -12 15 14 -15 -16 17 -18 -19 19 -21 22 -23 -24 -25
leaf_value=0.022469550677606379 0.086893334737634137 0.04015267408528856 0.11327595312161309 -0.055160392244995665 0.015620986435123878 0.23091888457717397 -0.0033196709107409087 -0.017204569264869359 0.03009643277123596 0.057681750695196238 -0.060619458556530816 0.053816985411559937 -0.027522342838761218 -0.040006761608786578 -0.00066248751085817674 0.018645373996725691 -0.036243005339864603 0.00067855863274879141 -0.053374298762548449 0.045281692709492498 -0.053499952878341354 -0.034988076185763842 -0.0064466333220052898 0.11636918972779445
leaf_weight=0.66437183134257793 2.3949225246906325 3.7728944430127767 1.5473659187555302 2.1549845142290005 12.746611087583004 1.2063407395035022 30.684622939676046 0.94919044338166703 2.1568534765392586 1.6767380386590947 3.471701653674244 11.575617399998011 16.168470557779074 21.641209692694247 1038.4445897676051 30.926286172121763 5.2101808041334143 1130.272244900465 1.8243859950453072 1.7129793614149091 9.4270856725051946 4.1856517698615789 1.7107514142990119 0.59378848318010546
leaf_count=22 22 121 13 38 164 26 428 20 34 8 30 225 249 902 10279 311 95 6575 52 9 240 47 8 24
internal_value=-3.93483e-05 0.000173087 0.0246036 0.0166708 0.00538498 -0.00806537 0.00122769 0.121657 -0.0239135 -0.00601674 -0.00914371 -3.0794e-05 -0.00171038 -0.0281066 -0.00107428 0.00150912 0.0258631 0.00115707 0.0133913 -0.00559985 -0.0341476 -0.0128552 -0.0462726 0.0667855
internal_weight=2337.12 2276.86 18.8439 17.2965 14.9016 60.2645 37.9886 2.15553 22.2759 35.8331 34.1563 2258.01 1080.03 25.4141 1054.61 1177.98 16.7858 1161.2 4.79553 3.53737 17.4803 6.34251 11.1378 1.25816
internal_count=19942 18994 237 224 202 948 512 46 436 466 458 18757 11551 1023 10528 7206 320 6886 107 61 329 81 248 46
is_linear=0
shrinkage=0.05


Tree=87
num_leaves=20
num_cat=0
split_feature=4 1 2 1 2 2 3 4 1 2 0 1 1 0 1 1 3 1 1
split_gain=1.5718 1.74462 1.8316 1.46199 3.9106 8.21799 6.285 4.37237 3.62556 7.75785 4.37671 3.06862 3.36641 2.69283 2.21511 3.94484 2.52157 0.00730497 0.000196871
threshold=0.87170195068155276 -0.00077940638643370075 0.0033219438101635972 -0.00010384526964879458 -0.00096650814226517656 0.00030139820616192919 0.7992087645800946 19.896729867268668 -6.7486611492750801e-05 0.0049235250695300889 50.652508516410698 -0.00027623861447406689 -0.0033690907719910452 41.291286000206917 -3.4054724697696319e-05 -1.1851681986640992e-05 1.4700356767908118 0.0014443266980362914 0.00068102160950711543
decision_type=2 2 2 2 2 2 2 2 2 2 2 2 2 2 2 2 2 2 2
left_child=1 -1 17 4 11 7 -7 -6 9 10 -5 12 -2 -13 16 -16 -10 18 -3
right_child=3 2 -4 8 5 6 -8 -9 14 -11 -12 13 -14 -15 15 -17 -18 -19 -20
leaf_value=0.066955776345814788 -0.0050534886968899642 -0.050838903505001892 0.053716465400543215 0.033515225746073782 -0.021183907496461433 -0.011087716249911934 0.0055414720502750042 0.0087171936981756942 -0.025216098541339195 0.12566312074814331 -0.017574514978671057 -0.0056680510667462634 0.0047849491570330421 -0.0416257463346466 0.030628560307090599 0.00065390138783694759 0.027521721900500336 -0.058191173526123421 -0.052024156962934477
leaf_weight=0.4234197987243532 117.32379713654518 2.7973207430914044 0.46462741307914246 10.309626759961253 92.760636064223945 90.198314395733178 153.54657726082951 14.081964857876299 14.691539424471559 1.6669253632426251 7.0644716089591375 19.655008377507333 335.81603135354817 7.0831026760861269 11.05991143081337 1454.1558474805206 2.68002139404416 0.39542588964104641 0.40050887688994397
leaf_count=21 910 189 12 117 1622 1416 1255 75 207 12 101 226 3100 79 155 10409 21 4 11
internal_value=-3.96988e-05 -0.0296232 -0.0397008 1.71483e-05 -0.00166626 -0.00568046 -0.000612194 -0.0172429 0.000948147 0.0226272 0.0127417 0.00126641 0.00223765 -0.0151935 0.000669721 0.00088016 -0.0170799 -0.0517801 -0.0509873
internal_weight=2336.58 4.4813 4.05788 2332.09 830.465 350.587 243.745 106.843 1501.63 19.041 17.3741 479.878 453.14 26.7381 1482.59 1465.22 17.3716 3.59326 3.19783
internal_count=19942 237 216 19705 8683 4368 2671 1697 11022 230 218 4315 4010 305 10792 10564 228 204 200
is_linear=0
shrinkage=0.05


Tree=88
num_leaves=19
num_cat=0
split_feature=4 3 2 1 4 0 3 4 3 4 4 4 0 2 0 1 1 2
split_gain=1.46426 1.7282 2.15558 1.38369 2.03944 3.61754 2.43333 3.51852 2.44812 2.02704 2.77674 3.78749 1.6404 2.86986 0.687863 0.00138355 6.24655e-05 4.29607e-05
threshold=0.87170195068155276 0.10356225873718453 -0.00016678563101257812 0.0067333866282944807 59.628429505301739 41.843847459469117 2.0123677200408125 21.699718864052894 1.6953500338434071 30.697848730658169 34.702984735117845 39.947500884137341 83.696601977068738 0.008342705806258734 71.094456815737786 0.0012550636690837893 0.00060304603549532498 0.0017314645056721869
decision_type=2 2 2 2 2 2 2 2 2 2 2 2 2 2 2 2 2 2
left_child=1 2 -1 4 6 -6 8 -8 -2 12 14 -12 13 -5 -11 16 17 -3
right_child=3 15 -4 9 5 -7 7 -9 -10 10 11 -13 -14 -15 -16 -17 -18 -19
leaf_value=-0.053581325172611563 -0.00064685812768833792 -0.050690415944139068 0.069103212557669921 0.006761789670577275 -0.010007909147195612 0.047891478374100717 -0.044931464837424266 -0.0043769159689238868 0.0051410963496494669 -0.011096893155312487 0.036545753647087148 -0.0054738124656204638 -0.0076719047992337272 0.038027892646685407 -0.038244821461006953 -0.054231327314449788 -0.051558120373000921 -0.05137839487550059
leaf_weight=0.63589098863303661 2020.143686064519 2.0263270605355514 0.81938344612717517 17.296168804168705 4.9726636558771116 5.8970297127962112 7.2660012766718891 20.265091300010681 200.85834165476263 4.531813055276869 7.5495815426111248 18.513848096132278 6.5008221715688697 12.749087065458296 4.8095980733633041 0.34394975751638401 0.28051205445080984 0.25552900042384852
leaf_count=27 18129 156 26 75 22 25 43 91 1083 20 31 77 29 60 20 6 11 11
internal_value=-3.88789e-05 -0.0289824 0.0154955 1.52698e-05 -0.000202104 0.0214037 -0.000306549 -0.0150801 -0.000123419 0.00684123 -0.00168529 0.00669765 0.0151015 0.0200289 -0.0250745 -0.0512537 -0.050854 -0.0507675
internal_weight=2335.72 4.36159 1.45527 2331.35 2259.4 10.8697 2248.53 27.5311 2221 71.9509 35.4048 26.0634 36.5461 30.0453 9.34141 2.90632 2.56237 2.28186
internal_count=19942 237 53 19705 19393 47 19346 134 19212 312 148 108 164 135 40 184 178 167
is_linear=0
shrinkage=0.05


Tree=89
num_leaves=24
num_cat=0
split_feature=3 3 0 2 0 2 2 4 0 3 1 4 3 3 4 0 4 4 4 2 2 2 1
split_gain=1.41344 4.0827 4.45363 4.57159 3.45439 3.26126 10.9796 3.35697 3.78344 3.24775 2.00904 6.59199 7.8157 4.19584 3.59703 10.1474 3.49043 1.82252 2.01299 1.75994 2.37182 1.48075 1.27148
threshold=0.22103325212402236 0.24487435368865443 82.362797231668551 -0.0077115403670293672 39.111040637811307 0.00041219147390447747 0.00081999804443833046 6.8754918515770642 86.64796586954985 0.1207925084333855 0.00042191901074783994 2.03253029915254 0.3518352270768364 0.29698834611458158 2.1012843596320487 66.641435918286291 2.172211235458287 1.8388524360465952 0.9659135669544302 -0.0054198906209816369 -0.0077115403670293672 0.00062318292398322328 0.0024618970351812934
decision_type=2 2 2 2 2 2 2 2 2 2 2 2 2 2 2 2 2 2 2 2 2 2 2
left_child=5 2 3 -2 -5 9 21 8 -8 17 11 12 -3 -13 15 -12 -16 18 -1 20 -11 -7 -21
right_child=1 10 -4 4 -6 6 7 -9 -10 19 14 13 -14 -15 16 -17 -18 -19 -20 22 -22 -23 -24
leaf_value=0.034301194745032813 0.077844052839750863 0.016137200854182566 0.10236378030679379 -0.054885122917224943 0.014894712028210529 0.066336421522136854 -0.0034175755456763018 0.066710498507461566 -0.059095048441789713 -0.030058089388937531 0.048983750632462693 -0.026615889773318038 -0.04559411856438509 -0.00060744338713069441 -0.057823368013771317 -0.035448927962843393 0.0011859323237104879 0.045667350654118137 -0.056126895947341243 -0.05331894817139711 0.040995300995077311 0.14578577870823645 -0.0062349071943956398
leaf_weight=1.102274796925488 2.5388559587299868 7.3005443410947946 1.6252961717545975 2.0577289396896967 12.843932792544363 1.175351022742688 30.728143397718668 1.5320445150136937 3.3875472471117964 4.7245857920497656 12.091897292062642 15.742509221658109 17.225098438095301 1036.9748710626736 2.511411551386117 5.0425698617473236 1159.1441006381065 2.2778816167265177 1.3933740826323626 8.9319754708558268 1.5630640536546749 1.1705087600275872 1.708026751875878
leaf_count=42 22 247 13 38 164 23 429 7 30 53 225 249 776 10279 31 95 6855 28 37 240 28 23 8
internal_value=-3.71201e-05 0.000162155 0.0232025 0.0158254 0.00525901 -0.00763192 0.00120053 -0.0056946 -0.00894612 -0.0230954 -3.25599e-05 -0.00159338 -0.0272186 -0.000996378 0.0013938 0.0241357 0.00105836 0.0133294 -0.0161867 -0.0333671 -0.0123947 0.105979 -0.0457606
internal_weight=2334.79 2275.1 19.0658 17.4405 14.9017 59.6948 37.9936 35.6477 34.1157 21.7012 2256.03 1077.24 24.5256 1052.72 1178.79 17.1345 1161.66 4.77353 2.49565 16.9277 6.28765 2.34586 10.64
internal_count=19942 18994 237 224 202 948 512 466 459 436 18757 11551 1023 10528 7206 320 6886 107 79 329 81 46 248
is_linear=0
shrinkage=0.05


Tree=90
num_leaves=19
num_cat=0
split_feature=4 2 2 0 1 1 2 0 4 3 0 4 1 0 1 1 3 1
split_gain=1.42622 1.69721 1.3851 4.75745 6.46322 4.87029 3.19862 4.79605 4.14889 3.52823 2.64188 5.3594 2.53834 2.96433 2.20386 0.0036609 4.38576e-05 7.46414e-06
threshold=0.73690795190310354 0.0033219438101635972 -0.0020171561291508762 46.792430689484611 -0.0064625924718588737 0.0049608276328498855 -0.0050453687616320289 25.782855333328985 44.407134004858868 1.3929147354567195 47.298015106989048 4.0263542185876515 0.0044450411893166572 30.909406093947023 -0.0054102083074331056 0.00091555963214917668 0.081760169279946546 0.0005376425861930435
decision_type=2 2 2 2 2 2 2 2 2 2 2 2 2 2 2 2 2 2
left_child=1 15 6 4 -4 -6 12 9 -9 -8 11 -5 13 -2 -12 16 -1 -18
right_child=2 -3 3 10 5 -7 7 8 -10 -11 14 -13 -14 -15 -16 -17 17 -19
leaf_value=-0.051293334361864819 0.0015433039539436877 0.052221618062966296 0.096537253362684303 0.079729717104848274 -0.0065355567660151052 -0.082905821049682929 -0.023366499218448564 0.0082674830809402518 -0.030831173465236474 0.0096141017862665882 0.02557176468648837 0.007925651961797597 0.034161112980673917 -0.0094956181604025931 4.1848733348046504e-05 -0.056531209243027347 -0.050710086014272987 -0.050993297351110037
leaf_weight=0.50593814998865161 156.51691916026175 0.4684571474790572 1.512493535876273 2.9921230673790005 286.46370636438951 2.1029180884361258 23.483967887237668 293.78835702873766 6.9453770518302909 12.386347062885759 8.5041604451835138 19.764721855521202 4.7451326549053183 99.461481120437384 1412.4682232672349 0.33244241774082173 1.3286051666364072 0.28203336521983136
leaf_count=23 1188 11 9 67 3613 9 390 2228 31 109 52 144 20 607 11317 5 102 17
internal_value=-3.70502e-05 -0.0349742 6.67461e-06 -0.000708698 -0.00655177 -0.0070921 0.00208312 0.00530327 0.00736451 -0.011978 0.000465313 0.0173666 -0.00207421 -0.00274592 0.000194639 -0.0516534 -0.0508872 -0.0507597
internal_weight=2334.05 2.91748 2331.14 1733.81 290.079 288.567 597.328 336.604 300.734 35.8703 1443.73 22.7568 260.724 255.978 1420.97 2.44902 2.11658 1.61064
internal_count=19942 158 19784 15211 3631 3622 4573 2758 2259 499 11580 211 1815 1795 11369 147 142 119
is_linear=0
shrinkage=0.05


Tree=91
num_leaves=20
num_cat=0
split_feature=4 2 0 0 1 1 2 2 0 1 4 3 2 2 1 0 1 3 1
split_gain=1.33533 1.58612 1.34128 4.10225 4.94257 4.04661 3.49472 9.35648 5.79914 2.61123 4.82255 4.39482 4.04164 6.58406 6.34695 3.27783 0.00315493 3.76626e-05 6.42511e-06
threshold=0.73690795190310354 0.0033219438101635972 66.944019681791943 68.325340869501545 0.0037694266192195296 0.0031917495148185986 0.0014794742026676968 0.0018478526145970788 68.809914953311079 0.00042191901074783994 1.7396815259219873 0.23808289799898086 0.0022478281658483428 -0.00096650814226517656 -0.004985216694804894 65.707500656124935 0.00091555963214917668 0.081760169279946546 0.0005376425861930435
decision_type=2 2 2 2 2 2 2 2 2 2 2 2 2 2 2 2 2 2 2
left_child=1 16 9 4 5 -4 8 -8 -5 12 11 -11 13 -2 -14 -12 17 -1 -19
right_child=2 -3 3 6 -6 -7 7 -9 -10 10 15 -13 14 -15 -16 -17 -18 18 -20
leaf_value=-0.051228981135990517 0.001110509008718921 0.047426269471721662 -0.018690490923260791 0.064408028993496652 0.024466696014516939 -0.085702475335982936 0.036303896246310217 -0.0012403447806459838 -0.02711885158483357 0.0027280917700545598 0.0016269320756960367 0.060112858054771526 0.058876393064281107 -0.0078642833376168231 0.0051897175773180136 0.017471272510413961 -0.056201973443729694 -0.05067504470352803 -0.050944337758844785
leaf_weight=0.48185255378484759 565.4780735168606 0.4894578531384467 38.552170254290104 1.8825269369408513 6.4555103182792655 2.3926349133253089 17.194433867931366 475.66393937915564 21.449555094353855 6.4021748816594464 724.14003120549023 6.9676515785977244 5.8116901218891135 319.99673409666866 104.38422263599932 34.182916236110032 0.31803465634584416 1.2646602001041172 0.26852976065129031
leaf_count=23 5157 11 347 22 27 10 214 3049 352 84 4503 126 35 4744 901 213 5 102 17
internal_value=-3.59952e-05 -0.0344062 5.62338e-06 -0.00211833 -0.0161954 -0.0226064 -0.000825664 6.94675e-05 -0.0197341 0.000682925 0.00286598 0.032634 -0.00100905 -0.00213284 0.00802113 0.00234115 -0.0515739 -0.0508434 -0.0507222
internal_weight=2333.78 2.82254 2330.95 563.591 47.4003 40.9448 516.19 492.858 23.3321 1767.36 771.693 13.3698 995.671 885.475 110.196 758.323 2.33308 2.01504 1.53319
internal_count=19942 158 19784 4021 384 357 3637 3263 374 15763 4926 210 10837 9901 936 4716 147 142 119
is_linear=0
shrinkage=0.05


Tree=92
num_leaves=17
num_cat=0
split_feature=2 1 2 2 0 4 2 3 1 1 1 1 3 0 1 1
split_gain=1.31263 2.26626 1.519 4.47134 3.75937 3.45448 2.65281 8.4838 4.11446 2.62174 3.87121 2.91749 2.43433 5.30775 3.60042 0.0349882
threshold=-0.016637730712464768 -0.00163976116251191 -0.0020171561291508762 -0.0017905621299880157 52.916841846205934 12.446806847662957 -0.002433462996686619 1.9093079809388513 -0.0012307253931185256 -0.00082327333049442275 -0.0054102083074331056 -0.00066799161456448919 1.7879622025753197 40.605141234227638 -0.0083214107453278823 -0.004985216694804894
decision_type=2 2 2 2 2 2 2 2 2 2 2 2 2 2 2 2
left_child=1 15 6 4 5 -4 12 8 -8 10 -5 -11 14 -14 -2 -1
right_child=2 -3 3 9 -6 -7 7 -9 -10 11 -12 -13 13 -15 -16 -17
leaf_value=-0.036002508471033007 -0.027104879906224962 0.0074906661650398394 -0.031143236539432375 0.02227332952102189 0.043774340375903643 0.0010674694579370224 -0.0051217980663504862 -0.071733327471187922 0.022908173699321771 0.014869252517834976 -0.0067177707960679248 0.00013189529325813429 0.0053796809637039443 0.057434353160321583 0.00073087622254489287 -0.044206656085484297
leaf_weight=2.3223313558846712 11.911888372153042 4.5777923148125392 26.101434116251767 12.143682252615688 2.3891489170491687 12.221163958311079 18.061014123260975 2.9320311099290839 47.586431625299156 34.392766027711332 222.36084731668234 1425.0901370388456 33.439162351191044 5.7371999770402899 468.98340386385098 2.9507832415401936
leaf_count=24 105 31 316 76 18 61 173 15 444 467 2319 12103 171 25 3570 24
internal_value=-3.52978e-05 -0.0182484 4.1925e-05 -0.000702822 -0.0170775 -0.0208712 0.00223663 0.01148 0.0151965 -0.000309289 -0.00521648 0.000479182 0.00101775 0.0130029 4.13781e-05 -0.0405935
internal_weight=2333.2 9.85091 2323.35 1734.7 40.7117 38.3226 588.651 68.5795 65.6474 1693.99 234.505 1459.48 520.072 39.1764 480.895 5.27311
internal_count=19942 79 19863 15360 395 377 4503 632 617 14965 2395 12570 3871 196 3675 48
is_linear=0
shrinkage=0.05


Tree=93
num_leaves=23
num_cat=0
split_feature=4 3 1 0 0 0 2 2 3 1 4 0 3 0 3 4 2 0 1 3 1 1
split_gain=1.27148 3.04902 2.32921 2.17532 2.09305 3.36862 2.01079 6.44742 1.55295 3.13009 2.36044 2.51957 2.32803 2.91774 2.16501 2.19136 1.8908 1.58735 0.871002 0.765103 0.00859338 0.00152478
threshold=2.7067038186558592 0.63331969170832736 -0.00093604864810675748 87.825219732613093 26.637263030035118 29.440277017099188 2.8774724905589192e-05 0.00010756640021936105 0.16566242319283539 0.0023234184459436373 3.9917333890709616 62.548105649203755 0.2132076120811153 46.792430689484611 0.24487435368865443 6.0453133784923301 0.0019714749673819258 27.876783857575145 -0.001107955272850347 0.49563762860148269 0.0007298619914734018 0.00068102160950711543
decision_type=2 2 2 2 2 2 2 2 2 2 2 2 2 2 2 2 2 2 2 2 2 2
left_child=1 3 18 4 19 -6 21 -8 9 10 11 -2 13 20 15 -14 -15 -16 -3 -1 -10 -4
right_child=8 2 6 -5 5 -7 7 -9 12 -11 -12 -13 14 16 17 -17 -18 -19 -20 -21 -22 -23
leaf_value=-0.042409317127478363 0.046878545509638297 -3.4143603076249619e-05 -0.05090758823481515 -0.055928054279849197 0.073852151109269043 -4.487412464768107e-05 0.16826897114443573 -0.023196209717995731 -0.053630377566673881 -0.025524474998583863 0.072488013589934105 -0.032744922256836922 0.028996401645671528 0.029287341140228598 -0.0043942120469748552 -0.012214976344049394 -0.017002210537137689 0.00055696961443262093 0.070584262041927678 0.011590766894308118 -0.058538862138341335 -0.053619217237272525
leaf_weight=3.8499599173665038 2.3651208057999593 0.94762846268713474 5.5741534610278931 1.7980074360966671 1.568433173932134 92.167994685471058 0.45606938004493613 12.242343910969792 2.760036218911412 2.6948010325431824 2.891453318297863 1.7132327035069463 12.339347340166571 2.847646862268447 176.19450337998569 4.367348223924636 9.7916746735572797 1992.6867004763335 0.80974875390529877 0.79066216852515925 1.3172372356057165 0.57158487662672985
leaf_count=127 30 24 338 29 43 2187 25 486 51 12 22 19 123 30 1613 31 87 14592 17 32 14 10
internal_value=-3.4313e-05 -0.00502993 -0.0225481 -0.00142723 -0.000431133 0.0011916 -0.0276822 -0.0163196 0.000238455 0.0202374 0.0379307 0.0134304 0.000150691 -0.0184375 0.000292864 0.0182232 -0.00657315 0.000154748 0.0325048 -0.0332089 -0.0552162 -0.0511598
internal_weight=2332.75 120.777 20.6015 100.175 98.377 93.7364 18.8442 12.6984 2211.97 9.66461 6.96981 4.07835 2202.3 16.7166 2185.59 16.7067 12.6393 2168.88 1.75738 4.64062 4.07727 6.14574
internal_count=19942 3318 900 2418 2389 2230 859 511 16624 83 71 49 16541 182 16359 154 117 16205 41 159 65 348
is_linear=0
shrinkage=0.05


Tree=94
num_leaves=20
num_cat=0
split_feature=4 2 0 0 1 1 2 2 0 0 1 2 1 3 1 3 1 3 1
split_gain=1.24908 1.498 1.22402 3.74732 4.49849 3.72651 3.23815 8.23965 5.19187 2.34923 6.06887 5.83999 4.67642 4.38998 3.4881 3.07979 0.00271985 3.1281e-05 5.27315e-06
threshold=0.73690795190310354 0.0033219438101635972 66.944019681791943 68.325340869501545 0.0037694266192195296 0.0031917495148185986 0.0014794742026676968 0.0018478526145970788 68.809914953311079 49.996128195566101 -0.0054102083074331056 -0.0011134825193777063 -0.0004844571074067438 0.29698834611458158 0.00035939513315152999 0.9397474849909192 0.00091555963214917668 0.081760169279946546 0.0005376425861930435
decision_type=2 2 2 2 2 2 2 2 2 2 2 2 2 2 2 2 2 2 2
left_child=1 16 9 4 5 -4 8 -8 -5 11 15 13 -13 -2 -12 -11 17 -1 -19
right_child=2 -3 3 6 -6 -7 7 -9 -10 10 14 12 -14 -15 -16 -17 -18 18 -20
leaf_value=-0.051161797032646665 -0.017325170414872148 0.043762864265539825 -0.017964012803617931 0.058970534569262635 0.023224876545334498 -0.082815504967465217 0.033627308274773372 -0.0011840166854168693 -0.026383790485816412 0.012765134313467173 -0.0020888194551435288 -0.016614129642770301 -0.002632731217392791 0.0022005946124012514 0.0049116663621726602 0.078650364088232561 -0.055890132190914737 -0.050644985452825121 -0.0508953986084901
leaf_weight=0.45891305617988098 30.02718671457842 0.50668849609792221 38.124651785939932 1.9466386456042553 6.4511834532022467 2.3517931699752799 17.628755796700716 475.37146729696542 21.015690685249865 3.2625747248530379 283.7526298915036 88.768882099539042 183.31018391018733 696.58564936369658 477.17187577858567 3.8868025317788124 0.30420973896980275 1.2069962271489201 0.25457087904214848
leaf_count=23 462 11 347 22 27 10 214 3049 352 22 3411 1164 2138 5493 3053 20 5 102 17
internal_value=-3.35797e-05 -0.0338261 6.0399e-06 -0.00202442 -0.0155518 -0.0217321 -0.000794087 6.07705e-05 -0.0191479 0.000652944 0.00273196 -0.000945985 -0.00719432 0.00139369 0.00230115 0.048584 -0.0514975 -0.0508017 -0.0506886
internal_weight=2332.39 2.73138 2329.66 562.89 46.9276 40.4764 515.963 493 22.9623 1766.77 768.074 998.692 272.079 726.613 760.925 7.14938 2.22469 1.92048 1.46157
internal_count=19942 158 19784 4021 384 357 3637 3263 374 15763 6506 9257 3302 5955 6464 42 147 142 119
is_linear=0
shrinkage=0.05


Tree=95
num_leaves=17
num_cat=0
split_feature=1 4 2 3 4 3 0 1 4 0 1 0 0 0 4 4
split_gain=1.19881 1.82401 3.18344 2.20848 3.30746 2.2361 7.52008 3.24998 1.79989 3.11418 1.65697 1.45039 4.09446 2.5458 1.83134 0.359661
threshold=0.0067333866282944807 59.628429505301739 -0.0052310827627745074 2.0123677200408125 21.699718864052894 1.7419423576801061 80.175270501972236 -0.0039221771461428459 49.608894188768083 72.274565633791028 0.0027025948328207598 61.67015638787926 55.794505378227321 64.347744737907092 27.069113783769247 15.727463406902826
decision_type=2 2 2 2 2 2 2 2 2 2 2 2 2 2 2 2
left_child=1 3 -3 5 15 7 -7 -1 11 -10 -6 12 -2 -13 -15 -5
right_child=8 2 -4 4 10 6 -8 -9 9 -11 -12 13 -14 14 -16 -17
leaf_value=-0.010021036602786245 0.0010934117675770528 -0.0093045656630618874 0.045179115719589408 -0.032237801546075792 0.0040154172579632474 0.0034313001436076297 0.061994606367621378 -0.00018787573711285922 -0.040940894114889465 0.012033718923235121 -0.029226000141958992 -0.031469580487667015 0.05395488604319152 0.020453249101367234 -0.00070342677289782988 -0.054751745982304957
leaf_weight=87.774320492520928 8.7630375027656537 4.9405557513237 5.8622395992279035 3.4491229131817844 15.255150914192201 158.39257525280118 5.6781631223857394 1969.894602551125 5.0939370393753034 6.0922329127788544 4.9702379852533332 4.2686870545148841 6.2944092452526084 19.056685552000999 22.079735845327377 3.6523022353649139
leaf_count=732 38 22 25 24 69 842 26 17849 22 25 22 19 27 87 94 19
internal_value=-3.28537e-05 -0.000234731 0.0202615 -0.00033318 -0.0144608 -0.000159414 0.00545806 -0.00060733 0.00633456 -0.0120898 -0.00415341 0.00974325 0.0231909 0.00528368 0.00909753 -0.0438168
internal_weight=2331.52 2259.87 10.8028 2249.07 27.3268 2221.74 164.071 2057.67 71.6487 11.1862 20.2254 60.4626 15.0574 45.4051 41.1364 7.10143
internal_count=19942 19630 47 19583 134 19449 868 18581 312 47 91 265 65 200 181 43
is_linear=0
shrinkage=0.05


Tree=96
num_leaves=16
num_cat=0
split_feature=4 1 2 1 2 0 0 2 3 0 1 1 2 3 1
split_gain=1.16813 1.44276 1.16912 2.11505 1.38193 3.83182 5.65287 3.3263 8.35894 2.27686 2.19542 0.0559584 0.000134565 2.34733e-05 1.03683e-05
threshold=0.73690795190310354 0.0012276731855523917 -0.016637730712464768 -0.00163976116251191 -0.002114589899628649 46.792430689484611 44.315659421988961 -0.002433462996686619 1.9093079809388513 66.944019681791943 -0.0012307253931185256 -0.0054102083074331056 0.0031040365612636793 0.081760169279946546 0.00056361866729126586
decision_type=2 2 2 2 2 2 2 2 2 2 2 2 2 2 2
left_child=1 12 3 11 7 6 -6 10 -9 -7 -4 -2 13 -1 -15
right_child=2 -3 4 -5 5 9 -8 8 -10 -11 -12 -13 -14 14 -16
leaf_value=-0.051097437723985041 -0.033268836484212132 0.043884266338200147 0.0045271286241744179 0.0073132308045911797 -0.0016769998375652996 0.002032481040148438 -0.017255302067265343 0.019033643140665413 -0.07094316793871086 -0.0020399483294055239 -0.0019934144872742702 -0.043913201111032092 -0.05193033838690489 -0.050614083953664062 -0.050963062026932626
leaf_weight=0.43569453805685032 2.1041741855442524 0.49319338798522938 239.25475951004773 4.5799924395978433 223.16090121027082 883.82708089239895 78.793866366613656 49.050712785683572 2.7246310710906974 561.11563407443464 280.35182883311063 2.9881101623177528 0.29234851524233807 1.162221075966954 0.26055387966334809
leaf_count=23 23 6 1848 31 2930 7585 841 458 14 4013 2016 25 9 103 17
internal_value=-3.13951e-05 -0.0332467 6.3297e-06 -0.0173409 7.87056e-05 -0.000619463 -0.00574209 0.00221323 0.0142987 0.000451032 0.00100899 -0.0395149 -0.0509332 -0.0507763 -0.050678
internal_weight=2330.6 2.64401 2327.95 9.67228 2318.28 1746.9 301.955 571.382 51.7753 1444.94 519.607 5.09228 2.15082 1.85847 1.42277
internal_count=19942 158 19784 79 19705 15369 3771 4336 472 11598 3864 48 152 143 120
is_linear=0
shrinkage=0.05


Tree=97
num_leaves=30
num_cat=0
split_feature=0 2 3 1 3 1 4 2 3 2 4 4 0 2 3 4 0 4 4 1 0 0 3 3 3 3 0 1 4
split_gain=1.13147 5.5502 5.41592 5.13496 6.57258 3.81165 6.50987 3.64297 2.93313 2.90691 2.90543 4.74461 2.43842 2.34089 4.61625 7.28652 11.0355 6.14028 5.83759 8.45387 2.81627 5.76831 4.93222 4.564 2.14417 3.03662 2.37209 1.01457 0.896851
threshold=27.876783857575145 -0.0035135275900401437 1.6953500338434071 -0.0033690907719910452 1.4778614207736565 -0.0010863781534419801 20.670941131151071 -0.010887532212840943 1.3256223212434104 -0.0074742516813411921 3.049899370062267 2.1012843596320487 22.952753556947417 -0.002114589899628649 0.35793692280448935 4.6448373345635021 37.953418969050176 5.4318613992999234 5.2106821727750789 -0.0013258886773173104 46.792430689484611 44.315659421988961 1.7117645876802274 1.6953500338434071 0.13427675018293825 0.31710267642897055 55.038983704906762 -0.001107955272850347 8.3330759680389175
decision_type=2 2 2 2 2 2 2 2 2 2 2 2 2 2 2 2 2 2 2 2 2 2 2 2 2 2 2 2 2
left_child=1 3 10 4 8 7 -7 -5 -1 -6 11 -3 -12 14 18 16 -16 -17 19 -2 21 22 -15 -23 26 -26 -22 -4 -20
right_child=13 2 27 5 9 6 -8 -9 -10 -11 12 -13 -14 20 15 17 -18 -19 28 -21 24 23 -24 -25 25 -27 -28 -29 -30
leaf_value=-0.02028727019987377 0.08626692410051634 -0.051575328900499921 0.0059708598044641275 -0.006188835576476483 0.022893794000242773 0.0017273920310531638 -0.06675474216929228 0.023878305048809383 -0.058627879728682844 -0.018123552899406981 -0.016511621456947841 0.043550916964532282 -0.049152444235351644 -0.0034087922388105294 0.056835131719852661 -0.033603818553582965 -0.027219851018373788 0.0046524517598264059 -0.060054783084067268 -0.013388538892679505 0.027120070262941304 -0.012256901116946 0.020992826837020195 -0.050088359793844218 0.0099778644748808425 -6.5683466714532895e-06 -0.034555516962710746 0.053452089702444451 -0.023386746573165293
leaf_weight=18.885313738137487 2.44050643406809 2.2590977214276817 2.3004403002560139 13.665183858945964 12.247478321194651 51.699321114458144 3.7199199348688117 38.336644093506038 6.7788415029644957 6.6730142571032038 9.1336025968194026 3.1227359408512712 15.317026630043982 187.57483992911875 14.695684896782042 10.813161440193651 5.3179101273417464 349.58917866647243 6.2909008506685478 16.624993450939655 1.9314795108512033 69.050406924914569 23.278280166909099 9.012795113027094 80.681449861265719 1356.5966396611184 8.0839361567050201 2.2019805181771508 2.2690465822815895
leaf_count=219 32 106 19 95 73 438 16 334 63 47 148 106 210 2536 195 113 69 2061 61 262 39 794 150 58 973 10537 152 22 14
internal_value=-3.03554e-05 -0.00376752 -0.021924 0.000333653 -0.013931 0.00625413 -0.00286935 0.0159772 -0.0304144 0.0084275 -0.0296387 0.00362038 -0.0369594 0.000294413 0.00370219 0.00513533 0.0345005 0.00350465 -0.0160328 -0.000632 -0.000506478 -0.00501359 -0.000714842 -0.0166247 0.000393255 0.000553907 -0.0226613 0.0291923 -0.0503349
internal_weight=2330.59 186.341 34.3349 152.006 44.5846 107.421 55.4192 52.0018 25.6642 18.9205 29.8325 5.38183 24.4506 2144.25 408.041 380.416 20.0136 360.402 27.6254 19.0655 1736.21 288.916 210.853 78.0632 1447.29 1437.28 10.0154 4.50242 8.55995
internal_count=19942 1896 611 1285 402 883 454 429 282 120 570 212 358 18046 2807 2438 264 2174 369 294 15239 3538 2686 852 11701 11510 191 41 75
is_linear=0
shrinkage=0.05


Tree=98
num_leaves=24
num_cat=0
split_feature=4 0 0 0 1 1 0 1 2 3 0 2 1 3 4 3 0 4 0 1 1 4 4
split_gain=1.09387 3.38656 2.55848 13.0559 7.65745 5.44224 4.16651 2.77166 1.58304 1.63652 6.98073 5.25602 3.87858 2.72852 6.20907 3.95055 1.53619 1.55961 1.89859 0.961591 0.960423 0.000888705 0.000227277
threshold=4.1468518988878413 19.736463898572847 43.68166671934307 42.91445435690251 -0.00036839507492553153 -0.0011701577479016898 45.629849173486924 0.00045339692341139776 -0.016637730712464768 0.33111767416137788 70.731692034421528 0.014826997449053582 -0.0013258886773173104 0.49563762860148269 4.2502625813761767 0.55296586968619732 24.185832743448618 20.310990266356061 17.893796022578346 0.000878513562503347 0.00096052215893749359 3.9536983733073048 2.6360023576640752
decision_type=2 2 2 2 2 2 2 2 2 2 2 2 2 2 2 2 2 2 2 2 2 2 2
left_child=1 19 3 5 -5 -3 20 -8 16 10 12 -12 -10 14 -11 -15 17 18 -2 21 -4 22 -1
right_child=8 2 6 4 -6 -7 7 -9 9 13 11 -13 -14 15 -16 -17 -18 -19 -20 -21 -22 -23 -24
leaf_value=-0.050966826512631486 -0.056712367077835273 0.037855453131825853 -0.045517297559350779 0.19909376859222022 0.048642795321348319 -0.00422621748330404 -0.0098396657486959742 0.0017212824436455153 0.035202185039168797 0.054584955462002906 0.05786301997575452 0.0030152213650172822 -0.0080810985163346245 0.013819419845812024 -0.0086519489987158995 0.00031483956600626294 -0.050024256925855375 0.029020720689440088 0.010980557314781817 0.016947496047457652 -0.0059261726624771065 -0.053347066925458687 -0.051798517993528706
leaf_weight=1.2773428549990051 2.1423521079123002 8.7269477462396008 7.501310848630963 1.1952512850984929 2.8921816460788241 64.227384902536869 93.823932331055403 115.86701963841915 5.9878874588757744 4.0035627521574488 10.38315447792411 7.5397803187370291 38.159978095442057 55.863525496795774 127.55639278329909 1770.3267828244716 2.9536265656352043 2.0857299864292145 2.0054476484656334 0.57481485605239857 1.9248927533626554 0.79785263165831555 2.3014252800494432
leaf_count=79 25 186 235 38 61 1563 2736 1463 75 43 71 41 308 403 938 11510 19 15 16 6 21 15 75
internal_value=-3.11669e-05 -0.00284335 -0.00215772 0.00567971 0.0926378 0.000807679 -0.00491337 -0.00345154 0.000386169 0.00048036 0.00847334 0.0347898 -0.00221048 0.000226941 -0.00672756 0.000727947 -0.0203219 -0.00624807 -0.0239831 -0.0438527 -0.0374325 -0.0518381 -0.0515017
internal_weight=2330.12 301.11 296.159 77.0418 4.08743 72.9543 219.117 209.691 2029.01 2019.82 62.0708 17.9229 44.1479 1957.75 131.56 1826.19 9.18716 6.23353 4.1478 4.95144 9.4262 4.37662 3.57877
internal_count=19942 6478 6303 1848 99 1749 4455 4199 13464 13389 495 112 383 12894 981 11913 75 56 41 175 256 169 154
is_linear=0
shrinkage=0.05


Tree=99
num_leaves=17
num_cat=0
split_feature=1 4 4 0 4 4 2 1 0 3 3 4 2 2 2 3
split_gain=1.09145 1.70927 4.4472 4.09482 5.34263 1.62042 6.12996 2.48879 2.85953 4.74005 2.52906 2.69512 2.19377 2.18751 3.21103 1.45226
threshold=0.0067333866282944807 15.727463406902826 17.547159897913215 55.794505378227321 27.069113783769247 49.608894188768083 0.0018873522824685021 -0.0071181193175197102 44.921833125722834 1.5945034840953551 2.0123677200408125 21.699718864052894 -0.002114589899628649 -0.0022647031515304335 -0.010887532212840943 0.62831686574559475
decision_type=2 2 2 2 2 2 2 2 2 2 2 2 2 2 2 2
left_child=5 15 -3 -4 -5 7 13 8 9 -1 12 -12 -9 14 -7 -2
right_child=1 2 3 4 -6 6 -8 10 -10 -11 11 -13 -14 -15 -16 -17
leaf_value=-0.044150782695579149 0.047799435162043005 -0.040592778794651903 -0.027961073931259739 0.039953010679938082 0.0025448904763816344 -0.027694990847603063 0.050127340281037908 0.0027489647637884999 0.032195106201015095 0.0037585286057809997 -0.042730967279850304 -0.0053436421162765665 -0.00092598208420245794 -0.032189801772428923 0.025677768814087315 0.0081527861587358391
leaf_weight=11.561816208064561 4.2019928097724897 5.3345531523227683 7.2426804155111304 12.906437948346136 36.6445482224226 4.3046565353870436 7.5334892719984046 538.86460867337883 2.6698865294456473 9.3281121104955655 6.9513141289353397 15.723049387335776 1648.2009218954481 4.8986624777317056 8.1598477810621244 5.1293191015720367
leaf_count=123 21 23 31 59 155 21 32 4142 19 55 43 72 15067 21 35 23
internal_value=-3.11669e-05 0.00605267 0.00305578 0.00715563 0.0122885 -0.000223687 0.0124618 -0.000365103 -0.0165301 -0.0227575 -0.000192755 -0.0168055 -2.05228e-05 -0.0038805 0.00724532 0.0260061
internal_weight=2329.66 71.4595 62.1282 56.7937 49.551 2258.2 24.8967 2233.3 23.5598 20.8899 2209.74 22.6744 2187.07 17.3632 12.4645 9.33131
internal_count=19942 312 268 245 214 19630 109 19521 197 178 19324 115 19209 77 56 44
is_linear=0
shrinkage=0.05


end of trees

feature_importances:
Column_1=659
Column_4=618
Column_3=488
Column_2=458
Column_0=393

parameters:
[boosting: gbdt]
[objective: binary]
[metric: binary_logloss]
[tree_learner: serial]
[device_type: cpu]
[data_sample_strategy: bagging]
[data: ]
[valid: ]
[num_iterations: 100]
[learning_rate: 0.05]
[num_leaves: 31]
[num_threads: 8]
[seed: 42]
[deterministic: 0]
[force_col_wise: 0]
[force_row_wise: 0]
[histogram_pool_size: -1]
[max_depth: 5]
[min_data_in_leaf: 20]
[min_sum_hessian_in_leaf: 0.001]
[bagging_fraction: 1]
[pos_bagging_fraction: 1]
[neg_bagging_fraction: 1]
[bagging_freq: 0]
[bagging_seed: 400]
[bagging_by_query: 0]
[feature_fraction: 1]
[feature_fraction_bynode: 1]
[feature_fraction_seed: 30056]
[extra_trees: 0]
[extra_seed: 12879]
[early_stopping_round: 0]
[early_stopping_min_delta: 0]
[first_metric_only: 0]
[max_delta_step: 0]
[lambda_l1: 0]
[lambda_l2: 0]
[linear_lambda: 0]
[min_gain_to_split: 0]
[drop_rate: 0.1]
[max_drop: 50]
[skip_drop: 0.5]
[xgboost_dart_mode: 0]
[uniform_drop: 0]
[drop_seed: 17869]
[top_rate: 0.2]
[other_rate: 0.1]
[min_data_per_group: 100]
[max_cat_threshold: 32]
[cat_l2: 10]
[cat_smooth: 10]
[max_cat_to_onehot: 4]
[top_k: 20]
[monotone_constraints: ]
[monotone_constraints_method: basic]
[monotone_penalty: 0]
[feature_contri: ]
[forcedsplits_filename: ]
[refit_decay_rate: 0.9]
[cegb_tradeoff: 1]
[cegb_penalty_split: 0]
[cegb_penalty_feature_lazy: ]
[cegb_penalty_feature_coupled: ]
[path_smooth: 0]
[interaction_constraints: ]
[verbosity: -1]
[saved_feature_importance_type: 0]
[use_quantized_grad: 0]
[num_grad_quant_bins: 4]
[quant_train_renew_leaf: 0]
[stochastic_rounding: 1]
[linear_tree: 0]
[max_bin: 255]
[max_bin_by_feature: ]
[min_data_in_bin: 3]
[bin_construct_sample_cnt: 200000]
[data_random_seed: 175]
[is_enable_sparse: 1]
[enable_bundle: 1]
[use_missing: 1]
[zero_as_missing: 0]
[feature_pre_filter: 1]
[pre_partition: 0]
[two_round: 0]
[header: 0]
[label_column: ]
[weight_column: ]
[group_column: ]
[ignore_column: ]
[categorical_feature: ]
[forcedbins_filename: ]
[precise_float_parser: 0]
[parser_config_file: ]
[objective_seed: 16083]
[num_class: 1]
[is_unbalance: 0]
[scale_pos_weight: 1]
[sigmoid: 1]
[boost_from_average: 1]
[reg_sqrt: 0]
[alpha: 0.9]
[fair_c: 1]
[poisson_max_delta_step: 0.7]
[tweedie_variance_power: 1.5]
[lambdarank_truncation_level: 30]
[lambdarank_norm: 1]
[label_gain: ]
[lambdarank_position_bias_regularization: 0]
[eval_at: ]
[multi_error_top_k: 1]
[auc_mu_weights: ]
[num_machines: 1]
[local_listen_port: 12400]
[time_out: 120]
[machine_list_filename: ]
[machines: ]
[gpu_platform_id: -1]
[gpu_device_id: -1]
[gpu_use_dp: 0]
[num_gpu: 1]

end of parameters

pandas_categorical:null
