tree
version=v4
num_class=1
num_tree_per_iteration=1
label_index=0
max_feature_idx=4
objective=binary sigmoid:1
feature_names=Column_0 Column_1 Column_2 Column_3 Column_4
feature_infos=[1.902353959673448:99.220341974048154] [-0.018859136888699335:0.02559601546695367] [-0.030231632972103406:0.035523272846764042] [0.016658754719912475:2.2199367893060935] [0.085129080876183441:104.38633596731526]
tree_sizes=3355 3447 3439 3434 3314 3345 3465 3461 3443 3452 3344 3450 3460 3473 3476 3459 3256 3452 3457 3467 3444 3154 3467 3477 3139 3370 3255 3365 3465 3259 3369 3368 3364 3150 3351 2940 2716 2710 2821 3151 2941 3150 2835 2924 3046 3055 2922 2936 3472 2951 2926 2928 2724 2518 2724 2963 3035 3040 2740 3250 2825 3139 2310 3057 2485 2818 2619 2475 2717 2733 2598 2170 2410 3030 2812 2707 2735 2405 2398 2386 3361 2157 2714 2261 3362 2940 2179 2265 3356 2262 2373 3118 2370 2296 2372 2281 2602 2567 2371 3249

Tree=0
num_leaves=31
num_cat=0
split_feature=1 4 1 4 1 1 1 0 3 4 1 0 4 3 1 2 3 4 2 1 4 4 2 3 4 3 3 3 1 4
split_gain=1530.05 519.973 132.813 100.545 94.9502 71.0768 38.9966 26.1692 22.9939 22.9203 20.1341 15.6731 15.6478 17.4751 15.5227 13.1896 12.8659 12.2733 11.7017 10.2886 9.87458 8.42669 8.23127 7.58876 7.31072 5.80475 7.65467 5.2643 3.84688 3.65471
threshold=-0.0018138853297331445 5.8845655116087441 -0.0030774961874295288 11.107935603370539 6.7487069239202682e-05 -0.00053405744874901451 0.00037240844616959207 45.461760103023913 1.9382963222163594 3.742698626122182 0.0067333866282944807 39.300029881720775 8.3330759680389175 1.7419423576801061 -0.00090713936392139416 -0.0018365484466977831 1.2026013388799961 19.160247320241272 -0.00052543788235498423 -0.001136248060305822 36.924870810092166 5.0565598451832834 -6.6467541112669157e-05 0.57898120593286673 4.2502625813761767 0.44008141294036957 0.51645288734437333 0.38227515327080847 -0.0039221771461428459 2.1371299771789083
decision_type=2 2 2 2 2 2 2 2 2 2 2 2 2 2 2 2 2 2 2 2 2 2 2 2 2 2 2 2 2 2
left_child=2 5 7 4 14 19 17 8 20 29 -8 12 15 -14 -3 -4 -6 -5 28 21 -1 -2 -11 -20 -21 27 -27 -13 -9 -7
right_child=1 3 11 6 16 9 10 18 -10 22 -12 25 13 -15 -16 -17 -18 -19 23 24 -22 -23 -24 -25 -26 26 -28 -29 -30 -31
leaf_value=-1.4801825356647462 -1.6320809405519892 -1.5916339090406473 -1.6162031196336792 -1.5881912801226534 -1.6397951648660736 -1.6796316961816105 -1.6047497013702328 -1.5633416917532721 -1.5852773263673112 -1.6499864713097205 -1.6424827948060088 -1.5308164404290072 -1.5471547062104984 -1.6414022949315079 -1.6165433073509172 -1.5476530411145091 -1.6600501056907531 -1.5580539608362278 -1.5765489150182768 -1.6527991429955302 -1.5278256127210288 -1.5900183657751921 -1.6649184310427314 -1.5047962393695953 -1.6312238045170908 -1.6194778662610774 -1.545714686761235 -1.4501538171448303 -1.6322952245607136 -1.671813992018095
leaf_weight=121.88332486152649 58.333798497915268 103.35376533865929 28.274735271930695 120.51076489686966 245.00195369124413 246.37451365590096 278.62967282533646 7.6863358020782471 5.9020078480243674 143.43251630663872 40.49051895737648 7.6863358020782453 47.216062784194946 5.4902398586273184 158.39341992139816 9.3334077596664411 115.29503703117371 46.94155079126358 4.5294478833675411 120.09899690747261 11.941271692514418 14.960903614759443 258.86480933427811 19.76486349105835 58.333798497915268 3.7059119045734397 69.039766222238541 2.7451199293136597 2.7451199293136579 380.19911020994186
leaf_count=888 425 753 206 878 1785 1795 2030 56 43 1045 295 56 344 40 1154 68 840 342 33 875 87 109 1886 144 425 27 503 20 20 2770
internal_value=-1.62711 -1.64138 -1.52915 -1.61631 -1.62963 -1.66308 -1.59928 -1.49835 -1.48869 -1.66891 -1.60954 -1.56013 -1.57455 -1.55697 -1.60671 -1.59919 -1.64628 -1.57974 -1.53719 -1.63927 -1.48443 -1.6235 -1.65959 -1.51817 -1.64575 -1.54447 -1.54947 -1.50959 -1.58149 -1.67489
internal_weight=2737.16 2389.22 347.944 1108.62 622.044 1280.6 486.573 174.452 139.727 1028.87 319.12 173.492 90.3144 52.7063 261.747 37.6081 360.297 167.452 34.7258 251.727 133.825 73.2947 402.297 24.2943 178.433 83.1771 72.7457 10.4315 10.4315 626.574
internal_count=19942 17407 2535 8077 4532 9330 3545 1271 1018 7496 2325 1264 658 384 1907 274 2625 1220 253 1834 975 534 2931 177 1300 606 530 76 76 4565
is_linear=0
shrinkage=1


Tree=1
num_leaves=31
num_cat=0
split_feature=1 4 1 4 1 1 1 4 4 4 1 0 4 2 3 2 3 4 0 3 4 2 1 2 2 1 4 4 0 1
split_gain=1315.77 448.975 151.3 89.7065 68.7313 51.4164 28.5903 26.5579 22.9419 22.5225 19.7073 18.5288 17.7423 16.942 16.6741 15.8386 14.6503 14.3714 10.4967 10.4456 10.3591 8.93255 8.62925 8.62639 7.92701 7.74537 6.00679 3.69477 3.52164 3.23315
threshold=-0.0015121364390027201 5.8845655116087441 -0.0030774961874295288 10.626925844992597 6.7487069239202682e-05 -0.00053405744874901451 0.0036092438776043072 19.544417379958556 9.1815138302922339 3.742698626122182 -0.0022400863251475496 45.461760103023913 33.269451209376562 -0.0065860891602725338 1.9382963222163594 -0.0019287050185968766 0.30351712238340284 9.9603988593294037 70.388768219481264 1.2026013388799961 5.0933206441719641 -0.00052543788235498423 -0.0035189048891267056 -0.0029536579968799099 -6.6467541112669157e-05 -0.001136248060305822 9.9603988593294037 2.9626167666962941 46.792430689484611 -0.0039221771461428459
decision_type=2 2 2 2 2 2 2 2 2 2 2 2 2 2 2 2 2 2 2 2 2 2 2 2 2 2 2 2 2 2
left_child=2 5 11 4 13 20 7 -5 10 27 16 14 -8 -3 22 -12 -4 28 -19 -6 23 29 -1 -2 -11 -22 -23 -7 -10 -13
right_child=1 3 8 6 19 9 12 -9 17 24 15 21 -14 -15 -16 -17 -18 18 -20 -21 25 26 -24 -25 -26 -27 -28 -29 -30 -31
leaf_value=0.12895412403708406 0.010323839918866741 0.079516142010580965 -0.022382516562270027 0.022803375524812538 -0.013885286840723486 -0.049471353515152333 -0.0070345585261405597 0.053395923252894474 0.13151497829214961 -0.022076787250758668 0.00097522039496381963 0.058009964712296191 0.039675682248734322 0.013014156367161031 0.038623391282950302 0.043374534869663521 0.079262352465661254 0.059547492585666252 0.14965593274047331 -0.032934283653895606 0.052343455824162603 0.16073708907599515 0.097680413409473754 -0.022870889502247114 -0.036870508420290084 -0.0027078194785948302 0.087238179722378753 -0.040951335252695814 0.081009026438591508 -0.0049408945404970164
leaf_weight=119.82492591440678 22.142739042639732 10.031194448471068 3.9574727267026892 291.96622404456139 226.99642235040665 424.97167876362801 98.268512517213821 93.711932837963104 9.8948600143194181 141.23603269457817 37.672970533370972 8.0181149244308454 25.632236570119858 211.58672314882278 6.0687015056610099 53.032379955053329 34.012602061033249 111.59622219204903 3.3283163011074057 105.37331275641918 8.4414768218994123 3.1632947325706509 27.033786579966545 168.56562779843807 252.32631239295006 26.280435562133789 22.932622015476227 181.6313105225563 5.3002122789621344 2.7355727553367606
leaf_count=796 163 72 28 2091 1668 3201 710 664 69 1045 270 56 187 1523 43 374 239 777 23 785 60 22 179 1243 1886 192 155 1364 37 20
internal_value=-4.27334e-05 -0.0153869 0.0782618 0.00838341 -0.00554352 -0.0360146 0.023524 0.0302367 0.0533951 -0.0408766 0.0384249 0.112172 0.00262872 0.0160243 0.119841 0.0257647 0.0686683 0.0681993 0.0621571 -0.0199245 -0.0144433 0.0803448 0.123197 -0.0190167 -0.0315615 0.0106761 0.0961476 -0.0469203 0.113898 0.0419962
internal_weight=2737.73 2289.16 448.572 1063.57 553.988 1225.6 509.579 385.678 258.795 1000.17 128.675 189.777 123.901 221.618 152.927 90.7054 37.9701 130.12 114.925 332.37 225.43 36.8496 146.859 190.708 393.562 34.7219 26.0959 606.603 15.1951 10.7537
internal_count=19942 16854 3088 7700 4048 9154 3652 2755 1817 7496 911 1271 897 1595 1018 644 267 906 800 2453 1658 253 975 1406 2931 252 177 4565 106 76
is_linear=0
shrinkage=0.05


Tree=2
num_leaves=31
num_cat=0
split_feature=1 4 1 4 1 1 1 4 4 4 2 1 2 0 3 3 4 0 2 0 0 2 4 3 3 4 0 4 1 1
split_gain=1139.17 417.648 117.053 79.5209 62.4415 49.4975 25.4459 37.971 22.1358 19.1928 14.2737 18.1495 14.1894 13.7871 12.6144 9.88409 9.66142 8.60244 11.736 8.03591 7.72458 6.99888 6.69847 6.38878 5.92616 5.69157 5.03854 3.70779 2.73898 1.29966
threshold=-0.0015121364390027201 5.8845655116087441 -0.0030774961874295288 10.626925844992597 6.7487069239202682e-05 -0.00053405744874901451 0.0067333866282944807 24.737086165519028 3.742698626122182 7.7993302891662255 -0.0040352176961092048 -0.0020448574712236818 -0.0065860891602725338 45.461760103023913 1.9382963222163594 1.2026013388799961 3.9536983733073048 14.61117897153254 -0.0068903551013633204 68.57487577377313 56.348868118181265 -0.00052543788235498423 19.160247320241272 0.30351712238340284 0.57898120593286673 36.924870810092166 20.431022890835475 2.1371299771789083 -0.0039221771461428459 -0.0058679021899997732
decision_type=2 2 2 2 2 2 2 2 2 2 2 2 2 2 2 2 2 2 2 2 2 2 2 2 2 2 2 2 2 2
left_child=2 5 13 4 12 16 7 -5 27 10 26 -12 -3 14 22 -6 23 -11 -19 -18 -10 28 -1 -2 -23 -8 -4 -7 -15 -16
right_child=1 3 9 6 15 8 25 -9 20 17 11 -13 -14 21 29 -17 19 18 -20 -21 -22 24 -24 -25 -26 -27 -28 -29 -30 -31
leaf_value=0.11672248698717186 -0.0016078778741976205 0.071611608990446066 0.017110053636335883 0.019353270295241878 -0.013318872863571089 -0.051037367620401064 -0.028133952139889441 0.059084114025797767 -0.023536608690308689 -0.00021843314010710298 0.068231551659266684 0.022108070109376054 0.012254157267972896 0.053031603667924969 0.014446499451036815 -0.032020119069594531 0.0023495926647383917 0.099171022632735667 0.056949155369751918 -0.059664651910232375 -0.037698801080552548 0.036966146421065479 0.095734175004944619 -0.028351181162135471 0.096780316921048201 0.012421757615900818 -0.036579695292782315 -0.04289646819043258 -0.0047099138465318798 0.060254125956498296
leaf_weight=94.951022505760193 28.515153989195824 10.56669896841049 9.0449004173278826 406.02294711768627 224.87289887666702 229.7441228479147 28.530171811580658 70.591563686728477 191.5125013589859 5.7574836015701285 35.571943566203117 53.266052201390266 213.4249994456768 8.3239296674728376 3.3291399627923965 103.02312731742859 86.165748760104179 18.703691422939301 137.09324318170547 5.5610090643167487 193.63481503725052 5.0674305856227901 63.398220092058182 102.98974397778511 22.650666207075119 12.415799021720884 8.4542442262172681 357.51747336983681 2.7264827489852896 2.8949043154716483
leaf_count=584 213 72 64 2864 1668 1795 210 489 1448 39 240 372 1523 56 23 785 632 125 917 41 1483 33 391 772 144 89 60 2770 20 20
internal_value=-7.73611e-05 -0.0147922 0.070653 0.00790917 -0.00529424 -0.0350977 0.0219883 0.0252378 -0.039972 0.0489422 0.0324463 0.0405765 0.0150543 0.0992559 0.105575 -0.0191947 -0.0138648 0.0598 0.062018 -0.00141007 -0.0306567 0.0724313 0.108319 -0.0225522 0.0858451 -0.0158365 -0.00882871 -0.0460813 0.038785 0.0357524
internal_weight=2736.32 2265.09 471.233 1069.45 551.888 1195.64 517.56 476.615 972.409 267.892 106.337 88.838 223.992 203.342 164.573 327.896 223.232 161.554 155.797 91.7268 385.147 38.7685 158.349 131.505 27.7181 40.946 17.4991 587.262 11.0504 6.22404
internal_count=19942 16854 3088 7700 4048 9154 3652 3353 7496 1817 736 612 1595 1271 1018 2453 1658 1081 1042 673 2931 253 975 985 177 299 124 4565 76 43
is_linear=0
shrinkage=0.05


Tree=3
num_leaves=31
num_cat=0
split_feature=1 4 1 4 1 1 1 4 4 4 4 0 3 1 3 0 4 3 4 2 3 3 2 1 1 2 2 4 4 2
split_gain=992.89 388.397 93.0503 70.7208 56.9908 47.6261 25.0482 21.7569 17.8951 15.83 15.2096 12.9787 11.9362 11.2251 10.9724 10.6456 10.5467 9.8598 9.09881 7.89133 7.83571 18.2629 7.49326 6.70928 6.20671 5.82408 5.6055 4.69179 3.73088 2.43165
threshold=-0.0015121364390027201 5.8845655116087441 -0.0030774961874295288 11.107935603370539 6.7487069239202682e-05 -0.00053405744874901451 0.0023959411264389279 3.742698626122182 19.160247320241272 7.7993302891662255 24.737086165519028 36.916661712750219 0.6042670167162717 -0.0027374735697159864 1.2026013388799961 45.461760103023913 8.0825958042164014 1.9382963222163594 5.0933206441719641 -0.0029536579968799099 1.0982732143764291 0.99827498404989645 -6.6467541112669157e-05 -0.001136248060305822 -0.0035189048891267056 -0.0063158724059981788 -0.00052543788235498423 9.9603988593294037 2.9626167666962941 -0.0017905621299880157
decision_type=2 2 2 2 2 2 2 2 2 2 2 2 2 2 2 2 2 2 2 2 2 2 2 2 2 2 2 2 2 2
left_child=2 5 15 4 16 18 8 28 -5 11 -8 13 -13 -4 -6 17 -3 24 19 -2 21 -11 -9 -20 -1 -22 29 -28 -7 -17
right_child=1 3 9 6 14 7 10 22 -10 20 -12 12 -14 -15 -16 26 -18 -19 23 -21 25 -23 -24 -25 -26 -27 27 -29 -30 -31
leaf_value=0.10106367164268543 0.010318302343535743 0.0057059242575262167 0.089400304438253753 0.022834079692764436 -0.011190664254875443 -0.04791654011888994 -0.0025538557371298548 -0.020426205286303414 0.04997804453250973 0.055031356354966858 0.028176481403157191 0.072147286035545363 0.02592483710275871 0.0052169003763317279 -0.030370027694433935 0.054443226939053339 0.027078654103435768 0.033162482780336018 0.048066763145402723 -0.021481117777655771 0.081147941211200711 0.12080854800657655 -0.035085832760684374 -0.0025378790808891394 0.076190787941558452 0.041759849901617185 0.13071429092467127 0.069832802749629927 -0.039089620594577934 0.006936810724414222
leaf_weight=137.84307351708412 22.143379151821136 138.58860352635384 4.317142352461814 218.81356133520603 239.16574718058109 397.19575666636229 128.27922123670578 136.81018961966038 84.040114879608154 53.8431106954813 58.684763535857201 25.456734329462051 30.945193335413933 47.842683985829353 108.3567925542593 6.9092397391796112 98.921109899878502 6.3691159486770621 8.73122490942478 164.0368893891573 10.47413696348667 13.124950811266897 240.24016690254211 26.217504292726517 30.659970194101334 90.261203363537788 3.6116400957107571 25.561790287494659 171.35528373718262 4.4147550761699659
leaf_count=796 163 978 29 1519 1785 3201 910 1045 560 346 412 169 206 332 840 46 696 43 60 1243 67 84 1886 192 179 584 22 155 1364 30
internal_value=-0.000104986 -0.0142183 0.0642437 0.00746587 -0.0042695 -0.0341948 0.0214825 -0.0390799 0.0303664 0.0450377 0.00709187 0.0301619 0.0467871 0.0121846 -0.0171707 0.0888801 0.0146075 0.0942297 -0.0133048 -0.017699 0.0546674 0.0679229 -0.0297667 0.0101047 0.0965379 0.0458553 0.0657802 0.0773699 -0.0452562 0.0359224
internal_weight=2733.22 2241.58 491.635 1074.85 585.032 1166.73 489.818 945.601 302.854 276.265 186.964 108.562 56.4019 52.1598 347.523 215.37 237.51 174.872 221.129 186.18 167.703 66.9681 377.05 34.9487 168.503 100.735 40.4974 29.1734 568.551 11.324
internal_count=19942 16854 3088 7700 4299 9154 3401 7496 2079 1817 1322 736 375 361 2625 1271 1674 1018 1658 1406 1081 430 2931 252 975 651 253 177 4565 76
is_linear=0
shrinkage=0.05


Tree=4
num_leaves=30
num_cat=0
split_feature=1 4 1 4 1 1 1 4 4 0 4 2 3 3 1 4 3 4 3 4 0 0 3 0 2 2 4 0 4
split_gain=869.984 361.095 75.6804 63.1559 51.7707 45.7895 22.0544 29.8997 21.38 13.3989 13.2904 11.8305 11.1442 15.0373 10.5568 17.1547 16.7278 9.05067 8.789 8.63674 7.82111 7.3252 6.94316 5.8918 5.19303 5.07343 5.00604 4.95005 3.77235
threshold=-0.0015121364390027201 5.8845655116087441 -0.0026524657792834634 10.626925844992597 6.7487069239202682e-05 -0.00053405744874901451 0.0067333866282944807 19.896729867268668 3.742698626122182 36.916661712750219 7.9428448797187885 -0.0065860891602725338 1.8612269189386839 1.1281829786644908 -0.0035189048891267056 9.8645257301430664 0.51645288734437333 23.418870467367057 1.2026013388799961 3.8798649301684653 68.57487577377313 56.348868118181265 0.36472578082089374 66.641435918286291 0.0041901771224968085 -0.0014497380043902439 36.924870810092166 31.808611550557711 2.1371299771789083
decision_type=2 2 2 2 2 2 2 2 2 2 2 2 2 2 2 2 2 2 2 2 2 2 2 2 2 2 2 2 2
left_child=2 5 14 4 11 19 7 -5 28 10 25 -3 13 -11 15 27 -17 -12 -6 22 -21 -10 -2 24 -16 -4 -8 -1 -7
right_child=1 3 9 6 18 8 26 -9 21 12 17 -13 -14 -15 23 16 -18 -19 -20 20 -22 -23 -24 -25 -26 -27 -28 -29 -30
leaf_value=0.1459450150862881 -0.0031974299915432797 0.063523111916959057 -0.0018546595072958959 0.014583919416918329 -0.01230760115534925 -0.049630416332417326 -0.027654470649090952 0.042086497910873412 -0.021869473844207597 0.057012740166415748 0.035789995793689237 0.010746778139467023 0.11732814209339688 0.020603960115792692 0.06280294037765724 -0.0090932750224765515 0.080462094395119269 0.11814635572146218 -0.030255270239292576 0.0021043290013141687 -0.059021266211297364 -0.035954100753899293 -0.029153486902549611 0.0018793653915407005 0.12539389134101769 0.043883625569179241 0.010090708164576124 0.10036158305952597 -0.041140325421027447
leaf_weight=11.790163040161135 36.578178644180298 11.164460480213164 40.894294828176498 353.61088666319847 221.1449266076088 214.13630556315184 28.230715841054916 137.15368178486824 185.16051614284515 86.354719966650009 47.325510561466217 217.13664904236794 5.5647452026605597 42.227156177163124 85.02932533621788 5.3952569812536231 155.45660319924355 3.5889935940504065 98.637217953801155 89.814308524131775 5.5569196492433539 184.09972558915615 87.149049744009972 3.827450066804885 3.4482816755771628 7.1182704120874396 12.752512767910956 12.035320192575453 336.33530670404434
leaf_count=64 278 72 285 2446 1668 1795 210 907 1448 548 297 1523 35 267 509 31 873 22 785 662 43 1483 675 23 21 47 89 66 2770
internal_value=-0.000127379 -0.013664 0.0587547 0.00705109 -0.00485937 -0.0333059 0.0193274 0.02227 -0.0381993 0.0377589 0.0237987 0.0133277 0.0480539 0.0450559 0.0764221 0.0833232 0.0774582 0.0415953 -0.0178436 -0.0127643 -0.00145723 -0.0288916 -0.02148 0.062615 0.0652423 0.00492643 -0.0159095 0.122919 -0.044443
internal_weight=2728.72 2218.66 510.056 1079.83 548.083 1138.83 531.748 490.765 919.732 233.074 98.9271 228.301 134.147 128.582 276.982 184.677 160.852 50.9145 319.782 219.098 95.3712 369.26 123.727 92.3051 88.4776 48.0126 40.9832 23.8255 550.472
internal_count=19942 16854 3088 7700 4048 9154 3652 3353 7496 1501 651 1595 850 815 1587 1034 904 319 2453 1658 705 2931 953 553 530 332 299 130 4565
is_linear=0
shrinkage=0.05


Tree=5
num_leaves=30
num_cat=0
split_feature=1 4 1 4 4 4 1 1 1 2 4 4 1 4 3 3 1 2 2 2 3 1 1 3 2 3 0 2 3
split_gain=770.142 299.801 113.495 54.1812 39.6071 27.551 26.286 18.4883 16.6248 15.4997 13.5219 13.2564 13.1472 13.4635 13.9465 12.0828 11.8229 19.0647 11.3783 10.5359 10.3695 12.8759 8.22513 6.66248 5.81795 5.71921 5.17524 7.08609 4.23944
threshold=-0.0010863781534419801 5.8845655116087441 -0.00238267532217401 9.8645257301430664 7.9428448797187885 2.9626167666962941 6.7487069239202682e-05 0.0021927259347926946 -0.00053405744874901451 -0.0089827417031623207 24.737086165519028 19.544417379958556 -0.0035189048891267056 9.8645257301430664 0.51645288734437333 1.2026013388799961 -0.0018138853297331445 -0.0019287050185968766 -0.0065860891602725338 -4.4397606032586794e-05 1.7419423576801061 -0.0016847919938637876 -0.0004844571074067438 1.6282293105559267 0.0057507433451460263 0.87620181521214946 65.927503946688375 0.0041901771224968085 0.57898120593286673
decision_type=2 2 2 2 2 2 2 2 2 2 2 2 2 2 2 2 2 2 2 2 2 2 2 2 2 2 2 2 2
left_child=2 5 12 6 16 9 18 11 25 -2 -9 -5 13 28 -15 -8 17 -4 -3 -10 23 -22 -11 -6 -18 -7 27 -14 -1
right_child=1 3 4 7 20 8 15 10 19 22 -12 -13 26 14 -16 -17 24 -19 -20 -21 21 -23 -24 -25 -26 -27 -28 -29 -30
leaf_value=0.088453831133661565 0.079316774160040585 0.073219432444796256 -0.0063743022502685508 0.017127913076219716 0.041487369202556454 0.0011476042331172408 -0.011107313829833543 -0.0041531889362266981 -0.021632908021256399 -0.027830585252249823 0.023376218929794204 0.041646340880021428 0.055395412537579763 -0.0086829289902568014 0.073230399108021413 -0.033673782380439631 0.0033289304857130244 0.057421714677861814 0.0045154147487017514 -0.036322655472604354 0.03339668710186243 0.11300565063320347 -0.047383426415474002 -0.002459645869664291 -0.060426260788122299 -0.022850301746019 0.010276616590601518 0.12301376560385609 0.12941050253897277
leaf_weight=12.16297869384289 2.5434384495019904 6.2597336173057547 20.202034160494804 256.92272468656301 141.98906204104424 59.667653985321522 196.4082245528698 157.59608117491007 193.78908184170723 63.158805303275585 62.21359471976757 70.18972559273243 124.30532845854759 5.368422418832778 162.08540980517864 84.983127810060978 122.53336203843355 27.861463069915771 161.61096660792828 329.78554847836494 9.3307355493307131 11.147024154663084 362.40246448665857 9.181851774454115 3.6859547793865195 42.519310854375362 6.0756680965423575 3.99916848540306 13.148567005991934
leaf_count=63 21 39 139 1773 897 456 1494 1115 1559 501 423 442 731 31 873 691 870 172 1130 2736 57 72 3125 58 26 322 36 23 67
internal_value=-0.000145847 -0.0153819 0.0462598 0.00428464 0.0262934 -0.0339719 -0.00858118 0.0148531 -0.0272852 -0.043746 0.00363857 0.0223889 0.0673728 0.0757418 0.0706043 -0.0179226 0.00950326 0.030607 0.00707732 -0.0308856 0.0433412 0.0767317 -0.0444815 0.0388181 0.0014671 -0.00883776 0.0553678 0.057503 0.10973
internal_weight=2723.13 2050.05 673.077 996.184 345.931 1053.87 449.262 546.922 625.762 428.105 219.81 327.112 327.146 192.765 167.454 281.391 174.283 48.0635 167.871 523.575 171.649 20.4778 425.561 151.171 126.219 102.187 134.38 128.304 25.3115
internal_count=19942 15827 4115 7107 2291 8720 3354 3753 5073 3647 1538 2215 1824 1034 904 2185 1207 311 1169 4295 1084 129 3626 955 896 778 790 754 130
is_linear=0
shrinkage=0.05


Tree=6
num_leaves=31
num_cat=0
split_feature=1 4 1 4 4 4 1 1 4 4 1 3 2 1 4 3 1 2 2 3 3 1 3 2 1 2 0 0 4 2
split_gain=683.781 279.781 95.6074 48.5816 34.031 27.306 24.0582 16.5413 15.5091 14.5203 13.0391 11.427 11.4169 10.9958 10.9085 11.7563 10.3946 16.3771 9.74586 9.49895 8.45735 10.0962 7.51576 6.51285 6.27148 5.4593 4.69253 4.90559 4.63301 3.99042
threshold=-0.0010863781534419801 5.8845655116087441 -0.00238267532217401 9.8645257301430664 7.9428448797187885 3.8155623068356745 6.7487069239202682e-05 0.0036092438776043072 19.896729867268668 13.700760242986988 -0.0004844571074067438 1.2026013388799961 7.7680937025537147e-05 -0.0035189048891267056 9.8645257301430664 0.51645288734437333 -0.0018138853297331445 -0.0019287050185968766 -0.0065860891602725338 0.30351712238340284 1.7419423576801061 -0.0016847919938637876 0.19582525427528652 -0.0094455257470397163 -0.00026376895794921745 0.0057507433451460263 14.61117897153254 65.927503946688375 2.9626167666962941 -0.0083969296209451243
decision_type=2 2 2 2 2 2 2 2 2 2 2 2 2 2 2 2 2 2 2 2 2 2 2 2 2 2 2 2 2 2
left_child=2 5 13 6 16 10 18 9 -9 -5 19 -8 24 14 -1 -16 17 -4 -3 -2 23 -22 -14 -6 -7 -18 29 -28 -12 -15
right_child=1 3 4 7 20 12 11 8 -10 -11 28 -13 22 26 15 -17 25 -19 -20 -21 21 -23 -24 -25 -26 -27 27 -29 -30 -31
leaf_value=0.099126324014343403 0.0073490609693009842 0.066558588066753577 -0.0060812159807028948 0.0087359085878352793 -0.001867844581415586 -0.0014141355782201826 -0.010635271849004846 -0.020676585736273512 0.013870379401861189 0.027379790313805281 -0.046155132057529254 -0.032792356869728138 0.04262559017909863 -0.023963419046578328 -0.0082894140526009134 0.067049666775923319 0.0031553854553193986 0.052708004309806877 0.0042766715160582856 -0.030980405661932588 0.031101510004869656 0.10016428744853212 -0.031471209378303819 0.038786895840488195 -0.020842040586803334 -0.059816620949902394 0.055599741971022701 0.0097046344759848177 -0.036067101674170821 0.043233377436491423
leaf_weight=26.581518143415451 20.370478212833405 6.5343178212642661 20.119072064757347 193.20302847027779 10.573848307132719 66.730694107711315 194.90863367915154 58.530901744961739 73.010389640927315 227.29895903170109 351.9265316054225 82.956165313720703 3.4741487503051749 3.6672268360853195 5.3427803218364707 168.01293727755547 122.80192539095879 28.809653952717781 162.08854649960995 78.277774445712566 9.5134400278329867 11.925372540950773 229.17325655370951 144.141985476017 110.03485687077045 3.5410146415233603 123.20984715223312 6.1111356467008582 168.21248055249453 5.5574310421943647
leaf_count=130 159 39 139 1343 64 513 1494 423 503 1484 3141 691 29 21 31 873 870 172 1130 634 57 72 1916 891 882 26 701 36 1446 32
internal_value=-0.000161123 -0.0147967 0.0428335 0.0040545 0.0245664 -0.033104 -0.00820878 0.0139729 -0.00150171 0.0188137 -0.0397318 -0.0172502 -0.0230867 0.0617992 0.069301 0.0647277 0.00896795 0.0285344 0.00669016 -0.0230655 0.0400866 0.0695178 -0.0303647 0.0360084 -0.0135078 0.00139047 0.0509733 0.0534309 -0.0428927 0.0165196
internal_weight=2716.64 2026.73 689.909 998.531 351.426 1028.2 446.488 552.043 131.541 420.502 618.787 277.865 409.413 338.483 199.937 173.356 175.272 48.9287 168.623 98.6483 176.155 21.4388 232.647 154.716 176.766 126.343 138.546 129.321 520.139 9.22466
internal_count=19942 15827 4115 7107 2291 8720 3354 3753 926 2827 5380 2185 3340 1824 1034 904 1207 311 1169 793 1084 129 1945 955 1395 896 790 737 4587 53
is_linear=0
shrinkage=0.05


Tree=7
num_leaves=31
num_cat=0
split_feature=1 4 1 4 4 4 1 1 4 1 1 1 3 0 3 3 3 2 2 2 3 1 2 3 3 2 2 1 4 3
split_gain=608.628 260.961 81.4951 43.583 32.1917 26.5504 22.0118 15.4965 15.1548 12.7796 11.8199 11.0926 10.7965 10.0864 15.3041 9.80735 8.87165 8.54899 12.054 8.40162 7.76513 7.75211 7.43977 7.27386 10.5711 6.69848 6.36928 5.29089 4.61787 3.31788
threshold=-0.0010863781534419801 5.8845655116087441 -0.0022400863251475496 9.8645257301430664 7.9428448797187885 3.8155623068356745 6.7487069239202682e-05 0.00037240844616959207 19.544417379958556 -0.0004844571074067438 -0.0035189048891267056 -0.00053405744874901451 1.2026013388799961 32.131833124933557 1.9382963222163594 1.7419423576801061 0.30351712238340284 -0.00041197001515808068 0.0026122199252536231 -0.0065860891602725338 0.87620181521214946 0.00029766916392315329 -0.011595641612739236 0.30351712238340284 0.40114282063929252 -6.6467541112669157e-05 -0.0058226498363645454 -0.0016847919938637876 2.9626167666962941 0.2132076120811153
decision_type=2 2 2 2 2 2 2 2 2 2 2 2 2 2 2 2 2 2 2 2 2 2 2 2 2 2 2 2 2 2
left_child=2 5 10 6 17 9 19 21 -9 16 13 20 -8 14 -1 22 -2 29 -19 -3 -7 -5 -6 -12 -25 -13 -15 -17 -11 -4
right_child=1 3 4 7 15 11 12 8 -10 28 23 25 -14 26 -16 27 -18 18 -20 -21 -22 -23 -24 24 -26 -27 -28 -29 -30 -31
leaf_value=0.078846885485906973 0.0069450356242426493 0.060844135699063634 0.042665555128973555 0.02355198188721978 -0.021580808384286526 0.011713098892200312 -0.010180202829501127 0.00074773611594065111 0.0212531355727258 -0.045428090491735282 -0.0072088859902206251 -0.016858225156336597 -0.031921882390658282 0.025627836335351317 -0.017570307921993281 0.036687478722430826 -0.030107807332090147 0.035446517897324101 -0.012858953644339394 0.0040512259360646341 -0.021941174124473235 0.070186074987723418 0.03514454459763508 0.11598387605940563 0.045550384137831509 -0.031520190709660452 0.058401362385917602 0.089809762186844388 -0.035208876864694851 -0.0043833570562239015
leaf_weight=98.655060291290283 20.474988386034966 6.7837911099195471 3.8925366103649131 149.92906482517719 6.0325061976909629 36.622360602021217 193.47765532135963 259.38848721235991 138.06797271966934 339.98525243252516 6.2078084498643866 123.84099730849266 81.007529832422733 17.937837928533554 4.2948239594697943 7.4581286162138012 76.563324876129627 42.879879251122475 18.480469524860382 162.54128842055798 32.218884408473969 9.4747014641761762 138.21908187866211 5.5140543580055228 157.21786299347878 209.98379629850388 85.417655110359192 12.616010591387747 163.8101000264287 100.32804919779301
leaf_count=483 159 39 28 974 37 278 1494 1811 906 3141 38 1002 691 90 25 44 634 290 124 1130 246 62 839 31 879 1814 436 72 1446 699
internal_value=-0.000173269 -0.0142302 0.039779 0.00383757 0.0216508 -0.032247 -0.0078509 0.0131531 0.00787088 -0.038905 0.055717 -0.0223124 -0.0165967 0.0637472 0.0748246 0.037329 -0.0222897 0.00609132 0.0208979 0.00632656 -0.00403768 0.0263238 0.0327723 0.0459106 0.047937 -0.026081 0.0527134 0.0700733 -0.0421053 -0.00262613
internal_weight=2709.32 2004.17 705.152 1000.67 329.907 1003.5 443.81 556.86 397.456 600.834 375.245 402.666 274.485 206.305 102.95 164.326 97.0383 165.581 61.3603 169.325 68.8412 159.404 144.252 168.94 162.732 333.825 103.355 20.0741 503.795 104.221
internal_count=19942 15827 4115 7107 2133 8720 3354 3753 2717 5380 1982 3340 2185 1034 508 992 793 1141 414 1169 524 1036 876 948 910 2816 526 116 4587 727
is_linear=0
shrinkage=0.05


Tree=8
num_leaves=31
num_cat=0
split_feature=1 4 1 4 4 1 1 4 1 4 3 1 0 1 0 3 3 2 1 2 2 0 0 3 2 0 4 2 2 0
split_gain=542.808 243.679 70.0147 47.3889 25.3585 24.9979 21.4203 15.7536 15.419 22.9677 9.64256 9.80642 13.7969 8.96572 12.5849 8.64688 8.49538 7.78086 7.5013 6.54589 5.42741 5.97347 5.13958 4.96046 4.91317 4.69296 4.21145 3.89047 6.52701 4.99765
threshold=-0.0010863781534419801 5.38951094084047 -0.00238267532217401 9.8645257301430664 7.9428448797187885 8.0015941555600114e-05 -0.00046901071198046646 2.9626167666962941 0.0067333866282944807 24.737086165519028 1.7419423576801061 -0.0037042033608062348 32.131833124933557 -0.00163976116251191 32.131833124933557 0.92500172920164647 1.2026013388799961 -2.2391475716587724e-05 -0.0011975988790321466 0.0033219438101635972 -0.0029536579968799099 32.402262241424545 68.037516247493855 1.8203388920926749 -0.0083969296209451243 15.812332165691155 36.924870810092166 -0.0048558323997645583 -0.0071520641777908503 43.131737519526382
decision_type=2 2 2 2 2 2 2 2 2 2 2 2 2 2 2 2 2 2 2 2 2 2 2 2 2 2 2 2 2 2
left_child=2 6 10 5 13 15 20 24 9 -5 11 12 -1 14 -4 -3 -7 -9 23 -20 21 -2 -15 -6 -8 -13 -10 28 -12 -29
right_child=1 3 4 8 18 16 7 17 26 -11 27 25 -14 22 -16 -17 -18 -19 19 -21 -22 -23 -24 -25 -26 -27 -28 29 -30 -31
leaf_value=0.078543595986981837 -0.0082223582376165175 0.017864453326775429 -0.007462099926779907 0.010424020248792902 0.028452611820525744 -0.012219476270137686 0.027023276826793754 -0.021263287213557597 -0.027782050580489794 0.040362241591345396 0.020391738379030359 0.014131106096819954 0.049989200995760791 0.00097904065456985603 0.035868003258496588 -0.0032524948624471309 -0.030455222264408249 -0.035414302857931242 0.077083520239501491 -0.00090127338014628431 -0.019551437878905589 0.058712117959197209 -0.049969399054908291 0.060050819560556072 -0.045272368146371596 0.048696417150904628 0.0062997608083347444 -0.015141024069203941 0.076428524661136338 0.03730690525405405
leaf_weight=82.117801368236542 11.741674654185774 80.882398866117001 25.367027282714844 444.91351173818111 151.42969910800457 230.04701796174049 2.3672761172056189 156.83845022320747 28.33333383500576 74.838537320494652 12.376421868801119 10.570790201425551 87.251652911305428 97.135526515543461 49.37395304441452 120.99746356159449 88.412468165159225 255.19485129415989 16.045558795332912 3.2330266535282126 146.838363930583 4.654596082866191 5.2158053368329993 13.530210092663763 322.98104932904243 138.23440888524055 13.327864870429037 8.6311011612415331 8.957391291856764 9.5871536433696729
leaf_count=389 89 567 176 2999 891 1822 21 1332 211 454 64 58 433 692 300 861 772 2283 98 20 1202 35 39 75 3090 737 89 46 46 51
internal_value=-0.000183 -0.0136815 0.037031 0.00231379 0.021507 -0.00855653 -0.0328939 -0.0365219 0.0123888 0.0147348 0.0527115 0.0556058 0.0638336 0.00799652 0.0211618 0.00520793 -0.0172822 -0.0300278 0.0344934 0.0640054 -0.0165049 0.0107791 -0.00161728 0.0310443 -0.0447463 0.046241 -0.0168789 0.0294286 0.0439198 0.0124591
internal_weight=2701.43 1982.37 719.058 1081.75 361.331 520.339 900.616 737.382 561.413 519.752 357.727 318.175 169.369 177.092 74.741 201.88 318.459 412.033 184.238 19.2786 163.235 16.3963 102.351 164.96 325.348 148.805 41.6612 39.5521 21.3338 18.2183
internal_count=19942 15827 4115 7775 2291 4022 8052 6726 3753 3453 1824 1617 822 1207 476 1428 2594 3615 1084 118 1326 124 731 966 3111 795 300 207 110 97
is_linear=0
shrinkage=0.05


Tree=9
num_leaves=31
num_cat=0
split_feature=1 4 1 4 4 1 4 1 4 2 2 0 3 1 0 0 2 2 0 3 3 1 3 1 2 0 2 4 2 4
split_gain=485.626 217.726 75.3588 46.6967 37.725 19.8425 18.3428 14.3708 14.84 12.2573 9.91849 10.6566 9.17906 10.0131 11.6645 8.99264 8.90656 12.7709 6.86861 6.78709 6.60099 6.5455 6.50836 4.24626 3.98787 5.83968 5.52111 3.70537 2.64348 1.5824
threshold=-0.00090713936392139416 5.3517709309538679 -0.0022400863251475496 11.107935603370539 7.7993302891662255 6.7487069239202682e-05 2.9626167666962941 0.0067333866282944807 24.737086165519028 -4.4397606032586794e-05 -0.0094455257470397163 37.953418969050176 1.7419423576801061 -0.0037042033608062348 32.131833124933557 27.876783857575145 -0.0094455257470397163 -0.0063158724059981788 17.091246690746548 1.2026013388799961 0.31710267642897055 -0.00077940638643370075 0.85929779777046644 -0.00041106572231164312 -0.0048558323997645583 40.200840851772639 -0.0071520641777908503 36.924870810092166 -0.013551799760286585 1.6993583700224344
decision_type=2 2 2 2 2 2 2 2 2 2 2 2 2 2 2 2 2 2 2 2 2 2 2 2 2 2 2 2 2 2
left_child=2 6 12 5 10 15 18 8 -5 21 -4 -12 13 14 -1 -3 28 -18 29 -7 -15 -8 -11 -20 26 -26 -14 -9 -6 -2
right_child=1 3 4 7 16 19 9 27 -10 22 11 -13 24 20 -16 -17 17 -19 23 -21 -22 -23 -24 -25 25 -27 -28 -29 -30 -31
leaf_value=0.072388996759768065 -0.011008380110289906 -0.032317316361151552 0.088341296442737846 0.011291859978334267 -0.048534310912715317 -0.010864265406842611 0.021265607463578973 -0.026182455159168797 0.03587508579905975 -0.026721672379373874 -0.012011432986326089 0.010837933285773954 0.019186700398372353 -0.0041180072957953586 0.046466170500763473 0.0075513186865325196 0.079247847019489601 0.031560564881908747 -0.029993492561679647 -0.025691149956823651 0.044209196731219175 -0.01913454891027902 -0.042255354980078347 -0.044589661038832953 -0.028332447568143671 0.028528314056115545 0.070121941983786421 0.0059603579781572743 0.0052121393129726185 0.048228319331952089
leaf_weight=84.577195256948471 2.1648586168885222 15.332270219922064 3.3298763036727896 353.04714128375053 3.3353005945682526 272.28209383785725 10.602269552648066 27.174831822514534 74.311628729104996 158.8973718136549 87.15203682333231 123.11010313779116 12.492947101593019 7.3720742762088767 89.123100280761719 182.45880760997534 15.262375667691229 175.25284463167191 59.602381743490696 107.71808682382107 170.11837965250015 184.37133624404669 117.14408387988806 303.82347294688225 6.6608688533306148 14.019390061497687 9.2663784176111204 13.381060212850569 7.2844366431236249 2.3525016009807587
leaf_count=389 20 102 22 2330 20 2150 83 206 441 1442 626 853 64 43 433 1290 87 1034 521 936 897 1570 1067 3007 37 73 46 89 44 20
internal_value=-0.000190569 -0.014096 0.0322297 0.00112604 0.0173567 -0.00838233 -0.0330694 0.0128672 0.0155665 -0.026535 0.00272297 0.00136705 0.0478998 0.050554 0.0590884 0.0044608 0.0328967 0.0353808 -0.0414342 -0.0150672 0.0422019 -0.0169377 -0.0333137 -0.0421959 0.0259358 0.0102141 0.0408779 -0.0155772 -0.0116678 0.0198403
internal_weight=2693.02 1884.66 808.357 1045.71 414.727 577.791 838.958 467.915 427.359 471.015 213.592 210.262 393.63 351.191 173.7 197.791 201.135 190.515 367.943 380 177.49 194.974 276.041 363.426 42.4396 20.6803 21.7593 40.5559 10.6197 4.51736
internal_count=19942 15274 4668 7544 2686 4478 7730 3066 2771 4162 1501 1479 1982 1762 822 1392 1185 1121 3568 3086 940 1653 2509 3528 220 110 110 295 64 40
is_linear=0
shrinkage=0.05


Tree=10
num_leaves=30
num_cat=0
split_feature=1 4 1 4 4 1 4 1 4 2 2 0 1 0 0 1 3 3 0 3 3 4 0 0 1 1 4 4 4
split_gain=435.261 203.658 65.5074 42.0159 33.0289 18.1586 17.9811 12.8755 12.9175 11.7484 8.43862 9.61847 8.30159 8.22689 7.81721 7.69985 7.18262 6.97714 6.51515 6.37439 6.35898 6.03905 8.75967 6.1716 5.97266 4.22894 3.42993 1.36887 0.856094
threshold=-0.00090713936392139416 5.3517709309538679 -0.0022400863251475496 11.107935603370539 7.7993302891662255 6.7487069239202682e-05 2.9626167666962941 0.0067333866282944807 24.737086165519028 -4.4397606032586794e-05 -0.0094455257470397163 37.953418969050176 -0.0030774961874295288 27.876783857575145 17.091246690746548 -0.0021722050036678815 0.30351712238340284 0.41834918146148675 17.091246690746548 1.2026013388799961 0.85929779777046644 19.160247320241272 55.038983704906762 11.339099707894414 -0.00077940638643370075 -0.00041106572231164312 36.924870810092166 1.6993583700224344 10.74306888912316
decision_type=2 2 2 2 2 2 2 2 2 2 2 2 2 2 2 2 2 2 2 2 2 2 2 2 2 2 2 2 2
left_child=2 6 12 5 10 13 18 8 -5 24 -4 -12 21 -3 28 -16 -14 -18 27 -7 -11 22 -1 -23 -8 -20 -9 -2 -6
right_child=1 3 4 7 14 19 9 26 -10 20 11 -13 16 -15 15 -17 17 -19 25 -21 -22 23 -24 -25 -26 -27 -28 -29 -30
leaf_value=0.059508846922957492 -0.010546955687454911 -0.031347890223132134 0.079432700372491102 0.010649899382621196 -0.03709404434484475 -0.01040220520676672 0.019898092230224821 -0.025338644212203571 0.033380857525435077 -0.025912997714607679 -0.011504572064795535 0.010223145663918362 -0.028448466821922598 0.0071374354552952426 -0.013577611444996685 0.034629958284511382 0.087275406290705404 0.033799946097641378 -0.029147996146528923 -0.024884623080086956 -0.041474813261385142 0.09743132541656542 0.010930375547396825 0.038915421083114209 -0.018439932163828672 -0.043891558608852167 0.0056405421616551182 0.044217074891924342 -0.0022358375339743912
leaf_weight=140.18373300135136 2.1470568254590026 15.02404649555683 3.5130777955055228 355.54567386209965 3.8008783161640158 270.21193160861731 10.760162048041819 26.68838357180357 75.830196917057037 155.74476832151413 86.460204817354679 123.96522486209869 4.4052965193986884 183.36329076439142 8.6625525504350644 189.08267576992512 6.422423616051673 121.38933384418488 58.298327639698982 105.70097604393959 113.47502548992634 4.6905934065580359 9.9376812577247602 114.49199065566063 181.81696104258299 293.48658879101276 13.431437373161314 2.4353653788566589 3.2825411409139633
leaf_count=650 20 102 22 2330 23 2150 83 206 441 1442 626 853 28 1290 48 1094 33 650 521 936 1067 22 50 549 1570 3007 89 20 20
internal_value=-0.000196518 -0.0135532 0.0301542 0.00106518 0.0163185 -0.00801559 -0.0322387 0.0121259 0.0146457 -0.0257272 0.00257869 0.0012956 0.0445841 0.00422291 0.0306694 0.0325181 0.0343235 0.036487 -0.0406766 -0.0144744 -0.0324722 0.0496217 0.0562931 0.0412184 -0.0162978 -0.0414482 -0.0149673 0.0185578 -0.0209403
internal_weight=2684.25 1863.96 820.288 1045.8 418.767 574.3 818.164 471.496 431.376 461.797 213.939 210.425 401.521 198.387 204.829 197.745 132.217 127.812 356.367 375.913 269.22 269.304 150.121 119.183 192.577 351.785 40.1198 4.58242 7.08342
internal_count=19942 15274 4668 7544 2686 4478 7730 3066 2771 4162 1501 1479 1982 1392 1185 1142 711 683 3568 3086 2509 1271 700 571 1653 3528 295 40 43
is_linear=0
shrinkage=0.05


Tree=11
num_leaves=31
num_cat=0
split_feature=1 4 1 4 4 4 1 1 3 0 0 0 2 3 3 1 0 2 2 1 3 3 3 4 2 0 2 4 1 2
split_gain=390.574 190.373 57.2082 37.8179 28.9867 17.8014 16.61 11.5444 11.6986 9.26455 8.91759 7.88892 10.071 7.75091 7.578 8.14435 9.42993 7.42238 10.643 7.0347 6.16005 5.98022 5.08065 4.94016 3.33228 5.16106 4.68177 3.17315 2.6885 2.46709
threshold=-0.00090713936392139416 5.3517709309538679 -0.0022400863251475496 11.107935603370539 7.7993302891662255 3.8518460831955159 6.7487069239202682e-05 0.0067333866282944807 1.8203388920926749 15.812332165691155 61.100158904475073 68.037516247493855 -0.00041197001515808068 0.92500172920164647 1.7419423576801061 -0.0037042033608062348 32.131833124933557 -0.0094455257470397163 -0.0063158724059981788 -0.00077940638643370075 0.97061283109165475 1.2026013388799961 0.31710267642897055 1.614802210528423 -0.0048558323997645583 40.200840851772639 -0.0071520641777908503 36.924870810092166 -0.0013978606931231428 -0.013551799760286585
decision_type=2 2 2 2 2 2 2 2 2 2 2 2 2 2 2 2 2 2 2 2 2 2 2 2 2 2 2 2 2 2
left_child=2 5 14 6 11 9 13 8 -5 -2 19 12 -4 -3 15 16 -1 29 -19 -7 -12 -8 -17 -11 26 -26 -16 -9 -13 -6
right_child=1 3 4 7 17 10 21 27 -10 23 20 28 -14 -15 24 22 -18 18 -20 -21 -22 -23 -24 -25 25 -27 -28 -29 -30 -31
leaf_value=0.063190537426366336 0.03044803390803251 0.016222378909890933 -0.0037602711161008337 0.010816993373242977 -0.048002626580129597 0.028313433064817751 -0.0099567666773074017 -0.024511644793526285 0.036405498352450785 -0.04748558326770342 -0.024426222201587036 -0.0097288321232516951 0.019358782828141855 -0.0039694539126384938 0.015495076046477253 -0.0041745627531988797 0.040332538319202929 0.06974105555747058 0.027369622990994193 -0.016757543079001427 -0.051760893116917533 -0.024092273932106806 0.0382489301341747 -0.035069824859314168 -0.028654442726949187 0.024463222479652019 0.061514453754097781 0.0053390479561609911 -0.059198598419466446 0.0040684098838237419
leaf_weight=88.198305547237396 5.0776857808232299 78.507234342396259 128.6916601061821 384.61011293530464 3.2898876667022705 9.1250590756535512 268.23708592355251 26.221465967595577 50.535825982689857 98.800816215574741 61.525441087782383 4.7552564814686775 74.303196288645267 120.43898409605026 12.851924955844881 7.3504481315612784 92.37982814013958 16.138217031955719 181.48216935992241 168.95556570589542 30.993663340806961 103.76842349022627 177.03924594819546 423.71226291358471 6.6903049200773266 14.449822947382925 9.6965461224317533 13.479152843356131 6.5013342425227147 7.3719783276319486
leaf_count=389 43 543 914 2467 20 69 2150 206 304 1029 577 31 506 849 64 43 433 87 1034 1484 301 936 897 4227 37 73 46 89 50 44
internal_value=-0.000200721 -0.0130275 0.0282553 0.00100789 0.0153551 -0.0314167 -0.00766316 0.0114339 0.0137887 -0.0367643 -0.0209905 0.00244279 0.00470211 0.00399855 0.0415936 0.0439493 0.0514969 0.0286374 0.0308298 -0.0144481 -0.0335833 -0.0138998 0.0365578 -0.0374175 0.0219142 0.00765285 0.0352848 -0.0143767 -0.0383005 -0.0119989
internal_weight=2675.18 1843.99 831.19 1045.8 422.534 798.19 570.952 474.847 435.146 527.591 270.6 214.251 202.995 198.946 408.656 364.968 180.578 208.282 197.62 178.081 92.5191 372.006 184.39 522.513 43.6886 21.1401 22.5485 39.7006 11.2566 10.6619
internal_count=19942 15274 4668 7544 2686 7730 4478 3066 2771 5299 2431 1501 1420 1392 1982 1762 822 1185 1121 1553 878 3086 940 5256 220 110 110 295 81 64
is_linear=0
shrinkage=0.05


Tree=12
num_leaves=31
num_cat=0
split_feature=4 1 1 4 1 1 1 4 1 4 3 4 0 4 1 3 4 4 3 4 2 3 2 1 4 2 2 3 4 4
split_gain=351.917 154.92 66.1027 34.0472 24.4819 17.2107 15.1863 14.9692 10.3567 10.7739 9.91383 7.79247 7.53487 7.22692 6.05881 5.4364 7.79889 7.3605 5.40462 5.75141 5.16592 5.1185 4.92599 5.64418 4.88693 4.04721 3.91792 3.41236 3.34454 2.93388
threshold=5.3517709309538679 -0.00090713936392139416 -0.00068474477693708502 11.107935603370539 -0.0030774961874295288 -0.0015121364390027201 6.7487069239202682e-05 4.0639666491803421 0.0067333866282944807 24.737086165519028 0.54707529844795022 23.418870467367057 27.876783857575145 4.1850581106784519 0.0028628618169846969 0.51645288734437333 19.160247320241272 7.6693696311492774 0.20395426005583475 2.9902473288879499 -0.00068993564696490084 1.1654583386331228 0.00010756640021936105 0.001695755114964115 7.9428448797187885 -0.0029536579968799099 -6.6467541112669157e-05 0.64363772781389406 1.614802210528423 36.924870810092166
decision_type=2 2 2 2 2 2 2 2 2 2 2 2 2 2 2 2 2 2 2 2 2 2 2 2 2 2 2 2 2 2
left_child=2 4 5 6 15 10 12 22 9 -5 13 24 -3 -1 -8 17 -17 -2 20 -20 -7 26 23 -4 -6 -13 -9 -12 -24 -10
right_child=1 3 7 8 11 18 14 21 29 -11 27 25 -14 -15 -16 16 -18 -19 19 -21 -22 -23 28 -25 -26 -27 -28 -29 -30 -31
leaf_value=0.055771846835286902 0.063504525961533331 -0.030572277563447062 -0.032288798595853221 0.009343246105748923 0.013489511433372292 0.061995131429829702 -0.011080843063291173 -0.007536087209183375 -0.02370141446205962 0.029831239725332071 -0.041075767051298277 0.068925199900069942 0.006535784966519494 0.0044502798141640302 -0.031524924903207734 0.053504798024265124 0.035942670749908701 -0.011037338403034383 -0.028690432438643866 -0.0055481705617857072 -0.0075251679432744569 -0.036341991479651246 -0.052682329816940314 0.020357566662395854 0.025662351433666721 0.033740657055544902 -0.023196194661754901 0.0078925859713851933 -0.038439119475984489 0.0050546953173374112
leaf_weight=23.288818761706352 4.9777017831802359 14.774134986102579 226.93618406355381 360.69284220039845 119.12451177835464 4.9067315310239792 327.52206145972013 68.615610919892788 25.773549035191536 78.052729234099388 4.0633875727653495 12.763842701911924 184.68121062219143 9.7234847247600538 40.7492386251688 130.80061340332031 122.34122015535831 9.8944450169801694 39.03034532815218 86.011210478842258 5.8676592409610731 41.308107458055019 49.726160697638988 5.2078387960791579 267.81349040567875 22.724818602204323 95.56796907633543 28.584882661700249 240.81564485281706 13.524353832006453
leaf_count=133 22 102 2308 2330 754 35 2757 588 206 441 24 66 1290 54 329 586 568 48 327 670 47 390 544 52 1466 119 921 177 2499 89
internal_value=-0.000203654 0.0130896 -0.0250299 0.000953808 0.0314709 0.000317012 -0.00732479 -0.0320431 0.0107855 0.0129881 0.0213345 0.0239714 0.0037871 0.0406555 -0.013343 0.0432911 0.0450172 0.0139118 -0.00984394 -0.0127718 0.0241349 -0.0206097 -0.036538 -0.0311077 0.0219148 0.0463951 -0.0166515 0.00179801 -0.0408768 -0.013805
internal_weight=2665.86 1736.21 929.654 1045.77 690.441 201.477 567.727 728.178 478.043 438.746 65.6606 422.427 199.455 33.0123 368.271 268.014 253.142 14.8721 135.816 125.042 10.7744 205.492 522.686 232.144 386.938 35.4887 164.184 32.6483 290.542 39.2979
internal_count=19942 11173 8769 7544 3629 1467 4478 7302 3066 2771 388 2405 1392 187 3086 1224 1154 70 1079 997 82 1899 5403 2360 2220 185 1509 201 3043 295
is_linear=0
shrinkage=0.05


Tree=13
num_leaves=31
num_cat=0
split_feature=4 1 1 4 1 1 4 1 1 3 3 2 3 4 4 3 3 2 3 3 4 4 2 2 4 2 2 3 4 1
split_gain=321.492 137.105 62.8789 30.6625 21.6669 18.9964 14.2383 13.8763 9.29789 9.71885 8.65326 7.11158 6.93362 6.73887 6.18807 5.7368 5.13146 4.92166 4.86012 4.73208 6.80055 6.51291 4.59211 4.45382 4.25998 3.53733 3.4529 3.13537 2.71102 2.12288
threshold=5.3517709309538679 -0.00090713936392139416 -0.00053405744874901451 11.107935603370539 -0.0030774961874295288 -0.0015121364390027201 2.9626167666962941 6.7487069239202682e-05 0.0067333866282944807 1.8203388920926749 0.54707529844795022 -4.4397606032586794e-05 0.92500172920164647 23.418870467367057 4.1850581106784519 1.2026013388799961 1.0255392502021086 -0.0083969296209451243 1.2571339129219221 0.51645288734437333 19.160247320241272 7.6693696311492774 -0.0019723755391276572 -0.0029536579968799099 2.9902473288879499 0.0033219438101635972 -0.0034312219447791832 0.64363772781389406 36.924870810092166 0.00038213718393576018
decision_type=2 2 2 2 2 2 2 2 2 2 2 2 2 2 2 2 2 2 2 2 2 2 2 2 2 2 2 2 2 2
left_child=2 4 5 7 19 10 17 12 9 -5 14 18 -3 22 -1 -9 -13 -4 -8 21 -21 -2 -6 26 -25 -15 -7 -12 -10 -19
right_child=1 3 6 8 13 23 11 15 28 -11 27 16 -14 25 -16 -17 -18 29 -20 20 -22 -23 -24 24 -26 -27 -28 -29 -30 -31
leaf_value=0.051477238153627314 0.059218249205455188 0.01504712285842693 0.03351872344282443 0.0095313263751683804 0.014779848840206201 -0.0027796484468707128 -0.014377041881210573 -0.0089209607845953838 -0.022907942320271893 0.032514600732453887 -0.039922063028486617 -0.026954487492225905 -0.0039775402115794474 0.050717245179557446 0.004218272042820193 -0.022933158083029731 -0.043868794696022305 -0.044471759297117892 -0.044142841933787917 0.049983568453360085 0.033702246968284555 -0.010533467227466457 0.025636271435276605 -0.024456372194982447 -0.0076924348325902838 0.011069231041008609 0.040135053531877789 0.0074632565808197176 0.0047864057694265456 -0.035345332485478824
leaf_weight=23.952157691121101 5.068622112274169 79.505236893892288 2.2124682739377013 389.92579413950443 182.47869384288788 16.666901953518394 133.23170483857393 263.72334972769022 25.344087794423103 52.148847922682762 3.9740708023309699 166.92878630012274 120.4474740177393 29.30151204764843 9.7448061704635602 101.02922738343477 61.309896536171436 186.0568561181426 15.287116825580595 132.95617763698101 123.90838913619518 9.8505109101533872 208.92615661025047 61.693081729114056 98.245235674083233 6.9623712897300711 6.5210829451680175 28.714364752173424 13.567179590463637 96.904972054064274
leaf_count=133 22 543 21 2467 1028 123 1222 2150 206 304 24 1680 849 149 54 936 633 2089 139 586 568 48 1192 540 794 36 49 177 89 1091
internal_value=-0.000205386 0.0123648 -0.0242736 0.000902868 0.0295006 -0.0028832 -0.0323366 -0.00699895 0.0101801 0.0122425 0.0200307 -0.0259567 0.00358705 0.0224853 0.0378104 -0.0128021 -0.031498 -0.0407654 -0.0174409 0.0405396 0.0421297 0.013164 0.0205748 -0.0111898 -0.0141588 0.0431051 0.00928912 0.00170242 -0.0132518 -0.0413463
internal_weight=2656.59 1745.14 911.444 1045.69 699.452 249.512 661.932 564.705 480.986 442.075 66.3854 376.758 199.953 427.669 33.697 364.753 228.239 285.174 148.519 271.784 256.865 14.9191 391.405 183.126 159.938 36.2639 23.188 32.6884 38.9113 282.962
internal_count=19942 11173 8769 7544 3629 1894 6875 4478 3066 2771 388 3674 1392 2405 187 3086 2313 3201 1361 1224 1154 70 2220 1506 1334 185 172 201 295 3180
is_linear=0
shrinkage=0.05


Tree=14
num_leaves=31
num_cat=0
split_feature=4 1 1 4 1 1 4 1 1 4 3 4 3 2 3 3 0 3 4 0 2 2 2 4 1 2 2 1 0 1
split_gain=293.723 121.541 59.4839 28.0946 19.3585 17.1055 13.9922 12.9251 10.6139 12.614 7.59064 7.40946 6.88617 6.52383 6.3114 6.24023 5.97294 5.45467 5.37417 5.2664 4.62418 4.35522 4.06575 4.21758 3.56629 3.47331 3.01554 2.16998 1.95524 1.85133
threshold=5.3517709309538679 -0.00090713936392139416 -0.00053405744874901451 9.5523650799569477 -0.0026524657792834634 -0.0015121364390027201 2.9626167666962941 8.0015941555600114e-05 0.0036092438776043072 19.160247320241272 0.56316239155904912 13.700760242986988 1.1654583386331228 -2.2391475716587724e-05 1.2227728529908057 1.9382963222163594 64.799196884767738 1.8397435972872713 22.792558354281784 36.916661712750219 -0.0083969296209451243 -0.0019723755391276572 -0.0029536579968799099 0.87170195068155276 -0.0027374735697159864 0.0021981533992694318 -0.0034312219447791832 0.0024618970351812934 60.051174054672366 -0.0039221771461428459
decision_type=2 2 2 2 2 2 2 2 2 2 2 2 2 2 2 2 2 2 2 2 2 2 2 2 2 2 2 2 2 2
left_child=2 4 5 7 15 10 20 17 11 -10 19 -5 13 -8 -9 16 -2 -3 21 -1 -4 -6 26 -24 -12 -20 -7 -22 -14 -17
right_child=1 3 6 8 18 22 12 14 9 -11 24 -13 28 -15 -16 29 -18 -19 25 -21 27 -23 23 -25 -26 -27 -28 -29 -30 -31
leaf_value=0.0094441835233433028 0.038811647029372107 0.0037089266916159277 0.031026293670055966 0.0050743833024050732 0.011801505390588211 -0.0026457473022627456 -0.01352166108312302 -0.01046539914003048 -0.022590877499558796 0.0084843894630354105 0.040818059676535678 0.018007844368211672 -0.03315674872221705 -0.02825255917346154 -0.027406213567072093 -0.016409071623836299 -0.0059110782745563119 -0.059988039361652035 0.050307986644305448 0.04972945916537639 -0.041176807806123067 0.023112305512219228 0.040357873386049868 -0.014829279705865698 -0.0057417071065651035 0.011089479087811892 0.037082835352496506 -0.0033494967700646696 -0.051663528320331303 0.025528597622915278
leaf_weight=12.809482306241987 313.67525020241737 171.10220459848642 2.2691646516323081 208.90701705217361 151.65059021115303 16.635711617767814 127.49749466776848 217.12676951289177 54.718518786132336 80.991365000605583 4.8432723879814139 235.6544002443552 34.196944937109947 183.09160869568586 73.6207120642066 6.8642706274986267 7.6477458924055091 3.4283611550927153 22.139329761266712 22.125041380524635 269.84346864372492 193.9542717859149 3.5412205606698981 154.76145503669977 27.268416598439217 7.5778218060731879 6.7000951766967765 3.8452939540147772 24.494135282933712 4.2676908969879133
leaf_count=73 1414 1200 21 1439 866 123 1183 1810 397 536 23 1423 336 1890 714 36 37 25 111 118 3136 1104 29 1305 174 39 49 44 265 22
internal_value=-0.000206191 0.011686 -0.0235313 0.000854753 0.0276861 -0.00275559 -0.0315385 -0.00829835 0.00819397 -0.00404523 0.0188283 0.0119302 -0.0251736 -0.0222055 -0.014755 0.0364722 0.0377472 0.00245771 0.0199036 0.034958 -0.040056 0.0181492 -0.0107226 -0.0135947 0.00128071 0.0403073 0.00876098 -0.0406453 -0.0408804 -0.000331311
internal_weight=2647.25 1753.33 893.923 1045.55 707.777 248.685 645.238 465.278 580.271 135.71 67.0462 444.561 369.28 310.589 290.747 332.455 321.323 174.531 375.322 34.9345 275.958 345.605 181.638 158.303 32.1117 29.7172 23.3358 273.689 58.6911 11.132
internal_count=19942 11173 8769 7544 3629 1894 6875 3749 3795 933 388 2862 3674 3073 2524 1509 1451 1225 2120 191 3201 1970 1506 1334 197 150 172 3180 601 58
is_linear=0
shrinkage=0.05


Tree=15
num_leaves=31
num_cat=0
split_feature=4 1 1 4 1 1 4 1 1 4 3 3 3 4 3 3 0 2 3 4 0 0 0 4 2 2 2 1 0 2
split_gain=268.376 115.005 50.6002 28.6909 18.9727 16.8964 12.1485 11.2229 9.48957 11.5301 7.88476 6.60532 6.58057 6.55216 6.3902 6.01469 5.79233 5.5224 5.44452 5.02303 7.78599 4.95685 4.90552 4.6253 4.4346 4.28268 3.04057 2.71735 2.61025 1.46345
threshold=5.0933206441719641 -0.00090713936392139416 -0.00046901071198046646 9.5523650799569477 -0.0025500200150304071 -0.0015515593534663472 2.9626167666962941 8.0015941555600114e-05 0.0036092438776043072 19.160247320241272 0.56316239155904912 0.97658554214636484 0.65800433554823445 13.700760242986988 1.1654583386331228 1.9382963222163594 36.916661712750219 -0.0029536579968799099 1.2026013388799961 7.7993302891662255 68.037516247493855 17.091246690746548 64.799196884767738 0.73690795190310354 -0.0083969296209451243 -2.2391475716587724e-05 -0.0034312219447791832 0.00038213718393576018 59.50394248915574 -0.0056246255763743305
decision_type=2 2 2 2 2 2 2 2 2 2 2 2 2 2 2 2 2 2 2 2 2 2 2 2 2 2 2 2 2 2
left_child=2 4 5 7 15 10 24 11 13 -10 16 -3 -12 -5 25 22 -1 26 -9 20 -6 -21 -2 -19 -4 -8 -7 -26 -16 -17
right_child=1 3 6 8 19 17 14 18 9 -11 12 -13 -14 -15 28 29 -18 23 -20 21 -22 -23 -24 -25 27 -27 -28 -29 -30 -31
leaf_value=0.0074256700399287197 0.03639549832197031 0.010974405546553675 0.028781154849751779 0.0048046183425517475 0.012531530357363286 -0.0012174822286636713 -0.014971227281633663 -0.010580779939237402 -0.02179670345975921 0.0080170029682034814 -0.06474497152233892 -0.0076776950245545164 0.0085489129708614577 0.016926976287357686 -0.031912658839450138 0.016921293124519361 0.051583185489419182 0.048356443184119358 -0.025815431934502048 -0.01452854072321403 -0.045438166378441752 0.023277502572134665 -0.0017367289844888772 -0.01643013382038705 -0.044440888907748166 -0.027724032995273325 0.037571537306323732 -0.033692226983791533 -0.055467680702643476 -0.018118561554440773
leaf_weight=11.690121099352835 332.12599843740463 88.559589877724648 2.3224349543452254 209.58676426112652 112.06179493665695 17.120872050523761 112.04852767288685 232.26205387711525 53.897887192666531 81.416218139231205 3.5925448685884502 102.29045835882425 20.754465013742447 238.10186445713043 26.655963860452175 5.9233471304178238 20.362180560827255 2.8029237240552893 78.455248519778252 8.9806641638278943 6.1080259829759589 250.69573922455311 8.6539054960012418 160.88387116789818 165.51019403338432 159.61144868284464 7.1670886799693099 91.200055345892906 21.048329800367355 5.9964749217033368
leaf_count=65 1487 622 21 1439 706 128 1055 1975 397 536 22 749 128 1423 270 31 106 23 780 52 41 1336 42 1409 1999 1689 52 1091 237 31
internal_value=-0.00020631 0.0105311 -0.0238942 0.000201841 0.025866 -0.00481797 -0.0319539 -0.00856582 0.00774481 -0.0038583 0.0191843 0.000977385 -0.00226603 0.0112519 -0.0254278 0.034206 0.035478 -0.0120195 -0.0144275 0.0180811 0.00953516 0.02197 0.0354272 -0.0153207 -0.04 -0.022464 0.0102287 -0.0406223 -0.0423057 -0.000706119
internal_weight=2637.89 1815.12 822.771 1084.57 730.546 244.374 578.397 501.567 583.003 135.314 56.3993 190.85 24.347 447.689 319.364 352.7 32.0523 187.975 310.717 377.846 118.17 259.676 340.78 163.687 259.033 271.66 24.288 256.71 47.7043 11.9198
internal_count=19942 11647 8295 7921 3726 1933 6362 4126 3795 933 321 1371 150 2862 3251 1591 171 1612 2755 2135 747 1388 1529 1432 3111 2744 180 3090 507 62
is_linear=0
shrinkage=0.05


Tree=16
num_leaves=29
num_cat=0
split_feature=4 1 1 4 1 1 4 1 1 4 1 4 3 2 2 4 3 4 0 0 3 4 0 4 2 2 4 0
split_gain=245.529 95.7868 53.1563 22.7896 15.8469 13.8652 13.4285 10.9304 8.48962 10.7038 7.13157 8.67144 6.49285 5.98066 5.87057 5.76933 5.63103 5.43396 8.45472 6.68943 5.06874 4.88801 4.24415 4.68347 4.38548 4.09578 2.2065 1.95398
threshold=5.3517709309538679 -0.00090713936392139416 -0.00053405744874901451 9.5523650799569477 -0.0030774961874295288 -0.0015121364390027201 2.9626167666962941 8.0015941555600114e-05 0.0036092438776043072 33.269451209376562 -0.0039221771461428459 1.8787346877146442 1.1654583386331228 -2.2391475716587724e-05 -0.014732494619830947 0.73690795190310354 1.2227728529908057 7.9428448797187885 69.622723103227074 14.61117897153254 1.8397435972872713 2.9902473288879499 45.268613922263548 36.924870810092166 -0.00052543788235498423 -0.0083969296209451243 1.614802210528423 60.051174054672366
decision_type=2 2 2 2 2 2 2 2 2 2 2 2 2 2 2 2 2 2 2 2 2 2 2 2 2 2 2 2
left_child=2 4 5 7 22 10 25 20 14 -10 -1 -12 13 -8 -5 -7 -9 18 -6 -19 -3 -17 23 -2 -24 -4 -27 -14
right_child=1 3 6 8 17 15 12 16 9 -11 11 -13 27 -15 -16 21 -18 19 -20 -21 -22 -23 24 -25 -26 26 -28 -29
leaf_value=0.078899425148186306 0.039341128142282189 0.0034582229526898948 0.026749795164490799 -0.063440370379664809 0.012416626046679089 0.067871337273810881 -0.012409206967796529 -0.0095577820687477999 -0.011174161659857781 0.022782842877490141 0.076551944254515614 0.0071765688709504658 -0.031609304543177334 -0.026725433711131608 0.011056870821033038 -0.021841727364177943 -0.025838921447456854 -0.022790563458344289 -0.05251539273644739 0.023192300778283482 -0.059336995436595763 -0.0045545396289772676 -0.0005432334608843197 0.016624863051959399 0.030465491319230781 -0.046566858683106921 -0.036307744856358015 -0.050752893577529837
leaf_weight=4.3139405995607367 200.54215927422047 171.61819280683994 2.3725148886442176 2.6601803302764884 118.56701435148716 2.3578759208321562 124.8557139262557 213.81896148622036 105.14916032552719 29.779679402709007 4.8767285048961631 58.968639805912971 32.587661266326904 175.48296464234591 447.97260040789843 64.376241914927959 70.657545149326324 8.1164757907390577 5.2346040979027739 309.8407614082098 3.2748874649405471 112.0844386741519 16.238962456583977 25.584691435098648 38.28201499581337 73.474749326705933 182.82198601961136 22.555398181080818
leaf_count=18 856 1200 21 16 719 18 1183 1810 746 187 27 343 336 1890 2846 575 714 45 35 1606 25 913 78 117 173 931 2249 265
internal_value=-0.000205915 0.0104611 -0.0220984 0.000782584 0.0244607 -0.00250899 -0.0299762 -0.00755422 0.00732276 -0.00367963 0.0166798 0.0124757 -0.0236694 -0.0207739 0.0106171 -0.00982308 -0.0136016 0.0185582 0.00967116 0.0220185 0.00228238 -0.0108612 0.0337518 0.0367709 0.0212296 -0.0386435 -0.0392488 -0.0394397
internal_weight=2628.47 1767.34 861.129 1044.93 722.407 246.978 614.151 459.37 585.562 134.929 68.1593 63.8454 355.482 300.339 450.633 178.819 284.477 441.759 123.802 317.957 174.893 176.461 280.648 226.127 54.521 258.669 256.297 55.1431
internal_count=19942 11173 8769 7544 3629 1894 6875 3749 3795 933 388 370 3674 3073 2862 1506 2524 2405 754 1651 1225 1488 1224 973 251 3201 3180 601
is_linear=0
shrinkage=0.05


Tree=17
num_leaves=31
num_cat=0
split_feature=4 1 1 4 1 1 4 1 4 3 4 1 0 3 3 3 0 4 2 0 3 2 0 2 2 3 3 3 1 0
split_gain=225.07 91.2004 45.5054 23.8871 15.553 13.8846 11.6974 9.73316 8.61852 8.24118 7.40664 6.5156 6.18266 6.04432 5.38661 5.27639 5.80733 5.17175 5.84526 5.79366 5.07371 4.838 3.97753 3.96462 3.94463 3.02298 2.99926 2.90296 2.79859 2.66236
threshold=5.0933206441719641 -0.00090713936392139416 -0.00046901071198046646 8.6495593232493047 -0.00238267532217401 -0.00163976116251191 2.9626167666962941 9.2712987810883454e-05 8.7317793993998674 0.56316239155904912 13.700760242986988 0.0007844164292534207 36.916661712750219 1.1654583386331228 1.2026013388799961 1.7419423576801061 64.799196884767738 7.9428448797187885 -0.0094455257470397163 68.037516247493855 1.5316992417560513 -0.0029536579968799099 52.503754219237798 0.0012234228794075765 -0.0083969296209451243 0.80992032863631558 1.8037697603192286 0.64363772781389406 0.00038213718393576018 59.50394248915574
decision_type=2 2 2 2 2 2 2 2 2 2 2 2 2 2 2 2 2 2 2 2 2 2 2 2 2 2 2 2 2 2
left_child=2 4 5 7 15 9 24 20 11 12 -10 -5 -1 22 -9 16 -2 19 -19 -6 -3 27 -8 -23 -4 -11 -17 -7 -26 -15
right_child=1 3 6 8 17 21 13 14 10 25 -12 -13 -14 29 -16 26 -18 18 -20 -21 -22 23 -24 -25 28 -27 -28 -29 -30 -31
leaf_value=0.0053069898265606479 0.033035335314637565 0.0036880958797741365 0.024904577513285599 0.109097368542267 0.0092546611777501973 0.021275124774948542 -0.014384621628200051 -0.010944309869392268 -0.00025098632334896552 -0.023720358390635757 0.01050276237281318 0.0090770138505234643 0.05198661118420983 -0.030282719247641657 -0.027691982408004204 -0.0074308618956575138 -0.0057854343349908292 -0.012734493182812293 0.021494048252964221 -0.042843484055402031 -0.022324031800190464 -0.017853078678499609 -0.026729734357937959 0.00094983099130736565 -0.043280908109219307 0.01405623151840274 0.021657447416613587 -0.01530985064873072 -0.032023422796300584 -0.0549197989102643
leaf_weight=11.122538506984712 334.77261491119862 147.65049716830254 2.4196207448840132 3.551773026585578 111.56239779293537 17.243033125996593 121.00848132371902 197.70294263213873 292.43881083279848 10.950539126992227 353.87517884373665 3.0065054967999458 19.582256063818932 25.363158345222473 63.410796977579594 12.291237279772757 9.9190271943807584 13.205545127391813 224.8157566934824 5.6044783145189276 21.47245591878891 129.1249882131815 141.59503833949566 35.808868996798992 154.44832026213408 10.255338743329046 31.75976188480854 7.909353405237197 85.918635107576847 19.31703295558691
leaf_count=60 1482 1065 21 27 699 127 1194 1716 2081 65 2185 27 98 270 657 55 48 74 1176 40 163 1142 1550 319 1999 63 152 59 1091 237
internal_value=-0.000204614 0.00944609 -0.0224656 0.000187933 0.0229253 -0.00439703 -0.0304147 -0.00895901 0.00621568 0.0185211 0.005637 0.0632451 0.0350773 -0.0239336 -0.0150114 0.0298358 0.0319182 0.015362 0.019595 0.00676263 0.000385503 -0.0106557 -0.0210411 -0.0137708 -0.0386175 -0.00545129 0.0135411 0.00977071 -0.0392569 -0.0409343
internal_weight=2619.11 1827.04 792.067 1083.11 743.931 241.997 550.07 430.237 652.872 51.9107 646.314 6.55828 30.7048 307.284 261.114 388.743 344.692 355.188 238.021 117.167 169.123 190.086 262.604 164.934 242.787 21.2059 44.051 25.1524 240.367 44.6802
internal_count=19942 11647 8295 7921 3726 1933 6362 3601 4320 286 4266 54 158 3251 2373 1737 1530 1989 1250 739 1228 1647 2744 1461 3111 128 207 186 3090 507
is_linear=0
shrinkage=0.05


Tree=18
num_leaves=31
num_cat=0
split_feature=4 1 1 4 1 1 4 1 4 3 0 0 3 0 1 3 0 4 4 3 2 4 2 1 2 2 2 3 2 0
split_gain=205.834 81.3353 43.0352 21.6149 14.0172 12.726 11.4691 8.94657 7.3634 7.11525 6.32489 6.7896 5.8669 5.79887 5.19346 5.08224 4.97394 4.90936 4.15321 5.67766 5.52297 4.04463 3.94038 3.9335 3.95254 3.92436 4.14859 3.05481 2.94862 2.68056
threshold=5.0933206441719641 -0.00090713936392139416 -0.00046901071198046646 8.6495593232493047 -0.0030774961874295288 -0.0018138853297331445 2.9626167666962941 9.2712987810883454e-05 8.7317793993998674 1.8203388920926749 37.423491095562447 56.011736245546736 1.1654583386331228 30.565000014160827 0.0007844164292534207 1.2026013388799961 28.27514838734891 23.418870467367057 9.8645257301430664 1.1415862104016214 -0.0036061932430574979 4.7443139786413804 -0.0019723755391276572 0.00038213718393576018 -0.0065860891602725338 -0.0029536579968799099 0.0012234228794075765 0.64363772781389406 -0.0029536579968799099 59.50394248915574
decision_type=2 2 2 2 2 2 2 2 2 2 2 2 2 2 2 2 2 2 2 2 2 2 2 2 2 2 2 2 2 2
left_child=2 4 5 7 18 10 23 16 14 -10 13 -12 21 -1 -5 -9 -3 22 20 -20 -2 -8 -6 -4 -25 27 -27 -7 -19 -14
right_child=1 3 6 8 17 25 12 15 9 -11 11 -13 29 -15 -16 -17 -18 28 19 -21 -22 -23 -24 24 -26 26 -28 -29 -30 -31
leaf_value=0.02203255656992498 0.030483049412837495 -0.030821515865362737 -0.042785090678176887 0.096265692296845215 0.0094604882381770557 0.019555482239493001 -0.022655172912780474 -0.010483115419923838 0.003562214250629444 0.020795614296561196 0.060723980094118918 -0.0029727714307512085 -0.029484938730263938 -0.03419490928951488 0.0085639004302872582 -0.026901465366550106 0.0027220207325595676 0.051561518004341438 0.018348122695131124 0.033914927122031528 0.0690563113420848 -0.0034724489780237917 0.019119708090001061 0.038445349678170031 -0.031038823419802821 -0.016131385422723889 0.0025773465771294374 -0.016962199983157879 0.022845757136472106 -0.054656923590140197
leaf_weight=12.670614168047907 23.922639220952988 11.886845909059046 150.12715318053961 3.816477268934249 195.45414841175079 18.777627684175972 227.01702424883842 196.12187427282333 581.66393667459488 66.77005822211504 13.913857117295267 5.9823556691408148 24.762412250041962 7.1861800253391257 3.026774138212204 62.045675732195377 157.27063025534153 14.056228294968603 95.407073557376862 151.72643674910069 15.160874202847479 31.262979030609131 229.62468244880438 2.0984800681471816 82.873266361653805 136.25871679931879 37.865893214941025 8.2399056255817396 24.558479681611061 18.461068727076054
leaf_count=72 99 87 2009 27 1058 135 2424 1716 3872 394 68 30 270 39 27 657 1141 66 410 656 64 320 1254 21 1081 1197 330 62 119 237
internal_value=-0.00020299 0.00894306 -0.0217597 0.000175954 0.0215996 -0.00420288 -0.0296414 -0.00857278 0.00588126 0.00533676 0.0216476 0.0415718 -0.0231865 0.00168382 0.0574751 -0.014429 0.000364887 0.016229 0.0303005 0.0279053 0.045446 -0.0203332 0.0146783 -0.0379194 -0.0293228 -0.00931187 -0.0120629 0.00841819 0.0332986 -0.0402361
internal_weight=2610.01 1832.51 777.498 1082.6 749.911 240.895 536.602 427.325 655.277 648.434 39.753 19.8962 301.503 19.8568 6.84325 258.168 169.157 463.694 286.217 247.134 39.0835 258.28 425.079 235.099 84.9717 201.142 174.125 27.0175 38.6147 43.2235
internal_count=19942 11647 8295 7921 3726 1933 6362 3601 4320 4266 209 98 3251 111 54 2373 1228 2497 1229 1066 163 2744 2312 3111 1102 1724 1527 197 185 507
is_linear=0
shrinkage=0.05


Tree=19
num_leaves=31
num_cat=0
split_feature=4 1 1 4 1 1 4 1 1 4 3 3 3 0 3 0 3 1 2 0 1 0 0 4 2 3 2 0 3 0
split_gain=188.208 72.6001 40.6584 19.7188 12.8256 11.5999 11.2304 9.13743 7.77095 7.69749 7.17276 5.68935 5.42573 5.69121 4.83852 5.07919 4.77023 6.79886 4.26513 4.16402 3.90316 3.85585 3.7682 3.67431 3.63629 3.3019 2.69988 2.69796 2.6692 2.52342
threshold=5.0933206441719641 -0.00090713936392139416 -0.00046901071198046646 11.107935603370539 -0.00238267532217401 -0.0015515593534663472 2.9626167666962941 0.0028628618169846969 0.0067333866282944807 24.737086165519028 0.89838441751573272 1.1654583386331228 0.56316239155904912 17.091246690746548 1.7419423576801061 64.799196884767738 1.7266898351451203 -0.0017210573846405672 -0.0029536579968799099 36.916661712750219 0.00038213718393576018 52.503754219237798 40.605141234227638 0.73690795190310354 -0.0065860891602725338 0.37657942365660085 -0.0031934001853909373 59.50394248915574 1.8037697603192286 58.572143687670582
decision_type=2 2 2 2 2 2 2 2 2 2 2 2 2 2 2 2 2 2 2 2 2 2 2 2 2 2 2 2 2 2
left_child=2 4 5 7 14 12 20 10 9 -5 -3 21 19 -14 15 -2 22 -18 26 -1 -4 -8 -6 -20 -22 -9 -7 -13 -16 -10
right_child=1 3 6 8 16 18 11 25 29 -11 -12 27 13 -15 28 -17 17 -19 23 -21 24 -23 -24 -25 -26 -27 -28 -29 -30 -31
leaf_value=0.0048185967717342829 0.029603049322773252 0.0020474026492664659 -0.042172602300412039 0.0063082504237649472 0.005693216815806576 0.0015771172360196388 -0.013011883974324352 0.0072426648808095826 0.014031070474089184 0.023198502808894881 -0.0094645565539096584 -0.028694359767831634 -0.063473136298952168 0.0070994397485079257 -0.0086320526086400874 -0.0065809807258524269 0.0013820305725474342 0.04838951252005206 0.041956919668660317 0.041635253803226725 0.035448641445775878 -0.025361888793233728 0.016493141148223405 -0.014301171880486754 -0.030281463880869844 -0.034775007408087158 0.045405380998864965 -0.054409254855657979 0.018663323958618253 -0.019615561771507077
leaf_weight=11.921652838587759 339.98023776710033 243.86451733112335 144.82718931138515 372.76120957732201 144.94324246048927 20.344572268426422 117.78976957499981 5.4064114838838568 6.7273169681429854 82.359346553683281 303.96663619577885 24.187243178486824 3.3047040253877666 21.075273871421814 12.383047387003897 9.9831936210393888 11.991463065147398 21.453842744231224 2.9579134359955779 21.585996523499489 2.1604104787111273 136.37446637451649 182.41192923486233 154.42112147808075 80.753196343779564 34.590608157217503 4.2473759874701491 17.638625837862492 32.368716523051262 32.460529968142509
leaf_count=65 1482 1942 2009 2330 823 150 1194 48 49 441 2569 270 21 129 55 48 60 107 23 106 21 1550 999 1409 1081 296 30 237 152 246
internal_value=-0.000200712 0.00846886 -0.0210649 0.000164852 0.0203628 -0.00401617 -0.0288728 -0.00602447 0.00752515 0.00936474 -0.00434006 -0.0224505 0.0154791 -0.00246667 0.0265912 0.0285708 0.0135489 0.0315355 -0.0102179 0.0285363 -0.0372199 -0.0196384 0.0117113 -0.0132438 -0.0285688 -0.0290955 0.00914688 -0.0395387 0.0111106 -0.0138395
internal_weight=2601.24 1837.65 763.59 1082.14 755.516 239.859 523.731 587.828 494.308 455.121 547.831 295.99 57.8876 24.38 394.715 349.963 360.8 33.4453 181.971 33.5076 227.741 254.164 327.355 157.379 82.9136 39.997 24.5919 41.8259 44.7518 39.1878
internal_count=19942 11647 8295 7921 3726 1933 6362 4855 3066 2771 4511 3251 321 150 1737 1530 1989 167 1612 171 3111 2744 1822 1432 1102 344 180 507 207 295
is_linear=0
shrinkage=0.05


Tree=20
num_leaves=31
num_cat=0
split_feature=4 1 1 4 1 4 1 2 1 1 4 4 3 0 0 0 3 0 4 1 4 3 4 4 4 2 4 0 0 4
split_gain=172.081 64.8658 38.3648 18.376 11.6326 10.9784 10.5285 8.28476 8.22876 6.71145 8.23631 7.32351 5.51019 4.97823 5.94078 5.36198 4.68385 4.59833 4.21995 3.8694 3.85843 3.68073 6.40871 5.21425 3.43444 3.34974 2.86711 2.7143 2.5998 1.92341
threshold=5.0933206441719641 -0.00090713936392139416 -0.00046901071198046646 8.6495593232493047 -0.0030774961874295288 2.9626167666962941 -0.0018138853297331445 -0.011595641612739236 9.2712987810883454e-05 0.00037240844616959207 19.544417379958556 8.7317793993998674 1.1654583386331228 37.423491095562447 56.011736245546736 30.565000014160827 1.2026013388799961 28.27514838734891 23.418870467367057 0.00038213718393576018 4.7443139786413804 0.51645288734437333 7.6693696311492774 19.160247320241272 5.2682223313416054 -0.0065860891602725338 0.73690795190310354 59.50394248915574 34.144580322526998 1.614802210528423
decision_type=2 2 2 2 2 2 2 2 2 2 2 2 2 2 2 2 2 2 2 2 2 2 2 2 2 2 2 2 2 2
left_child=2 4 6 8 21 19 13 -8 17 11 -11 -5 20 15 -15 -1 -10 -3 24 29 -7 22 -2 -23 -6 -21 -9 -14 -20 -4
right_child=1 3 5 9 18 12 7 26 16 10 -12 -13 27 14 -16 -17 -18 -19 28 25 -22 23 -24 -25 -26 -27 -28 -29 -30 -31
leaf_value=0.020987628045444365 0.047235641235542088 -0.029779038790875068 -0.050430099074278902 0.081794547701555087 0.042750332738402702 -0.021280948159897926 0.11087677674620144 0.038711637107034222 -0.0098754553019661587 -0.0024618405894742778 0.011740657033481297 0.011847875032940526 -0.027911232642938457 0.054284161656620193 -0.00469529480473347 -0.033232573866113356 -0.025832652406187928 0.0028311768226451772 0.055331901345104108 0.032771023780849569 -0.0023542870482886492 0.035108445956562435 -0.019039947722623879 0.021297090627250825 0.012260942830421249 -0.029527631175063126 -0.010198725964561358 -0.054175786994106349 0.023504653288260596 -0.037679759946264324
leaf_weight=12.770509466528894 5.5753509551286724 11.609329596161841 42.507218919694424 3.8179774135351172 9.4430191963911039 219.52467841655016 1.4411479085683812 3.043279491364955 194.06428994238377 315.33349077403545 150.94484965503216 188.51282247155905 23.636776894330978 14.379593774676325 6.0726172477006903 7.0920028313994399 60.267759077250957 157.03958363831043 8.0695584714412671 2.2185172215104094 30.69287770986557 141.9296331256628 10.549137845635412 131.79571829736233 421.9405217692256 78.726205483078957 194.0007570758462 16.848855175077915 31.316742748022079 97.242855072021484
leaf_count=72 23 87 627 25 60 2424 9 23 1716 2222 906 1167 270 68 30 39 657 1141 37 21 320 590 48 568 2252 1081 1692 237 148 1382
internal_value=-0.000198076 0.00802252 -0.0203848 0.000154587 0.0192106 -0.0281114 -0.00383816 -0.00856971 -0.0079778 0.00537748 0.00213583 0.0132364 -0.0217283 0.0194571 0.0367721 0.00162805 -0.0136568 0.000586379 0.0143588 -0.0365193 -0.0189593 0.0270909 0.00387611 0.0284584 0.0129284 -0.0278202 -0.00944332 -0.0388417 0.0300255 -0.041558
internal_weight=2592.41 1842.21 750.198 1081.59 760.62 511.398 238.8 198.485 422.981 658.609 466.278 192.331 290.703 40.3147 20.4522 19.8625 254.332 168.649 470.77 220.695 250.218 289.85 16.1245 273.725 431.384 80.9447 197.044 40.4856 39.3863 139.75
internal_count=19942 11647 8295 7921 3726 6362 1933 1724 3601 4320 3128 1192 3251 209 98 111 2373 1228 2497 3111 2744 1229 71 1158 2312 1102 1715 507 185 2009
is_linear=0
shrinkage=0.05


Tree=21
num_leaves=28
num_cat=0
split_feature=4 1 1 4 4 1 1 1 4 2 3 2 2 4 1 0 2 3 1 4 4 0 1 2 3 4 1
split_gain=157.361 54.2367 39.4153 17.0355 11.7803 11.7346 10.7891 9.49387 6.63849 5.93883 5.90683 6.16822 5.23729 4.78029 4.77704 7.52654 7.87709 4.46538 4.28631 3.92762 3.88976 4.90843 3.84306 3.37916 2.45575 1.68316 1.18519
threshold=5.3517709309538679 -0.0018138853297331445 -0.00053405744874901451 9.5523650799569477 2.9626167666962941 8.0015941555600114e-05 0.00037240844616959207 -0.0028332170019454979 19.544417379958556 -0.0089827417031623207 1.2571339129219221 -2.2391475716587724e-05 0.010403636357624759 5.2682223313416054 -0.0046583449979881167 60.051174054672366 0.0005181033234529232 1.2227728529908057 -0.0015121364390027201 3.9917333890709616 10.178638775880357 63.416122846086154 -0.0033690907719910452 -0.0083969296209451243 0.98689545112573063 4.1468518988878413 -0.00098157374678842202
decision_type=2 2 2 2 2 2 2 2 2 2 2 2 2 2 2 2 2 2 2 2 2 2 2 2 2 2 2
left_child=2 14 7 5 23 12 9 19 -8 -5 11 -6 -3 18 15 16 -2 -7 -9 -1 22 -22 -16 -4 -25 -12 -15
right_child=1 3 4 6 10 17 8 13 -10 -11 25 -13 -14 26 20 -17 -18 -19 -20 -21 21 -23 -24 24 -26 -27 -28
leaf_value=0.068292866505636499 0.028684408234923305 0.003801072945088719 0.023134504651458308 -0.012490735140234561 -0.0093256830809098079 -0.0078131869033227566 -0.001909380905722507 0.0090814230237058358 0.011078492087659521 0.017074307030582041 -0.054699651887356121 -0.024043248578087425 -0.050675784078375898 -0.062692309779773622 0.044882666705178445 -0.029584853112566575 0.080248875017848664 -0.022798110852866427 -0.0071688465746569778 0.015415049998449813 0.013323272622065216 0.048558255332370903 0.02178904183909142 -0.034235908437809263 -0.054061732512821481 -0.031489380893362735 -0.019248439231455736
leaf_weight=5.9767135232686988 136.424221560359 291.1588551029563 2.4622279256582251 18.137050375342369 122.31221525371075 207.63671280443668 279.12714340537786 53.446944557130337 151.94211871176958 267.5787043645978 12.360372461378573 170.3338343128562 4.4797478318214408 4.1402704119682312 21.824623763561249 5.2283015698194495 7.8315288573503485 65.366089828312397 168.54693666100502 8.5147457718849164 222.61801172792912 10.343271434307097 103.20342546701431 202.04010843485594 16.927974604070187 21.22171538323164 2.5287277996540061
leaf_count=26 572 1908 21 104 1234 1810 1905 312 906 1505 160 2019 30 27 89 23 34 714 1471 38 1008 49 516 2936 244 261 20
internal_value=-0.000195113 0.00800001 -0.0187748 0.00253587 -0.0262127 -0.0039266 0.0076627 -0.00202229 0.00266855 0.0151975 -0.0201711 -0.017892 0.0029756 -0.00450948 0.0218406 0.0293479 0.0314838 -0.0114011 -0.00325645 0.0372235 0.0187059 0.0148877 0.0258202 -0.0351136 -0.0357686 -0.0400323 -0.0462194
internal_weight=2583.71 1792.9 790.813 1285.43 547.658 568.641 716.785 243.154 431.069 285.716 326.228 292.646 295.639 228.663 507.473 149.484 144.256 273.003 221.994 14.4915 357.989 232.961 125.028 221.43 218.968 33.5821 6.669
internal_count=19942 11173 8769 8882 6875 4462 4420 1894 2811 1609 3674 3253 1938 1830 2291 629 606 2524 1783 64 1662 1057 605 3201 3180 421 47
is_linear=0
shrinkage=0.05


Tree=22
num_leaves=31
num_cat=0
split_feature=4 1 1 4 4 1 1 1 1 4 4 3 3 0 2 3 0 3 0 4 0 2 2 4 2 0 1 2 3 0
split_gain=144.376 52.3823 34.0027 15.1737 10.43 9.51827 8.73408 7.1763 6.12891 6.26593 5.6541 5.45951 5.18631 5.00232 4.89642 4.54846 5.29906 4.18123 4.5037 4.01833 5.09335 4.80501 3.79208 3.65931 3.59784 3.48405 2.75181 2.52079 2.34665 1.84993
threshold=5.0933206441719641 -0.00090713936392139416 -0.00046901071198046646 8.6495593232493047 2.9626167666962941 -0.00238267532217401 -0.0015515593534663472 0.0023959411264389279 0.0021403272713452774 8.7317793993998674 24.737086165519028 1.003395934179655 1.1654583386331228 22.952753556947417 -0.0089827417031623207 0.56316239155904912 17.091246690746548 1.7419423576801061 64.799196884767738 7.9428448797187885 68.037516247493855 -0.0094455257470397163 -0.0029536579968799099 4.7443139786413804 0.0012234228794075765 36.916661712750219 0.00038213718393576018 -0.0034312219447791832 1.8037697603192286 73.729533864898528
decision_type=2 2 2 2 2 2 2 2 2 2 2 2 2 2 2 2 2 2 2 2 2 2 2 2 2 2 2 2 2 2
left_child=2 5 6 7 14 17 15 11 9 -5 -10 -3 23 -14 -4 25 -17 18 -2 20 -7 -21 27 -6 -24 -1 -16 -8 -19 -9
right_child=1 3 4 8 12 19 22 29 10 -11 -12 -13 13 -15 26 16 -18 28 -20 21 -22 -23 24 -25 -26 -27 -28 -29 -30 -31
leaf_value=0.0032975236057391204 0.025307113209482292 -6.7860964679177012e-05 0.043567031302986788 0.058160387804797632 -0.019974032256438276 0.0061704992914296264 -0.0013675048818301986 -0.02054418501525386 -0.005875805324349944 0.0078647592783593623 0.010705834631747249 -0.012036517087632009 0.1015044799476864 -0.039867104361446665 -0.04029218792992801 -0.063049672926574526 0.0057757953183116845 -0.010199712190226508 -0.00849616248945354 -0.014085013146219473 -0.042765086195034746 0.016713773022175735 -0.016082222670209294 -0.0013767068341196888 0.0022764646027917924 0.036725779063107325 -0.028300345534700885 0.033502407577143865 0.015234202394565733 -0.045049567324920492
leaf_weight=12.025839000940321 345.85603660345078 212.98768373578787 1.9579569026827801 6.2896800413727751 212.73811717331409 115.2534191608429 17.133440263569359 20.406762830913067 183.91505098342896 400.74693651497364 71.356562733650208 172.40657338500023 0.63636185228824516 37.4539405554533 129.95639028400183 3.2184521853923824 21.340041629970074 12.498657137155531 10.142494574189184 13.390707328915594 5.5745231062173835 233.31756387650967 119.32098107784986 30.206484280526638 34.3751031011343 22.153964772820473 75.709849625825882 7.4307558983564368 33.05062498152256 12.369801454246042
leaf_count=65 1482 1742 16 46 2424 699 128 185 1292 2554 428 1560 7 500 2001 21 129 55 48 74 40 1176 1117 320 315 106 1094 52 152 114
internal_value=-0.000191641 0.00722387 -0.0190924 0.000124712 -0.0266299 0.0171974 -0.00355093 -0.00733223 0.0048329 0.00864195 -0.00124071 -0.00542205 -0.0203512 -0.0375053 -0.0351286 0.0131705 -0.00324395 0.022519 0.024344 0.0113833 0.00391281 0.0150421 -0.00906077 -0.0176617 -0.0119762 0.0249644 -0.0358778 0.00918077 0.00825517 -0.0297925
internal_weight=2575.22 1849.56 725.658 1080.48 488.659 769.084 236.999 418.171 662.308 407.037 255.272 385.394 281.035 38.0903 207.624 58.7383 24.5585 401.548 355.999 367.536 120.828 246.708 178.26 242.945 153.696 34.1798 205.666 24.5642 45.5493 32.7766
internal_count=19942 11647 8295 7921 6362 3726 1933 3601 4320 2600 1720 3302 3251 507 3111 321 150 1737 1530 1989 739 1250 1612 2744 1432 171 3095 180 207 299
is_linear=0
shrinkage=0.05


Tree=23
num_leaves=31
num_cat=0
split_feature=4 1 1 4 4 1 1 1 1 3 3 3 2 0 3 3 0 4 4 2 2 0 2 4 4 2 1 2 4 0
split_gain=131.928 46.9195 31.9815 14.0556 10.1529 8.72548 8.04823 7.8955 7.19491 6.1808 6.03602 5.00347 4.53143 4.43447 4.0517 6.00929 3.61826 3.61401 3.49205 3.45256 3.43639 3.41741 3.75146 3.40663 3.37826 3.31244 2.72812 2.4443 2.34686 2.26686
threshold=5.0933206441719641 -0.00090713936392139416 -0.00046901071198046646 11.107935603370539 2.9626167666962941 -0.0030774961874295288 0.0028628618169846969 -0.0015515593534663472 0.0067333866282944807 0.89838441751573272 1.8203388920926749 1.1654583386331228 -0.0089827417031623207 22.952753556947417 0.56316239155904912 0.65800433554823445 52.503754219237798 23.418870467367057 9.8645257301430664 -0.0029536579968799099 -0.0019723755391276572 45.461760103023913 -0.00052543788235498423 36.924870810092166 4.1850581106784519 0.0012234228794075765 0.00038213718393576018 0.0033219438101635972 3.9536983733073048 58.572143687670582
decision_type=2 2 2 2 2 2 2 2 2 2 2 2 2 2 2 2 2 2 2 2 2 2 2 2 2 2 2 2 2 2
left_child=2 5 7 6 12 21 9 14 10 -3 -5 16 -4 -13 24 -16 -6 20 -8 28 -7 23 -23 -2 -1 -21 -14 -19 -9 -10
right_child=1 3 4 8 11 17 18 19 29 -11 -12 13 26 -15 15 -17 -18 27 -20 25 -22 22 -24 -25 -26 -27 -28 -29 -30 -31
leaf_value=0.032579166807624092 0.027824736961395757 0.0023046206433092447 0.040107915609254204 0.0058756677131903455 -0.010478509479183162 0.0059714479325635268 -0.018493436330933304 -0.0029407216159152987 0.011794229061784201 -0.0084391460045580048 0.023368892031068966 0.088824781483017257 -0.039667442774050286 -0.039191933955745599 -0.064074545960347978 0.0069567114609217807 -0.022793978891832441 0.032369463656046003 -0.053118711431300258 -0.0154690229374471 0.014849856624824046 -0.0080671061059539376 0.020246775593486702 0.0089763204778601485 -0.0034540365225433386 0.0021588847098422377 -0.027558717108257781 0.00083713327779629931 0.029123917019924839 -0.019770770337120845
leaf_weight=25.795075327157974 210.03620065748692 242.81493304669857 2.0188311710953704 405.08328950405121 112.18417853862047 201.32560206949711 28.472886011004448 15.766794554889204 6.8934586420655242 298.34981615096331 56.1466423869133 0.68934250622987647 125.51628405973315 36.225585997104645 3.4684834852814701 21.038476407527924 127.33443088829517 32.659059911966324 9.7838710620999318 117.88572537153959 237.62119878083467 16.497768387198448 40.217877388000488 27.061263740062714 8.6980907171964628 34.43338181078434 73.906352043151855 7.5705018043518058 8.9435743913054448 32.524466477334499
leaf_count=127 863 1942 16 2467 1194 1058 263 116 49 2569 304 7 2001 500 22 128 1550 149 81 1117 1254 75 173 118 44 315 1094 36 64 246
internal_value=-0.000188252 0.00684741 -0.0184505 0.000116659 -0.025888 0.016252 -0.00518533 -0.00339228 0.00625288 -0.00361853 0.00800516 -0.0196666 -0.0344254 -0.0368014 0.0124484 -0.00309638 -0.0170257 0.0120923 -0.0273486 -0.00867162 0.0107777 0.0230361 0.0120107 0.0256735 0.0234927 -0.011484 -0.0351799 0.0264356 0.00866463 -0.0142506
internal_weight=2566.96 1853.06 713.905 1080.07 477.875 772.989 579.422 236.03 500.648 541.165 461.23 276.434 201.441 36.9149 59.0001 24.507 239.519 479.176 38.2568 177.029 438.947 293.813 56.7156 237.097 34.4932 152.319 199.423 40.2296 24.7104 39.4179
internal_count=19942 11647 8295 7921 6362 3726 4855 1933 3066 4511 2771 3251 3111 507 321 150 2744 2497 344 1612 2312 1229 248 981 171 1432 3095 185 180 295
is_linear=0
shrinkage=0.05


Tree=24
num_leaves=28
num_cat=0
split_feature=4 1 1 4 4 4 1 1 2 1 2 0 2 1 3 2 2 4 1 0 0 2 0 4 4 1 4
split_gain=120.532 42.1531 30.0516 14.2227 9.8657 8.36249 7.2852 7.26216 6.9247 6.91819 8.94008 6.61285 6.66573 5.30632 4.8208 4.79038 4.20089 3.98727 3.982 3.97031 3.88097 5.45064 4.86591 3.83699 3.46581 2.70139 2.65684
threshold=5.0933206441719641 -0.0010587876442011976 -0.00046901071198046646 8.6495593232493047 2.9626167666962941 8.7317793993998674 -0.0018138853297331445 -0.0046583449979881167 -0.011595641612739236 9.2712987810883454e-05 -0.0042575238263521378 60.051174054672366 0.0005181033234529232 0.0067333866282944807 1.1654583386331228 0.00038421188610771045 -0.0089827417031623207 5.2106821727750789 0.0023959411264389279 22.952753556947417 37.423491095562447 0.0025569690332204469 30.565000014160827 5.3517709309538679 4.7443139786413804 0.00038213718393576018 0.73690795190310354
decision_type=2 2 2 2 2 2 2 2 2 2 2 2 2 2 2 2 2 2 2 2 2 2 2 2 2 2 2
left_child=2 7 6 9 16 15 20 11 -8 10 -3 12 -2 -7 24 -5 -4 -9 -11 -16 22 -22 -1 -19 -6 -18 -10
right_child=1 3 4 5 14 13 8 17 26 18 -12 -13 -14 -15 19 -17 25 23 -20 -21 21 -23 -24 -25 -26 -27 -28
leaf_value=0.018284003796839629 0.024978595808638284 0.042675596715856412 0.037031928581370464 0.10138330443198595 -0.018705164425967844 0.0054167732375370028 0.098336558814489258 0.052816805586786024 0.038084256149550473 -0.009699929218320049 -0.0022472066187414512 -0.029674372035278087 0.07173767991738654 -0.013375346635060244 0.078665463181819842 0.023342601885356161 -0.039038774642259882 -0.025951790624004035 -0.028658032042769257 -0.038514880220528437 0.043999862601918682 -0.018317840624089289 -0.033282114807293726 0.013289582564087632 -0.00045394488685350303 -0.026822003337257885 -0.0088847427576064751
leaf_weight=12.992493256926538 138.52658087015152 11.80098497122526 2.0756601691246024 3.3317666500806791 206.4757194519043 638.91952973604202 1.5392489731311787 6.311706840991973 3.059449888765811 215.23655427247286 180.05198031663895 5.2283761948347083 8.0655311197042447 39.911416500806808 0.73808417469262977 4.7982830926775932 121.26908604428172 6.2986842915415755 31.78904727101326 35.049330849200487 16.632487595081333 4.447008788585662 7.0611677914857855 565.85954320430756 29.760347098112106 72.183889642357826 189.37748102843761
leaf_count=72 574 75 16 21 2424 4078 9 36 23 2074 1305 23 34 303 7 37 2001 39 299 500 77 21 39 2749 320 1094 1692
internal_value=-0.000184505 0.00649235 -0.0178219 0.00042373 -0.0251544 0.00491563 -0.0032401 0.0158479 -0.00729311 -0.00660727 0.000516021 0.0255806 0.0275513 0.0043119 -0.0189966 0.0553244 -0.0337211 0.0132936 -0.0121396 -0.0360981 0.0158731 0.0308531 0.00012687 0.0128576 -0.0164059 -0.0344803 -0.00813801
internal_weight=2558.79 1856.13 702.661 1125.84 467.552 686.961 235.109 730.29 193.976 438.879 191.853 151.82 146.592 678.831 272.023 8.13005 195.529 578.47 247.026 35.7874 41.1332 21.0795 20.0537 572.158 236.236 193.453 192.437
internal_count=19942 11647 8295 8192 6362 4439 1933 3455 1724 3753 1380 631 608 4381 3251 58 3111 2824 2373 507 209 98 111 2788 2744 3095 1715
is_linear=0
shrinkage=0.05


Tree=25
num_leaves=30
num_cat=0
split_feature=4 1 1 4 4 2 1 2 1 0 3 1 3 0 3 2 3 2 4 1 4 1 0 0 0 1 0 4 2
split_gain=110.078 37.7828 28.2109 12.3495 9.57247 8.17093 7.80843 7.70379 7.64541 7.55668 7.40702 6.61116 5.45696 4.72881 5.41207 4.71529 4.54955 3.89993 3.86856 3.77994 4.99842 3.57817 3.43004 3.22752 3.33806 2.68697 2.68441 2.5021 2.45511
threshold=5.0933206441719641 -0.00090713936392139416 -0.00046901071198046646 13.700760242986988 2.9626167666962941 -0.0031934001853909373 0.0026229620101404509 -0.0014497380043902439 -0.0022400863251475496 34.144580322526998 1.6953500338434071 -0.0015515593534663472 1.7419423576801061 54.071077791091717 1.0255392502021086 0.0027231115960084655 1.7419423576801061 -0.0089827417031623207 27.069113783769247 -0.0039221771461428459 1.8787346877146442 -0.0013628853107994219 64.799196884767738 15.812332165691155 19.736463898572847 0.0024618970351812934 49.220559697689858 3.5861450627602265 -0.0048558323997645583
decision_type=2 2 2 2 2 2 2 2 2 2 2 2 2 2 2 2 2 2 2 2 2 2 2 2 2 2 2 2 2
left_child=2 8 11 6 17 10 9 -7 16 -3 -5 19 21 26 -15 -8 22 -4 -14 -1 -21 -10 -2 27 -25 -19 -6 -13 -18
right_child=1 3 4 5 13 7 15 -9 12 -11 -12 23 18 14 -16 -17 28 25 -20 20 -22 -23 -24 24 -26 -27 -28 -29 -30
leaf_value=0.058567476292974791 0.021605707691799637 -0.017533531595931646 0.034279784731588478 0.029882502639497863 -0.015308655837624436 -0.020166245522788735 -0.0037255543826041648 0.0069249227653737592 0.0027801878885369588 1.2820077480123035e-05 -0.041954937363727428 0.042381294331340053 0.020480074474153981 -0.01937696426138279 -0.042983585631536682 -0.028662398711523158 0.015475792691392501 -0.034537292363813692 0.065619190626008586 0.055429014118857936 0.0032042557980774995 0.013657894114222205 -0.0063909276417264786 -0.048910299907175263 -0.0081951700424603095 0.013399321972696769 0.0021437607121144531 -0.018355930773697071 -0.0069395505553400093
leaf_weight=3.9520358592271796 373.6339396238327 68.79977735877037 2.1287573724985114 52.94566249102354 105.15224768221378 28.973157718777657 31.826907604932785 278.33080565929413 191.63339363783598 567.57886470109224 3.8491045385599127 5.3981799483299246 23.905467659235004 103.03225588798523 31.764467380940914 46.878912709653378 25.167340591549873 184.77666743472219 5.9225833714008322 5.0400584638118735 50.371093913912773 124.85845363140106 11.270272880792616 5.1957481205463401 161.82257585972548 2.9702532440423957 27.873790383338928 2.4721952751278877 23.737562268972397
leaf_count=16 1597 508 16 307 1156 166 260 1692 1007 4575 20 42 116 1294 472 393 110 3051 26 25 280 707 53 44 1506 44 329 20 110
internal_value=-0.00018076 0.00615507 -0.0172055 9.50143e-05 -0.0244281 0.0075908 -0.0037216 0.00437072 0.0145382 -0.00188414 0.0250139 -0.0030935 0.00899833 -0.0183397 -0.0249398 -0.0185785 0.0189608 -0.0330159 0.0294428 0.011324 0.00795449 0.00707153 0.0207859 -0.00798729 -0.00946177 -0.0337789 -0.0116517 0.0233029 0.00459579
internal_weight=2551.26 1859.31 691.95 1079.18 457.698 364.099 715.084 307.304 780.129 636.379 56.7948 234.252 346.32 267.823 134.797 78.7058 433.809 189.876 29.8281 59.3632 55.4112 316.492 384.904 174.889 167.018 187.747 133.026 7.87038 48.9049
internal_count=19942 11647 8295 7921 6362 2185 5736 1858 3726 5083 327 1933 1856 3251 1766 653 1870 3111 142 321 305 1714 1650 1612 1550 3095 1485 62 220
is_linear=0
shrinkage=0.05


Tree=26
num_leaves=29
num_cat=0
split_feature=4 1 1 4 4 4 1 2 1 1 2 0 4 1 3 3 1 1 0 2 0 2 0 4 4 2 2 4
split_gain=100.507 34.0773 26.4534 12.3465 9.27169 7.35146 6.2201 8.12532 6.19521 6.02046 5.93629 5.83567 5.95268 4.86724 4.57386 4.14047 4.06256 3.94014 3.61145 3.49982 3.47955 4.80111 4.36198 3.45192 3.42397 3.38476 2.48153 2.31556
threshold=5.0933206441719641 -0.0010587876442011976 -0.00046901071198046646 8.6495593232493047 2.9626167666962941 8.7317793993998674 9.2712987810883454e-05 -0.0042575238263521378 -0.0046583449979881167 -0.0018138853297331445 -0.011595641612739236 60.051174054672366 36.924870810092166 0.0067333866282944807 1.1654583386331228 1.2026013388799961 0.0007844164292534207 0.00038213718393576018 22.952753556947417 0.00010756640021936105 37.423491095562447 0.0025569690332204469 30.565000014160827 5.2106821727750789 5.3517709309538679 -2.2391475716587724e-05 0.0012234228794075765 1.614802210528423
decision_type=2 2 2 2 2 2 2 2 2 2 2 2 2 2 2 2 2 2 2 2 2 2 2 2 2 2 2 2
left_child=2 8 9 6 17 16 7 -3 11 20 -11 12 -2 -7 25 -8 -5 27 -16 -19 22 -22 -1 -10 -25 -6 -12 -4
right_child=1 3 4 5 14 13 15 -9 23 10 26 -13 -14 -15 18 -17 -18 19 -20 -21 21 -23 -24 24 -26 -27 -28 -29
leaf_value=0.016360446582502828 0.029955348815064189 0.040324822280413425 -0.048812477234891766 0.077941174860029494 -0.008162848308473131 0.0050069027709559073 -0.0079427065853320874 -0.002142912369402675 0.048037443214575232 0.08855442706007903 -0.010298859299227242 -0.028912622067856983 0.0046653197242573453 -0.013037201684201678 0.071906057037242899 -0.023384172445278992 0.0059822814264226427 -0.0079172986126067706 -0.037342067021538167 -0.031286354327098344 0.040544627644946984 -0.01796364437143888 -0.032556182952365335 -0.025396350543227558 0.011846275684710717 -0.020422002466997664 0.0041336275402603017 -0.03333696706649255
leaf_weight=13.158857479691507 118.64217625558376 12.016061648726462 34.624641381204128 5.2519662976264936 98.513107016682625 641.64326734095812 187.70514288544655 179.77121970057487 6.5172346085309973 1.6223367750644673 153.37279719114304 5.1969825923442832 28.944174781441689 39.683877915143967 0.774159274995326 56.473433919250965 3.1305789649486542 24.920811660587788 33.112314075231552 44.865351729094982 16.897037178277973 4.4243776798248282 6.971929505467414 6.2389240786433211 570.96057021617889 131.41504760831594 36.961080215871334 80.066714242100716
leaf_count=72 484 75 627 31 1055 4078 1716 1305 36 9 1385 23 124 303 7 657 27 381 500 721 77 21 39 39 2749 1689 330 1382
internal_value=-0.00017685 0.00583635 -0.0166029 0.000365284 -0.02371 0.0045285 -0.00622104 0.000517822 0.0141984 -0.00295279 -0.00668442 0.0231618 0.0249955 0.00395592 -0.017697 -0.011514 0.0510671 -0.0323089 -0.0348462 -0.0229412 0.0143276 0.0284037 -0.000580932 0.0118523 0.0114437 -0.0151695 -0.0074962 -0.0380089
internal_weight=2543.88 1862.18 681.701 1125.68 448.292 689.71 435.966 191.787 736.5 233.408 191.956 152.783 147.586 681.327 263.815 244.179 8.38255 184.478 33.8865 69.7862 41.4522 21.3214 20.1308 583.717 577.199 229.928 190.334 114.691
internal_count=19942 11647 8295 8192 6362 4439 3753 1380 3455 1933 1724 631 608 4381 3251 2373 58 3111 507 1102 209 98 111 2824 2788 2744 1715 2009
is_linear=0
shrinkage=0.05


Tree=27
num_leaves=30
num_cat=0
split_feature=4 1 1 4 1 1 4 4 3 2 3 2 4 1 0 2 3 4 4 4 3 2 1 2 1 0 3 0 1
split_gain=92.0794 32.8396 27.6799 13.9423 8.64776 7.95246 8.78485 6.69587 5.41023 5.37214 5.19456 4.98651 4.43671 3.85036 5.31993 5.70436 3.84549 6.7447 5.72691 5.09737 4.22357 3.76261 3.61389 3.39488 4.87236 3.24717 7.72026 4.31309 2.24978
threshold=4.5648800337078823 -0.0018138853297331445 -0.00068474477693708502 9.5523650799569477 8.0015941555600114e-05 0.0036092438776043072 33.269451209376562 1.7889104793248141 0.28333258609417905 0.010403636357624759 1.0370101446253328 -0.013551799760286585 4.5248914838846561 -0.0046583449979881167 60.051174054672366 0.0005181033234529232 0.49563762860148269 2.9626167666962941 4.3649822588622351 3.3330988665920329 0.44578466809945133 -0.0011886918286597157 -0.00029090591610719802 -0.00068993564696490084 -0.00045407219455689812 57.732002048936671 0.97061283109165475 46.401374383545196 0.0012831554257007884
decision_type=2 2 2 2 2 2 2 2 2 2 2 2 2 2 2 2 2 2 2 2 2 2 2 2 2 2 2 2 2
left_child=2 13 16 4 9 11 -7 23 -6 -3 22 -5 -12 14 15 -2 18 21 20 -19 -1 -18 -9 24 -4 27 -27 -15 -25
right_child=1 3 7 5 8 6 -8 10 -10 -11 12 -13 -14 25 -16 -17 17 19 -20 -21 -22 -23 -24 28 -26 26 -28 -29 -30
leaf_value=0.0083288349425456269 0.021593454265060791 0.0019033313541419042 0.038152498697151142 -0.031856150306849733 0.022059361779202331 -0.011858611118323217 0.018429247333738914 -0.0073975792832134376 -0.011295703914582834 -0.050873175659131055 -0.037537738214570487 0.0088895331313363132 0.0526844348924876 0.014088529453228813 -0.027718771477680877 0.064408160714636301 -0.005606814842769277 0.033377561843712884 -0.053898299902009131 -0.0048475787757128828 0.046858502206510722 -0.048861149988352608 -0.021251034122745399 -0.045387401935271438 -0.03082350345714184 0.010160726910330375 0.057807835983794111 -5.1736990421005003e-05 0.00081962388726426185
leaf_weight=56.933426894247532 140.24100288748741 362.57595746591687 3.1743628121912506 7.6065710112452498 12.64982909709215 105.86803714931011 30.936678603291512 58.230346769094467 312.14544743672013 4.8867477998137465 53.90412612631917 584.48147150874138 1.3979573808610428 278.60008553415537 5.1509694159030905 8.2365865111350995 8.6182931736111659 10.833500064909456 3.3495533391833296 44.735421262681484 8.1280391514301282 12.067711517214773 245.75279891490936 55.86993995308876 13.234190359711645 24.236558854579926 13.094930976629255 66.872202634811401 2.7646532095968714
leaf_count=402 576 2529 34 44 119 746 187 701 3119 35 786 3443 19 1264 23 34 77 94 21 345 60 119 3447 969 227 113 59 304 46
internal_value=-0.000172848 0.00500804 -0.0176895 0.0010293 -0.00405247 0.00585565 -0.00500939 -0.0239989 -0.00999662 0.00120148 -0.0211616 0.00836607 -0.0352571 0.0155488 0.0222355 0.0239685 0.0012532 -0.00646812 0.00985984 0.00260465 0.0131423 -0.0308403 -0.0185973 -0.0375829 -0.0174796 0.0128652 0.0268741 0.0113514 -0.0432087
internal_weight=2536.58 1957.58 578.994 1421.15 692.258 728.893 136.805 434.328 324.795 367.463 359.285 592.088 55.3021 536.432 153.629 148.478 144.666 76.2549 68.411 55.5689 65.0615 20.686 303.983 75.0431 16.4086 382.804 37.3315 345.472 58.6346
internal_count=19942 12595 7347 10222 5802 4420 933 6229 3238 2564 4953 3487 805 2373 633 610 1118 635 483 439 462 196 4148 1276 261 1740 172 1568 1015
is_linear=0
shrinkage=0.05


Tree=28
num_leaves=31
num_cat=0
split_feature=4 1 1 4 1 1 4 4 3 2 2 2 3 3 4 3 1 0 3 3 4 4 2 4 3 1 2 0 4 3
split_gain=84.1796 29.4951 25.8556 12.5689 7.88475 7.14271 8.02064 6.55525 5.27788 5.00937 4.93774 7.21054 4.89033 4.77108 4.21842 3.57973 3.96715 5.35075 4.96227 3.46355 6.2621 5.2547 4.54529 3.80869 3.65389 3.36086 2.80858 6.48134 5.05762 1.1076
threshold=4.5648800337078823 -0.0018138853297331445 -0.00068474477693708502 9.5523650799569477 8.0015941555600114e-05 0.0036092438776043072 19.160247320241272 1.614802210528423 1.2227728529908057 0.010403636357624759 -0.00078756435400112446 -0.0010776483097232334 1.8203388920926749 1.0370101446253328 4.1468518988878413 1.6953500338434071 -0.0046583449979881167 34.379941145065956 1.5615740683593324 0.49563762860148269 2.893867749257323 4.3649822588622351 -0.0011886918286597157 3.3330988665920329 0.44578466809945133 -0.00029090591610719802 -0.0039236344297804973 40.605141234227638 24.000496980527544 0.61864867237506194
decision_type=2 2 2 2 2 2 2 2 2 2 2 2 2 2 2 2 2 2 2 2 2 2 2 2 2 2 2 2 2 2
left_child=2 15 19 4 9 12 -7 10 -6 -3 11 -4 -5 25 -15 16 17 -2 -18 21 22 24 -21 -22 -1 -9 28 -28 -17 -12
right_child=1 3 7 5 8 6 -8 13 -10 -11 29 -13 -14 14 -16 26 18 -19 -20 20 23 -23 -24 -25 -26 -27 27 -29 -30 -31
leaf_value=0.0078741467912396019 0.032512989993361073 0.0018059528403528747 -0.031013168730357744 0.0063256111863355868 -0.0062324992489256915 -0.020181753254807307 0.0047707777014916325 -0.0079906103264748458 -0.021828757134348561 -0.049993847344195479 -0.049534876532554555 0.065034601392427019 0.020880315494932064 -0.042084705726411119 -0.0084233973531376172 0.045848157441395442 0.01174421841806505 0.011792993319195805 0.034529760332172858 -0.0026932516728786922 0.026921237140912258 -0.0526618490833137 -0.05198388688758146 -0.004620331267866499 0.043270760721130556 -0.021045098418440027 -0.036910911357536789 0.0091596055970544054 0.0027523733010884994 -0.025453518397474978
leaf_weight=57.202841058373451 74.11209012567997 363.00871095061302 8.7801860459148866 530.02534510940313 253.28240159898996 52.170611195266247 84.150584973394871 61.158861994743347 69.028614897280931 4.7281077206134787 39.482634037733078 2.5133963599801055 64.764774106442928 41.927116680890322 11.963056303560732 9.2485864609479886 314.82508833706379 53.76060925424099 25.857222735881805 8.1624089628458041 12.186334662139414 3.2591010481119147 10.953318372368811 44.592659130692482 8.355710491538046 254.32485061138868 11.360342547297476 23.274537727236748 25.798238009214401 5.4317695945501319
leaf_count=402 298 2529 145 3145 2408 397 536 747 830 35 710 40 342 640 169 40 1427 223 114 73 104 21 113 345 60 3676 55 104 112 102
internal_value=-0.000169175 0.00475154 -0.0170756 0.000976261 -0.00386378 0.00554445 -0.00477865 -0.0232837 -0.00957271 0.00113995 -0.0391914 -0.00963766 0.00791043 -0.020863 -0.0346122 0.0147198 0.0162923 0.0238018 0.0134736 0.00118172 -0.00618411 0.00930504 -0.0309368 0.00214936 0.0123856 -0.0185144 0.00414602 -0.00595166 0.014125 -0.0466226
internal_weight=2529.69 1959.4 570.294 1421.16 690.048 731.111 136.321 425.582 322.311 367.737 56.208 11.2936 594.79 369.374 53.8902 538.237 468.555 127.873 340.682 144.712 75.8947 68.8177 19.1157 56.779 65.5586 315.484 69.6817 34.6349 35.0468 44.9144
internal_count=19942 12595 7347 10222 5802 4420 933 6229 3238 2564 997 185 3487 5232 809 2373 2062 521 1541 1118 635 483 186 449 462 4423 311 159 152 812
is_linear=0
shrinkage=0.05


Tree=29
num_leaves=29
num_cat=0
split_feature=4 1 1 4 4 1 1 4 0 0 2 0 1 3 4 1 4 1 0 3 3 4 1 0 3 4 3 2
split_gain=76.9976 24.7238 23.2393 9.47044 7.92435 7.45011 6.74667 6.32237 5.05359 5.03233 4.94126 6.52736 5.94793 4.8593 5.78147 4.52698 5.43779 3.73281 3.68303 4.56397 3.59027 3.50119 3.20809 2.48379 2.25557 1.81287 1.41853 0.000611436
threshold=5.3517709309538679 -3.4054724697696319e-05 -0.00053405744874901451 3.742698626122182 10.626925844992597 -0.0022400863251475496 -0.0039221771461428459 22.277559114487975 33.88287336505978 84.561193477364853 0.0086421906994172976 61.100158904475073 0.0019410404379448523 1.1478363208385935 1.614802210528423 0.0067333866282944807 19.896729867268668 -0.0007067457046494029 69.376643319139404 0.23033466051885279 1.7419423576801061 0.73690795190310354 0.0023234184459436373 64.799196884767738 1.8037697603192286 39.947500884137341 0.66306564921963218 -0.00019086798155792947
decision_type=2 2 2 2 2 2 2 2 2 2 2 2 2 2 2 2 2 2 2 2 2 2 2 2 2 2 2 2
left_child=2 5 6 13 9 20 -1 8 -7 22 11 -5 -12 14 -4 16 -6 -9 21 -20 23 -8 -3 -2 -22 -17 -11 -15
right_child=1 4 3 10 15 7 18 17 -10 26 12 -13 -14 27 -16 25 -18 -19 19 -21 24 -23 -24 -25 -26 -27 -28 -29
leaf_value=0.059437179201683711 0.017616630972075879 -0.0038895154444561668 -0.040517879728744988 -0.0065797957957757381 0.00044796975041918035 -0.0032356256402881929 0.052235761199792841 0.016155741407770732 0.0079285617041275035 -0.050851325592795017 0.10943517175188451 -0.026416786176590452 -0.011387969975366889 -0.053713524860355404 -0.021357114518595236 -0.020758836658476474 0.01284859534290838 0.048953161893195644 0.021024283163928265 -0.051511428646812157 -0.015194295711345463 -0.0019801950191833057 -0.017882930121115009 -0.0063205116692723303 0.0090219660259565244 0.002441496050940645 -0.019478122288646101 -0.053045360092505482
leaf_weight=4.4626523703336707 374.84633633494377 266.55024352669716 48.251030627638102 123.53148815780878 275.07665832340717 132.62740567326546 3.0186668783426276 32.52593806385994 430.01923778653145 7.710847355425356 1.8266651555895794 62.425215512514114 2.3026136308908463 4.9593629613518742 213.86505435034633 26.609574072062969 130.27168770134449 11.831259265542029 3.0119748264551145 7.7447563856840134 13.082783177495001 220.19301547110081 48.394373841583729 11.159680038690565 36.284581080079079 12.317856550216673 6.7631264477968216 11.059019509702919
leaf_count=18 1582 2477 932 1405 1744 771 20 150 2526 70 23 853 29 79 3348 222 706 59 23 71 57 1762 448 52 163 77 69 206
internal_value=-0.000165407 0.00528351 -0.0141689 -0.0206394 -0.00148806 0.0103096 -0.00146254 0.00672971 0.00529693 -0.00736456 -0.0120377 -0.013239 0.0420604 -0.0265181 -0.0248843 0.00286922 0.00443331 0.0249037 -0.00262412 -0.0312008 0.0153008 -0.00124699 -0.00603974 0.0169246 0.00260444 -0.0134175 -0.0361918 -0.0532522
internal_weight=2522.72 1816.07 706.652 468.22 773.694 1042.38 238.431 607.004 562.647 329.419 190.086 185.957 4.12928 278.134 262.116 444.276 405.348 44.3572 233.968 10.7567 435.373 223.212 314.945 386.006 49.3674 38.9274 14.474 16.0184
internal_count=19942 11173 8769 6875 5813 5360 1894 3506 3297 3064 2310 2258 52 4565 4280 2749 2450 209 1876 94 1854 1782 2925 1634 220 299 139 285
is_linear=0
shrinkage=0.05


Tree=30
num_leaves=30
num_cat=0
split_feature=4 1 1 4 1 1 4 1 1 3 2 3 0 2 4 1 2 0 1 1 4 1 0 2 3 0 0 0 1
split_gain=70.6413 23.9456 22.7842 10.5182 6.48079 6.31454 6.27596 6.06893 5.74709 5.14427 5.08401 4.77893 4.07402 3.34226 4.8199 3.18587 4.84142 4.11303 3.14669 3.07616 4.78362 5.22483 3.20958 2.88503 2.67551 2.53132 2.51157 4.33589 2.35477
threshold=4.5648800337078823 -0.0018138853297331445 -0.00068474477693708502 9.5523650799569477 8.0015941555600114e-05 0.00037240844616959207 1.7889104793248141 0.00043800506709579251 0.00029766916392315329 0.4071101879202948 -0.0034312219447791832 1.0370101446253328 60.051174054672366 -0.00068993564696490084 1.2161379944718949 -0.0018138853297331445 0.0046492671571283237 66.944019681791943 -0.00029090591610719802 -0.0046583449979881167 36.924870810092166 -0.0083214107453278823 14.61117897153254 -0.010887532212840943 1.5316992417560513 57.732002048936671 56.011736245546736 37.423491095562447 0.0012831554257007884
decision_type=2 2 2 2 2 2 2 2 2 2 2 2 2 2 2 2 2 2 2 2 2 2 2 2 2 2 2 2 2
left_child=2 19 15 4 10 8 13 -7 -5 -6 -3 18 -13 14 -4 26 17 -17 -8 20 21 -2 24 -22 -21 -24 27 -1 -15
right_child=1 3 6 5 9 7 11 -9 -10 -11 -12 12 -14 28 -16 16 -18 -19 -20 22 23 -23 25 -25 -26 -27 -28 -29 -30
leaf_value=0.0035447740970590892 0.046386052340292055 0.016301311869293379 0.02453168273935576 0.0092903375933863063 0.0088670332482425063 -0.043229275869402783 -0.0061484429001340676 0.0020021947457465323 0.045756292537613173 -0.011090019533627754 -0.0013009686892301831 -0.023244141817861136 -0.053181539411173373 -0.044137885408919685 -0.034785167413156168 -0.0026977776082514359 0.050290551664916583 -0.048389790016643737 -0.019260466347917993 -0.019313382652163806 0.022204530114249926 0.018942249633488045 0.010505362252024086 -0.010129881449543751 0.023789269420076625 0.024153900073562204 -0.016649500187681559 0.043747414814980262 0.0047657747232234572
leaf_weight=15.430736824870111 20.837012737989426 47.020911686122417 5.0891641415655604 285.74879581481218 36.477293401956558 7.5462316051125518 56.908486671745777 429.76527889817953 11.229296691715716 281.306520357728 321.49186028167605 33.863199047744274 17.103984538465738 50.325126223266125 10.471138220280407 102.64625959098339 4.1271607875823966 5.1734052523970595 233.49882612377405 14.839527636766435 10.6908076107502 103.42673437297344 329.17713080346584 19.448111265897751 4.7536051273345938 37.880815163254738 5.2817381620407096 11.862579286098478 2.5881285592913619
leaf_count=85 84 299 86 1545 346 48 701 2763 64 2892 2265 494 311 969 175 875 35 46 3447 69 45 421 1478 83 21 172 25 52 46
internal_value=-0.000161291 0.00429254 -0.0159212 0.000883277 -0.00356697 0.00504266 -0.0219404 0.00122168 0.0106692 -0.00879922 0.000945019 -0.0191694 -0.0332908 -0.0357555 -0.015385 0.00114874 -0.00285582 -0.00489017 -0.016691 0.0132439 0.0192099 0.0235441 0.0108614 0.00133971 -0.00885599 0.0119139 0.0149107 0.0210182 -0.0417459
internal_weight=2516.01 1961.64 554.37 1420.59 686.297 734.29 409.848 437.312 296.978 317.784 368.513 341.374 50.9672 68.4736 15.5603 144.522 111.947 107.82 290.407 541.054 154.403 124.264 386.651 30.1389 19.5931 367.058 32.5751 27.2933 52.9133
internal_count=19942 12595 7347 10222 5802 4420 6229 2811 1609 3238 2564 4953 805 1276 261 1118 956 921 4148 2373 633 505 1740 128 90 1650 162 137 1015
is_linear=0
shrinkage=0.05


Tree=31
num_leaves=30
num_cat=0
split_feature=4 1 1 4 4 1 4 1 3 2 2 2 2 3 4 4 2 2 1 3 0 1 0 3 2 3 2 3 0
split_gain=64.5336 21.5332 21.2147 9.48481 6.13216 5.95462 7.53133 5.9028 4.989 4.90417 6.45116 4.66697 4.51132 4.3825 4.19917 3.06852 4.29529 3.13874 2.92218 2.86106 3.43225 10.8817 2.93589 2.57203 4.31554 3.54219 2.05055 1.2024 1.00765
threshold=4.5648800337078823 -0.0018138853297331445 -0.00068474477693708502 9.5523650799569477 1.614802210528423 0.0036092438776043072 33.269451209376562 8.0015941555600114e-05 1.2227728529908057 -0.00078756435400112446 -0.0010776483097232334 0.010403636357624759 -0.013551799760286585 1.0370101446253328 4.1468518988878413 4.3982653090218999 -0.0074742516813411921 7.7680937025537147e-05 -0.00029090591610719802 1.6953500338434071 14.61117897153254 -0.0083214107453278823 33.280424481792956 1.8037697603192286 -0.0042575238263521378 1.9382963222163594 0.00013790660281176595 0.61864867237506194 42.69748516602192
decision_type=2 2 2 2 2 2 2 2 2 2 2 2 2 2 2 2 2 2 2 2 2 2 2 2 2 2 2 2 2
left_child=2 19 15 7 9 12 -7 11 -9 10 -4 -3 -5 18 -15 16 -1 -18 -6 20 21 -2 -22 24 -21 -25 28 -11 -17
right_child=1 3 4 5 13 6 -8 8 -10 27 -12 -13 -14 14 -16 26 17 -19 -20 23 22 -23 -24 25 -26 -27 -28 -29 -30
leaf_value=0.048746452735939354 0.066791956117173742 0.0015282374614342023 -0.029211827731663309 -0.031483595296394003 -0.0067288315337418903 -0.011121946196950921 0.016805545720766018 -0.00516030764261847 -0.020546279159247713 -0.048716813016463002 0.061332913354527098 -0.049219803956679999 0.0074062080849530898 -0.040591330454868423 -0.0060485045111104601 -0.029318501666425436 -0.0042141538793657356 0.012277729809181638 -0.019078771740060285 0.012366268161613847 0.020053257094844682 -0.01585633482318714 0.011736760337437195 0.023598722752094233 -0.026776841990134727 -0.0058651094851356594 -0.064145122845638239 -0.022364897305651402 0.012461054331321129
leaf_weight=4.927750051021575 4.7458703815937069 364.10798489302397 8.2214713469147664 7.5521571189165106 59.733433295041323 104.53729286044836 31.389235883951187 248.77985788881779 66.843153979629278 35.287361487746239 2.5859786644577971 4.5874823927879325 592.70533263683319 38.291287254542112 11.422622285783289 3.3685508519411069 87.966552369296551 42.930625788867474 241.73953006789088 13.195484623312952 176.26520204544067 24.764022663235664 266.6685406267643 23.876182854175568 15.098439753055571 17.809789717197418 2.6836676597595215 4.9340479783713809 2.5249348804354668
leaf_count=27 19 2529 145 44 747 746 187 2408 830 710 40 35 3443 640 169 27 689 338 3676 55 762 110 1171 104 69 83 20 102 17
internal_value=-0.000157105 0.00407402 -0.0153512 0.000837925 -0.0212533 0.00477705 -0.00467271 -0.00339975 -0.00841877 -0.0374493 -0.00754652 0.000896806 0.00691691 -0.0188999 -0.0326545 0.00108831 0.00291991 0.00119472 -0.0166318 0.0125487 0.0139463 -0.00256459 0.0150463 0.00311349 -0.0085216 0.0110107 -0.0279162 -0.0454842 -0.011419
internal_weight=2509.54 1962.93 546.618 1420.5 402.216 736.184 135.927 684.318 315.623 51.0289 10.8075 368.695 600.257 351.187 49.7139 144.402 135.825 130.897 301.473 542.424 472.444 29.5099 442.934 69.9799 28.2939 41.686 8.57715 40.2214 5.89349
internal_count=19942 12595 7347 10222 6229 4420 933 5802 3238 997 185 2564 3487 5232 809 1118 1054 1027 4423 2373 2062 129 1933 311 124 187 64 812 44
is_linear=0
shrinkage=0.05


Tree=32
num_leaves=30
num_cat=0
split_feature=4 1 1 4 1 3 4 1 1 2 2 2 3 0 3 1 2 3 2 3 3 0 0 0 3 3 2 0 3
split_gain=58.9206 19.7508 19.5523 9.0894 6.80368 6.89729 5.95727 5.73952 7.57402 5.84209 4.80019 5.70417 4.20713 4.19354 2.92436 2.86227 4.14607 3.93233 2.81787 2.69903 5.28486 3.60538 2.25541 3.86526 1.9801 1.92296 2.96504 2.37094 1.20642
threshold=4.5648800337078823 -0.00068474477693708502 -0.0022400863251475496 8.2369015252718096 0.0023959411264389279 1.3664502038307911 1.614802210528423 0.00037240844616959207 0.00043800506709579251 0.014826997449053582 -0.00078756435400112446 -0.0010776483097232334 1.0370101446253328 60.051174054672366 1.7419423576801061 -0.0018138853297331445 0.0046492671571283237 0.19582525427528652 7.7680937025537147e-05 0.61864867237506194 0.63811578125657975 21.772941098734268 56.011736245546736 37.423491095562447 0.24487435368865443 1.8037697603192286 -0.0030157155033665446 22.386147093976621 0.61864867237506194
decision_type=2 2 2 2 2 2 2 2 2 2 2 2 2 2 2 2 2 2 2 2 2 2 2 2 2 2 2 2 2
left_child=1 15 14 4 5 -4 10 9 -9 -5 11 -3 18 -14 19 22 17 -17 -8 21 -21 -2 23 -1 -6 26 -16 -27 -12
right_child=2 6 3 7 24 -7 12 8 -10 -11 28 -13 13 -15 25 16 -18 -19 -20 20 -22 -23 -24 -25 -26 27 -28 -29 -30
leaf_value=0.0032553945269671574 -0.025322761383781783 -0.028485072386292803 -0.00019355001724924588 0.0077680609657967891 0.020024176068479466 -0.015707255840092339 -0.010705558957466063 -0.044985289681839999 0.0013461826496716121 0.065238104233518071 -0.048388824921696549 0.055302861374177503 -0.02160072004231435 -0.052922581526370485 0.0039999649585004543 0.025816367623935011 0.045365877573792103 -0.0076981348010903838 -0.020481332264131652 0.072969206276570678 0.015473804192902237 0.0097720676895011703 -0.015997858675882458 0.041099069016858399 -0.032113431749371715 0.030122047363708729 -0.045012608071015245 0.00033239215571245913 -0.021688301765246012
leaf_weight=15.439005367457868 8.6989218294620496 8.014981944113968 472.71524740383029 438.65880284458399 1.9646905958652521 84.443624757230282 135.3111572638154 8.9854084551334363 481.89340764284134 4.4671012610197058 33.788189455866814 2.7208344712853423 32.381364613771439 15.949965201318262 8.0158352851867658 9.6119559556245786 4.3004804030060759 97.865725807845592 161.9360333122313 4.0446336269378653 337.59281532466412 46.10658948123455 5.2428281903266898 11.985293000936506 24.910323198884726 8.7963985651731473 5.0170229971408835 27.751687213778496 4.8361058644950381
leaf_count=85 38 145 3914 2382 20 796 1876 63 3249 23 710 40 496 313 34 65 35 856 2547 17 1415 200 25 52 258 38 23 125 102
internal_value=-0.000153004 -0.0147904 0.00386681 0.00116267 -0.00373007 -0.00254482 -0.0205767 0.0042221 0.000498097 0.00834741 -0.0368252 -0.00725026 -0.0182558 -0.0319373 0.0130703 0.00103034 -0.00277463 -0.00470086 -0.0160313 0.0145021 0.0161545 0.00420169 0.0140499 0.0197943 -0.0283019 0.00162207 -0.0148675 0.00750217 -0.0450457
internal_weight=2503.45 539.384 1964.06 1518.04 584.034 557.159 394.939 934.005 490.879 443.126 49.3601 10.7358 345.579 48.3313 446.024 144.445 111.778 107.478 297.247 396.443 341.637 54.8055 32.6671 27.4243 26.875 49.5809 13.0329 36.5481 38.6243
internal_count=19942 7347 12595 10705 4988 4710 6229 5717 3312 2405 997 185 5232 809 1890 1118 956 921 4423 1670 1432 238 162 137 278 220 57 163 812
is_linear=0
shrinkage=0.05


Tree=33
num_leaves=28
num_cat=0
split_feature=4 1 1 4 4 2 3 1 1 1 1 2 4 3 1 3 4 4 0 4 4 4 1 0 1 3 1
split_gain=53.8863 17.4658 17.0127 8.56036 5.88427 6.71013 5.88174 5.80875 5.66661 4.91311 4.81352 4.78926 4.63139 4.43435 4.16318 3.90721 4.68571 4.3675 3.55077 3.54399 3.73281 2.72929 2.24097 2.22805 1.96264 0.963148 0.817107
threshold=5.3517709309538679 -0.00053405744874901451 -3.4054724697696319e-05 2.1371299771789083 12.257918440533166 0.01374850732792743 1.2571339129219221 0.0024618970351812934 -0.0039221771461428459 -0.0030774961874295288 0.0067333866282944807 0.001158750770706374 23.418870467367057 1.8203388920926749 -4.7279728738247588e-05 0.51645288734437333 7.6693696311492774 9.8645257301430664 44.921833125722834 5.2682223313416054 5.0933206441719641 31.93195745972881 0.0011312608735939424 62.548105649203755 0.00038213718393576018 0.92500172920164647 0.0017941187147296758
decision_type=2 2 2 2 2 2 2 2 2 2 2 2 2 2 2 2 2 2 2 2 2 2 2 2 2 2 2
left_child=1 8 9 7 5 18 11 24 -1 15 13 -5 14 -6 -11 16 -2 -17 -4 20 -10 -14 -8 -12 -3 -21 -7
right_child=2 3 4 6 10 26 22 -9 19 12 23 -13 21 -15 -16 17 -18 -19 -20 25 -22 -23 -24 -25 -26 -27 -28
leaf_value=0.054572805628926871 0.028325043918616285 -0.038875694288112189 -0.013583105949058925 -0.0079834190121504164 0.0029079947717249744 -0.026438907002154306 -0.040470792119220521 0.08129932468460796 -0.0028978088118625993 0.0049219312731544999 0.0070914016886811405 -0.020561651696668497 0.029433317693660324 0.020105993910785325 0.057665048721863038 0.03331079727646085 -0.028215705539537762 0.013126578113338422 -0.0020155287470747479 -0.022777653056537256 0.023526448183162418 0.0067165052134082097 0.010409173974626953 -0.020725655960569418 -0.022777919420735985 -0.060345047408156764 -0.057722772462613536
leaf_weight=4.4578288346528998 5.4529127925634411 57.935429830104113 84.786753863096237 201.38027288392186 290.15418149530888 3.1305489987134916 26.417170993983749 1.1139406710863102 210.52876790612936 694.90962043404579 9.6506863981485349 121.23920558765531 32.816110923886299 43.041239142417908 3.7616477236151686 29.993227884173393 11.17136165499687 251.80599063634872 304.92392738163471 4.6836477220058432 14.27101221680641 22.143998444080353 2.3572308570146552 28.330113284289837 28.12655832618475 2.6837387233972549 6.2632098197937012
leaf_count=18 22 1233 725 2758 1734 26 443 19 1733 3863 72 1836 149 223 25 121 48 1033 2757 31 92 99 43 220 543 20 56
internal_value=-0.000148877 -0.0122146 0.0043216 -0.0181215 -0.00132435 -0.00553877 -0.0146422 -0.0321463 -0.00126649 0.00845538 0.00320718 -0.0127103 0.00630524 0.00512958 0.0052059 0.0138853 -0.00966983 0.0152749 -0.00453221 -0.00233865 -0.00122031 0.0202805 -0.0363026 -0.0136575 -0.0336147 -0.0364624 -0.0472972
internal_weight=2497.53 675.195 1822.34 438.57 770.281 399.104 351.394 87.1759 236.625 1052.05 371.176 322.619 753.631 333.195 698.671 298.423 16.6243 281.799 389.711 232.167 224.8 54.9601 28.7744 37.9808 86.062 7.36739 9.39376
internal_count=19942 8769 11173 6875 5813 3564 5080 1795 1894 5360 2249 4594 4136 1957 3888 1224 70 1154 3482 1876 1825 248 486 292 1776 51 82
is_linear=0
shrinkage=0.05


Tree=34
num_leaves=30
num_cat=0
split_feature=4 1 1 4 1 3 4 2 4 4 0 4 3 2 2 3 3 4 3 2 3 2 4 2 4 1 2 0 3
split_gain=49.516 17.421 16.0958 6.49382 6.08353 6.05618 6.55068 5.8354 5.66388 5.32267 5.53254 4.98857 5.83515 4.79364 5.19518 4.71755 4.00827 4.39242 3.13025 3.07212 6.11323 4.40622 2.84761 3.6508 3.08001 2.8209 1.98104 1.41983 1.25002
threshold=4.5648800337078823 -0.00068474477693708502 -3.4054724697696319e-05 8.405807476543357 -0.003230811288749635 0.4071101879202948 8.0136000760395785 0.010403636357624759 1.614802210528423 8.0825958042164014 69.622723103227074 9.8645257301430664 1.1415862104016214 -0.00078756435400112446 -0.0010776483097232334 0.48999381986678969 1.0370101446253328 3.742698626122182 0.54239045166970568 0.01374850732792743 0.88146613580122424 0.0098632869899507609 4.3982653090218999 -0.0074742516813411921 3.0825008748757048 0.0027866388739650198 0.00013790660281176595 42.91445435690251 0.61864867237506194
decision_type=2 2 2 2 2 2 2 2 2 2 2 2 2 2 2 2 2 2 2 2 2 2 2 2 2 2 2 2 2
left_child=1 22 4 5 11 7 -7 -4 13 10 -6 18 -13 14 -3 -11 25 -18 -2 21 -21 -5 23 -1 -25 -10 27 -24 -15
right_child=2 8 3 19 9 6 -8 -9 16 15 -12 12 -14 28 -16 -17 17 -19 -20 20 -22 -23 26 24 -26 -27 -28 -29 -30
leaf_value=0.044570694788761564 0.0090367770418822938 -0.027124345938619138 0.020982085779678694 0.00087891524200277716 0.0019392780359285215 -0.0082248707400957403 -0.037521274248922161 -0.032460574798080379 -0.015519226549143847 0.030485477581503662 -0.025925591359045055 0.001470825946203862 0.017272519993368235 -0.047876142732859978 0.052671358137279495 0.0074238507889041452 -0.045066159930986935 -0.014135381154741767 0.040638803662322504 -0.035309840716994938 0.012118002004168002 0.017634283774580112 -0.031172838319905589 -0.0068180013570294396 0.0085532904491375239 0.024584073503897852 -0.063781924552760758 0.01926596710441085 -0.019980471895076783
leaf_weight=5.0374692082405081 11.322724610567091 7.6451168395578861 28.84049966186285 478.88554839789867 317.53104440495372 226.80212270468473 20.833570055663586 6.2071224972605696 285.06731687486172 23.225238710641861 18.872288856655359 95.246864289045334 151.11470307409763 31.507475093007088 2.7820365354418737 490.69923810660839 24.825124517083168 21.348231483250856 25.445587828755379 15.740229576826097 11.954450778663157 42.739021889865398 3.5009048581123334 62.539047375321388 68.049534618854523 4.4534893780946723 2.5693873837590218 2.3197129741311073 4.6025496870279303
leaf_count=27 46 145 274 3162 2111 2402 209 61 4357 118 145 390 621 710 40 2471 474 335 103 115 76 291 28 518 509 66 20 16 102
internal_value=-0.000144582 -0.0137663 0.0035026 -0.00177863 0.00737922 -0.00793635 -0.0106896 0.0115171 -0.0193504 0.00526552 0.000376054 0.0137273 0.0111634 -0.0356973 -0.0058343 0.00846605 -0.0170842 -0.0307653 0.030907 0.00139018 -0.0148375 0.00225176 0.00105445 0.00280315 0.00119196 -0.0149023 -0.0272136 -0.0110713 -0.0443206
internal_weight=2491.71 526.247 1965.46 832.003 1133.46 282.683 247.636 35.0476 382.231 850.328 336.403 283.13 246.362 46.5372 10.4272 513.924 335.694 46.1734 36.7683 549.319 27.6947 521.625 144.016 135.626 130.589 289.521 8.39001 5.82062 36.11
internal_count=19942 7347 12595 6590 6005 2946 2611 335 6229 4845 2256 1160 1011 997 185 2589 5232 809 149 3644 191 3453 1118 1054 1027 4423 64 44 812
is_linear=0
shrinkage=0.05


Tree=35
num_leaves=26
num_cat=0
split_feature=4 1 1 4 2 2 4 3 2 3 3 0 3 4 2 4 3 1 2 4 2 4 1 2 0
split_gain=45.1682 16.1719 14.5153 7.12195 5.68636 6.29634 5.5024 5.44279 8.07649 4.45726 4.02507 4.74874 3.29518 3.13484 3.09742 4.53979 2.71739 2.66333 2.64566 2.61486 3.2306 2.77476 2.50964 1.90564 1.30313
threshold=4.5648800337078823 -0.00068474477693708502 -0.0022400863251475496 9.5523650799569477 -0.014732494619830947 -0.0030157155033665446 1.7889104793248141 0.8482629823565252 0.0047859466069635212 0.86403434965972881 1.0310499810855707 60.051174054672366 0.28333258609417905 10.178638775880357 -0.00068993564696490084 1.2161379944718949 1.3843304188126517 -0.0046583449979881167 0.0020231198024170953 4.3982653090218999 -0.0074742516813411921 3.0825008748757048 0.0012831554257007884 0.00013790660281176595 42.91445435690251
decision_type=2 2 2 2 2 2 2 2 2 2 2 2 2 2 2 2 2 2 2 2 2 2 2 2 2
left_child=1 19 12 7 -5 -6 14 8 -4 -9 18 -12 -2 16 15 -3 -14 -15 -8 20 -1 -22 -16 24 -21
right_child=2 6 3 4 5 -7 10 9 -10 -11 11 -13 13 17 22 -17 -18 -19 -20 23 21 -23 -24 -25 -26
leaf_value=0.041598708767818654 -0.048910422301343778 0.026086590194264694 0.0062039828348928495 -0.052505743969983212 0.013693985207539198 0.0023916303270613455 -0.010987091467363425 -0.038036383666851664 -0.01350358644714399 -0.0055953662236554926 -0.018553642777655914 -0.052684595870829534 0.016984041157802693 0.014438983566495492 -0.041970157914977074 -0.032753114105177568 0.049191231302671293 0.0054994229698569035 -0.022608511081476504 -0.030271416598333975 -0.0065066271593789589 0.0080814798873222651 0.011215549925796188 -0.063104459263234075 0.018106701976656325
leaf_weight=5.1251423507928839 2.2658577859401694 4.9788622446358195 258.40780481696129 4.3861631155014029 152.85723884403706 635.58769328147173 205.93789169192314 10.882742770016192 65.080231934785843 391.10651080310345 31.203975860029459 15.133749309927223 96.222319811582565 143.1758269071579 42.443571750074625 9.5972100906074029 7.0274711251258841 199.28337475657463 64.252338103950024 3.4268079549074155 62.262504898011684 68.411683179438114 2.3402984254062167 2.4696496576070786 2.3441687077283859
leaf_count=27 12 86 2054 26 834 3798 3099 84 568 3341 505 323 414 585 969 175 31 848 1026 28 518 509 46 20 16
internal_value=-0.000140749 -0.0132467 0.00332475 0.000991257 0.00426701 0.00458284 -0.0187054 -0.00258862 0.00223916 -0.00647362 -0.0160857 -0.0297007 0.0112336 0.0115393 -0.0326748 -0.0126548 0.0191762 0.00923689 -0.0137507 0.000998424 0.00265795 0.00113067 -0.0391908 -0.0263493 -0.0106202
internal_weight=2486.21 519.928 1966.28 1518.31 792.831 788.445 375.888 725.477 323.488 401.989 316.528 46.3377 447.975 445.709 59.3599 14.5761 103.25 342.459 270.19 144.04 135.799 130.674 44.7839 8.24063 5.77098
internal_count=19942 7347 12595 10705 4658 4632 6229 6047 2622 3425 4953 828 1890 1878 1276 261 445 1433 4125 1118 1054 1027 1015 64 44
is_linear=0
shrinkage=0.05


Tree=36
num_leaves=24
num_cat=0
split_feature=4 1 1 4 0 0 0 3 1 3 4 1 1 4 3 2 0 2 0 1 3 1 1
split_gain=41.7275 15.6752 15.5278 8.46594 8.33456 8.15176 7.71847 6.13975 5.87785 6.24352 6.03381 5.41663 4.17176 3.85757 3.53616 3.37035 4.91731 4.53098 3.11448 11.162 3.6259 1.11172 0.00779818
threshold=3.8155623068356745 -0.0018138853297331445 -0.00098157374678842202 19.160247320241272 36.672889464695324 15.812332165691155 33.280424481792956 1.1869868142873901 0.0023959411264389279 0.20395426005583475 5.8845655116087441 0.0067333866282944807 -0.0028332170019454979 1.5085276963790912 0.25269198525043451 7.7680937025537147e-05 55.794505378227321 -0.00031021049855384225 14.61117897153254 -0.0083214107453278823 1.3929147354567195 -0.0007067457046494029 -0.00050212344702132972
decision_type=2 2 2 2 2 2 2 2 2 2 2 2 2 2 2 2 2 2 2 2 2 2 2
left_child=2 14 12 8 6 21 -5 13 10 -10 -3 -6 -1 -7 -2 17 -17 -14 19 -16 -20 -4 -9
right_child=1 3 5 4 11 7 -8 22 9 -11 -12 -13 15 -15 18 16 -18 -19 20 -21 -22 -23 -24
leaf_value=0.047505547559971349 -0.03352995100126157 -0.0060667891496542408 0.069429061751774587 0.016529444450781392 0.0089005732039756109 -0.033772306036080106 0.075575991046305357 -0.05534944748400316 0.081492128342664186 -0.011786186603556442 0.0019459877831293718 -0.013442238464692538 0.00035045838977674923 -0.01726899354399512 0.059028404064691703 0.046395242748568447 -0.0040608123423251999 -0.053127812324139823 0.013874259961179348 -0.016318866897871823 0.0048020233552039911 0.021476528766986372 -0.052509774077121943
leaf_weight=5.6767505407333365 4.6773151457309714 328.43248774856329 2.2936742901802063 16.76991538703442 177.82149560749531 41.258862309157848 8.2608703970909101 3.0783849135041228 1.8151561990380276 153.49008340388536 825.3870545476675 32.009477488696575 36.653641507029533 249.73140743747354 5.8692211061716071 9.1860944405198115 10.18021474778652 4.4405919015407553 361.85337700694799 30.2410948574543 158.32342484593391 2.5551630891859523 11.264250036329029
leaf_count=24 23 3520 17 85 930 892 42 36 19 1243 5659 234 281 4070 24 60 72 31 1579 134 683 29 255
internal_value=-0.00013662 0.00260496 -0.0154717 4.19415e-06 0.00874538 -0.0201616 0.0360165 -0.0211831 -0.00156401 -0.010696 -0.000334834 0.0054922 0.00652363 -0.019609 0.00976326 0.00267576 0.0198722 -0.00542834 0.0101273 -0.00407223 0.011113 0.0441598 -0.0531193
internal_weight=2481.27 2104.95 376.319 1543.99 234.862 310.182 25.0308 305.333 1309.12 155.305 1153.82 209.831 66.1373 290.99 560.964 60.4605 19.3663 41.0942 556.287 36.1103 520.177 4.84884 14.3426
internal_count=19942 14175 5767 11732 1291 5299 127 5253 10441 1262 9179 1164 468 4962 2443 444 132 312 2420 158 2262 46 291
is_linear=0
shrinkage=0.05


Tree=37
num_leaves=24
num_cat=0
split_feature=4 1 1 4 0 3 1 3 3 1 1 3 0 4 1 4 2 2 2 0 2 4 1
split_gain=38.1688 14.4879 14.3591 7.65854 7.35941 6.0394 4.8557 4.65497 6.47164 4.52051 6.62791 6.09286 4.45 5.37884 3.74625 3.71704 3.11562 4.06128 3.01378 4.29467 4.23793 1.04102 0.00664105
threshold=3.8155623068356745 -8.0581757296860332e-05 -0.00098157374678842202 8.405807476543357 15.812332165691155 1.1869868142873901 -0.0046583449979881167 0.1759408582919488 0.28333258609417905 0.0023959411264389279 0.0011793320534306819 0.22103325212402236 60.051174054672366 19.160247320241272 -0.0028332170019454979 1.5085276963790912 -0.014732494619830947 -0.010086726914064535 7.7680937025537147e-05 55.794505378227321 -0.00031021049855384225 2.1371299771789083 -0.00050212344702132972
decision_type=2 2 2 2 2 2 2 2 2 2 2 2 2 2 2 2 2 2 2 2 2 2 2
left_child=2 6 14 9 21 15 12 -8 -9 10 -3 -11 13 -2 -1 -6 -5 -18 20 -20 -16 -4 -7
right_child=1 3 4 16 5 22 7 8 -10 11 -12 -13 -14 -15 18 -17 17 -19 19 -21 -22 -23 -24
leaf_value=0.04492671747750468 0.027857271377004195 -0.010642366149411726 0.013485072089192177 -0.062469420284571378 -0.03308315292773862 -0.055062673922048791 0.067452151612267183 -0.023609630533363419 0.0052440681138619582 0.051590862327262677 0.0053780184011756223 -0.032743673506813495 -0.030852870815811131 0.008441862584491101 0.00033285722360650548 -0.016656713226274003 0.034856034178263245 0.0010609928051743623 0.04302500686090948 -0.0038674864587619796 -0.052111882376326579 0.059847913186998017 -0.052381819064307771
leaf_weight=5.7017845064401618 57.983143508434296 236.23823410645127 2.0631017014384261 1.9034424871206272 40.043556943535805 2.9431149512529364 2.9628107473254195 19.814116723835468 1011.6830937452614 2.317008405923846 88.840062607079744 28.299074426293373 5.2646094411611548 92.7105682939291 36.662022918462753 246.06099290028214 9.0364709943532926 548.07844533771276 9.4044866636395472 10.155296832323073 4.30428173393011 2.9306935742497444 10.740398701280354
leaf_count=24 234 2628 21 12 892 36 20 136 5740 24 983 315 23 379 281 4070 54 3627 60 72 31 25 255
internal_value=-0.00013261 0.00247348 -0.0149197 -0.00225847 -0.019505 -0.0205078 0.00610949 0.00486957 0.00468981 -0.00799402 -0.00626418 -0.0263613 0.0143338 0.0159124 0.0061819 -0.0189558 0.00139097 0.00160915 0.00253199 0.0186788 -0.00517745 0.0406939 -0.0529584
internal_weight=2476.14 2105.13 371.01 914.713 304.782 299.788 1190.42 1034.46 1031.5 355.694 325.078 30.6161 155.958 150.694 66.2279 286.105 559.018 557.115 60.5261 19.5598 40.9663 4.9938 13.6835
internal_count=19942 14175 5767 7643 5299 5253 6532 5896 5876 3950 3611 339 636 613 468 4962 3693 3681 444 132 312 46 291
is_linear=0
shrinkage=0.05


Tree=38
num_leaves=25
num_cat=0
split_feature=4 1 1 4 0 3 0 0 2 1 0 3 0 1 1 4 4 0 1 3 2 1 1 1
split_gain=34.9128 14.228 12.7673 7.36725 7.19738 6.64446 6.60015 6.0391 5.73047 4.93007 4.11965 4.07813 3.75347 3.7459 3.78246 6.31627 3.70371 2.8509 10.0632 3.19924 2.34202 1.07787 0.98313 0.00699868
threshold=3.8518460831955159 -0.00098157374678842202 -0.0018138853297331445 19.160247320241272 36.672889464695324 1.1478363208385935 33.280424481792956 15.812332165691155 0.01374850732792743 -0.00017856711087932406 35.744906765315328 0.25269198525043451 80.575160176286218 -0.0028332170019454979 -0.0010587876442011976 2.9902473288879499 1.5085276963790912 14.61117897153254 -0.0083214107453278823 1.3929147354567195 7.7680937025537147e-05 0.00093906838944735071 -0.0007067457046494029 -0.00051665490611074716
decision_type=2 2 2 2 2 2 2 2 2 2 2 2 2 2 2 2 2 2 2 2 2 2 2 2
left_child=1 13 11 8 6 7 -5 22 10 -6 -4 -2 -10 -1 20 -16 -9 18 -13 -19 -15 23 -3 -7
right_child=2 5 3 4 9 21 -8 16 12 -11 -12 17 -14 14 15 -17 -18 19 -20 -21 -22 -23 -24 -25
leaf_value=0.044355870673595144 -0.03930164164839095 0.059248700467038243 -0.0072297883732558871 0.015166756392658444 0.020426083729106703 -0.054940666919728702 0.069054966401332227 -0.032391477900699898 0.00093227067861500622 0.001284408227775832 0.00028146005404668404 0.05558530971649922 -0.041561321949187373 -0.0084852556294107793 -0.0050415591798572169 0.092349238891689639 -0.015778441109097898 0.012735226509276677 -0.016042183471288139 0.0042223434272531998 0.013752320927165079 0.0033445456924592674 0.015703279353868442 -0.052380944042339374
leaf_weight=5.9646670669317237 4.367260366678237 2.4617796689271927 220.60940647870302 16.943901374936107 42.033411517739296 3.4340226128697404 8.5489156097173673 38.88344844430685 8.0817094668746012 168.42191717773676 1058.052862752229 5.8553791344165793 14.557287931442259 37.602434799075127 3.749889723956584 2.9940615817904472 244.54121999815106 362.58629141747952 30.168499566614628 158.65854144096375 17.281724229454994 0.89984541758894998 2.7375751398503771 12.008049935102461
leaf_count=25 22 17 1565 85 197 43 42 892 61 967 8612 24 128 281 34 26 4078 1576 134 683 110 23 29 288
internal_value=-0.000128686 -0.014234 0.00237506 1.79438e-05 0.00814683 -0.0188342 0.033238 -0.017078 -0.00145596 0.0051075 -0.00101447 0.0088267 -0.0263919 0.00652081 0.00285895 0.0381963 -0.0180576 0.00920388 -0.00439974 0.010144 -0.00148317 -0.0498504 0.0363211 -0.0529502
internal_weight=2471.44 372.559 2098.89 1537.25 235.948 304.966 25.4928 288.624 1301.3 210.455 1278.66 561.636 22.639 67.5928 61.6281 6.74395 283.425 557.269 36.0239 521.245 54.8842 16.3419 5.19935 15.4421
internal_count=19942 5846 14096 11657 1291 5370 127 5016 10366 1164 10177 2439 189 476 451 60 4970 2417 158 2259 391 354 46 331
is_linear=0
shrinkage=0.05


Tree=39
num_leaves=28
num_cat=0
split_feature=4 1 1 4 1 1 2 4 0 0 0 3 0 0 2 3 1 2 1 0 0 3 1 1 1 1 4
split_gain=32.0107 16.1181 8.86759 7.36296 7.60652 6.14477 5.93511 5.61227 8.06375 9.65475 6.6038 5.44928 5.01343 4.99204 4.84423 4.54752 4.34244 7.6163 5.16524 4.60238 4.50278 4.27773 3.94184 2.69166 2.60661 2.08961 1.44597
threshold=5.8845655116087441 -0.00053405744874901451 0.00037240844616959207 2.1371299771789083 0.0027025948328207598 -0.0044254374280445754 -4.4397606032586794e-05 19.544417379958556 44.921833125722834 46.401374383545196 36.672889464695324 1.0852662315126522 69.376643319139404 65.707500656124935 -0.0046870988808250238 0.97061283109165475 0.00025230035418932767 0.0025569690332204469 0.00011623071956790022 35.744906765315328 64.799196884767738 0.23033466051885279 0.001104822944077988 -0.0046583449979881167 0.0044450411893166572 0.00038213718393576018 10.74306888912316
decision_type=2 2 2 2 2 2 2 2 2 2 2 2 2 2 2 2 2 2 2 2 2 2 2 2 2 2 2
left_child=1 5 16 4 25 -1 22 8 24 -10 11 -9 13 -7 -12 -8 18 19 23 -18 -20 -14 -5 -2 -4 -3 -19
right_child=2 3 7 6 -6 12 15 10 9 -11 14 -13 21 -15 -16 -17 17 26 20 -21 -22 -23 -24 -25 -26 -27 -28
leaf_value=0.064866460370748322 0.01244775503069284 -0.036323074770130914 -0.019861553275361116 -0.0075091509662284749 0.11769712717652503 -1.9706258765335854e-05 -0.01242259082382006 0.086738565844398777 0.042981232977750153 -0.0023716683428278793 -0.045372211367177097 0.01257749066436529 0.016199098677934832 0.036489966876027694 0.0059121493315928454 -0.028011768851222276 -0.0020676425486910676 0.0014557223476368182 -0.022518064314676747 0.048576859785131127 0.023771683508804611 -0.052031626381787745 0.014981383748959742 0.0052877477579522277 0.028628378447944403 -0.018615624027585709 -0.041130156869261414
leaf_weight=3.6925947666168204 153.97449213266373 50.022017918527126 79.603401437401772 139.09234807640314 0.87686403095722099 250.03313142806292 164.25015879049897 4.5382140129804593 12.128263197839258 361.59306969493628 4.7580104470252982 5.4536936283111572 3.2073083892464629 9.7269588336348516 142.84429331868887 65.410860370844603 5.7877319678664234 4.2157219648361197 27.139588966965675 19.945266269147396 6.5145810469984999 8.0951844900846464 22.655554920434952 889.79059794545174 2.8714607357978812 24.98111105710268 3.7810209840536118
leaf_count=15 628 1233 612 1864 15 1946 2496 24 93 2905 26 27 25 78 829 1080 43 37 213 153 51 78 261 4619 24 547 20
internal_value=-0.000124694 -0.00880843 0.00361092 -0.014459 -0.0287136 0.000801749 -0.0116955 -0.00121257 -0.00402268 -0.000899845 0.006922 0.0462606 -7.09833e-05 0.00134743 0.00425898 -0.0168626 0.00627539 0.0239413 0.00572234 0.0371862 -0.0135576 -0.0326698 -0.00435897 0.00634398 -0.0181733 -0.0304253 -0.0186797
internal_weight=2466.98 742.044 1724.94 467.289 75.88 274.755 391.409 613.79 456.196 373.721 157.594 9.99191 271.063 259.76 147.602 229.661 1111.15 33.7297 1077.42 25.733 33.6542 11.3025 161.748 1043.77 82.4749 75.0031 7.99674
internal_count=19942 9638 10304 7496 1795 2142 5701 4540 3634 2998 906 51 2127 2024 855 3576 5764 253 5511 196 264 103 2125 5247 636 1780 57
is_linear=0
shrinkage=0.05


Tree=40
num_leaves=26
num_cat=0
split_feature=4 1 1 4 3 0 1 1 3 0 0 2 2 4 2 4 2 2 1 0 0 4 0 1 0
split_gain=29.7791 11.6559 11.1978 6.34608 6.27145 5.80718 4.28231 6.04393 5.61021 3.80091 15.889 9.51257 8.67369 6.00132 5.9231 3.34991 2.95685 3.391 2.93389 2.5849 4.24204 2.69946 0.992725 0.00492197 0.000328593
threshold=3.8155623068356745 -0.00098157374678842202 -8.0581757296860332e-05 8.405807476543357 1.1869868142873901 15.812332165691155 0.0023959411264389279 0.0011793320534306819 0.22103325212402236 46.401374383545196 44.315659421988961 -0.0041417833477468404 -0.0024945237827739826 6.813291849779362 -0.0030157155033665446 1.5085276963790912 -0.014732494619830947 -0.010086726914064535 -0.0028332170019454979 38.900307677696595 31.167096243374178 3.6601393538841056 11.339099707894414 -0.00050212344702132972 58.949621050942795
decision_type=2 2 2 2 2 2 2 2 2 2 2 2 2 2 2 2 2 2 2 2 2 2 2 2 2
left_child=1 18 9 6 5 22 7 -4 -8 10 14 -11 -12 -13 -2 -7 -5 -18 -1 20 -20 -21 -3 -6 -25
right_child=2 4 3 16 23 15 8 -9 -10 11 12 13 -14 -15 -16 -17 17 -19 19 21 -22 -23 -24 24 -26
leaf_value=0.039641038835410758 0.0089814560666997677 0.014844061151855426 -0.0098514693058847184 -0.061921669437755046 -0.054537325507396164 -0.031216912035792056 0.04807435329125917 0.0054888832847913589 -0.031820017294900936 -0.062509049846268414 -0.0039815609994411864 -0.0067250446346740437 0.041405653822131655 0.0062950303537594567 -0.00042485517414409479 -0.015034940168726394 0.031496448650326546 0.0009775172776503862 0.0070230932264188986 0.016220820181874134 -0.033081149894739502 -0.031918758729824276 0.058643016217474642 -0.052362294250255972 -0.051769786260195828
leaf_weight=5.7286161035299292 427.17441573739052 2.6497188955545417 232.66320822015405 1.8447866588830937 2.6876298673450938 36.979507010430098 2.3885496035218265 88.681357223540545 27.440583057701588 5.7153304368257514 13.412848420441149 125.86777029186487 48.912945792078972 298.13654624670744 275.16378616541624 236.673972081393 9.2554677352309209 548.38933605700731 16.329263485968116 30.095799662172794 11.059692174196242 3.2241158932447425 2.5280363671481609 5.6793906949460489 3.9796038307249546
leaf_count=24 2015 22 2628 12 36 892 24 983 315 30 61 1001 279 1517 1629 4070 54 3627 125 209 88 22 23 135 121
internal_value=-0.00012167 -0.0134614 0.00214454 -0.00203182 -0.0177732 -0.0162291 -0.00730022 -0.005618 -0.0254225 0.00532883 0.00744328 0.00156626 0.0316381 0.00242996 0.00529623 -0.0172217 0.00127499 0.00148405 0.00543626 0.00220863 -0.00917105 0.0115627 0.0362289 -0.0526448 -0.0521182
internal_weight=2462.66 357.615 2105.05 910.663 291.178 278.831 351.174 321.345 29.8291 1194.38 764.664 429.72 62.3258 424.004 702.338 273.653 559.49 557.645 66.4375 60.7089 27.389 33.3199 5.17776 12.3466 9.65899
internal_count=19942 5767 14175 7643 5299 5007 3950 3611 339 6532 3984 2548 340 2518 3644 4962 3693 3681 468 444 213 231 45 292 256
is_linear=0
shrinkage=0.05


Tree=41
num_leaves=28
num_cat=0
split_feature=4 1 1 3 4 0 1 1 3 1 4 3 0 2 0 4 3 1 4 1 2 2 4 4 0 1 0
split_gain=27.1996 10.7506 10.0911 6.1368 5.76779 5.23927 3.9946 5.55564 5.10459 3.57766 5.03022 6.13965 4.27639 4.81537 4.64198 3.2088 2.86152 2.85137 3.20117 2.64536 2.36977 4.43188 3.48625 1.32263 0.829121 0.00419898 0.000281306
threshold=3.8155623068356745 -0.00098157374678842202 -8.0581757296860332e-05 1.1869868142873901 8.405807476543357 15.812332165691155 0.0023959411264389279 0.0010657623379626282 0.22103325212402236 -0.0035189048891267056 9.8645257301430664 0.51094820347856906 28.643677426820101 -0.0056246255763743305 46.971301377933663 1.5085276963790912 0.57898120593286673 0.0067333866282944807 19.896729867268668 -0.0028332170019454979 -0.0017539112817761546 -0.0033477111360121765 2.3286145804955178 39.947500884137341 11.339099707894414 -0.00050212344702132972 58.949621050942795
decision_type=2 2 2 2 2 2 2 2 2 2 2 2 2 2 2 2 2 2 2 2 2 2 2 2 2 2 2
left_child=1 19 9 5 6 24 7 -4 -8 10 16 -12 13 -11 -14 -7 -2 18 -6 -1 21 -21 -22 -19 -3 -5 -27
right_child=2 3 4 25 17 15 8 -9 -10 12 11 -13 14 -15 -16 -17 -18 23 -20 20 22 -23 -24 -25 -26 26 -28
leaf_value=0.037614835569134739 0.011836650646116258 0.013961124229434197 -0.0099672842817570759 -0.054297427700920914 -0.00013653275695542168 -0.03051933526552621 0.04398252212428358 0.0040649478867333007 -0.031033863499680677 0.0057369239872957813 -0.040405116153034784 0.0092532700690565808 0.0088765686119465139 -0.011470854029772493 0.0011634619509372144 -0.014474979491993223 0.043720367677599098 -0.018213677258979884 0.0088031673379695766 0.016008588116633169 -0.012524989597185763 -0.031394196011871774 0.019071134670648807 0.0015661129372889406 0.053493225198361909 -0.052242081845283575 -0.051680520695902968
leaf_weight=5.7351506352424613 12.3175165951252 2.6757380329072467 214.93714000657201 2.5675622895359984 385.87235582619905 35.959692861884832 2.4777964800596264 104.99439214542508 26.746765688061714 74.208841823041439 6.4098450839519492 215.15672677755356 407.82981194555759 89.916983589529991 373.91172130033374 233.61766754835844 16.415726959705353 26.345592826604843 135.23360024392605 8.3966972380876559 12.757923647761343 11.945828624069689 27.654594622552395 12.443270713090895 2.630052775144577 5.4145208448171598 3.7918897196650505
leaf_count=24 50 22 2441 36 2678 892 24 1170 315 371 28 876 2295 551 2294 4070 67 226 712 58 95 92 199 77 23 135 121
internal_value=-0.00011831 -0.0129593 0.00203575 -0.0171608 -0.00193518 -0.0156468 -0.00697859 -0.00536222 -0.0246736 0.00505354 0.0103692 0.00781667 0.00364688 -0.00369043 0.00518734 -0.0166152 0.0300523 0.00120994 0.00218343 0.00515456 0.00209038 -0.011828 0.00909648 -0.0118684 0.033557 -0.0525094 -0.0520108
internal_weight=2458.37 353.147 2105.22 286.657 909.051 274.883 349.156 319.932 29.2246 1196.17 250.3 221.567 945.867 164.126 781.742 269.577 28.7332 559.895 521.106 66.4902 60.755 20.3425 40.4125 38.7889 5.30579 11.774 9.20641
internal_count=19942 5767 14175 5299 7643 5007 3950 3611 339 6532 1021 904 5511 922 4589 4962 117 3693 3390 468 444 150 294 303 45 292 256
is_linear=0
shrinkage=0.05


Tree=42
num_leaves=25
num_cat=0
split_feature=4 1 1 3 4 1 2 2 0 0 3 0 4 1 1 4 0 1 3 0 2 1 1 1
split_gain=24.8402 10.6962 8.86979 6.29675 5.5211 5.74361 5.90483 5.25555 4.39292 3.96272 3.6362 3.53617 3.17436 2.68517 3.19965 5.1921 2.61661 9.00977 2.98845 2.20058 1.84529 1.28264 0.78417 0.00474108
threshold=3.8518460831955159 -0.00098157374678842202 -0.0018138853297331445 1.1478363208385935 19.160247320241272 0.0067333866282944807 0.0098632869899507609 0.01374850732792743 15.812332165691155 35.744906765315328 0.25269198525043451 80.575160176286218 1.5085276963790912 -0.0028332170019454979 -0.0010587876442011976 2.9902473288879499 14.61117897153254 -0.0083214107453278823 1.6953500338434071 58.572143687670582 7.7680937025537147e-05 0.00096052215893749359 -0.0007067457046494029 -0.00051665490611074716
decision_type=2 2 2 2 2 2 2 2 2 2 2 2 2 2 2 2 2 2 2 2 2 2 2 2
left_child=1 13 10 8 7 6 -6 9 22 -4 -2 -9 -10 -1 20 -16 17 -12 -18 -7 -15 23 -3 -5
right_child=2 3 4 21 5 19 -8 11 12 -11 16 -13 -14 14 15 -17 18 -19 -20 -21 -22 -23 -24 -25
leaf_value=0.037528223034641248 -0.038509448390182527 0.048806053042736358 -0.0069912467448226909 -0.054289216471316605 0.0070574874432705551 0.014704786957782276 0.034116028939791369 0.00090709740085962972 -0.029820871109428878 0.00039170494354838487 0.051567454584015564 -0.040605974534593733 -0.013667907899274268 -0.0079338832539070162 -0.0055132471928444546 0.080900453437455402 0.0099929994941079063 -0.016371192675629968 -0.0014382301029493183 -0.019142896258248974 0.011710363929527658 0.014636996598006977 0.011174287978622457 -0.05204431395053194
leaf_weight=5.9746069908142081 4.2953977584838858 2.6533519923686981 219.58383600413799 3.0373654179275027 183.75269420444965 5.9011397361755398 22.647172540426254 8.0780221372842806 34.986834755167365 1054.8463465869427 5.8224578201770774 14.055727168917654 232.77163850516081 37.272004492580891 3.7757858932018271 3.2212538570165634 458.22369919717312 30.148517906665802 65.324969530105591 25.780456759035587 17.599422864615917 0.74991058558225709 2.8944641798734656 10.42190979979932
leaf_count=25 22 17 1565 43 936 40 121 61 892 8612 24 128 4078 281 34 26 1973 134 286 194 110 21 29 290
internal_value=-0.00011462 -0.0123395 0.00195557 -0.0165533 -1.47714e-05 0.00698385 0.0100265 -0.00129989 -0.0148661 -0.000880375 0.00731862 -0.0254552 -0.0157785 0.00551839 0.00242721 0.0342694 0.00767043 -0.00537427 0.00856669 -0.0128383 -0.0016332 -0.049005 0.0291724 -0.0525509
internal_weight=2453.82 355.359 2098.46 287.515 1534.65 238.081 206.4 1296.56 273.306 1274.43 563.815 22.1337 267.758 67.8431 61.8685 6.99704 559.52 35.971 523.549 31.6816 54.8714 14.2092 5.54782 13.4593
internal_count=19942 5846 14096 5370 11657 1291 1057 10366 5016 10177 2439 189 4970 476 451 60 2417 158 2259 234 391 354 46 333
is_linear=0
shrinkage=0.05


Tree=43
num_leaves=26
num_cat=0
split_feature=4 1 1 3 4 4 3 0 4 0 0 2 1 0 4 3 0 3 1 1 4 0 4 1 0
split_gain=22.689 9.10737 8.75637 5.88223 4.51712 4.75648 4.66558 4.29819 3.55705 5.81652 6.04314 3.55463 3.63249 3.35188 2.93204 2.64593 5.36472 4.33327 2.147 2.10414 3.00295 2.30211 0.79557 0.00303676 0.000198914
threshold=3.8155623068356745 -0.00098157374678842202 -3.4054724697696319e-05 1.1869868142873901 8.405807476543357 8.0136000760395785 0.51645288734437333 15.812332165691155 8.0825958042164014 8.6272809523943526 55.606502693236948 0.014826997449053582 -0.00051665490611074716 46.971301377933663 1.614802210528423 1.8203388920926749 40.428207951407828 1.7879622025753197 -0.0028332170019454979 -0.0019837564039700824 2.3286145804955178 37.423491095562447 2.1371299771789083 -0.00050212344702132972 58.949621050942795
decision_type=2 2 2 2 2 2 2 2 2 2 2 2 2 2 2 2 2 2 2 2 2 2 2 2 2
left_child=1 18 8 7 5 13 -7 22 9 -2 -11 12 -10 -4 -9 17 -17 -6 -1 21 -21 -20 -3 -5 -25
right_child=2 3 4 23 15 6 -8 14 11 10 -12 -13 -14 -15 -16 16 -18 -19 19 20 -22 -23 -24 24 -26
leaf_value=0.033847285332388059 -0.07123474842820704 0.0062213421875128233 -0.013280611418495883 -0.053856777291365267 0.00034955369197633805 0.021177210955511751 -0.039661703645979221 -0.027843672185458308 0.0051320625436950158 0.0046217258461329312 -0.0095221496687788888 0.047415169267020427 0.01613718724517647 -0.0017346077369043275 -0.01318334292181734 -0.067393419782892247 0.01385955254748289 -0.031591641658976599 -0.050494017145875515 -0.011554286037291868 0.013926706985177659 0.0021100200926518881 0.044855394518638604 -0.052024608564410074 -0.051530330057582466
leaf_weight=5.7366952151060095 2.7724930047988883 2.2465314306318751 87.113869801163673 2.3412799686193457 482.71864288300276 3.8165579363703754 18.077239226549864 40.307045724242926 695.21308440715075 333.52103974670172 97.62682468816638 5.2975370436906806 84.046256870031357 225.76021647080779 221.66354740783572 2.107776701450347 56.107399433851242 10.857076130807398 3.7548635080456716 17.201978795230389 35.269782520830631 4.662290945649147 3.275247685611248 4.925677100196479 3.4689381718635559
leaf_count=24 16 21 907 36 3251 36 193 1035 3152 2256 762 25 480 2704 3927 12 312 69 23 132 269 20 24 135 121
internal_value=-0.000110878 -0.0119991 0.00183669 -0.0159753 -0.00194388 -0.00652596 -0.0290562 -0.0145188 0.00458741 0.000954847 0.00141906 0.0065965 0.00631901 -0.00494937 -0.015439 0.000836035 0.0109177 -0.00035305 0.00460553 0.0018505 0.00557319 -0.0213565 0.0291372 -0.0522645 -0.0518204
internal_weight=2449.89 344.854 2105.04 278.228 886.559 334.768 21.8938 267.492 1218.48 433.92 431.148 784.557 779.259 312.874 261.971 551.791 58.2152 493.576 66.6256 60.8889 52.4718 8.41715 5.52178 10.7359 8.39462
internal_count=19942 5767 14175 5299 7484 3840 229 5007 6691 3034 3018 3657 3632 3611 4962 3644 324 3320 468 444 401 43 45 292 256
is_linear=0
shrinkage=0.05


Tree=44
num_leaves=27
num_cat=0
split_feature=4 1 1 4 1 2 1 2 2 3 4 2 0 4 1 2 0 1 0 4 0 1 1 3 3 4
split_gain=20.8197 8.87361 6.97082 6.33319 7.825 5.32051 4.8368 4.78098 9.27905 7.49415 4.52201 6.16741 5.48313 4.0788 3.57707 6.93033 8.52114 5.26448 5.59493 4.88313 3.53124 2.67228 2.14354 2.05453 0.823563 0.475087
threshold=5.3517709309538679 -0.00046901071198046646 0.00037240844616959207 2.1371299771789083 0.0027866388739650198 -0.014732494619830947 0.00040848271596549696 0.001158750770706374 0.0010995919585922167 0.97061283109165475 19.544417379958556 0.01374850732792743 36.672889464695324 5.2682223313416054 0.00025230035418932767 -0.00031021049855384225 35.744906765315328 0.00011623071956790022 64.799196884767738 14.087885361861685 8.6272809523943526 0.00038213718393576018 -0.0046583449979881167 0.89838441751573272 0.92500172920164647 7.9428448797187885
decision_type=2 2 2 2 2 2 2 2 2 2 2 2 2 2 2 2 2 2 2 2 2 2 2 2 2 2
left_child=1 5 14 4 21 -1 23 8 -5 -9 11 -8 -12 20 17 16 -16 22 -19 -17 -7 -3 -2 -4 -15 -25
right_child=2 3 6 7 -6 13 10 9 -10 -11 12 -13 -14 24 15 19 -18 18 -20 -21 -22 -23 -24 25 -26 -27
leaf_value=0.087247877557942999 0.010431267689030181 -0.036504549903131067 0.00035819965388836453 -0.0065378844509380507 0.12423146482160752 -0.063093744925917364 -0.0024946247713817033 -0.012038000586809495 0.08314220075998105 -0.045650374151695657 0.041511503104307658 -0.035076694452287574 0.0037797299231529312 -0.025254444063111815 -0.0032895487898282685 0.013390058336880464 0.071858684919550511 -0.024368419109414358 0.023341761866306203 -0.046190077433888276 0.00046492383380493976 -0.015260259191872298 0.004080609957693021 -0.033725714361534424 -0.059749588559878788 -0.061848282915823664
leaf_weight=1.708506017923354 154.28266395628452 41.940380565822124 2.5797473043203336 190.93623573891819 0.84393594413995643 2.2060275375843039 463.63650503009558 90.309606216847897 2.9286144394427529 20.313007391989231 10.29922443628311 14.993671692907808 147.82612594217062 4.9349550083279601 5.9271516650915173 16.642872758209709 10.375722877681254 29.002900950610638 7.7967764586210242 4.3347404599189749 232.93440106883645 22.876852385699749 957.48341135680676 2.2865210771560669 2.6645406261086464 4.3756737560033798
leaf_count=8 629 1179 23 2962 14 15 3801 1517 52 408 51 131 850 34 45 149 74 240 65 22 2011 548 5036 26 21 31
internal_value=-0.00010744 -0.00807067 0.00256428 -0.012953 -0.027037 -0.000677693 -0.00161466 -0.00991591 -0.00518313 -0.0182101 -0.00109343 -0.0035153 0.00623732 -0.00129655 0.00484079 0.0200833 0.0445374 0.00434604 -0.01426 0.00107863 -0.000131367 -0.0290065 0.00496191 -0.0375266 -0.0373492 -0.0521964
internal_weight=2446.44 614.597 1831.84 370.149 65.6612 244.448 645.997 304.487 193.865 110.623 636.756 478.63 158.125 242.74 1185.85 37.2805 16.3029 1148.57 36.7997 20.9776 235.14 64.8172 1111.77 9.24194 7.5995 6.66219
internal_count=19942 8769 11173 6680 1741 2089 4913 4939 3014 1925 4833 3932 901 2081 6260 290 119 5970 305 171 2026 1727 5665 80 55 57
is_linear=0
shrinkage=0.05


Tree=45
num_leaves=27
num_cat=0
split_feature=4 1 1 4 2 2 0 2 1 2 4 2 3 3 3 1 4 2 0 0 2 3 0 2 2 2
split_gain=19.3205 8.23559 7.14362 6.95519 6.8086 6.65091 5.24273 4.62104 6.45261 5.24775 4.37293 4.25218 6.39785 3.79317 7.50235 3.89008 3.55113 3.17861 2.96093 13.6996 8.80045 7.98445 5.2689 5.0787 2.80118 2.88233
threshold=3.8155623068356745 -0.00029090591610719802 -8.0581757296860332e-05 0.58369599163375752 0.0012234228794075765 0.0024456272016398777 52.713521006659654 -0.0018826077717465914 0.00023003098721063878 0.0011301808247959901 8.405807476543357 -0.0026758178966168051 0.2132076120811153 1.2158325639099423 1.1782387477810172 0.0018912690373682486 3.742698626122182 -0.0074742516813411921 46.401374383545196 44.315659421988961 -0.0041417833477468404 0.68352767053344332 48.095160465645513 -0.0030157155033665446 -0.014732494619830947 -0.010086726914064535
decision_type=2 2 2 2 2 2 2 2 2 2 2 2 2 2 2 2 2 2 2 2 2 2 2 2 2 2
left_child=1 3 18 -1 6 -6 -5 11 16 -10 13 17 -13 14 -4 -15 -9 -3 19 23 -20 -21 -22 -2 -12 -26
right_child=2 7 10 4 5 -7 -8 8 9 -11 24 12 -14 15 -16 -17 -18 -19 20 21 22 -23 -24 -25 25 -27
leaf_value=0.093047804405885129 0.0074682533597183577 0.02225705271661212 -0.0048740974046932997 -0.004555576993594425 0.043491790907752792 -0.0035931984600563495 -0.033180530236786118 -0.034894068550084777 -0.0021946241286401116 -0.025593688622699964 -0.061432464324994045 0.12675904886940756 0.011201715694082997 -0.020222272752084856 0.048649986972546549 0.02977113057435142 0.040759753548893329 -0.031794925848209289 -0.061468186787438643 0.066003934624921365 -0.015030001206887859 0.019967860662457187 0.0035559910446342369 -0.001220045811164541 0.028623739880146382 0.00077364684518038554
leaf_weight=1.8793494757264841 428.90380679816008 3.8481647893786421 272.24709014222026 100.41714932024479 13.536207640543582 16.818338299170136 19.026706090196967 65.440099094063044 52.337307708337903 44.195878282189369 1.7883290946483601 1.3933426961302746 8.5341590344905836 60.652628961950541 6.7082630842924109 4.1578462123870841 1.5887783132493485 9.2768041007220763 5.5847297683358184 11.494749441742895 42.342799670994282 52.148261044174433 383.43911779299378 276.71534060314298 9.4502401724457723 549.02529262006283
leaf_count=20 2015 48 2983 1096 152 181 259 1579 1110 936 12 31 159 828 82 57 26 170 30 61 239 279 2279 1629 54 3627
internal_value=-0.000104803 -0.0111957 0.00167789 -0.00254238 -0.00374164 0.0174037 -0.00911536 -0.018229 -0.0211828 -0.0129074 -0.0016791 0.00272897 0.0274204 -0.00611856 -0.00358696 -0.017015 -0.0331009 -0.0159472 0.00420559 0.00606496 0.000889755 0.0282826 0.00170767 0.00406105 0.00104485 0.00124491
internal_weight=2442.95 338.292 2104.66 151.678 149.798 30.3545 119.444 186.615 163.562 96.5332 904.03 23.0525 9.9275 343.766 278.955 64.8105 67.0289 13.125 1200.63 769.262 431.367 63.643 425.782 705.619 560.264 558.476
internal_count=19942 5767 14175 1708 1688 333 1355 4059 3651 2046 7643 408 190 3950 3065 885 1605 218 6532 3984 2548 340 2518 3644 3693 3681
is_linear=0
shrinkage=0.05


Tree=46
num_leaves=26
num_cat=0
split_feature=4 1 1 3 3 0 1 3 3 0 1 4 3 4 4 1 4 1 4 2 3 2 1 1 0
split_gain=17.6288 8.31112 6.52348 6.15314 4.71338 5.16801 7.06107 4.20066 3.93144 3.56723 3.34902 2.92517 2.82553 2.80685 2.71873 2.21702 4.18009 3.23976 3.281 3.20229 2.19806 1.75834 0.608589 0.00286805 0.000211674
threshold=3.8518460831955159 -0.00098157374678842202 -0.0022400863251475496 1.1869868142873901 1.8203388920926749 77.723123439004453 0.0015471959862195519 0.26019123020780283 1.8037697603192286 15.812332165691155 0.0023959411264389279 10.178638775880357 1.3843304188126517 1.5085276963790912 22.277559114487975 -0.0010587876442011976 2.9902473288879499 -0.0015121364390027201 3.3664280807982121 0.00021993805645748046 0.61864867237506194 0.008342705806258734 -0.0007067457046494029 -0.00050212344702132972 58.949621050942795
decision_type=2 2 2 2 2 2 2 2 2 2 2 2 2 2 2 2 2 2 2 2 2 2 2 2 2
left_child=1 15 7 9 8 6 -6 -2 10 22 -4 12 -9 -11 -10 17 -17 19 -19 -1 -13 -7 -3 -5 -25
right_child=2 3 4 23 5 21 -8 11 14 13 -12 20 -14 -15 -16 16 -18 18 -20 -21 -22 -23 -24 24 -26
leaf_value=0.0025454467856683822 -0.046811977830189595 0.042979053162984088 0.0006625273845131353 -0.053693607870954042 0.005920754709682851 -0.051052853928765976 0.037631443871995032 0.012237773814332085 -0.04898288244009491 -0.027704923330370158 -0.0058056981490143093 -0.010582486376109083 0.044694262836348801 -0.011925073169484282 0.0054676140343482621 -0.005241064094291658 0.071050420407255829 -0.00134532393851222 -0.042206322211536307 0.03721700380905129 0.0060345921447033058 -0.006535841284965648 0.010249053493919606 -0.051928543214535654 -0.051407040192073206
leaf_weight=22.188084319233898 3.6159895807504645 2.7602124288678169 1291.0766451358795 2.3752317018806925 66.298627033829689 3.8191520534455758 23.877311296761036 104.79557982087135 7.0061684995889646 32.215174911543727 236.82690021395683 21.202977776527405 7.1640014797449103 225.02772551961243 3.4073724895715714 3.753102406859397 3.4421389549970627 22.747812516987327 6.2660470530390731 9.5158457309007627 324.02405613660812 5.2913241609930992 2.9257027842104426 4.7954860758036357 3.2743710409849882
leaf_count=126 19 17 9760 38 366 24 122 450 49 892 1790 90 31 4131 19 34 26 193 53 44 1343 33 29 139 124
internal_value=-0.000102495 -0.0106415 0.00161158 -0.0145305 0.000132749 0.0106914 0.0143173 0.00686705 -0.000548732 -0.0130354 -0.000340055 0.00729161 0.0143146 -0.0139012 -0.0311664 0.0050131 0.0312561 0.00190323 -0.01017 0.012952 0.00501401 -0.0251976 0.0261377 -0.0521664 -0.0517169
internal_weight=2439.69 341.287 2098.41 273.374 1637.6 99.2864 90.1759 460.803 1538.32 262.929 1527.9 457.187 111.96 257.243 10.4135 67.913 7.19524 60.7178 29.0139 31.7039 345.227 9.11048 5.68592 10.4451 8.06986
internal_count=19942 5846 14096 5370 12163 545 488 1933 11618 5069 11550 1914 481 5023 68 476 60 416 246 170 1433 57 46 301 263
is_linear=0
shrinkage=0.05


Tree=47
num_leaves=26
num_cat=0
split_feature=4 1 2 1 4 4 1 1 0 2 3 0 0 3 1 0 4 4 2 3 3 3 0 0 2
split_gain=16.4943 9.82399 6.20271 5.14598 5.83541 5.10519 6.86477 4.69329 4.45081 4.67103 4.29368 4.2711 8.38489 7.88355 4.24865 3.92232 3.78254 2.31089 6.08343 2.35552 9.10491 3.15018 0.807064 2.89674 0.660334
threshold=5.8845655116087441 -0.00053405744874901451 -2.2391475716587724e-05 0.0023959411264389279 8.5755035418417229 2.7067038186558592 0.0006454333785558265 -0.0044254374280445754 69.376643319139404 -0.0042575238263521378 0.23033466051885279 60.697095395515838 59.871578734406853 0.74990524597145813 0.0039670061782047803 49.220559697689858 1.8388524360465952 59.628429505301739 -0.0052310827627745074 0.54239045166970568 0.48999381986678969 0.76649788118158846 73.729533864898528 67.775102322418988 0.0086421906994172976
decision_type=2 2 2 2 2 2 2 2 2 2 2 2 2 2 2 2 2 2 2 2 2 2 2 2 2
left_child=1 7 5 17 22 6 -3 -1 9 -9 -10 12 -6 -13 16 -7 -4 19 -19 20 -2 -21 23 -5 -24
right_child=3 2 14 4 11 15 -8 8 10 -11 -12 13 -14 -15 -16 -17 -18 18 -20 21 -22 -23 24 -25 -26
leaf_value=0.057652227062685892 0.0048104397086182939 -0.028046422002796018 -0.035559408673963802 -0.034560440275305797 0.0034756985869494176 -0.0035471637341182951 0.021267159051762054 -0.021295163762123259 0.017895086456575043 0.003462233128745139 -0.051423231710544137 -0.034524776510822218 0.079449137752557158 -0.0021861747218467876 0.049954873396762155 0.0177943422371603 -0.014912111516879198 0.017738683968277404 -0.059182874797512657 0.010307863911872953 -0.026479359401479566 0.0034397075415642043 -0.055158154193983226 0.026659352258648683 -0.026022444141595099
leaf_weight=3.5959768742322913 97.396581739187241 37.093538220971823 24.622492602095008 9.3354407846927661 86.647705256938934 110.40569283254445 8.7153429016470891 20.719572834670544 3.1507302671670896 236.7374141998589 7.6775111556053162 22.313994243741035 3.7906126081943503 121.26090963929892 2.3951300308108321 26.744759384542704 223.78095189295709 5.24465611577034 5.0407795161008817 195.49882600456476 30.539281629025936 1143.4070399478078 4.4878055788576594 2.4365896657109252 3.4318039417266846
leaf_count=15 613 936 766 99 566 1405 175 129 25 1895 78 179 22 820 34 345 3835 22 22 1147 190 6501 54 28 41
internal_value=-9.90443e-05 -0.0065421 -0.0112129 0.00252771 -0.0040507 -0.00421248 -0.0186643 0.000909624 0.000149071 0.00146981 -0.0312534 -0.00185101 0.00666003 -0.00721215 -0.0163197 0.000614495 -0.0169587 0.00365759 -0.0199597 0.00382319 -0.00265868 0.00444255 -0.0301916 -0.0218891 -0.0425328
internal_weight=2436.47 705.639 433.758 1730.83 253.705 182.959 45.8089 271.881 268.285 257.457 10.8282 234.013 90.4383 143.575 250.799 137.15 248.403 1477.13 10.2854 1466.84 127.936 1338.91 19.6916 11.772 7.91961
internal_count=19942 9638 7496 10304 1809 2861 1111 2142 2127 2024 103 1587 588 999 4635 1750 4601 8495 44 8451 803 7648 222 127 95
is_linear=0
shrinkage=0.05


Tree=48
num_leaves=31
num_cat=0
split_feature=4 1 2 1 3 1 4 1 2 4 0 0 1 2 3 4 3 2 2 4 0 1 0 0 2 3 4 4 2 4
split_gain=14.9612 9.00244 5.75659 4.71453 6.6461 4.64763 5.56793 5.98259 11.0702 4.41257 4.31166 4.18667 10.1196 4.37838 4.07147 3.92089 4.69405 3.84271 4.75514 3.23181 2.91595 2.16704 4.8673 7.45879 6.27616 4.59797 4.03746 2.44784 1.57461 0.466878
threshold=5.8845655116087441 -0.00053405744874901451 -2.2391475716587724e-05 0.001104822944077988 0.22103325212402236 0.0023959411264389279 24.737086165519028 0.0067333866282944807 0.0090485934929661633 2.7067038186558592 69.376643319139404 65.707500656124935 -0.00077940638643370075 0.0060576035300119466 0.23033466051885279 1.8388524360465952 0.98187690193115651 0.0053367438142051258 0.0086421906994172976 7.9428448797187885 79.63549945246622 -0.0030774961874295288 44.531405007155008 46.196289773925464 -0.0063158724059981788 0.51645288734437333 19.160247320241272 11.692605608726861 0.0053367438142051258 3.1951369438038366
decision_type=2 2 2 2 2 2 2 2 2 2 2 2 2 2 2 2 2 2 2 2 2 2 2 2 2 2 2 2 2 2
left_child=1 10 3 9 -5 21 17 8 -8 -3 11 13 -13 -1 -12 28 -17 19 -19 -7 -9 25 24 -24 -23 27 -27 -2 -4 -16
right_child=5 2 15 4 -6 6 7 20 -10 -11 14 12 -14 -15 29 16 -18 18 -20 -21 -22 22 23 -25 -26 26 -28 -29 -30 -31
leaf_value=0.0015385913556051258 -0.0055009838174927975 -0.0211404615460603 -0.03832031553438512 0.077689383491786515 0.0053120556802605098 -0.03205839883298444 0.007431886469008768 0.0015058582844267759 0.072088124945019857 -0.0021759402123793085 0.016801586572738437 0.0042781618407221351 0.11988485606902644 -0.064502224700233715 -0.029462924434455025 -0.0093991005129082719 -0.025960449295188977 -0.031382592500452562 -0.0058710315502979128 2.6758966749054579e-05 -0.033116181585298686 0.0092094837037469453 0.024093451663438833 0.0037866863142392592 -0.0043333413217731143 0.014684306987774107 0.0026868557093994894 -0.048083456626513234 0.01455431167019685 -0.058209726893189699
leaf_weight=248.85012592375278 10.417677313089369 41.665870200842619 22.374302774667743 3.7492663860321072 20.592022772878408 8.5158987864851934 35.289614886045456 17.625382617115978 8.1489671319723112 116.250308226794 3.1870342716574651 7.3611074537038803 2.5482166931033117 2.5353103727102271 1.9020286016166208 165.68493081256747 57.68048807233572 33.013591066002846 40.886868797242641 100.11668514460325 9.2854587882757169 110.31057361513376 48.637848809361458 643.42937119305134 381.11427026242018 141.91910108923912 138.61782220005989 4.9921550601720801 1.5026098396629084 5.48697679489851
leaf_count=1944 43 1050 723 51 249 96 178 124 41 1511 25 52 26 17 24 2804 1064 255 326 720 69 575 282 4222 2208 575 568 22 44 54
internal_value=-9.64669e-05 -0.00625761 -0.0107645 -0.00402247 0.0164603 0.00239802 -0.00386611 0.00808471 0.0195612 -0.00717969 0.000862331 0.00212913 0.0340068 0.000872547 -0.0304355 -0.0157344 -0.0136758 -0.00847204 -0.0172678 -0.00248845 -0.0104403 0.00346875 0.00251182 0.00521383 -0.00129337 0.00729551 0.00875617 -0.019296 -0.0349928 -0.0508099
internal_weight=2433.69 701.371 429.5 182.257 24.3413 1732.32 252.882 70.3494 43.4386 157.916 271.871 261.295 9.90932 251.385 10.576 247.242 223.365 182.533 73.9005 108.633 26.9108 1479.44 1183.49 692.067 491.425 295.947 280.537 15.4098 23.8769 7.38901
internal_count=19942 9638 7496 2861 300 10304 1809 412 219 2561 2142 2039 78 1961 103 4635 3868 1397 581 816 193 8495 7287 4504 2783 1208 1143 65 767 78
is_linear=0
shrinkage=0.05


Tree=49
num_leaves=26
num_cat=0
split_feature=4 1 4 2 2 1 1 3 3 1 2 4 2 0 4 1 1 0 3 0 1 4 3 3 0
split_gain=13.8334 6.50549 6.05251 6.1715 8.96702 5.28878 4.46641 5.29683 5.28584 4.09813 6.75231 6.17544 6.68444 4.03497 3.65727 5.15029 4.69352 3.03081 2.35363 2.40616 8.11946 2.98453 2.10048 1.8981 0.469361
threshold=3.8155623068356745 -0.00029090591610719802 0.58369599163375752 0.0014794742026676968 0.0021563144681143735 -0.0018138853297331445 -0.0017210573846405672 0.9397474849909192 1.2878044395698163 0.00050814873915028269 0.0011301808247959901 3.3664280807982121 -0.0020582922855101322 55.606502693236948 19.160247320241272 -0.00017856711087932406 0.0037694266192195296 73.432200207875965 0.25269198525043451 14.61117897153254 -0.0083214107453278823 4.6973827712752074 0.76649788118158846 1.0199995745418271 49.006821112609408
decision_type=2 2 2 2 2 2 2 2 2 2 2 2 2 2 2 2 2 2 2 2 2 2 2 2 2
left_child=1 2 -1 13 -5 18 7 24 -9 11 17 23 -13 -4 16 -16 -8 -11 -2 20 -20 -21 -12 -3 -7
right_child=5 9 3 4 -6 6 14 8 -10 10 22 12 -14 -15 15 -17 -18 -19 19 21 -22 -23 -24 -25 -26
leaf_value=0.085306413322080721 -0.031002747454342578 -0.025802061233727955 -0.0045218853832813995 0.064857652085787587 0.00033493139783169544 -0.03765446731525502 -0.00018757221233742499 0.032716541105226558 -0.025570324173081346 0.0038791853617420888 -0.018397117438211468 0.076480822296092016 -0.0086190212060642743 -0.032323686748835893 0.019511598782056581 0.0019359030633705199 -0.015045034811150899 0.0748622129026809 0.047625638080347116 0.030141029074402956 -0.017127990091312977 0.0060545804739539555 -0.05245505938783368 -0.052012881340786757 -0.059003184482723153
leaf_weight=1.9588588550686825 4.3770983368158332 79.145260920748115 106.60496312193573 7.5343990661203888 18.872822429984808 5.0652480721473712 1216.9854705650359 6.3991956263780621 9.9185053333640081 38.529057174921036 24.811983292922381 2.6741686090827015 16.830669930204749 14.871277395635842 53.892217665910721 183.96802002936602 55.583375073969364 1.5648765861988057 5.7679790556430808 13.191337145864962 30.124118767678738 513.3552521020174 5.5374735798686734 7.5675475765019646 5.2358317971229553
leaf_count=20 23 2024 1182 80 204 28 9828 34 50 754 537 37 318 222 248 1033 483 32 24 65 134 2197 133 224 28
internal_value=-9.4324e-05 -0.00966989 -0.00200652 -0.00316307 0.0187443 0.00139173 -0.000130626 -0.0204337 -0.00271238 -0.0161699 -0.00681861 -0.0223716 0.00304841 -0.00792542 0.000227181 0.00591804 -0.000836518 0.00664967 0.00551994 0.00580417 -0.00672187 0.00665801 -0.0246112 -0.0280895 -0.0485056
internal_weight=2430.37 326.503 149.842 147.883 26.4072 2103.86 1537.05 26.6188 16.3177 176.661 70.4434 106.218 19.5048 121.476 1510.43 237.86 1272.57 40.0939 566.816 562.439 35.8921 526.547 30.3495 86.7128 10.3011
internal_count=19942 5767 1708 1688 284 14175 11732 140 84 4059 1456 2603 355 1404 11592 1281 10311 786 2443 2420 158 2262 670 2248 56
is_linear=0
shrinkage=0.05


Tree=50
num_leaves=26
num_cat=0
split_feature=4 1 4 0 1 1 4 0 1 4 4 4 2 2 0 3 2 0 4 1 0 1 1 1 1
split_gain=12.7674 6.71925 5.08447 4.63985 4.53228 4.36583 4.33433 5.40334 9.84698 4.47476 4.22756 4.07621 6.48839 5.00744 3.75726 3.47735 7.19101 13.0905 3.43803 5.15974 3.30806 3.25182 3.06732 3.05698 1.14617
threshold=4.5648800337078823 -0.00029090591610719802 0.58369599163375752 14.61117897153254 -0.00030562480036583345 -3.4054724697696319e-05 4.6973827712752074 45.86246211985614 -0.0010090598204105514 5.0933206441719641 4.9489505305842814 2.55546955395983 -0.0089827417031623207 -0.0032736469407500519 80.175270501972236 0.28333258609417905 0.0060576035300119466 54.697374597860858 12.257918440533166 0.0039670061782047803 48.809293070801765 -0.00064863085259986286 -4.7279728738247588e-05 0.0067333866282944807 0.0023234184459436373
decision_type=2 2 2 2 2 2 2 2 2 2 2 2 2 2 2 2 2 2 2 2 2 2 2 2 2
left_child=1 2 -1 -3 14 6 7 8 -2 10 -8 12 -5 -13 -4 16 17 -7 19 -17 -6 -9 -11 -20 -18
right_child=5 3 4 11 20 15 9 21 -10 22 -12 13 -14 -15 -16 18 24 -19 23 -21 -22 -23 -24 -25 -26
leaf_value=0.077178162028360975 0.0066043112850188122 0.073224035297020471 -0.0033607339268295388 0.1111510275712774 0.111346664937164 0.0071776902385837756 -0.0014761285767427293 0.029892528623744731 0.13293249694150525 0.0037625351142783533 -0.03648646173379979 -0.039232509736974244 -0.024790112077409415 -0.0068365852230214824 0.064404457030896811 -0.0035289028722201598 -0.056364653068018425 0.12944892195426164 0.0034324670944490786 -0.032270864488703449 -0.0047325060142434311 -0.055250866646284293 0.047086565717170167 -0.011761519490415833 -0.0035219572765082872
leaf_weight=2.0542746484279624 3.300460547208786 1.5408746674656857 204.9037206415087 0.88787322491407294 1.5177994929254048 6.8673620745539647 25.187153436243534 2.6700661554932594 2.8961638733744604 1098.27709300071 13.111029081046579 12.940779104828833 77.046767177060246 152.44269679486752 2.0661164298653594 415.26414608210325 2.2400344461202613 3.213260717689991 337.18525122106075 16.224848493933678 1.0304696597158907 1.9334431961178777 4.1007181629538527 36.708645798265934 1.8936668299138544
leaf_count=20 21 18 2137 8 31 59 216 19 28 5555 115 174 2160 2752 26 4053 23 30 1953 160 21 24 27 292 20
internal_value=-9.17431e-05 -0.00762712 -0.00110076 -0.0132663 -0.00186826 0.00165319 0.00363848 0.0351646 0.0656473 0.00333998 -0.0134616 -0.013814 -0.0232414 -0.00937147 -0.00268425 -0.00113601 0.023379 0.0461524 -0.00156868 -0.00460966 0.0644065 -0.00586713 0.0039237 0.00194073 -0.0321572
internal_weight=2427.5 456.431 211.572 244.859 209.518 1971.07 1151.48 10.8001 6.19662 1140.68 38.2982 243.318 77.9346 165.383 206.97 819.597 14.2143 10.0806 805.383 431.489 2.54827 4.60351 1102.38 373.894 4.1337
internal_count=19942 7347 2235 5112 2215 12595 6005 92 49 5913 331 5094 2168 2926 2163 6590 132 89 6458 4213 52 43 5582 2245 43
is_linear=0
shrinkage=0.05


Tree=51
num_leaves=26
num_cat=0
split_feature=4 1 2 0 0 4 1 1 0 2 3 1 4 0 3 3 4 4 2 2 2 1 0 0 4
split_gain=11.685 7.38237 5.19835 4.32574 7.89032 4.80697 4.2879 3.87402 3.85727 4.19042 3.82874 3.67749 5.12 3.63015 7.418 7.19477 3.32722 2.13712 5.56453 2.17382 8.4451 7.2094 0.816585 2.78297 0.695863
threshold=5.8845655116087441 -0.00053405744874901451 -2.2391475716587724e-05 50.802238900892931 52.713521006659654 2.2870069021919353 -0.0044254374280445754 0.0039670061782047803 69.376643319139404 -0.0042575238263521378 0.23033466051885279 0.0023959411264389279 8.5755035418417229 60.697095395515838 0.44578466809945133 0.74990524597145813 1.8388524360465952 59.628429505301739 -0.0052310827627745074 0.0017688422839535758 0.0018478526145970788 0.00038213718393576018 73.729533864898528 67.775102322418988 7.2446529340948063
decision_type=2 2 2 2 2 2 2 2 2 2 2 2 2 2 2 2 2 2 2 2 2 2 2 2 2
left_child=1 6 3 5 -5 -3 -1 16 9 -8 -10 17 22 14 -14 -15 -4 19 -19 21 -21 -2 23 -13 -24
right_child=11 2 7 4 -6 -7 8 -9 10 -11 -12 12 13 15 -16 -17 -18 18 -20 20 -22 -23 24 -25 -26
leaf_value=0.055384509555234773 0.0039733703975696729 -0.026598333829012045 -0.033618645821044679 0.061050179431246132 -0.00039846380765971216 -0.002679248340450675 -0.020399464230820036 0.04823481777779344 0.015275810184823461 0.0031890911572352702 -0.050227224354962741 -0.033085862932743675 0.071306811885458329 -0.033128402028775823 0.0032008261075290147 -0.0017027678216815112 -0.013296191437084793 0.016099359252948042 -0.057630114597597162 0.05889504326054449 0.0054514404458800604 -0.0066095070764525046 -0.024119638184820619 0.027456489664310593 -0.054878912600739585
leaf_weight=3.5556166470050803 912.289998665452 25.197224883362651 22.216697968542576 6.9192047864198711 21.323827557265759 126.24886313639581 20.450186118483543 2.4318100884556761 3.2445309087634069 237.29576003178954 7.1405455581843853 8.8703714609146136 4.1920298486948004 21.463718548417091 86.435882464051247 120.26896172016859 215.5131393186748 5.2694213539361954 4.9753978997468931 7.5481999740004531 356.87444367259741 195.39568505436182 3.2655434906482688 2.4149065837264052 4.2081483379006386
leaf_count=15 4634 672 766 108 356 1725 129 34 25 1895 78 99 32 179 556 820 3835 22 22 53 2257 1507 42 28 53
internal_value=-8.98245e-05 -0.00558496 -0.00974069 -0.00330868 0.0146557 -0.00665885 0.000837082 -0.0145531 0.000113743 0.00131752 -0.0297626 0.00210236 -0.00349293 -0.00146437 0.0063511 -0.0064618 -0.0151954 0.00305024 -0.0197074 0.00320861 0.00655841 0.00210655 -0.02862 -0.0201306 -0.041439
internal_weight=2425.01 691.537 419.851 179.689 28.243 151.446 271.687 240.162 268.131 257.746 10.3851 1733.47 251.12 232.361 90.6279 141.733 237.73 1482.35 10.2448 1472.11 364.423 1107.69 18.759 11.2853 7.47369
internal_count=19942 9638 7496 2861 464 2397 2142 4635 2127 2024 103 10304 1809 1587 588 999 4601 8495 44 8451 2310 6141 222 127 95
is_linear=0
shrinkage=0.05


Tree=52
num_leaves=24
num_cat=0
split_feature=4 1 2 3 4 3 0 2 2 1 4 1 0 0 2 0 4 0 2 0 2 3 1
split_gain=10.7667 7.05386 7.05936 5.26483 5.10055 6.94157 8.82214 6.88104 4.44133 7.49951 4.32853 3.30767 3.168 4.27405 2.97207 3.79446 3.37758 3.19038 7.11046 6.02483 2.42193 2.35209 0.00629667
threshold=2.9626167666962941 -0.0013978606931231428 -0.0089827417031623207 0.99827498404989645 8.2369015252718096 1.3570130812794876 55.606502693236948 -0.00089944959660503965 0.00084926439234245265 0.0006454333785558265 5.9894282533443741 -0.0014296291553748117 26.266252674490101 40.819144220777197 -0.0034312219447791832 20.431022890835475 59.628429505301739 35.744906765315328 -0.0038135617298177822 34.654995218274898 0.010403636357624759 0.30351712238340284 -0.00050212344702132972
decision_type=2 2 2 2 2 2 2 2 2 2 2 2 2 2 2 2 2 2 2 2 2 2 2
left_child=1 12 -3 20 5 6 7 -2 11 -10 -8 -7 -1 -14 17 -16 -17 19 -19 -6 -4 -15 -5
right_child=4 2 3 22 14 8 10 -9 9 -11 -12 -13 13 21 15 16 -18 18 -20 -21 -22 -23 -24
leaf_value=0.052090204409738397 -0.0014036521386507684 0.058240061825124437 -0.014603755177308931 -0.054598053506637205 0.0052857744450182827 0.0054222891816206875 -0.012458297045086327 0.010372704572363124 0.036229807478554865 -0.021689708835170074 0.00018965104495809637 -0.0251625436682965 -0.031148110091941652 0.051746032210489457 -0.070578535895067379 0.0017548423290339689 -0.027948235719020838 0.0083143464297295612 0.044074228933186771 -0.030744342453300096 0.05087632614570984 -0.0010782025007204659 -0.051694044092204329
leaf_weight=4.9328982755541828 304.68883853033185 3.2480874806642523 155.65574983507395 2.5642704553902149 278.06468085944653 10.300715550780295 175.14277864806354 209.2187173999846 10.22644902393222 12.324089676141737 110.21395755931735 62.336052022874355 5.0461212247610083 4.4967019483447057 1.8319713473319996 933.67965112626553 9.669787257909773 87.741345681250095 16.517934285104275 12.107753641903399 1.4250887949019659 3.9658245667815208 6.8608415685594064
leaf_count=32 2422 23 3451 35 1267 59 2401 1977 131 185 919 645 33 22 9 5440 52 426 81 57 27 21 227
internal_value=-8.75476e-05 -0.0115729 -0.0147634 -0.0161876 0.000879967 -0.00204379 -0.000523721 0.00339066 -0.0148075 0.00457623 -0.00757325 -0.0208253 0.0177962 0.00527317 0.00283215 0.00131076 0.00145037 0.00647785 0.0139798 0.00378238 -0.0140097 0.0269908 -0.0524841
internal_weight=2422.26 188.196 169.754 166.506 2234.06 894.452 799.264 513.908 95.1873 22.5505 285.357 72.6368 18.4415 13.5086 1339.61 945.181 943.349 394.432 104.259 290.172 157.081 8.46253 9.42511
internal_count=19942 3871 3763 3740 16071 8739 7719 4399 1020 316 3320 704 108 76 7332 5501 5492 1831 507 1324 3478 43 262
is_linear=0
shrinkage=0.05


Tree=53
num_leaves=22
num_cat=0
split_feature=4 3 2 1 1 2 1 1 3 3 4 3 2 3 4 4 4 1 0 1 3
split_gain=9.83758 5.19844 4.83666 4.77602 4.59534 7.66461 4.92216 4.12796 4.21807 4.25264 3.78874 5.93709 4.65967 2.99825 2.80283 4.08249 1.98227 1.09886 0.870666 0.00593387 0.000198441
threshold=3.049899370062267 1.0199995745418271 -0.0089827417031623207 -0.0018138853297331445 -0.00029090591610719802 0.0015808536580920187 0.00032656812806730612 -0.0017210573846405672 0.9397474849909192 1.2878044395698163 8.2369015252718096 1.551200092349829 -0.014732494619830947 0.25269198525043451 4.6027130978910327 4.3262069603002216 5.0933206441719641 0.00061833158588375803 38.684774213240587 -0.00050212344702132972 1.1524792257715464
decision_type=2 2 2 2 2 2 2 2 2 2 2 2 2 2 2 2 2 2 2 2 2
left_child=1 2 -1 13 5 -4 -6 8 18 -10 11 -9 -12 -2 15 -15 -16 19 -5 -3 -21
right_child=3 17 4 7 6 -7 -8 10 9 -11 12 -13 -14 14 16 -17 -18 -19 -20 20 -22
leaf_value=0.049475908473671538 -0.029879253089578339 -0.054523205575700409 -0.0079536281651731832 -0.065153609658676045 -0.028568617169766043 0.032635819051711555 -0.0064218607628420332 -0.0017217705305115493 0.026513314778040722 -0.024922543436432892 -0.051331712056181804 -0.021476001553107752 0.0023207329999681446 0.011989680258057439 -0.020912266082964755 0.068721558371234268 0.0048761993945947617 0.0073303318742711484 -0.034505934412864266 -0.05190223422390533 -0.051326343445361328
leaf_weight=3.4868015721440306 6.1672609671950331 2.5039881952106944 75.27614089474082 3.3679783940315264 49.246225241571665 13.756035780534146 51.143892046064138 703.88524237088859 6.7884834706783321 9.848424091935156 4.0658357143402091 40.208660587668419 866.22633866965771 14.823468260467054 7.5552749633789054 4.0341018289327613 543.18426203727722 0.8442857079207905 7.4289424419403076 3.1058300957083675 2.8857037238776684
leaf_count=25 31 35 922 20 1471 167 1252 7424 36 50 25 436 5323 73 38 20 2318 26 40 92 118
internal_value=-8.51323e-05 -0.0106416 -0.00887777 0.000877642 -0.00995191 -0.0016823 -0.0172859 -0.000496472 -0.019729 -0.00393478 -0.000169647 -0.00278923 0.00207008 0.00479599 0.00517144 0.024126 0.00452242 -0.0470726 -0.0440661 -0.0524791 -0.0516249
internal_weight=2419.83 202.249 192.909 2217.58 189.422 89.0322 100.39 1641.82 27.4338 16.6369 1614.39 744.094 870.292 575.764 569.597 18.8576 550.74 9.33981 10.7969 8.49552 5.99153
internal_count=19942 4108 3837 15834 3812 1089 2723 13354 146 86 13208 7860 5348 2480 2449 93 2356 271 60 245 210
is_linear=0
shrinkage=0.05


Tree=54
num_leaves=24
num_cat=0
split_feature=4 1 4 0 1 1 3 3 2 1 3 3 3 2 1 3 3 2 4 0 1 0 1
split_gain=9.04743 5.30646 4.53005 3.99009 3.96009 3.78666 4.41413 3.84154 3.42278 3.36145 3.3487 3.14762 2.95714 4.65603 6.86823 4.30751 3.76158 3.03923 2.52885 2.38501 8.75528 4.25083 1.64757
threshold=4.5648800337078823 -0.00029090591610719802 0.58369599163375752 14.61117897153254 -0.00030562480036583345 0.0014093004650922449 0.22103325212402236 0.41293394087023688 -0.00022291623652598289 -0.0025500200150304071 1.4115062325521774 1.9382963222163594 1.8203388920926749 -0.0021616130108326743 -0.0013258886773173104 1.9715129556457616 1.8037697603192286 -0.0056246255763743305 22.277559114487975 14.61117897153254 -0.0083214107453278823 32.131833124933557 -0.0039221771461428459
decision_type=2 2 2 2 2 2 2 2 2 2 2 2 2 2 2 2 2 2 2 2 2 2 2
left_child=1 2 -1 -3 10 7 -7 -5 -6 11 -4 19 16 15 -15 -14 17 -11 -18 20 -2 -21 -13
right_child=9 3 4 5 8 6 -8 -9 -10 12 -12 22 13 14 -16 -17 18 -19 -20 21 -22 -23 -24
leaf_value=0.07219690360793668 0.053006437830672375 0.066686383070568594 -0.0014785446767941271 -0.02515869697469297 0.010778338684678182 0.045504667210150909 -0.0048888098114832981 -0.010143201780261436 0.12560338518931338 0.0072093403360360868 -0.054433973178187579 -0.032521773300735836 -0.034570742373075981 0.051206263976399061 0.0078636268095460069 0.021367884062941697 -0.048097007916715034 -0.00073364444830896101 0.0045659074240328333 0.014208366918248953 -0.019622717680196678 0.0029400389544346405 0.0025196055376013869
leaf_weight=2.1077995337545863 4.9994340389966991 1.613774437457322 202.10090863890946 59.768872702494264 1.5418443046510222 5.5082290582358864 20.58527534455061 148.24831034429371 1.1207575425505627 132.37061271816492 3.0301105417311183 8.0486152321100217 10.699905708432196 10.340024173259733 78.767536241561174 5.0731636285781851 6.8000933304429036 1335.1133887544274 3.4290879592299461 141.81842917203903 24.405338898301125 204.20627334713936 5.7515593916177741
leaf_count=20 21 18 2112 1447 27 94 362 3191 25 754 51 36 53 45 446 23 49 9598 19 581 102 842 26
internal_value=-8.23129e-05 -0.00651663 -0.000734583 -0.0116653 -0.00147438 -0.0122054 0.00574904 -0.0144576 0.0591112 0.00137182 -0.00226078 0.00553458 0.000348018 0.00846078 0.0128931 -0.0165789 -0.000227785 -1.7168e-05 -0.030443 0.00639664 -0.00727422 0.00755837 -0.0179174
internal_weight=2417.45 445.626 209.901 235.724 207.794 234.111 26.0935 208.017 2.6626 1971.82 205.131 389.23 1582.59 104.881 89.1076 15.7731 1477.71 1467.48 10.2292 375.429 29.4048 346.025 13.8002
internal_count=19942 7347 2235 5112 2215 5094 456 4638 52 12595 2163 1608 10987 567 491 76 10420 10352 68 1546 123 1423 62
is_linear=0
shrinkage=0.05


Tree=55
num_leaves=26
num_cat=0
split_feature=4 3 1 2 1 1 1 3 4 2 2 2 0 3 2 4 2 2 2 0 3 1 3 1 0
split_gain=8.55336 6.27591 5.35767 5.21422 4.20836 4.71348 4.19469 4.28135 3.26343 3.73608 4.74376 3.25269 4.2191 2.97095 2.84866 2.88724 2.80563 6.21626 6.05342 2.27025 2.25243 0.00468923 0.000166517 2.59133e-05 5.02832e-06
threshold=2.9626167666962941 0.99827498404989645 -0.0013978606931231428 -0.0089827417031623207 4.5257680439170229e-05 9.4286129539433733e-06 -3.4054724697696319e-05 1.0924003692731803 10.626925844992597 -0.0025550161969997705 1.0000000180025095e-35 -0.00096650814226517656 47.722576946167074 0.1853683151959172 -0.0038135617298177822 1.8787346877146442 0.00096997091409045677 0.0014113102080092201 -0.0030157155033665446 37.423491095562447 0.97061283109165475 -0.00050212344702132972 1.1869868142873901 0.00057610318338641175 56.348868118181265
decision_type=2 2 2 2 2 2 2 2 2 2 2 2 2 2 2 2 2 2 2 2 2 2 2 2 2
left_child=1 2 14 -4 5 6 13 -8 9 19 -11 -7 -13 -2 -1 -16 18 -18 -10 -6 -5 -3 23 -23 -24
right_child=4 21 3 20 8 11 7 -9 16 10 -12 12 -14 -15 15 -17 17 -19 -20 -21 -22 22 24 -25 -26
leaf_value=0.06777937901469297 0.034127486900277913 -0.054155501132968922 0.049318747848706913 -0.013542672720048742 -0.0099563597419386873 0.069817934817306471 -0.0035798263854648644 -0.052838026352341055 0.0090165169480002829 0.0058752017647222318 -0.0064616910965888648 -0.038796956196136462 0.033626293246205911 0.0023985356013557935 0.03713102272292048 -0.0067345345744650679 0.034822110776558252 0.0024110493440553781 -0.011055968917602538 -0.031780481882672386 0.03752290404216338 -0.051658400650381124 -0.051246534160168423 -0.051987955394131015 -0.051091062671017595
leaf_weight=2.4041512012481716 7.4201152697205535 2.3468624129891396 3.4535844698548308 150.40893681533635 35.581804268062115 3.8761857822537431 12.573454786092045 6.7953504770994178 57.937399238348007 105.96094310283661 294.44839833676815 2.6246319692581865 8.6007503215223533 1292.4535277318209 5.9412687793374088 10.176640972495077 15.67584855109453 262.95010048896074 106.80012454092503 17.916449625045061 2.1908587254583827 3.4160185996443015 1.0246963221579792 0.72269006818532933 1.0560523923486469
leaf_count=15 57 35 23 3432 376 36 122 63 329 1194 3755 30 87 7467 30 63 95 1648 637 175 46 112 44 20 51
internal_value=-7.95502e-05 -0.0104672 -0.00841689 -0.0114346 0.000772933 0.00255344 0.0022355 -0.0208616 -0.00187489 -0.00485507 -0.00319696 0.0303287 0.0166928 0.00257966 0.017008 0.00943487 0.00117616 0.00423454 -0.00399657 -0.0172652 -0.0128095 -0.0522511 -0.0515325 -0.0517159 -0.0511676
internal_weight=2414.76 183.142 174.575 156.053 2231.62 1334.34 1319.24 19.3688 897.271 453.908 400.409 15.1016 11.2254 1299.87 18.5221 16.1179 443.363 278.626 164.738 53.4983 152.6 8.56632 6.21946 4.13871 2.08075
internal_count=19942 3871 3609 3501 16071 7862 7709 185 8209 5500 4949 153 117 7524 108 93 2709 1743 966 551 3478 262 227 132 95
is_linear=0
shrinkage=0.05


Tree=56
num_leaves=27
num_cat=0
split_feature=4 3 1 2 4 2 1 2 4 1 1 3 0 0 4 3 1 0 2 4 4 0 0 3 4 1
split_gain=7.81288 6.26497 4.17402 3.41805 3.94075 3.43575 3.14467 2.84448 2.61265 2.57442 3.91677 3.53282 2.55641 2.68443 6.90752 3.34525 2.35221 2.33934 10.3774 3.57017 2.2942 1.96617 1.94465 0.42866 0.49475 0.00747888
threshold=3.8155623068356745 1.1222486213128051 -0.0015121364390027201 0.0028389330388953753 2.1371299771789083 0.0053367438142051258 -8.0581757296860332e-05 0.00021993805645748046 1.7396815259219873 -0.0001420166536299505 -0.00011861813278113419 1.374976322313038 91.912680741346549 44.921833125722834 19.544417379958556 0.28333258609417905 0.0025451179781220694 53.6934035125267 -0.00035878926378590798 4.0263542185876515 3.742698626122182 45.629849173486924 59.132257402189637 1.1478363208385935 3.2587078016694826 -0.00082327333049442275
decision_type=2 2 2 2 2 2 2 2 2 2 2 2 2 2 2 2 2 2 2 2 2 2 2 2 2 2
left_child=1 2 7 4 -4 -5 9 8 -1 17 21 -12 13 14 -8 -15 -14 19 -19 -2 23 -11 -9 24 -3 -25
right_child=6 20 3 5 -6 -7 12 22 -10 10 11 -13 16 15 -16 -17 -18 18 -20 -21 -22 -23 -24 25 -26 -27
leaf_value=0.03698114962879772 0.026795794160891548 -0.0017459223385936818 -0.015422672778175203 -0.037122812473089691 -0.0015078094592465988 -0.0035905947544482677 -0.010439347539555026 0.055563467992834792 -0.0070579281495383676 0.071305881922897926 0.017124254234471621 -0.037901141719626941 0.0062633954452729762 0.025155664276492053 0.016051418160110128 -6.7559777383004616e-05 -0.057258618717058299 -0.044136527365750217 0.00051243987949570321 0.0030909692403526933 0.020367693991844044 0.025659638999609626 0.0095443520743426387 -0.056179381160934162 -0.053707903266630865 -0.051788842294240536
leaf_weight=4.1783898770809236 16.16450060158968 0.9808826409280289 74.485768301412463 18.704432798549536 160.56331046298146 12.912607755511997 158.30541297793388 5.0457400530576688 17.359883733093739 3.7465216293931025 10.725018575787542 4.0067459493875495 2.3439261205494395 13.401257771998642 29.13702629506588 687.96478560380638 3.8530058152973652 13.768251106142996 237.50131383910775 914.81105072423816 1.3599147237837304 6.370589554309845 4.2119569033384323 1.0879611037671537 0.85949978977441788 8.9404990207403898
leaf_count=21 139 24 1855 412 2695 246 1383 22 101 26 78 29 25 139 147 5910 39 86 1413 4707 29 54 20 12 16 314
internal_value=-7.72284e-05 -0.00747802 -0.00598072 -0.00799349 -0.00591735 -0.023428 0.00101661 0.0114481 0.00148558 0.00268184 0.018609 0.00215844 -0.00122928 -0.00100615 -0.00632149 0.00041439 -0.0332321 0.00234707 -0.00193409 0.00350256 -0.0411464 0.0425631 0.0346262 -0.0481946 -0.0260133 -0.0522652
internal_weight=2412.79 310.691 297.462 266.666 235.049 31.617 2102.1 30.796 21.5383 1207.09 24.8489 14.7318 895.005 888.808 187.442 701.366 6.19693 1182.25 251.27 930.976 13.2288 10.1171 9.2577 11.8688 1.84038 10.0285
internal_count=19942 5767 5372 5208 4550 658 14175 164 122 6532 187 107 7643 7579 1530 6049 64 6345 1499 4846 395 80 42 366 40 326
is_linear=0
shrinkage=0.05


Tree=57
num_leaves=27
num_cat=0
split_feature=4 1 2 3 3 4 2 0 2 3 2 1 4 2 1 0 3 3 3 4 3 2 2 1 2 3
split_gain=7.40303 4.64751 4.68456 4.40784 5.48696 4.29696 4.4756 3.47125 4.06551 4.39728 3.86396 2.81382 4.21502 6.48539 9.80623 4.70915 7.16319 4.86106 2.77812 4.04953 3.71747 3.39295 2.04606 2.014 1.83379 1.66285
threshold=6.9475322212857629 -0.001136248060305822 -1.0000000180025095e-35 1.7879622025753197 0.97061283109165475 6.5838282104839996 -0.00022291623652598289 69.376643319139404 -0.00084352825641370577 0.25269198525043451 -0.0012211905138488908 0.0023959411264389279 29.375904797551431 0.00119601251746726 0.0067333866282944807 60.697095395515838 0.35793692280448935 0.67840128603693806 0.3712433317577814 7.3033094031283019 0.38851123428415518 0.0098632869899507609 -0.0010338773989617132 -0.00061143231567029044 0.0031040365612636793 1.4598348614574264
decision_type=2 2 2 2 2 2 2 2 2 2 2 2 2 2 2 2 2 2 2 2 2 2 2 2 2 2
left_child=1 7 5 4 -4 6 -3 8 10 -10 -1 18 15 25 -15 16 -13 -17 19 -2 24 -22 -21 -7 -20 -14
right_child=11 2 3 -5 -6 23 -8 -9 9 -11 -12 12 13 14 -16 17 -18 -19 20 22 21 -23 -24 -25 -26 -27
leaf_value=0.0010883343426474207 0.027865685959513765 -0.0019344741098593248 -0.0062922856569606741 0.062255691183225215 -0.020287110803544055 -0.062583339708866231 0.018426501822172224 -0.036230701419777835 -0.022035155186774943 0.017704778273553972 -0.032548039463462665 0.089768710673814284 -0.04637978701860522 0.047717796313484613 -0.003598457363502948 -0.034949401491132764 0.00091493543177634501 -0.0078267669550962388 0.014450206751517813 -0.0058435398291989543 0.0026170907019677295 0.018805445722543328 -0.039185081471534766 -0.017662733947532528 0.063113279949104859 -0.0062311590777700222
leaf_weight=105.28647450357676 4.5962988063693073 273.74191990122199 259.98665107786655 2.1195864267647258 95.8634770847857 3.0123149454593685 29.941505579277873 5.4537117928266516 7.7933578789234152 65.173711441457272 9.2914430499076825 2.3407225683331481 4.7378679662942869 17.303553074598312 20.151484236121178 19.717633005231619 73.28066274523735 101.86333430930972 4.0411994829773894 8.2127807885408455 1229.3488222509623 33.242948457598686 10.464060559868807 14.535876184701918 3.7161719128489494 5.6599223986268044
leaf_count=621 30 3551 4291 27 1490 19 490 38 44 372 60 18 25 84 143 184 511 744 23 50 6694 190 66 125 22 30
internal_value=-7.49506e-05 -0.00375499 -0.00570058 -0.00963419 -0.0100624 -0.0013171 7.30055e-05 0.00309191 0.00423539 0.0134603 -0.00163933 0.00201108 -0.00290157 0.0104103 0.0201087 -0.00613182 0.00366524 -0.0122254 0.0029417 -0.0141772 0.00325533 0.00304332 -0.0245238 -0.0253738 0.0377623 -0.0245253
internal_weight=2410.88 872.2 679.201 357.97 355.85 321.232 303.683 192.999 187.545 72.9671 114.578 1538.68 245.055 47.8528 37.455 197.202 75.6214 121.581 1293.62 23.2731 1270.35 1262.59 18.6768 17.5482 7.75737 10.3978
internal_count=19942 11128 9993 5808 5781 4185 4041 1135 1097 416 681 8814 1739 282 227 1457 529 928 7075 146 6929 6884 116 144 45 55
is_linear=0
shrinkage=0.05


Tree=58
num_leaves=24
num_cat=0
split_feature=4 3 1 2 1 1 1 3 2 0 2 1 3 3 3 1 2 2 3 1 3 3 1
split_gain=7.00594 6.00756 4.72622 4.3557 3.24168 4.2981 3.71576 4.088 3.53347 5.21046 3.19116 3.1796 5.03668 11.2819 8.76579 3.05749 9.69251 2.84264 2.70352 0.0038811 0.000160121 1.54434e-05 1.41799e-05
threshold=2.9626167666962941 0.99827498404989645 -0.0027374735697159864 -0.0089827417031623207 4.5257680439170229e-05 9.4286129539433733e-06 -3.4054724697696319e-05 1.0924003692731803 -0.0016162584017836432 43.890052341708262 -0.0052310827627745074 0.00024078456304255094 0.75587700171185002 0.92500172920164647 0.2686196395443215 0.00032656812806730612 0.00016529369121709439 -0.013551799760286585 0.1853683151959172 -0.00050212344702132972 1.1478363208385935 1.1869868142873901 0.00050814873915028269
decision_type=2 2 2 2 2 2 2 2 2 2 2 2 2 2 2 2 2 2 2 2 2 2 2
left_child=1 2 -1 -4 5 6 18 -8 -7 -10 -5 12 14 -14 -6 16 -13 -17 -2 -3 22 -22 -21
right_child=4 19 3 10 11 8 7 -9 9 -11 -12 15 13 -15 -16 17 -18 -19 -20 20 21 -23 -24
leaf_value=0.056654150263848249 0.03214224070661794 -0.05388814965981803 0.046289084632106313 -0.056529444680651797 0.052957996087552688 0.078478125441639748 -0.0032434262083591257 -0.052050820666117159 -0.056904716157019676 0.03114930784618988 -0.0088258402304750155 0.038271037231186682 0.041145350581816363 -0.0147101648809132 -0.042206863217589236 -0.046075376707058503 -0.014646918326752169 -0.001162271522293822 0.0020912426820474733 -0.051590219244489602 -0.051342518297433186 -0.051041529258573963 -0.051838703661320679
leaf_weight=2.8137120455503455 7.5278417691588393 2.2056756280362606 3.5275009125471106 3.5836535096168509 2.7465619370341328 2.879227116703988 12.506925377994778 6.5302983783185473 2.0009082499891493 10.47632693313062 161.3546609710902 18.697001479566097 11.43026867136359 43.240180725231767 20.338709577918053 3.5390689931809893 16.107882142066956 777.08227695338428 1294.5366463065147 2.5787478815764184 0.55258080363273654 1.8629166986793277 0.73857000097632397
leaf_count=12 57 35 23 52 33 24 122 63 24 105 3522 175 110 440 234 29 190 6998 7467 88 22 95 22
internal_value=-7.30163e-05 -0.00958397 -0.00761316 -0.00868656 0.000691472 0.00225006 0.00194435 -0.0199857 0.0285499 0.0170285 -0.00986231 -0.00164062 -0.0113014 -0.00303213 -0.0308847 -0.000719405 0.0137803 -0.00136589 0.00226498 -0.0521058 -0.0514201 -0.0511104 -0.0516455
internal_weight=2408.86 179.218 171.28 168.466 2229.64 1336.46 1321.1 19.0372 15.3565 12.4772 164.938 893.182 77.7557 54.6704 23.0853 815.426 34.8049 780.621 1302.06 7.93849 5.73282 2.4155 3.31732
internal_count=19942 3871 3609 3597 16071 7862 7709 185 153 129 3574 8209 817 550 267 7392 365 7027 7524 262 227 117 110
is_linear=0
shrinkage=0.05


Tree=59
num_leaves=29
num_cat=0
split_feature=4 1 4 0 0 2 2 4 1 1 0 0 1 4 1 2 2 2 3 0 3 4 0 4 4 0 2 2
split_gain=6.53751 4.16986 4.18651 3.85527 10.5862 7.88139 6.0019 5.15447 4.65423 3.49069 3.40742 2.79581 2.66729 4.45625 4.53495 9.36594 3.6806 5.10513 3.08839 2.72389 2.25259 7.44962 6.72506 6.60464 5.87092 3.28164 3.21842 1.31197
threshold=4.5648800337078823 -0.00029090591610719802 0.58369599163375752 75.580321366562586 73.432200207875965 0.0010995919585922167 0.0054606361997670003 4.0263542185876515 0.00037240844616959207 -0.00030562480036583345 80.175270501972236 48.809293070801765 0.0023959411264389279 24.737086165519028 0.0067333866282944807 0.0090485934929661633 0.0055901518541802151 0.0086421906994172976 0.31151801082510666 79.63549945246622 0.8482629823565252 6.0453133784923301 22.952753556947417 6.1004916288461208 22.277559114487975 56.348868118181265 -0.014732494619830947 0.00019332067721999915
decision_type=2 2 2 2 2 2 2 2 2 2 2 2 2 2 2 2 2 2 2 2 2 2 2 2 2 2 2 2
left_child=1 2 -1 4 8 -6 27 -8 -3 10 -4 -11 20 16 15 -15 18 -18 -14 -16 22 25 26 -23 -24 -22 -2 -5
right_child=12 3 9 6 5 -7 7 -9 -10 11 -12 -13 13 14 19 -17 17 -19 -20 -21 21 23 24 -25 -26 -27 -28 -29
leaf_value=0.069316957761790185 0.0075621591845820889 -0.017904137769214998 -0.0026350229014708518 0.023555617711880916 0.20036634210137649 0.033093443530422463 -0.016303844333756558 0.079719785701691429 -0.0025465854863713101 0.095027784063106802 0.061071200116848356 -0.007744337378564916 0.049938791279466349 0.0056625758204212071 0.0022071657716592921 0.064026919249043177 -0.032507619965387369 -0.0051958983973971482 -0.0034620052249943281 -0.031684438723976228 -0.0053296257639898021 0.056355163761300953 0.0054826264492364614 0.0017258650560072085 0.042888316864693188 -0.022736250645753714 -0.022132661130432718 -0.049084515795223514
leaf_weight=2.1258789412677279 12.664648890495299 98.80555147305131 201.12188139185309 0.64718292281032219 0.79092740081250568 6.4214752689003944 5.4917262736707917 1.8746086880564687 98.529784355312586 1.6791904978454106 2.121083002537488 1.0921712499111889 2.7737651392817488 35.786285072565079 17.471342682838443 8.5079933255910856 29.538455944508314 40.664666533470154 113.42821416631341 8.9734174385666829 83.982377845793962 5.5618413016200057 471.7590362355113 1056.4745617993176 10.72844013571739 39.96105146035552 32.6454998254776 15.72452480252832
leaf_count=20 63 2394 2137 11 20 153 119 30 1960 31 26 21 24 178 124 41 243 341 882 69 731 44 3186 5900 46 535 188 425
internal_value=-7.11123e-05 -0.00560826 -0.000489827 -0.010275 -0.00806149 0.0514369 -0.0293486 0.00813256 -0.0102361 -0.00121017 -0.00197017 0.0545261 0.00115499 -0.00359354 0.00709124 0.0168731 -0.00764832 -0.0166875 -0.00218732 -0.00929317 0.00186749 0.0006582 0.00458479 0.00201196 0.00631437 -0.0109418 -0.0138327 -0.046213
internal_weight=2407.35 436.426 208.14 228.286 204.548 7.2124 23.738 7.36633 197.335 206.014 203.243 2.77136 1970.92 257.144 70.739 44.2943 186.405 70.2031 116.202 26.4448 1713.78 1185.98 527.798 1062.04 482.487 123.943 45.3101 16.3717
internal_count=19942 7347 2235 5112 4527 173 585 149 4354 2215 2163 52 12595 1902 412 219 1490 584 906 193 10693 7210 3483 5944 3232 1266 251 436
is_linear=0
shrinkage=0.05


Tree=60
num_leaves=25
num_cat=0
split_feature=4 3 1 2 1 4 4 0 1 0 2 0 0 0 4 3 2 3 2 4 1 3 1 3
split_gain=6.02355 5.81287 4.27714 4.16364 3.00891 3.866 7.67928 7.20995 3.47064 4.31291 3.3434 2.7803 3.68221 2.75394 2.31331 5.69846 3.03731 2.25266 2.10917 0.00722761 0.00329435 0.000140823 1.92396e-05 1.2465e-05
threshold=2.9626167666962941 0.99827498404989645 -0.0013978606931231428 -0.0089827417031623207 -0.0046583449979881167 19.160247320241272 17.815573809893902 14.61117897153254 -0.0054102083074331056 13.166933908503006 -0.0068903551013633204 26.266252674490101 40.819144220777197 91.912680741346549 8.2369015252718096 1.3570130812794876 0.0098632869899507609 0.92500172920164647 -0.0052310827627745074 10.418278364291837 -0.00050212344702132972 1.1478363208385935 0.00050814873915028269 1.1869868142873901
decision_type=2 2 2 2 2 2 2 2 2 2 2 2 2 2 2 2 2 2 2 2 2 2 2 2
left_child=1 2 11 -4 5 6 7 -2 9 -7 -10 -1 -13 14 15 -6 -16 19 -5 -15 -3 22 -22 -23
right_child=4 20 3 18 13 8 -8 -9 10 -11 -12 12 -14 17 16 -17 -18 -19 -20 -21 21 23 -24 -25
leaf_value=0.047165849872770789 -0.038561749847193183 -0.053676184487193968 0.043270485949220533 -0.054959166643272939 -0.0003337156773835002 0.036770958637545412 0.062707114042759651 0.017494425051889011 -0.004236912452256803 -0.0065639607248161374 0.04065321764752064 -0.030569415243559842 0.023665559305515206 -0.054284589744051405 0.00098491900449880509 -0.013454594790128234 0.011043844530129254 0.0053782218149103049 -0.010320691615498588 -0.058596399435124617 -0.051493121253209422 -0.051258578791736044 -0.051788426673777394 -0.050979549670629079
leaf_weight=5.0722629800438908 6.5891542583703986 2.1010259799659252 3.6022375375032416 2.6957206949591628 782.40325081162155 6.227598473429679 8.0806167572736722 44.313612565398216 7.179446920752528 73.576768800616264 9.8231467306613904 4.9485431537032118 8.5143082663416845 1.9719810448586934 1111.406414527446 92.537902157753706 80.479883447289467 2.3768276683986187 144.23668071068823 1.9163586795330045 2.4277418833225961 0.51884931884706054 0.71370948292314995 1.7510353485122321
leaf_count=32 27 35 23 47 7648 26 33 182 29 300 40 33 43 29 6169 1019 528 25 3431 16 88 22 22 95
internal_value=-7.00468e-05 -0.00895934 -0.00704707 -0.00983764 0.000634203 0.00733568 0.0174263 0.0102382 0.00118755 -0.00318229 0.0216981 0.0156168 0.0037304 0.000130595 0.00023093 -0.00172144 0.00166413 -0.0329691 -0.0111397 -0.0564097 -0.0519958 -0.0513434 -0.0515602 -0.0510433
internal_weight=2405.47 176.582 169.07 150.535 2228.88 155.79 58.9834 50.9028 96.807 79.8044 17.0026 18.5351 13.4629 2073.09 2066.83 874.941 1191.89 6.26517 146.932 3.88834 7.51236 5.41134 3.14145 2.26988
internal_count=19942 3871 3609 3501 16071 637 242 209 395 326 69 108 76 15434 15364 8667 6697 70 3478 45 262 227 110 117
is_linear=0
shrinkage=0.05


Tree=61
num_leaves=28
num_cat=0
split_feature=4 1 4 0 0 2 2 4 1 3 3 1 4 0 0 3 3 4 0 4 4 4 1 3 1 2 3
split_gain=5.5079 3.74203 3.69013 3.64609 9.28538 5.80372 5.52241 4.39767 4.31834 3.36904 4.27768 2.49198 4.27122 2.94157 6.80338 6.16192 1.97581 6.57661 6.03866 5.78077 5.21985 3.10012 2.99095 1.32982 1.47896 1.28124 0.585074
threshold=4.5648800337078823 -0.00029090591610719802 0.58369599163375752 75.580321366562586 73.432200207875965 0.0054606361997670003 0.0018873522824685021 4.0263542185876515 0.0014093004650922449 1.3179429585679556 1.2366500335480188 0.0023959411264389279 8.5755035418417229 60.697095395515838 59.871578734406853 0.74990524597145813 0.8482629823565252 6.0453133784923301 22.952753556947417 6.1004916288461208 22.277559114487975 5.6291815590628511 -0.003230811288749635 0.23033466051885279 0.0027866388739650198 0.00019332067721999915 1.4115062325521774
decision_type=2 2 2 2 2 2 2 2 2 2 2 2 2 2 2 2 2 2 2 2 2 2 2 2 2 2 2
left_child=1 2 -1 4 8 25 -6 -7 -3 10 -4 16 23 14 -14 -15 18 21 22 -19 -20 -18 -2 -13 -25 -5 -11
right_child=11 3 9 5 6 7 -8 -9 -10 26 -12 12 13 15 -16 -17 17 19 20 -21 -22 -23 -24 24 -26 -27 -28
leaf_value=0.064237990357350006 0.0060541851573386526 -0.01202486376276485 -0.00063885310953139588 0.022686787596865942 0.10782430477300296 -0.015480072607808744 0.016832676085754117 0.071449887140949991 0.013314533528325987 -0.022812682085049371 0.07393143129874484 0.015525345366210095 0.0026424011112124324 -0.031335026200422021 0.069282995460747288 -0.0016362526447639822 -0.0051959199094458539 0.05183807164640785 0.0051277855304522639 0.0016007306936256811 0.040272719567914117 -0.022604658650807616 -0.021832468460568574 -0.043229689487080218 -0.016935727593849668 -0.048802906679665373 -0.054114256923679188
leaf_weight=2.1892876625061026 13.908114686608313 175.98686348646879 197.34719231911004 0.65417998284101742 2.4948759023100129 5.3789417855441561 5.0281921401619911 1.994265094399452 18.589783085510135 3.0744735673069945 1.9420894812792528 2.0425487011671093 87.322101980447769 20.445605129003525 4.0055761486291876 119.82168978452682 86.264109838753939 5.7574721723794928 473.17887132614851 1056.8688098415732 10.806351020932196 36.348849296569824 31.150651805102825 8.4402563124895114 14.59651632979512 14.939214016310869 2.9019405618309975
leaf_count=20 57 4036 2084 11 63 119 110 30 318 42 35 18 566 179 22 820 941 44 3186 5900 46 325 194 104 193 425 54
internal_value=-6.73671e-05 -0.00517686 -0.000332758 -0.00964191 -0.00749658 -0.0285202 0.0470082 0.00803227 -0.00960395 -0.00102145 8.78401e-05 0.0010539 -0.00354077 -0.00141827 0.00556522 -0.0059652 0.00174184 0.000607762 0.00428257 0.00187292 0.0059125 -0.0103568 -0.0132248 -0.023141 -0.0265694 -0.0458037 -0.0380116
internal_weight=2403.48 432.521 207.455 225.066 202.1 22.9666 7.52307 7.37321 194.577 205.266 199.289 1970.96 256.674 231.595 91.3277 140.267 1714.28 1185.24 529.044 1062.63 483.985 122.613 45.0588 25.0793 23.0368 15.5934 5.97641
internal_count=19942 7347 2235 5112 4527 585 173 149 4354 2215 2119 12595 1902 1587 588 999 10693 7210 3483 5944 3232 1266 251 315 297 436 96
is_linear=0
shrinkage=0.05


Tree=62
num_leaves=20
num_cat=0
split_feature=4 3 1 2 2 1 0 2 4 0 3 0 4 3 4 1 3 1 3
split_gain=5.20561 5.6223 4.11449 3.44998 3.01918 2.59785 3.78718 4.59157 5.50496 2.51283 2.19067 2.16333 4.12641 2.10708 0.00586034 0.00284787 0.000123097 2.09337e-05 1.02745e-05
threshold=2.9626167666962941 0.99827498404989645 -0.0027374735697159864 -0.0089827417031623207 -0.0052310827627745074 -0.0046583449979881167 60.051174054672366 0.0005181033234529232 19.160247320241272 91.912680741346549 0.92500172920164647 8.6272809523943526 8.9898939877122697 1.8203388920926749 10.418278364291837 -0.00050212344702132972 1.1478363208385935 0.00050814873915028269 1.1869868142873901
decision_type=2 2 2 2 2 2 2 2 2 2 2 2 2 2 2 2 2 2 2
left_child=1 2 -1 -4 -5 6 7 8 -2 11 14 12 -7 -13 -11 -3 17 -17 -18
right_child=5 15 3 4 -6 9 -8 -9 -10 10 -12 13 -14 -15 -16 16 18 -19 -20
leaf_value=0.053922669450867912 0.018682709796731325 -0.053490916380533021 0.040329497874697119 -0.056062684044919542 -0.0076603717211245525 -0.064567950969659269 -0.034398880741456785 0.043224461294914279 -0.0016330623986544946 -0.054077517268466095 0.0055335284417050374 -8.6259286648288224e-05 0.0073549422381854208 0.0067371447478291411 -0.058057017259035774 -0.051406408805561549 -0.051182614582706523 -0.051721939831477909 -0.050921415871351995
leaf_weight=2.767419457435607 53.854080751538277 2.0140741541981697 3.6772963255643836 3.2891686744987956 157.27792320214212 3.6893717944622022 5.3814129382371894 8.8519488871097547 87.557789191603661 1.8813567310571664 2.3697793204337358 1937.5751593150198 4.3403763473033905 120.15679464861751 1.8201995268464086 2.2911041509360071 0.48810395412147078 0.68216997385025013 1.6465657679364083
leaf_count=12 221 35 23 52 3522 25 23 36 357 29 25 14686 19 634 16 88 22 22 95
internal_value=-6.61449e-05 -0.00839182 -0.00653652 -0.00755523 -0.00865188 0.000584718 0.00681459 0.00829058 0.00610382 0.000116702 -0.032003 0.000211103 -0.025691 0.000312179 -0.0560344 -0.0518987 -0.0512708 -0.0514788 -0.0509811
internal_weight=2401.61 174.134 167.012 164.244 160.567 2227.48 155.645 150.264 141.412 2071.83 6.07134 2065.76 8.02975 2057.73 3.70156 7.12202 5.10794 2.97327 2.13467
internal_count=19942 3871 3609 3597 3574 16071 637 614 578 15434 70 15364 44 15320 45 262 227 110 117
is_linear=0
shrinkage=0.05


Tree=63
num_leaves=27
num_cat=0
split_feature=4 3 2 2 2 1 1 1 3 4 3 1 3 3 3 2 1 1 1 2 0 1 1 3 1 3
split_gain=4.74048 5.41099 3.79254 6.7399 3.30228 2.53993 4.00226 3.25963 3.8916 3.22231 5.96907 2.8029 4.91061 20.2382 7.47572 2.85002 2.82881 2.65037 2.4096 2.04132 1.93143 1.71472 0.00243729 0.000105581 1.79488e-05 8.81539e-06
threshold=2.9626167666962941 0.99827498404989645 -0.0037017652471750813 -0.0042575238263521378 -0.0089827417031623207 4.5257680439170229e-05 9.4286129539433733e-06 -3.4054724697696319e-05 1.0924003692731803 4.1088711969000409 0.78220742820266087 0.00024078456304255094 0.81459829668321226 0.9142139785424469 0.2686196395443215 -0.013551799760286585 0.00032656812806730612 -4.7279728738247588e-05 -0.0029700246465484965 0.010403636357624759 56.011736245546736 -0.00046901071198046646 -0.00050212344702132972 1.1478363208385935 0.00050814873915028269 1.1869868142873901
decision_type=2 2 2 2 2 2 2 2 2 2 2 2 2 2 2 2 2 2 2 2 2 2 2 2 2 2
left_child=1 2 3 4 -1 6 7 17 -9 10 -8 12 14 -14 -7 -13 -17 -2 -4 -20 -11 -5 -3 24 -24 -25
right_child=5 22 18 21 -6 11 9 8 -10 20 -12 15 13 -15 -16 16 -18 -19 19 -21 -22 -23 23 25 -26 -27
leaf_value=0.037541091176336597 0.0017848797479522252 -0.053310365894740745 0.052211185619291126 0.12245618127300179 -0.022449533724986388 0.049050581059939917 0.16288964660668548 -0.0029093366867430823 -0.051269421005078197 0.031732267622626924 0.012295111421353706 -0.045521890692010319 0.086319767574371944 -0.012941304995259868 -0.036688673971085571 0.013483490787592985 -0.0010834786113163221 0.036064360682919509 -0.0096106253309111919 0.050465559744564528 -0.0083361611185561579 0.041073829720248874 -0.051336022193444991 -0.051123650427215318 -0.051635354916972423 -0.050875716368959073
leaf_weight=3.7509308457374564 1297.1006952580065 1.9221711307764051 1.6224927455186833 1.6310354992747309 5.905795754864811 2.8389406427741077 1.1534018442034715 12.423111233860256 6.2543465215712777 8.0454402007162553 1.5319863762706516 3.5237155780196181 5.8187298476696006 43.711193302646279 24.334375042468309 34.824816890060902 775.22388362698257 5.6633157245814791 150.49117878079414 1.4274038616567839 4.8030539043247691 1.0730892252176989 2.1822784002870317 0.46482083573937449 0.64996080100536335 1.5676332199946044
leaf_count=23 7474 35 7 12 83 33 18 122 63 61 32 30 56 447 281 364 6998 50 3428 27 42 29 88 22 22 95
internal_value=-6.34431e-05 -0.008044 -0.00625387 0.02039 0.000852429 0.000555326 0.00193316 0.00163656 -0.0191032 0.0271648 0.076977 -0.00151384 -0.0106508 -0.00128021 -0.027731 -0.000652412 -0.00045723 0.0019339 -0.00839884 -0.00904616 0.0167538 0.0901609 -0.051803 -0.0512074 -0.0514047 -0.0509324
internal_weight=2399.94 172.689 165.902 12.3609 9.65673 2227.25 1336.98 1321.44 18.6775 15.5339 2.68539 890.276 76.7032 49.5299 27.1733 813.572 810.049 1302.76 153.541 151.919 12.8485 2.70412 6.78686 4.86469 2.83224 2.03245
internal_count=19942 3871 3609 147 106 16071 7862 7709 185 153 50 8209 817 503 314 7392 7362 7524 3462 3455 103 41 262 227 110 117
is_linear=0
shrinkage=0.05


Tree=64
num_leaves=22
num_cat=0
split_feature=4 2 0 0 2 3 3 3 1 1 0 2 4 3 0 0 2 2 2 4 4
split_gain=4.569 3.92424 4.0179 5.49605 4.6274 3.63702 2.18884 3.73831 5.40126 6.85742 5.20143 6.8685 6.49301 3.61809 5.95668 7.37015 4.09316 4.7854 3.48272 3.41711 2.75904
threshold=6.9475322212857629 -0.014732494619830947 8.6272809523943526 13.166933908503006 -0.0040352176961092048 1.0310499810855707 0.62276353077718583 0.4839506486032325 0.0027866388739650198 0.001042812522965231 48.095160465645513 -0.013551799760286585 7.1936235323505686 0.76649788118158846 74.405058466708809 69.376643319139404 -0.0056246255763743305 0.0098632869899507609 -0.0083969296209451243 8.821032022971055 14.854997699459927
decision_type=2 2 2 2 2 2 2 2 2 2 2 2 2 2 2 2 2 2 2 2 2
left_child=1 -1 -3 4 -4 -5 7 10 9 -9 11 -2 -12 14 15 -8 18 -18 -15 -16 -10
right_child=6 2 3 5 -6 -7 13 8 20 -11 12 -13 -14 16 19 -17 17 -19 -20 -21 -22
leaf_value=0.042754880038707158 -0.027450839865097498 -0.060972703529840723 0.067946234533916502 -0.001719198994236684 -0.0026477378394651257 -0.009681351060127262 0.010687967016536815 -0.012729371798672279 -0.052524744588267627 0.024383677394771194 0.062622937564776313 0.03083303140337737 -0.011512566750305566 0.0009514636387097736 0.027092309440923307 0.065062416782041554 -0.00061086555017700263 0.014844843916788164 0.014512474532260559 -0.03394760101170298 -0.0001295575367388611
leaf_weight=4.6635787412524214 6.2606404498219481 3.002644855529069 4.993563786149025 657.70674099773169 4.3379201591014844 183.42416824772954 111.7423447445035 64.398135013878345 10.24406351521611 15.428425349295138 3.1694162264466277 26.24450720846653 43.348949573934078 89.260131753981113 2.9074369482696047 6.6000853180885306 993.26423116773367 52.741104774177074 100.82323862612247 10.846228316426275 3.329071380198001
leaf_count=32 33 24 33 8689 35 2315 640 341 99 121 23 162 296 385 27 45 5757 331 450 78 26
internal_value=-6.21586e-05 -0.00298604 -0.00323598 -0.00303213 0.0351293 -0.00345549 0.00156646 -0.00374245 -0.0105144 -0.00555637 0.0042615 0.0196073 -0.00646152 0.00223551 0.0101008 0.0137205 0.00139497 0.000168434 0.00814444 -0.0210442 -0.0396738
internal_weight=2398.74 858.129 853.465 850.462 9.33148 841.131 1540.61 172.423 93.3997 79.8266 79.0235 32.5051 46.5184 1368.18 132.096 118.342 1236.09 1046.01 190.083 13.7537 13.5731
internal_count=19942 11128 11096 11072 68 11004 8814 1101 587 462 514 195 319 7713 790 685 6923 6088 835 105 125
is_linear=0
shrinkage=0.05


Tree=65
num_leaves=25
num_cat=0
split_feature=4 3 1 0 0 0 0 0 4 3 2 1 3 1 3 0 2 4 4 0 1 3 1 3
split_gain=4.24519 5.1751 3.60015 2.90309 3.34741 2.46556 3.37952 2.40722 3.42572 3.16635 7.5731 10.586 2.89825 3.7318 2.60463 4.56206 2.43644 1.33126 1.40268 1.06815 0.00204107 8.96175e-05 1.50738e-05 7.35084e-06
threshold=2.9626167666962941 0.99827498404989645 -0.0013978606931231428 15.812332165691155 24.711388902747895 26.266252674490101 40.819144220777197 81.750118449010174 7.1936235323505686 0.2132076120811153 0.0068914674362758896 0.001695755114964115 0.45189136262146434 0.0018485057665662554 0.26019123020780283 42.255895599872041 0.0098632869899507609 6.5232515191687712 3.6601393538841056 69.063516141912402 -0.00050212344702132972 1.1478363208385935 0.00050814873915028269 1.1869868142873901
decision_type=2 2 2 2 2 2 2 2 2 2 2 2 2 2 2 2 2 2 2 2 2 2 2 2
left_child=1 2 5 -4 -5 -1 -7 9 17 10 11 -2 -10 -14 15 -11 -16 18 -9 -12 -3 22 -22 -23
right_child=7 20 3 4 -6 6 -8 8 12 14 19 -13 13 -15 16 -17 -18 -19 -20 -21 21 23 -24 -25
leaf_value=0.044233574016449811 0.019609492462798903 -0.053116527596500124 0.02983804315617998 -0.042604313781150066 -0.00804718336832368 -0.030009849811770729 0.022448485596006859 -0.052511846169395505 -0.044926064649922895 -0.048185596064082126 -0.061310962231069223 0.13476163115863732 0.031609948394551342 -0.0054845924529792782 0.00050033143282835098 -0.00026586610711121168 0.010472901052558352 -0.05576086816498349 -0.013526416843756193 -0.012358471234675407 -0.051260659153998848 -0.051057406391176646 -0.05154267238476995 -0.050824307441077909
leaf_weight=5.1538448408246067 13.768687658011919 1.821143854409456 4.7618786469101897 7.3942459784448138 134.03723770007491 4.8062685057520858 8.4997695684432966 2.8452783208340433 3.5763781443238249 7.4889014363288906 2.2746617496013632 2.3342111706733695 8.4791302382945997 33.837660782039165 2056.1386996079236 14.747490145266054 63.126940656453371 3.3475742936134329 12.201312856748698 2.1845528595149517 2.0644903462380166 0.43853565026074637 0.61497537232935418 1.4785071117803452
leaf_count=32 131 35 39 129 3333 33 43 65 33 63 21 22 60 273 14616 137 403 38 181 28 88 22 22 95
internal_value=-6.04669e-05 -0.0076507 -0.0059338 -0.00856102 -0.00985388 0.0148725 0.00350003 0.00052276 -0.00901185 0.000806264 0.0203335 0.0363015 -0.00170469 0.00194814 0.000618769 -0.0164046 0.000797386 -0.0272431 -0.0208985 -0.0373293 -0.0516999 -0.0511386 -0.0513254 -0.0508776
internal_weight=2397.42 171.071 164.653 146.193 141.431 18.4599 13.306 2226.35 64.2873 2162.06 20.5621 16.1029 45.8932 42.3168 2141.5 22.2364 2119.27 18.3942 15.0466 4.45921 6.41765 4.59651 2.67947 1.91704
internal_count=19942 3871 3609 3501 3462 108 76 16071 650 15421 202 153 366 333 15219 200 15019 284 246 49 262 227 110 117
is_linear=0
shrinkage=0.05


Tree=66
num_leaves=23
num_cat=0
split_feature=4 3 3 1 1 4 1 4 4 4 4 0 1 3 0 3 1 4 4 1 1 1
split_gain=3.96596 3.3054 5.47513 3.25663 3.63682 3.28277 2.17497 3.86793 2.98126 2.91718 1.77152 5.01053 1.60325 5.74264 3.12872 1.43818 1.42225 1.09423 4.40644 1.21863 0.521468 0.00137739
threshold=4.5648800337078823 1.3179429585679556 1.2953382844897481 -0.00029090591610719802 0.00037240844616959207 0.58369599163375752 0.0023959411264389279 8.5755035418417229 8.821032022971055 29.375904797551431 59.628429505301739 41.843847459469117 -0.0046583449979881167 1.9382963222163594 35.744906765315328 0.22103325212402236 0.0027866388739650198 4.1468518988878413 4.2502625813761767 -0.00080128368726983801 0.00029766916392315329 -0.00050212344702132972
decision_type=2 2 2 2 2 2 2 2 2 2 2 2 2 2 2 2 2 2 2 2 2 2
left_child=1 2 3 5 -5 -1 10 15 -9 -10 12 -12 13 -2 -14 -8 -17 19 -19 -3 -20 -21
right_child=6 17 -4 4 -6 -7 7 8 9 -11 11 -13 14 -15 -16 16 -18 18 20 21 -22 -23
leaf_value=0.061111500276877152 0.0084472817996536515 0.019086798121812722 0.098258722027753015 -0.01534127574159385 -0.0022641852048689748 -0.00011256158805382942 0.019196010252580751 0.049593693821644101 -0.0049735321459538776 0.0088542201299431945 0.014482955192697192 -0.055766446883844079 -0.0026873585602433534 -0.046336686748485928 0.0024784577621094839 -0.042566518865377136 -0.016423900925044845 0.069370233150606433 -0.055214658196473525 -0.053573934183133144 -0.01641986793099769 -0.051776354071427493
leaf_weight=2.2140666656196109 143.36138631403446 0.66921202465891827 1.3123055985197414 98.985426837578416 114.85988285299391 196.95321966148913 1.923300720751288 2.8296216502785674 180.11743010208011 48.388512887060642 5.2813153564929944 4.887061133980751 391.6496478356421 4.9486022889614096 1164.9625995010138 8.1339432895183581 14.436156444251536 1.211666092276573 2.2911945246160035 1.4160479288548229 1.3927433155477045 4.3068109620362502
leaf_count=20 585 8 35 2515 2383 2109 16 29 1276 282 22 22 2158 22 7884 104 195 19 32 25 35 166
internal_value=-5.88069e-05 -0.00443584 -0.00370855 -0.00403254 -0.00831735 0.000568043 0.000886397 -0.00341423 -0.00141373 -0.00204536 0.00152789 -0.0192799 0.00165199 0.00661933 0.00117872 -0.0223085 -0.0258453 -0.0311316 -0.0133431 -0.0447556 -0.040548 -0.0522211
internal_weight=2396.53 425.613 414.325 413.013 213.845 199.167 1970.92 255.829 231.336 228.506 1715.09 10.1684 1704.92 148.31 1556.61 24.4934 22.5701 11.2877 4.8956 6.39207 3.68394 5.72286
internal_count=19942 7347 7062 7027 4898 2129 12595 1902 1587 1558 10693 44 10649 607 10042 315 299 285 86 199 67 191
is_linear=0
shrinkage=0.05


Tree=67
num_leaves=22
num_cat=0
split_feature=4 0 0 3 1 3 0 0 1 2 4 3 2 2 4 4 3 0 0 0 4
split_gain=3.72808 6.0557 8.57678 5.80903 4.08798 3.37795 3.99183 3.30482 2.01857 2.68653 10.6269 5.82331 4.84456 2.28698 1.90113 1.04124 2.16508 7.52114 2.75313 1.71445 0.659912
threshold=8.2369015252718096 8.6272809523943526 13.166933908503006 1.551200092349829 -0.0035189048891267056 0.76045710925119847 11.339099707894414 54.071077791091717 0.0067333866282944807 0.0098632869899507609 33.269451209376562 0.84306603887832299 0.0094265003664955067 0.0090485934929661633 14.854997699459927 39.947500884137341 1.2718996381108389 80.175270501972236 79.63549945246622 70.126381648153796 59.628429505301739
decision_type=2 2 2 2 2 2 2 2 2 2 2 2 2 2 2 2 2 2 2 2 2
left_child=1 -1 5 4 -4 6 -3 -5 9 12 11 -11 13 -2 -14 16 17 -10 -18 -17 -21
right_child=8 2 3 7 -6 -7 -8 -9 15 10 -12 -13 14 -15 -16 19 18 -19 -20 20 -22
leaf_value=-0.058392424513982515 0.0015562566214388561 -0.024237387078865261 0.020244307705796515 -0.031210100209938758 -0.0022547379386091385 0.067824421740580926 0.050100758463147259 -0.00035857785765619688 -0.018261738219976519 -0.0078228355964725504 0.077104008102247296 0.023150137490062908 -0.010379971595462582 0.027752625665114574 -0.059849904656862178 0.021563196130594819 -0.0083053813481874569 0.083605898888494651 -0.057728470415832039 0.00051044475353040559 -0.031470928222132481
leaf_weight=4.7879630886018267 1224.0667703598738 3.3270389363169652 20.617523431777954 26.961299155838788 971.97131810896099 5.5793361514806747 3.9497756212949753 12.801918213255702 11.550998367369177 34.746120907366276 5.6923567503690711 26.943056955933571 3.5211589783430091 8.3885289505124074 4.3306500613689423 5.9060862362384778 5.9149787947535497 2.149091698229312 5.3813593089580536 3.1787266582250595 3.2746569365262985
leaf_count=36 6521 23 86 262 11948 37 27 191 109 240 25 151 21 48 23 36 47 23 47 20 21
internal_value=-5.69515e-05 -0.00228965 -0.00203265 -0.0025381 -0.0017874 0.0385546 0.0161125 -0.0212773 0.00168598 0.00201336 0.0117365 0.00570477 0.00148514 0.00173456 -0.037665 -0.00977431 -0.0156442 -0.00228207 -0.0318496 0.00209719 -0.0157179
internal_weight=2395.04 1050 1045.21 1032.35 992.589 12.8562 7.27681 39.7632 1345.04 1307.69 67.3815 61.6892 1240.31 1232.46 7.85181 37.3559 24.9964 13.7001 11.2963 12.3595 6.45338
internal_count=19942 12610 12574 12487 12034 87 50 453 7332 7029 416 391 6613 6569 44 303 226 132 94 77 41
is_linear=0
shrinkage=0.05


Tree=68
num_leaves=24
num_cat=0
split_feature=4 1 3 1 1 4 1 2 0 0 4 2 4 4 4 1 3 1 3 4 4 3 1
split_gain=3.58143 5.63368 4.73868 3.65899 5.13119 4.19574 3.04202 8.00033 3.61649 2.69974 3.94489 2.85938 7.52956 5.50941 2.39995 9.21229 2.42133 4.32069 3.28572 1.25495 2.30508 0.965541 0.000315088
threshold=2.3286145804955178 0.0027866388739650198 0.54239045166970568 -0.00044042526830628809 -0.00054803710881334833 1.5669509643696153 0.00038213718393576018 0.00016529369121709439 70.126381648153796 81.750118449010174 7.1936235323505686 0.01374850732792743 26.167397490169332 20.670941131151071 2.3713283504069853 -0.00029090591610719802 1.8203388920926749 0.0015471959862195519 1.8037697603192286 3.6601393538841056 5.2682223313416054 0.65351906013004635 -1.0000000180025095e-35
decision_type=2 2 2 2 2 2 2 2 2 2 2 2 2 2 2 2 2 2 2 2 2 2 2
left_child=1 2 3 4 -1 -5 8 -8 -4 14 19 12 -12 -13 15 -2 18 -18 -16 22 -21 -17 -11
right_child=9 -3 6 5 -6 -7 7 -9 -10 10 11 13 -14 -15 16 21 17 -19 -20 20 -22 -23 -24
leaf_value=0.0016871314408558381 0.1307833064515114 0.11673091411732534 -0.042705156108110889 -0.033412204048417431 0.066761343734969655 -0.00050701869722133994 0.12289797760366464 -0.026996703593373653 0.031015076331362097 -0.053317004804239225 0.018748297197683519 -0.043241711678556706 -0.049887727036488666 0.015604414009231255 0.0003215828344151129 -0.052991329814821311 0.0024003401899190071 0.024423831665154633 -0.025581777075265856 0.0010723959513278629 -0.038361056657488617 0.018932616637350269 -0.052172605405920759
leaf_weight=32.455265279859304 1.6089562736451628 0.88107819482684036 19.840946543030448 16.65142354182899 3.341135647147893 23.164774723351002 1.1431939005851735 4.022011180408299 1.8158776899799693 0.72326041385531414 24.709808949381117 9.4378548152744788 4.7666231840848914 6.8748068213462821 2077.7473070826381 1.3731058016419404 102.83009991887957 28.426356323063374 12.314728140830992 6.4009278845041981 8.801960673183201 0.70681737083941687 3.5720270853489664
leaf_count=297 21 15 544 700 72 680 31 122 67 14 198 88 37 43 15899 35 524 143 77 112 107 22 94
internal_value=-5.52738e-05 -0.00916141 -0.0102443 -0.00383918 0.00776098 -0.0142682 -0.0283005 0.00617888 -0.0365239 0.000355506 -0.0096661 -0.00164582 0.00764919 -0.0184416 0.000649565 0.0409457 0.000582646 0.00716999 0.000168959 -0.0285007 -0.0217582 -0.0285495 -0.0523653
internal_weight=2393.61 103.316 102.435 75.6126 35.7964 39.8162 26.822 5.16521 21.6568 2290.29 65.2873 45.7891 29.4764 16.3127 2225.01 3.68888 2221.32 131.256 2090.06 19.4982 15.2029 2.07992 4.29529
internal_count=19942 2528 2513 1749 369 1380 764 153 611 17414 693 366 235 131 16721 78 16643 667 15976 327 219 57 108
is_linear=0
shrinkage=0.05


Tree=69
num_leaves=24
num_cat=0
split_feature=4 3 1 0 3 4 1 1 1 3 2 3 4 1 0 3 0 2 1 1 3 1 3
split_gain=3.35765 4.98639 3.2684 2.78381 3.12939 2.64441 2.22532 3.68923 2.88048 3.70661 2.84337 2.58739 2.50261 2.40914 4.65873 5.73075 4.69558 2.67108 2.63951 0.00177631 7.24182e-05 1.23821e-05 5.08996e-06
threshold=2.9626167666962941 0.99827498404989645 -0.0027374735697159864 15.812332165691155 0.97061283109165475 2.1371299771789083 4.5257680439170229e-05 9.4286129539433733e-06 -3.4054724697696319e-05 1.0924003692731803 0.0038157090525953179 1.374976322313038 3.1607500236164738 0.00024078456304255094 62.548105649203755 0.70798061916008137 27.004185457282471 -0.013551799760286585 0.00032656812806730612 -0.00050212344702132972 1.1524792257715464 0.00050814873915028269 1.3179429585679556
decision_type=2 2 2 2 2 2 2 2 2 2 2 2 2 2 2 2 2 2 2 2 2 2 2
left_child=1 2 -1 5 -5 -4 7 8 12 -10 11 -9 -2 14 16 -16 -8 -15 -19 -3 21 -21 -22
right_child=6 19 3 4 -6 -7 13 10 9 -11 -12 -13 -14 17 15 -17 -18 18 -20 20 22 -23 -24
leaf_value=0.049330222883887151 0.020308171644482939 -0.052957250955796065 -0.0045365006684157019 -0.0083048334564204893 0.057779160390005004 0.05850188707349057 0.038578564316447787 0.048075052020037201 -0.0025576109344935087 -0.05049353092515857 -0.023020904483428056 -0.0024619877038641585 0.0014809081478355849 -0.044749420564393072 -0.035042752781036156 0.029818122663715998 -0.02044324133060485 0.012931344125399825 -0.0011051949018653425 -0.051168088116565702 -0.050877946912026663 -0.051428474548899178 -0.050701662456120102
leaf_weight=2.7008532136678687 17.896516837179661 1.7341681160032747 3.4936678372323504 150.76043394953012 1.813004083931445 3.1760130152106285 3.5912464186549178 9.8285353239625675 12.343433432281019 5.989493651315569 2.5068284086883059 3.4118928555399171 1284.5347457453609 3.4245764128863803 4.6336790993809727 12.848845246247945 54.649903662502766 35.006394216790795 774.30430169403553 1.9556474899873131 1.0490439739078281 0.59560570865869511 0.67163272481411684
leaf_count=12 212 35 31 3502 44 20 34 105 122 63 17 31 7312 30 61 138 584 364 6998 90 64 23 50
internal_value=-5.44057e-05 -0.00687145 -0.00521229 -0.00613736 -0.00751957 0.0254815 0.000460173 0.00174942 0.00146258 -0.0182186 0.0258075 0.0350523 0.00173961 -0.00147925 -0.0100091 0.012627 -0.0168039 -0.00068451 -0.00049805 -0.0516077 -0.0510598 -0.0512289 -0.0508091
internal_weight=2392.92 167.95 161.944 159.243 152.573 6.66968 2224.97 1336.51 1320.76 18.3329 15.7473 13.2404 1302.43 888.459 75.7237 17.4825 58.2412 812.735 809.311 6.0061 4.27193 2.55125 1.72068
internal_count=19942 3871 3609 3597 3546 51 16071 7862 7709 185 153 136 7524 8209 817 199 618 7392 7362 262 227 113 114
is_linear=0
shrinkage=0.05


Tree=70
num_leaves=23
num_cat=0
split_feature=4 2 4 2 2 2 3 1 3 3 4 4 4 1 2 3 4 3 2 4 1 1
split_gain=3.18371 3.90899 4.41494 3.77646 4.54421 4.27002 2.67654 2.64775 2.36171 11.3132 8.94366 4.00289 3.9633 7.10032 22.995 7.40134 5.70854 7.95908 3.74256 3.14555 1.80629 0.0146127
threshold=5.3517709309538679 -0.014732494619830947 5.2682223313416054 0.0026122199252536231 0.0046492671571283237 0.0023490855911557644 0.9193794102744256 -0.0007067457046494029 0.54239045166970568 0.4839506486032325 16.202546892975118 5.4796515057389668 5.6291815590628511 0.001104822944077988 0.00078685982511472752 0.7138746144542597 5.8845655116087441 0.70257716807270543 0.010403636357624759 6.1004916288461208 -0.0010322483474873299 -0.00072218988954220176
decision_type=2 2 2 2 2 2 2 2 2 2 2 2 2 2 2 2 2 2 2 2 2 2
left_child=1 -1 3 5 -5 -3 7 -4 9 11 20 -2 13 15 -15 -10 17 -14 -13 -18 -11 -8
right_child=8 2 6 4 -6 -7 21 -9 12 10 -12 18 16 14 -16 -17 19 -19 -20 -21 -22 -23
leaf_value=0.05441334792671592 -0.045884009639877987 -0.0019602132347772325 -0.043840165003908554 -0.024549562908261029 0.00061421827727159255 0.031464453597509455 -0.059563943019518811 0.0095061903879475936 -0.03453012856091494 -0.017966852651045334 0.057540676353258505 0.0080740099510089574 0.033783042973091183 0.20960622601840148 -0.01796395779668301 0.020775053191835285 0.017051846596439716 -0.031422089714461206 -0.016553339139720995 0.0012417235605749009 -0.039424129686529585 -0.054480804664183473
leaf_weight=2.9114347323775283 4.0614927336573592 454.33495753351599 4.1051419600844374 40.866994302719831 31.980979859828949 9.7603716943413001 2.342702180147171 5.3668810538947573 7.5988693386316291 15.228821024298666 2.998545989394187 107.77869161963463 5.6959779299795654 1.8825500831007946 2.705134853720665 29.669444467872381 32.110106315463781 26.235770627856255 18.003649063408375 1555.0942643024027 27.55354667454958 3.5660360381007186
leaf_count=20 37 7149 27 746 519 178 19 61 56 70 17 715 48 20 34 253 244 247 152 9049 231 50
internal_value=-5.28518e-05 -0.00337058 -0.00367517 -0.00291858 -0.0135024 -0.00125726 -0.0300878 -0.0136139 0.000950144 -0.00456383 -0.0259355 0.00297148 0.00153316 0.0167239 0.0754191 0.00949853 0.00114047 -0.0197908 0.00454901 0.00156157 -0.0317862 -0.0564962
internal_weight=2391.85 555.235 552.324 536.943 72.848 464.095 15.3808 9.47202 1836.62 175.625 45.7809 129.844 1660.99 41.856 4.58768 37.2683 1619.14 31.9317 125.782 1587.2 42.7824 5.90874
internal_count=19942 8769 8749 8592 1265 7327 157 88 11173 1222 318 904 9951 363 54 309 9588 295 867 9293 301 69
is_linear=0
shrinkage=0.05


Tree=71
num_leaves=19
num_cat=0
split_feature=4 0 0 3 1 2 0 2 4 0 1 2 4 2 2 2 2 4
split_gain=2.98761 5.76613 7.31841 5.37822 3.59248 3.11569 3.09848 2.2224 1.84017 3.10687 2.13825 2.13038 5.45616 4.42031 4.26266 4.60327 3.53115 3.47601
threshold=8.2369015252718096 8.6272809523943526 13.166933908503006 1.551200092349829 -0.0035189048891267056 -0.0040352176961092048 54.071077791091717 -0.0083969296209451243 59.628429505301739 39.726281871928478 0.0061288479747498856 0.0098632869899507609 36.924870810092166 0.012898663455626293 0.0064554330177261096 0.0062747727268290818 0.011035322479492351 10.626925844992597
decision_type=2 2 2 2 2 2 2 2 2 2 2 2 2 2 2 2 2 2
left_child=1 -1 5 4 -4 7 -5 -3 11 -10 -11 14 16 -14 15 -2 -13 -16
right_child=8 2 3 6 -6 -7 -8 -9 9 10 -12 12 13 -15 17 -17 -18 -19
leaf_value=-0.057596723077113422 0.0017492046517613505 0.022042123551650174 0.019132419809070988 -0.030284676876101403 -0.0020044571797872409 0.0025623139038216405 -0.00027594953002676748 0.074305716742866804 0.019210028284242869 -0.050911704111587401 -0.0069641661416910087 0.027287652416807015 0.083930809221249292 0.0092256536873868335 -0.033834385135165068 0.042925616658835646 -0.00014493902776670895 -0.0053823060867667655
leaf_weight=4.6526871770620337 1155.127859570086 3.3957516252994528 20.52923446893692 26.312293430790305 967.38244681619108 4.6940785236656657 12.77981407009065 5.0724739432334891 4.5578964799642554 5.7686969488859159 5.3204815983772278 14.625826165080069 4.2199729830026618 3.7306308001279831 12.550518229603766 6.8276150152087203 59.261513158679008 74.199601382017136
leaf_count=36 6148 20 86 262 11948 36 191 31 19 26 33 96 23 20 89 42 401 435
internal_value=-5.2412e-05 -0.00205861 -0.00181019 -0.00228499 -0.00156522 0.0352363 -0.0204744 0.0533481 0.00150466 -0.0155422 -0.0298261 0.00170513 0.00952026 0.0488772 0.00119294 0.00199116 0.00528528 -0.00949859
internal_weight=2391.01 1044.82 1040.17 1027 987.912 13.1623 39.0921 8.46823 1346.19 15.6471 11.0892 1330.54 81.8379 7.9506 1248.71 1161.96 73.8873 86.7501
internal_count=19942 12610 12574 12487 12034 87 453 51 7332 78 59 7254 540 43 6714 6190 497 524
is_linear=0
shrinkage=0.05


Tree=72
num_leaves=21
num_cat=0
split_feature=4 3 4 0 1 1 2 2 0 0 4 3 4 3 1 2 3 1 1 1
split_gain=2.9018 3.66406 3.61995 10.8955 2.97905 2.88319 7.44901 4.96652 2.68486 2.28133 4.09894 4.83204 4.17012 3.97366 5.60647 3.32382 1.65769 1.48073 0.00258225 0.000244306
threshold=3.049899370062267 1.0199995745418271 3.1274227006794519 37.660042565536578 0.0027866388739650198 -0.00029090591610719802 0.0015808536580920187 0.0019714749673819258 46.401374383545196 62.548105649203755 5.586424652810364 0.97061283109165475 5.7281089089995119 0.2132076120811153 0.001201536103688339 0.0090485934929661633 0.3712433317577814 0.00061833158588375803 -0.00068474477693708502 -0.0004844571074067438
decision_type=2 2 2 2 2 2 2 2 2 2 2 2 2 2 2 2 2 2 2 2
left_child=1 4 3 -2 5 6 -1 -7 -5 13 11 -11 -12 14 -4 -15 -10 18 -3 -20
right_child=2 17 9 8 -6 7 -8 -9 16 10 12 -13 -14 15 -16 -17 -18 -19 19 -21
leaf_value=-0.0052404601778852575 0.11274579102590232 -0.053707828003718927 0.012648885432480947 -0.054203443042299952 0.059797074944444174 -0.0060981048361470787 0.035388880966230496 -0.036586669731265994 -0.027431058367104216 -0.0060288598388146142 0.039997021625043816 -0.033657223815074203 -0.0011882092678985193 0.0007734885675557638 0.093154728578055707 0.030307614017899456 0.030625284786956808 0.029934736471298812 -0.052214978214790722 -0.051070305078180257
leaf_weight=73.285413092002273 2.8732708506286135 1.3726951070129869 12.151118025183676 1.8147735930979232 1.7675821594893921 70.523862892761827 13.333858905360101 16.478284610435367 1.6859690956771372 68.585193518549204 6.2443664930760852 20.572619001381099 390.90354720875621 1686.5863920263946 2.6308108232915393 9.5805333629250509 4.5417176764458418 0.61428262479603279 0.53289864212274496 3.7205888405442233
leaf_count=932 31 24 107 28 32 2173 167 533 25 997 70 448 2836 11142 23 53 74 26 14 207
internal_value=-5.06801e-05 -0.00612568 0.000449009 0.0291713 -0.0047861 -0.0054436 0.00101387 -0.0118727 -0.000686792 0.00030632 -0.00271563 -0.0124039 -0.000540653 0.00116525 0.0269769 0.000940307 0.0149082 -0.0437745 -0.0518222 -0.0512137
internal_weight=2389.8 181.629 2208.17 10.9157 175.389 173.621 86.6193 87.0021 8.04246 2197.25 486.306 89.1578 397.148 1710.95 14.7819 1696.17 6.22769 6.24047 5.62618 4.25349
internal_count=19942 4108 15834 158 3837 3805 1099 2706 127 15676 4351 1445 2906 11325 130 11195 99 271 245 221
is_linear=0
shrinkage=0.05


Tree=73
num_leaves=27
num_cat=0
split_feature=4 3 2 2 2 1 2 3 3 0 2 0 4 2 4 4 4 2 1 3 2 3 3 4 4 1
split_gain=2.72941 4.9436 3.89748 3.3841 11.6733 2.9561 6.64813 3.79827 10.9139 3.91517 2.433 2.30843 3.55541 2.53264 6.97888 5.09242 2.22854 7.08563 4.32215 2.16473 3.97396 2.99887 1.62857 1.26143 2.24398 0.000321803
threshold=2.3286145804955178 0.54239045166970568 0.010403636357624759 0.0024456272016398777 0.0018019062583078951 0.00038213718393576018 0.00016529369121709439 0.97061283109165475 1.0146748200997167 74.903020883522998 0.0039004197458827332 81.750118449010174 7.1936235323505686 0.01374850732792743 26.167397490169332 20.670941131151071 2.4128650528027351 -0.0012908714890752513 0.00056361866729126586 1.8203388920926749 -0.0021616130108326743 1.8037697603192286 0.73447258104565794 3.6601393538841056 5.2682223313416054 1.0000000180025095e-35
decision_type=2 2 2 2 2 2 2 2 2 2 2 2 2 2 2 2 2 2 2 2 2 2 2 2 2 2
left_child=1 2 3 4 -1 7 -7 9 -9 -3 -5 16 23 14 -14 -15 17 -2 -19 21 -21 -18 -8 25 -25 -13
right_child=11 5 -4 10 -6 6 22 8 -10 -11 -12 12 13 15 -16 -17 19 18 -20 20 -22 -23 -24 24 -26 -27
leaf_value=-0.0041736611516018374 0.11646335909802559 -0.047120039311730616 0.097262645741599305 -0.054580452951743685 0.084212708441062517 0.10683186585810843 -0.051787807960893599 0.21833388089602768 -0.051150179615123748 0.059912294375348202 -0.0059031280460961795 -0.053203244781013383 0.017599378959775504 -0.042175571342629697 -0.049203039038889479 0.014745205895635011 0.00023723178930043837 -0.020425117545327665 0.092788596996493528 -0.0064040198995464195 0.012461476554460095 -0.024667723841285214 0.015013059462869982 0.0019998549189631939 -0.037421743152796574 -0.052017994937702032
leaf_weight=59.970293695107102 1.7324708104133604 17.923537578433763 0.98314352333545585 4.9983395254239422 3.9837620481848708 1.2570173051208247 2.3343852702528243 0.55399552918970485 1.1674584364518521 0.89716567285358806 5.2772970600053668 0.69222333095968025 25.012887131422762 9.0729851126670855 4.6340066790580741 6.9311340302228919 2072.6232392964885 4.5258381543681017 1.0360041875392196 40.17742507904768 91.454962341114879 12.15813549980521 1.497807648964226 6.2990285269916049 8.4556797817349416 3.316044325940311
leaf_count=1361 27 497 18 142 106 31 72 16 65 33 137 14 198 88 37 43 15820 101 29 180 487 77 50 112 107 94
internal_value=-4.96607e-05 -0.00809998 -0.0016374 -0.00294729 0.00133201 -0.0270638 0.00705089 -0.0355156 0.0355747 -0.0420179 -0.0295811 0.00030514 -0.00902607 -0.00149511 0.00715772 -0.0175241 0.000575437 0.0281669 0.000663197 0.000484632 0.00670327 9.19898e-05 -0.0256788 -0.0273492 -0.020592 -0.0522227
internal_weight=2388.97 100.844 75.2128 74.2297 63.9541 25.6314 5.08921 20.5422 1.72145 18.8207 10.2756 2288.12 64.414 45.651 29.6469 16.0041 2223.71 7.29431 5.56184 2216.41 131.632 2084.78 3.83219 18.763 14.7547 4.00827
internal_count=19942 2528 1764 1746 1467 764 153 611 81 530 279 17414 693 366 235 131 16721 157 130 16564 667 15897 122 327 219 108
is_linear=0
shrinkage=0.05


Tree=74
num_leaves=25
num_cat=0
split_feature=1 1 4 3 3 1 2 3 0 0 0 2 0 0 2 3 3 3 1 0 0 4 4 3
split_gain=2.72112 4.2107 3.67148 3.85736 7.64789 2.75177 4.85571 6.16473 2.68557 2.52178 8.74928 5.0063 2.47584 2.08863 4.27135 4.27078 4.65785 2.37947 1.4771 3.48078 4.23024 2.19252 4.07399 4.0705
threshold=-0.0015121364390027201 -0.0014296291553748117 2.893867749257323 0.74990524597145813 0.72923712423636655 -0.0015956825686533336 0.00054127866905651089 1.4508808821144699 43.482183163573701 62.548105649203755 64.565677166777917 0.0090485934929661633 14.61117897153254 38.900307677696595 -0.00086809406693022495 1.303687739653008 0.77632163069820448 0.66306564921963218 -0.0018138853297331445 13.166933908503006 18.890352860497725 10.178638775880357 11.275063152579628 1.5843696157100746
decision_type=2 2 2 2 2 2 2 2 2 2 2 2 2 2 2 2 2 2 2 2 2 2 2 2
left_child=5 13 3 4 -3 18 7 8 -7 11 -11 -4 -5 15 -15 16 -2 -16 21 -20 -21 23 -23 -1
right_child=1 2 9 12 -6 6 -8 -9 -10 10 -12 -13 -14 14 17 -17 -18 -19 19 20 -22 22 -24 -25
leaf_value=0.0059221760472751581 0.018341281582732127 -0.0064594716880719688 0.00093837787857368917 0.057738387211736977 0.089705172391406879 0.002860680599877455 0.054658770643383148 0.052561728313615386 -0.043335427862342318 -0.021526069266645024 -0.00058659953082887124 0.042493428186919258 -0.02942491473061068 -0.070400535866468536 -0.04951571329050386 0.036392340770769104 -0.064030474583356048 0.00027275985721453787 0.046751868459526495 -0.062738219958012764 -0.0042954087586239186 -0.016500353081649977 0.0021388163408558049 0.050854513091863597
leaf_weight=188.97543592751026 3.0677718520164508 113.74551050830632 1068.7756947791204 0.84343034029007213 2.105802020058035 12.948643311858186 6.7856862246990195 5.4830571562051764 4.1557383984327307 57.089779045432806 395.3606133190915 7.2973367385566226 23.911866066046059 5.0054906159639403 3.4544292651116812 4.1389879509806633 3.8954084664583206 7.8597602397203445 3.1518971323966971 3.2425630241632453 68.643474549055099 31.903647243976593 361.46358913183212 5.1785825043916693
leaf_count=868 21 2839 8720 6 54 75 34 26 23 524 3789 45 719 26 23 21 25 42 19 21 355 136 1507 24
internal_value=-4.94434e-05 -0.00112723 -0.00080795 -0.00853972 -0.00471151 0.00259318 0.0175687 0.00642615 -0.00836328 -9.67159e-05 -0.00322872 0.00122018 -0.0264552 -0.0205611 -0.0319427 -0.00383083 -0.0277399 -0.0149286 0.00192927 -0.00467667 -0.00693159 0.00277298 0.000627106 0.00712064
internal_weight=2388.48 1696.55 1669.13 140.607 115.851 691.932 29.3731 22.5874 17.1044 1528.52 452.45 1076.07 24.7553 27.4218 16.3197 11.1022 6.96318 11.3142 662.559 75.0379 71.886 587.521 393.367 194.154
internal_count=19942 16854 16696 3618 2893 3088 158 124 98 13078 4313 8765 725 158 91 67 46 65 2930 395 376 2535 1643 892
is_linear=0
shrinkage=0.05


Tree=75
num_leaves=24
num_cat=0
split_feature=1 1 0 4 4 1 2 4 3 0 0 0 4 2 2 2 2 3 2 0 4 0 2
split_gain=2.48672 7.99203 5.21095 4.5108 3.41404 8.65379 5.03414 3.69429 2.48609 2.33881 2.26507 5.00903 4.84472 2.20274 7.39236 2.09096 8.10883 9.48231 3.91624 4.99065 3.62643 2.5715 0.541481
threshold=-0.00011861813278113419 -0.0001420166536299505 63.852428894914439 6.3687576367527736 2.55546955395983 0.00038213718393576018 -0.0089827417031623207 2.4487605980534872 0.76045710925119847 83.696601977068738 69.622723103227074 69.063516141912402 9.1815138302922339 0.00070287979963856728 0.00081999804443833046 0.0022478281658483428 0.0025569690332204469 1.8203388920926749 0.0020231198024170953 67.775102322418988 8.6495593232493047 76.742858080483771 -0.0020171561291508762
decision_type=2 2 2 2 2 2 2 2 2 2 2 2 2 2 2 2 2 2 2 2 2 2 2
left_child=1 9 3 8 5 13 -7 -8 -3 10 11 -1 -12 22 -15 18 17 -17 21 -20 -18 -6 -2
right_child=4 2 -4 -5 15 6 7 -9 -10 -11 12 -13 -14 14 -16 16 20 -19 19 -21 -22 -23 -24
leaf_value=0.001095505522413424 -0.020648115258697163 0.030455462199870179 0.10646647659791407 0.057674350077791176 -0.0020882591712155893 0.10553962995019719 0.0060851435189262686 -0.052086305679755453 -0.038998382386609291 0.04259807976091811 -0.022589317247958401 0.050399004815775174 0.0080822040702875336 0.1222472560995494 -0.031940697089754867 0.016589933491016028 -0.0080654656775742579 0.10544466628076934 -0.039772897068695273 0.015313452419635443 0.0027142811750331154 -0.042882532061063877 -0.051363922284093581
leaf_weight=1280.9887777846307 1.6044746171683062 2.3369834851473552 2.429200059734284 5.3028959184885025 548.69955471437424 1.1710261255502725 24.97345839440823 3.0641730315983287 2.8716537700966001 3.3677977845072737 29.731479034759104 5.1723525989800683 22.708080261945724 0.8642651028931122 7.7308428594842553 25.274819215759639 110.16459362767637 3.4073529094457617 14.912223158404233 5.6767855565994969 267.37989891320467 3.8904203372076145 13.570088976994159
leaf_count=8026 56 50 35 31 5557 7 748 84 42 36 330 38 109 37 326 279 1498 17 146 88 1776 67 559
internal_value=-4.83543e-05 0.00136027 0.0404655 0.0252128 -0.00189705 -0.0142598 0.00396989 -0.00027229 -0.0078362 0.000983176 0.000878476 0.00129378 -0.00930752 -0.0366609 -0.0164366 -0.00122832 0.00151593 0.0271456 -0.00317323 -0.0245845 -0.000431166 -0.00237546 -0.0481162
internal_weight=2387.29 1354.91 12.9407 10.5115 1032.38 52.9783 29.2087 28.0376 5.20864 1341.97 1338.6 1286.16 52.4396 23.7697 8.59511 979.406 406.227 28.6822 573.179 20.589 377.544 552.59 15.1746
internal_count=19942 8697 158 123 11245 1817 839 832 92 8539 8503 8064 439 978 363 9428 3570 296 5858 234 3274 5624 615
is_linear=0
shrinkage=0.05


Tree=76
num_leaves=24
num_cat=0
split_feature=1 1 4 3 1 2 3 3 2 2 2 0 2 2 2 0 2 0 0 0 3 4 1
split_gain=2.34396 3.88255 3.16322 3.79224 2.45868 4.23375 5.46462 2.59696 2.44213 2.37645 6.58214 5.62668 1.98031 7.71468 2.41793 1.44549 7.02114 5.7811 5.22949 3.81713 2.48729 2.13344 0.00111541
threshold=-0.0015121364390027201 -0.0014296291553748117 2.893867749257323 0.99827498404989645 -0.0015956825686533336 0.00054127866905651089 1.4508808821144699 1.0774708190299831 -0.0089827417031623207 -0.0056246255763743305 -0.0089827417031623207 33.88287336505978 -0.0039236344297804973 -0.0028052792550063428 -0.0020171561291508762 46.025990227609675 -0.00052543788235498423 42.91445435690251 42.465889076994053 43.890052341708262 1.5843696157100746 17.547159897913215 -0.00050212344702132972
decision_type=2 2 2 2 2 2 2 2 2 2 2 2 2 2 2 2 2 2 2 2 2 2 2
left_child=4 12 3 8 15 6 7 -6 -3 10 -4 -11 -2 -14 -15 17 20 18 -1 -19 -17 -18 -5
right_child=1 2 9 22 5 -7 -8 -9 -10 11 -12 -13 13 14 -16 16 21 19 -20 -21 -22 -23 -24
leaf_value=0.0020270973887446184 -0.048159026958624777 0.032952740405935016 -0.008151630359002137 -0.052605046019958059 0.0044192025081361752 0.050664439756174434 0.048962465345777861 -0.0386228382793046 -0.0075570280887371265 -0.011041517197453889 0.017630077472229642 0.00032931065114523276 0.059048812043376954 -0.066358389740582099 -0.017630789826526872 -0.027895224441167106 -0.0012348365452735063 0.041770135066002329 -0.043505417763193527 0.010740636710223158 0.0080637685057021683 0.011972177613447516 -0.050934152699012747
leaf_weight=429.03820139914751 5.0211537480354336 3.8298771008849135 41.442725121974945 1.4075751435011623 12.112460605800161 6.9428730159997931 5.5829224288463584 4.9311500787734976 130.14322197716683 118.67971746996045 61.484555546194315 1306.2006401978433 3.1526420265436235 3.0303257256746372 15.924296595156182 29.557833194732666 98.785003289580345 13.789629608392714 6.4000946879386893 35.239290222525597 5.7433865368366233 44.286724075675011 3.4391798414289942
leaf_count=1903 27 23 266 32 72 34 26 26 3353 1017 390 11405 18 20 93 133 446 59 27 151 25 186 210
internal_value=-4.78446e-05 -0.00104981 -0.000744386 -0.00797082 0.00240313 0.0165097 0.00602947 -0.00803395 -0.00639898 -8.77772e-05 0.00724931 -0.000617777 -0.0198132 -0.013375 -0.025421 0.00177383 -0.00207422 0.00319062 0.00135786 0.0194678 -0.0220448 0.00285329 -0.0514194
internal_weight=2386.17 1693.76 1666.63 138.82 692.41 29.5694 22.6265 17.0436 133.973 1527.81 102.927 1424.88 27.1284 22.1073 18.9546 662.84 178.373 484.467 435.438 49.0289 35.3012 143.072 4.84675
internal_count=19942 16854 16696 3618 3088 158 124 98 3376 13078 656 12422 158 131 113 2930 790 2140 1930 210 158 632 242
is_linear=0
shrinkage=0.05


Tree=77
num_leaves=21
num_cat=0
split_feature=1 1 0 4 4 3 3 4 0 0 4 4 1 3 0 2 0 1 1 2
split_gain=2.22438 7.03795 4.10129 3.89094 3.14985 4.22348 2.28088 2.24712 2.06645 2.00975 1.94112 6.6528 3.4537 4.41338 3.50318 3.38809 2.14029 1.90086 5.09516 7.85071e-05
threshold=-0.00011861813278113419 -0.0001420166536299505 63.852428894914439 6.3687576367527736 1.5669509643696153 0.70257716807270543 0.76045710925119847 0.58369599163375752 83.696601977068738 69.622723103227074 5.8845655116087441 5.9343906543374798 0.00037240844616959207 0.80429512014002891 82.362797231668551 0.00087453522236735648 56.790021937727552 0.00042191901074783994 0.000480720694414627 -0.00078756435400112446
decision_type=2 2 2 2 2 2 2 2 2 2 2 2 2 2 2 2 2 2 2 2
left_child=1 7 3 6 5 17 -3 -1 9 -9 12 16 13 -6 -14 -13 -12 19 -19 -2
right_child=4 2 -4 -5 10 -7 -8 8 -10 -11 11 15 14 -15 -16 -17 -18 18 -20 -21
leaf_value=0.048634503223665991 -0.051351099677507707 0.028443979415956857 0.093547460583776193 0.053130284026734899 -0.022125123644836393 0.095784185773076347 -0.038181318300969186 0.0011294677864747975 0.039437969502933878 -0.0088994520516611688 0.093116816381404094 -0.0046509110890183645 0.0006261871757633345 -0.00042070256269112938 -0.031120288813978565 0.0022639138953216456 0.02609006905321741 0.1345671661122437 -0.02617103787609781 -0.050924550555499853
leaf_weight=2.4637296926230183 1.3628592900931824 2.3891186378896219 2.6219257470220318 5.4676589518785477 54.217095075175166 0.68028958886861879 2.7785789435729384 1283.5539057059214 3.4585456866770974 51.977243779227138 2.3216115050017825 296.92836225777864 171.08857151865959 41.234772399067879 9.1548184566199762 439.12932040914893 2.4456650987267494 0.53799699991941441 5.8965567741543055 5.1741487560793731
leaf_count=31 56 50 35 31 1162 32 42 8036 36 436 21 2174 2942 837 198 3261 28 22 218 294
internal_value=-4.64325e-05 0.00128516 0.037537 0.0237288 -0.00179752 -0.0256549 -0.00737926 0.000926893 0.000839112 0.000739154 -0.00147712 -0.000144228 -0.00505875 -0.0127489 -0.000986262 -0.000525552 0.0587314 -0.0320237 -0.0127316 -0.0510135
internal_weight=2384.88 1354.71 13.2573 10.6354 1030.17 13.6519 5.1677 1341.45 1338.99 1335.53 1016.52 740.825 275.695 95.4519 180.243 736.058 4.76728 12.9716 6.43455 6.53701
internal_count=19942 8697 158 123 11245 622 92 8539 8508 8472 10623 5484 5139 1999 3140 5435 49 590 240 350
is_linear=0
shrinkage=0.05


Tree=78
num_leaves=21
num_cat=0
split_feature=1 1 0 2 0 3 1 2 3 0 0 2 3 3 1 3 2 2 3 1
split_gain=2.0274 3.56911 2.86336 3.09096 5.83311 5.06804 2.20039 3.71984 4.85539 2.51406 1.91489 4.04743 3.77306 4.47652 2.36389 1.41339 5.05787 3.90356 2.99047 1.62306
threshold=-0.0015121364390027201 -0.0014296291553748117 8.6272809523943526 -0.0056246255763743305 35.237145097448227 0.86403434965972881 -0.0015956825686533336 0.00054127866905651089 1.4508808821144699 43.482183163573701 38.900307677696595 -0.00086809406693022495 1.303687739653008 0.77632163069820448 -0.0014751519535024513 1.9382963222163594 -0.0023733901712040813 -0.0056246255763743305 1.886158540359127 -0.0018138853297331445
decision_type=2 2 2 2 2 2 2 2 2 2 2 2 2 2 2 2 2 2 2 2
left_child=6 10 -3 5 -5 -4 15 8 9 -8 12 -12 13 -2 -13 18 17 -17 19 -1
right_child=1 2 3 4 -6 -7 7 -9 -10 -11 11 14 -14 -15 -16 16 -18 -19 -20 -21
leaf_value=0.0025615076047212936 0.018707074185505514 -0.058916338897898747 -0.00080045224959507237 -0.010200965024317249 -0.00014039948667283626 0.021627894523346153 0.0030677104204441092 0.047166972001003185 0.045711103847402401 -0.042012013901489835 -0.068558818220783718 0.012934146728535873 0.034306895995185285 -0.063006537485440883 -0.03362766695854949 -0.0077469522497050835 0.020751672038850956 -0.065050772698023993 0.031731684942121086 -0.0053589995065194199
leaf_weight=561.72301563620567 3.0590290650725382 2.1085252277553073 67.390712579712272 160.68375083152205 1394.0781201617792 40.219791933894157 12.928963504731664 7.0820545405149451 5.6716764867305747 4.0652807131409636 4.7901773750782022 4.7865960597991934 4.191071629524231 3.7073590382933617 6.3316774703562233 7.2278973162174234 7.5259007811546317 5.0471193194389352 8.3704787343740445 73.096544556319714
leaf_count=2420 21 20 501 1683 14288 204 75 34 26 23 26 26 21 25 39 32 33 23 35 387
internal_value=-4.54602e-05 -0.000978602 -0.000686795 -0.000612938 -0.00118015 0.00758222 0.00223284 0.0155362 0.00565299 -0.00771604 -0.0190575 -0.0301361 -0.00297329 -0.0260645 -0.0135821 0.00163593 -0.0115216 -0.0313086 0.00204099 0.0016495
internal_weight=2384.09 1691.35 1664.48 1662.37 1554.76 107.611 692.739 29.748 22.6659 16.9942 26.8659 15.9085 10.9575 6.76639 11.1183 662.991 19.8009 12.275 643.19 634.82
internal_count=19942 16854 16696 16676 15971 705 3088 158 124 98 158 91 67 46 65 2930 88 55 2842 2807
is_linear=0
shrinkage=0.05


Tree=79
num_leaves=21
num_cat=0
split_feature=1 1 0 4 4 3 3 3 2 0 1 2 2 3 0 2 4 2 3 1
split_gain=1.98925 6.21413 3.27545 3.38206 2.92723 3.67523 2.09157 1.94431 2.79505 1.8566 2.08846 2.0653 8.56568 3.30684 1.80648 1.9787 3.82484 3.58765 0.00426598 0.000117691
threshold=-0.00011861813278113419 -0.0001420166536299505 63.852428894914439 6.3687576367527736 1.5669509643696153 0.70257716807270543 0.76045710925119847 0.27682170586765248 0.0006777602433288844 91.912680741346549 0.0025451179781220694 0.0023024825934390152 0.0025569690332204469 0.22103325212402236 83.696601977068738 0.0030269220342936669 17.547159897913215 0.00277974372513401 0.73447258104565794 0.00038213718393576018
decision_type=2 2 2 2 2 2 2 2 2 2 2 2 2 2 2 2 2 2 2 2
left_child=1 14 3 6 5 7 -3 8 -2 11 -11 13 -13 -6 15 17 -17 -1 -12 -9
right_child=4 2 -4 -5 9 -7 -8 19 -10 10 18 12 -14 -15 -16 16 -18 -19 -20 -21
leaf_value=0.001159715095161117 0.016302981249048731 0.026538542475231741 0.083073289082342766 0.049172483041735146 0.021513280762710266 0.082927397966596664 -0.037373731494506506 -0.05094677939748047 -0.051129120262824318 0.005369048761584813 -0.054141517206247526 0.029480536685284903 -0.0003634900744354855 -0.0036337600083467233 0.036512609848544528 -0.0096069000691886217 0.0090234378548564032 0.027669484138831454 -0.057761815115612618 -0.051381892537145202
leaf_weight=1181.2142462646589 3.6840732377022469 2.4409711789339763 2.8001267667859784 5.6157841235399246 13.367761045694349 0.74482222460210401 2.6916714636608958 3.3691823529079556 2.6364715481176972 2.4093463234603396 1.5671353712677958 25.679948747158051 377.1579076461494 593.12786598689854 3.5464232051745048 106.13416950777173 37.207286164164543 12.901966783218084 1.6925309337675569 2.88475177064538
leaf_count=7551 148 50 35 31 200 32 42 191 135 32 24 279 3378 6694 36 706 162 84 16 116
internal_value=-4.39999e-05 0.00121473 0.034907 0.022359 -0.00170205 -0.0249897 -0.00697847 -0.031382 -0.0118248 -0.00139646 -0.0299302 -0.0012362 0.001539 -0.00307949 0.000874322 0.000779823 -0.004771 0.00144614 -0.0560213 -0.0511475
internal_weight=2382.87 1354.55 13.5486 10.7484 1028.32 13.3193 5.13264 12.5745 6.32054 1015 5.66901 1009.33 402.838 606.496 1341 1337.46 143.341 1194.12 3.25967 6.25393
internal_count=19942 8697 158 123 11245 622 92 590 283 10623 72 10551 3657 6894 8539 8503 868 7635 40 307
is_linear=0
shrinkage=0.05


Tree=80
num_leaves=30
num_cat=0
split_feature=2 2 2 4 1 1 0 0 2 3 4 0 4 3 3 1 4 1 1 0 4 2 3 4 3 2 0 4 1
split_gain=1.82229 9.01451 4.82786 6.95232 7.50075 6.97431 6.63549 6.42673 14.1436 6.04688 4.98443 4.6941 4.8482 4.15264 4.03122 4.50966 4.26942 4.02165 3.97328 3.65794 4.1905 5.51792 3.378 2.88234 4.35284 4.29182 1.15941 0.0443882 0.0224597
threshold=0.00030139820616192919 0.00065155656558257846 -0.00084352825641370577 2.55546955395983 0.00062956406397152176 -0.0019837564039700824 46.401374383545196 44.921833125722834 -0.0014188418801209244 0.51094820347856906 21.072105685880416 62.548105649203755 20.670941131151071 0.45725555367584364 1.2085265637603999 0.0023234184459436373 12.919920218936683 -0.0030774961874295288 -0.0014296291553748117 44.315659421988961 8.5755035418417229 0.0012511693555349315 1.374976322313038 10.857676344499843 0.88720907096172141 0.0038157090525953179 67.206460366087626 8.2369015252718096 -0.00084201076521234197
decision_type=2 2 2 2 2 2 2 2 2 2 2 2 2 2 2 2 2 2 2 2 2 2 2 2 2 2 2 2 2
left_child=2 13 6 4 5 -4 7 17 -9 -6 18 12 -5 27 15 -15 -16 -1 -8 20 21 -3 -12 24 -21 -25 -13 28 -2
right_child=1 19 3 11 9 -7 10 8 -10 -11 22 26 -14 14 16 -17 -18 -19 -20 23 -22 -23 -24 25 -26 -27 -28 -29 -30
leaf_value=0.005626511592463127 -0.062252397022645484 0.044215376949316938 0.10617775135600681 0.012272269841408529 0.099218996343171106 -0.02923978909462821 -0.027143222674466012 0.00096291433257229765 0.065666767116004679 -0.052376853293482677 -0.056821545677158553 -0.047003201660836075 -0.011334357808479335 -0.0085811681969453282 -0.043165806314377983 0.060056707192572348 -0.005303338142421718 -0.0019446202065186832 -0.0019370805180876631 0.0012981849340959377 -0.056287982889598957 -0.028336169401147596 -0.014946558532380923 0.0094775680445946496 -0.0083910698354799536 -0.00088989405778171638 -0.0091599228408225774 -0.0647793664405346 -0.052680493935384966
leaf_weight=238.06514759361744 0.70868432521820057 3.8301356611773398 0.98610027134419098 248.67375097051263 2.3134671840816732 26.564296083524823 19.69109746068716 27.948574358597398 12.103311210870741 0.91915386356413353 9.2367091327905673 4.121782720088957 23.834291025996208 45.32771467231214 18.69544314220548 2.5264591649174681 12.372993677854536 666.30643953476101 75.884457902982831 307.22588520497084 6.0797472447156897 8.2997389081865531 10.062809757888315 167.47918871045113 186.14237378910184 247.11427140980959 3.9765870105475187 1.1613023132085798 4.5314413672313085
leaf_count=974 6 42 4 2236 64 783 95 163 93 22 45 45 108 573 224 23 61 4848 686 3941 34 82 48 894 2205 1460 45 7 131
internal_value=-4.2856e-05 -0.00165268 0.00114511 0.00661823 -0.0159385 -0.0243928 -0.000463761 0.000916391 0.0205158 0.0561147 -0.0118104 0.00909275 0.0102076 -0.0172041 -0.0140626 -0.00495743 -0.0280871 4.83909e-05 -0.00713021 -0.000219999 -0.0224084 -0.00542725 -0.0349878 0.000225001 -0.00235746 0.00329815 -0.0284208 -0.0559351 -0.053975
internal_weight=2382.18 1011.5 1370.69 311.389 30.783 27.5504 1059.3 944.423 40.0519 3.23262 114.875 280.606 272.508 85.324 78.9226 47.8542 31.0684 904.372 95.5756 926.171 18.2096 12.1299 19.2995 907.962 493.368 414.593 8.09837 6.40143 5.24013
internal_count=19942 9683 10259 3307 873 787 6952 6078 256 86 874 2434 2344 1025 881 596 285 5822 781 8658 158 124 93 8500 6146 2354 90 144 137
is_linear=0
shrinkage=0.05


Tree=81
num_leaves=19
num_cat=0
split_feature=1 4 0 0 3 3 2 4 3 2 4 4 4 3 4 4 0 4
split_gain=1.78227 1.99376 5.43957 6.12046 5.11105 2.69691 2.46507 8.42032 4.80621 4.39934 2.4787 1.81905 1.10586 1.74123 2.4876 1.75381 1.57092 0.568669
threshold=0.0067333866282944807 8.2369015252718096 8.6272809523943526 13.166933908503006 1.551200092349829 0.76045710925119847 0.0098632869899507609 33.269451209376562 0.84306603887832299 0.0094265003664955067 8.7317793993998674 14.854997699459927 39.947500884137341 1.6672867236653854 33.269451209376562 19.896729867268668 70.126381648153796 59.628429505301739
decision_type=2 2 2 2 2 2 2 2 2 2 2 2 2 2 2 2 2 2
left_child=1 2 -1 5 -5 -4 9 8 -8 10 -3 -11 13 14 15 -2 -14 -18
right_child=12 6 3 4 -6 -7 7 -9 -10 11 -12 -13 16 -15 -16 -17 17 -19
leaf_value=-0.056747779593165751 -0.0011156688991416908 0.010755273011916386 0.012271517402858161 -0.0010132174224246223 -0.01962416110161757 0.057436454008472762 -0.0071731816323890836 0.067984840195908725 0.020900480275713354 -0.010046952406364246 0.00063303465702595305 -0.058769113113830512 0.019875953980175429 -0.046567105945157831 0.02840549902146778 -0.032348705414734433 -0.00086014072351338648 -0.03057382223856361
leaf_weight=4.4380009770393363 8.1489043496549218 63.772794239223003 7.4501755237579328 976.33869101572782 38.339021261781454 5.9409152045845985 34.350386306643486 5.8633603006601325 27.411533817648888 3.5043545067310324 1171.3332408741117 4.2258725762367249 5.9975608587264997 4.1011402234435073 3.3741110339760771 10.022821731865404 3.2274757772684097 3.2134565562009811
leaf_count=36 86 447 50 12025 453 37 240 25 151 21 6122 23 36 34 24 91 20 21
internal_value=-4.28876e-05 0.000131521 -0.00151167 -0.00127323 -0.00171642 0.0323088 0.00142619 0.0107228 0.00528663 0.000920338 0.00115568 -0.0366818 -0.0107723 -0.0167057 -0.0110218 -0.0183426 0.00146187 -0.0156846
internal_weight=2381.05 2342.97 1032.51 1028.07 1014.68 13.3911 1310.46 67.6253 61.7619 1242.84 1235.11 7.73023 38.0855 25.647 21.5458 18.1717 12.4385 6.44093
internal_count=19942 19630 12601 12565 12478 87 7029 416 391 6613 6569 44 312 235 201 177 77 41
is_linear=0
shrinkage=0.05


Tree=82
num_leaves=24
num_cat=0
split_feature=1 1 0 2 3 4 3 0 3 1 0 2 2 0 3 1 4 0 2 1 2 0 1
split_gain=1.73197 5.54104 2.75122 4.26161 3.68822 2.67366 3.30504 2.0543 1.91549 2.68657 1.77925 4.46713 4.02363 2.9918 12.3611 2.02283 1.80968 1.58799 1.80497 3.42944 3.16768 1.1619 0.000107665
threshold=-0.00011861813278113419 -0.0001420166536299505 59.871578734406853 -0.00035878926378590798 1.0310499810855707 1.5669509643696153 0.70257716807270543 32.402262241424545 0.27682170586765248 0.00042191901074783994 81.750118449010174 0.0086421906994172976 0.012898663455626293 80.175270501972236 1.4700356767908118 0.0010657623379626282 17.216536845394838 83.696601977068738 0.0030269220342936669 -0.00030562480036583345 0.00277974372513401 49.819507302561426 0.00038213718393576018
decision_type=2 2 2 2 2 2 2 2 2 2 2 2 2 2 2 2 2 2 2 2 2 2 2
left_child=1 17 3 7 -4 6 8 -3 9 -2 13 16 -13 15 -15 -7 -12 18 20 -20 -1 -5 -10
right_child=5 2 4 21 -6 10 -8 -9 22 -11 11 12 -14 14 -16 -17 -18 -19 19 -21 -22 -23 -24
leaf_value=0.0010831085623996207 -0.050922595003850768 -0.0043251740664200207 0.10624289263831102 -0.060802734537834739 0.013549973314159428 -0.0035483887331555354 0.074736064537141614 0.059634174256429411 -0.050884311086770641 0.015835685349596666 -0.029889268941548315 0.019740715377183068 -0.013818082701242258 0.043073887349968157 -0.050981637041240327 0.0011057813484908012 0.023469878936846208 0.033837007695464869 -0.0025887265253623257 -0.034537665068514585 0.025846527183406472 -0.0006822628747129517 -0.051312713509342293
leaf_weight=1180.8570752711967 2.5419137245044077 1.7454733494669188 2.442862754687666 1.5271781459450715 1.9139707619324324 456.61532422155142 0.79265959095209915 4.4717721296474338 3.1523459516465664 3.7017526347190142 22.674478919245306 16.496942676603794 19.477802976965904 13.747225324623289 4.6832691673189393 477.70450443588197 1.7087522372603405 3.6292562931776038 133.93044482916594 8.961457562632857 13.056768756359814 1.6962552433833478 2.7425197381526232
leaf_count=7551 149 21 33 19 15 5746 32 46 191 134 350 153 180 150 38 3995 11 36 775 93 84 24 116
internal_value=-4.15117e-05 0.00113247 0.0326565 0.0174889 0.0655226 -0.00159101 -0.0241828 0.0416778 -0.0306423 -0.0113429 -0.00130265 -0.00962762 0.00157098 -0.000775257 0.019174 -0.00116878 -0.0261499 0.000807987 0.000718318 -0.0045924 0.00135392 -0.0291658 -0.0510836
internal_weight=2380.27 1354.23 13.7975 9.44068 4.35683 1026.04 12.9312 6.21725 12.1385 6.24367 1013.11 60.358 35.9747 952.75 18.4305 934.32 24.3832 1340.44 1336.81 142.892 1193.91 3.22343 5.89487
internal_count=19942 8697 158 110 48 11245 622 67 590 283 10623 694 333 9929 188 9741 361 8539 8503 868 7635 43 307
is_linear=0
shrinkage=0.05


Tree=83
num_leaves=20
num_cat=0
split_feature=1 4 0 0 3 2 2 4 3 2 4 4 4 3 0 0 3 0 4
split_gain=1.63649 1.75674 5.09472 5.41758 4.66672 2.66219 2.18357 7.53979 4.26856 4.0636 2.22502 1.71291 1.0356 1.65902 2.47768 3.14922 2.84477 1.39316 0.515024
threshold=0.0067333866282944807 8.2369015252718096 8.6272809523943526 13.166933908503006 1.551200092349829 -0.0040352176961092048 0.0098632869899507609 33.269451209376562 0.84306603887832299 0.0094265003664955067 8.7317793993998674 14.854997699459927 39.947500884137341 1.6672867236653854 75.24519815199406 62.14101414027261 1.2366500335480188 70.126381648153796 59.628429505301739
decision_type=2 2 2 2 2 2 2 2 2 2 2 2 2 2 2 2 2 2 2
left_child=1 2 -1 5 -5 -4 9 8 -8 10 -3 -11 13 14 15 -2 -16 -14 -19
right_child=12 6 3 4 -6 -7 7 -9 -10 11 -12 -13 17 -15 16 -17 -18 18 -20
leaf_value=-0.05576996002770318 -0.00032358119561871532 0.01015607672941142 0.046496207143627663 -0.00094492972259371626 -0.018869426321503277 0.00023372135918508409 -0.0068961743267892985 0.063914202045005697 0.019498021176519609 -0.0098052455213879855 0.00059119829775580268 -0.057385078157499547 0.018595989527322106 -0.045806821860057099 0.045748945613371193 -0.048960522054133149 -0.014322791841004512 -0.0008716661608559927 -0.029327417208922537
leaf_weight=4.2936662137508383 6.8723350726068073 64.130081806331873 8.7991005703806859 975.11459786817431 37.717234401032329 4.809432264417409 34.230578538030386 5.9337657541036597 27.724942624568939 3.4967856034636489 1171.4720570221543 4.1207280457019806 6.0699804127216321 3.9776938557624808 3.430492125451563 6.4536710754036903 4.6317959353327751 3.2279275953769684 3.1338998377323151
leaf_count=36 59 447 51 12025 453 36 240 25 151 21 6122 23 36 34 36 64 42 20 21
internal_value=-4.07937e-05 0.000125787 -0.00141872 -0.00119137 -0.00161243 0.0301464 0.00134001 0.0100719 0.00491516 0.000863184 0.00108763 -0.0355438 -0.0103617 -0.0161556 -0.0106412 -0.023878 0.0112376 0.00146032 -0.0148893
internal_weight=2379.64 2341.84 1030.73 1026.44 1012.83 13.6085 1311.11 67.8893 61.9555 1243.22 1235.6 7.61751 37.7978 25.366 21.3883 13.326 8.06229 12.4318 6.36183
internal_count=19942 19630 12601 12565 12478 87 7029 416 391 6613 6569 44 312 235 201 123 78 77 41
is_linear=0
shrinkage=0.05


Tree=84
num_leaves=30
num_cat=0
split_feature=2 2 2 4 1 1 0 0 2 4 4 0 4 3 1 3 4 1 1 0 4 1 3 4 1 4 0 4 1
split_gain=1.58362 8.21123 4.5548 6.23923 6.70499 6.34321 6.0181 5.74645 12.1888 5.01491 4.65889 4.28422 4.44236 4.03291 3.74883 3.74102 4.03052 3.90673 3.56036 3.34074 3.95768 5.38065 3.16483 2.46549 5.48944 4.16663 1.11701 0.0385332 0.0229452
threshold=0.00030139820616192919 0.00065155656558257846 -0.00084352825641370577 2.55546955395983 0.00062956406397152176 -0.0019837564039700824 46.401374383545196 44.921833125722834 -0.0014188418801209244 2.2495818594955126 21.072105685880416 62.548105649203755 20.670941131151071 0.45725555367584364 0.0028628618169846969 1.2085265637603999 12.919920218936683 0.0023234184459436373 -0.0030774961874295288 44.315659421988961 8.5755035418417229 -0.0012629272067897766 1.374976322313038 33.269451209376562 0.0026229620101404509 49.608894188768083 67.206460366087626 8.2369015252718096 -0.0010090598204105514
decision_type=2 2 2 2 2 2 2 2 2 2 2 2 2 2 2 2 2 2 2 2 2 2 2 2 2 2 2 2 2
left_child=2 13 6 4 5 -4 7 18 -9 -6 14 12 -5 27 -8 17 -17 -15 -1 20 21 -3 -12 24 -21 -25 -13 28 -2
right_child=1 19 3 11 9 -7 10 8 -10 -11 22 26 -14 15 -16 16 -18 -19 -20 23 -22 -23 -24 25 -26 -27 -28 -29 -30
leaf_value=0.0052376524379375428 -0.063666842829633516 0.052254558057751414 0.10067105326438573 0.011702412999951665 0.086767210140704695 -0.02840167681500852 -0.0044941448034157422 0.00087598580700626652 0.060219436596820608 -0.052478410228600725 -0.05532205762446827 -0.046210861817513597 -0.010912807110934368 -0.0081651421154115607 -0.049219240733457043 -0.042227686580516566 -0.0051562941058278045 0.054418623807925608 -0.0018882895296896123 0.0014769327589953377 -0.054946551511731549 -0.024500795975435107 -0.014542955858697859 0.019992964190640825 -0.0089726699645406999 -0.011975992072283836 -0.0086783328538126078 -0.064042437294110466 -0.052621858923968395
leaf_weight=237.96588928997517 0.52590784430503834 3.0566910952329645 0.98838374018669739 250.09216417279094 2.5186802148818965 25.769593396224082 90.327411098405719 27.957154586911201 12.531146880239246 0.86994127929210652 9.0491448193788546 3.9852517768740645 23.779282540082932 45.01244386471808 4.9415788911283007 18.026538438163701 12.358717396855353 2.6398640237748614 665.4924659607932 703.03039212152362 5.9329131916165343 9.0238892314955592 10.033199198544024 36.193838432431221 153.03958776965737 14.187375724315642 3.9443707000464201 1.1242392957210539 4.4406687803566447
leaf_count=974 4 15 4 2236 66 783 741 163 93 20 45 45 108 573 40 224 61 23 4848 7001 34 109 48 184 1240 75 45 7 133
internal_value=-3.95301e-05 -0.00154321 0.00106728 0.00637696 -0.0152426 -0.023634 -0.000497824 0.000814505 0.0192428 0.0510195 -0.0113308 0.00868978 0.00973881 -0.0164983 -0.00681402 -0.0134399 -0.0271495 -0.0046981 -1.13562e-05 -0.000182257 -0.0215039 -0.00507976 -0.033881 0.000241457 -0.000391142 0.0109905 -0.0275413 -0.0556835 -0.0537914
internal_weight=2378.84 1008.59 1370.25 311.948 30.1466 26.758 1058.3 943.947 40.4883 3.38862 114.351 281.801 273.871 84.1284 95.269 78.0376 30.3853 47.6523 903.458 924.465 18.0135 12.0806 19.0823 906.451 856.07 50.3812 7.92962 6.09082 4.96658
internal_count=19942 9683 10259 3307 873 787 6952 6078 256 86 874 2434 2344 1025 781 881 285 596 5822 8658 158 124 93 8500 8241 259 90 144 137
is_linear=0
shrinkage=0.05


Tree=85
num_leaves=26
num_cat=0
split_feature=4 3 3 2 2 1 1 4 3 4 3 0 3 3 4 1 2 3 2 3 4 4 2 1 1
split_gain=1.48111 3.08232 4.84141 2.5421 3.68738 3.55444 1.79219 3.27192 2.81521 2.36129 2.12749 5.86153 5.30454 4.51933 4.43965 3.19459 2.70792 1.71926 1.53049 1.09951 1.55486 2.79573 1.38747 0.00499037 0.00114496
threshold=4.5648800337078823 1.3179429585679556 1.2953382844897481 0.0026122199252536231 0.0039004197458827332 0.0020398885283253736 0.0023959411264389279 8.5755035418417229 0.37657942365660085 24.737086165519028 0.8482629823565252 22.952753556947417 0.86403434965972881 0.69794687233536146 5.8845655116087441 -0.0001537485016644968 -0.014732494619830947 0.2132076120811153 0.0021563144681143735 1.3843304188126517 4.1468518988878413 4.2915373242785178 -0.0010776483097232334 -0.00088582302894196763 -0.0004844571074067438
decision_type=2 2 2 2 2 2 2 2 2 2 2 2 2 2 2 2 2 2 2 2 2 2 2 2 2
left_child=1 2 3 5 -5 -1 10 17 -9 -10 11 16 15 -13 -14 -12 -2 -8 -19 23 22 -22 -21 -3 -25
right_child=6 19 -4 4 -6 -7 7 8 9 -11 12 13 14 -15 -16 -17 -18 18 -20 20 21 -23 -24 24 -26
leaf_value=-0.0015494095403786505 0.0059846775426382615 -0.057357933115132091 0.091940078089416732 -0.028647282916677758 -0.0015929716861224363 0.035440014057751025 0.026843206027767377 0.040025092401087002 -0.0057558058838451049 0.0052356453888105945 -0.011608084451196788 0.0018535430660713227 -0.0096135586328901911 0.012029815612188074 0.0013485492609110513 -0.05287109431210453 -0.021371622324398924 -0.042425799949213625 -0.014935393657858981 0.030821728662504468 0.065350964022278427 -0.029241323559997697 -0.05218817651592042 -0.054330791032337192 -0.051992014079281682
leaf_weight=340.18497720640153 12.628436900675295 0.74885339289903674 1.3648918718099583 21.356987258419394 30.697599570266902 6.6210536099970332 1.7334150373935724 3.9975220784544936 155.52939833700657 71.246604256331921 15.061254955828192 317.72990423068404 101.17045134119689 166.15936127305031 1061.0508342683315 6.8122400194406501 31.88903983682394 7.9340362623333958 13.991406392306088 0.59139323420822654 1.2557679805904629 2.066670123487711 3.3828601576387882 0.75062355026602823 1.7279545282945012
leaf_count=5903 63 7 35 457 570 97 14 32 1143 412 77 2169 1109 1063 5967 57 188 98 203 13 22 42 126 11 64
internal_value=-3.95456e-05 -0.00277036 -0.002068 -0.0023897 -0.0126928 -0.000843225 0.000530724 -0.00338486 -0.00156939 -0.0023026 0.00111248 0.00375061 -6.4802e-05 0.0053479 0.000394306 -0.024459 -0.0136114 -0.0210934 -0.0248832 -0.0294807 -0.0187323 0.00651133 -0.0398358 -0.053781 -0.0527003
internal_weight=2377.68 410.75 400.226 398.861 52.0546 346.806 1966.93 254.432 230.774 226.776 1712.5 528.407 1184.09 483.889 1162.22 21.8735 44.5175 23.6589 21.9254 10.5241 7.29669 3.32244 3.97425 3.22743 2.47858
internal_count=19942 7347 7062 7027 1027 6000 12595 1902 1587 1555 10693 3483 7210 3232 7076 134 251 315 301 285 203 64 139 82 75
is_linear=0
shrinkage=0.05


Tree=86
num_leaves=19
num_cat=0
split_feature=1 4 3 3 2 4 2 3 2 3 3 4 2 0 4 3 4 1
split_gain=1.49132 1.50058 2.8815 4.04419 2.28944 1.43774 3.67074 1.55575 4.3746 3.33854 1.08229 1.47253 1.02313 2.66305 2.26027 3.97144 2.95174 0.00424302
threshold=0.0067333866282944807 4.5648800337078823 1.3179429585679556 1.2953382844897481 0.0026122199252536231 59.628429505301739 -0.0052310827627745074 1.8203388920926749 -0.0021616130108326743 1.8037697603192286 1.3843304188126517 4.1468518988878413 0.00016529369121709439 58.572143687670582 19.896729867268668 1.0146748200997167 39.947500884137341 -0.00088582302894196763
decision_type=2 2 2 2 2 2 2 2 2 2 2 2 2 2 2 2 2 2
left_child=1 2 3 4 -1 7 -7 9 -9 -3 17 -12 -2 -14 15 -15 -16 -4
right_child=12 5 10 -5 -6 6 -8 8 -10 -11 11 -13 13 14 16 -17 -18 -19
leaf_value=-0.00080210301240498424 -0.034309522528658036 0.00060147332506497433 -0.056954100365709373 0.080712196458468374 -0.012108184311531562 0.011963799533743574 -0.046630232402383939 -0.0082662179743270177 0.012233121463475612 -0.026550675434345285 -0.039309730955708166 0.0061040863845881199 0.02913024913216446 -0.014460987582680912 -0.033445585667781122 0.074368816783406719 0.0028074797211569587 -0.052563558087590362
leaf_weight=346.5903742685914 3.8614067509770384 1782.1034981645644 0.71725411713123355 1.4739509839564551 51.418766808696091 5.3011161386966705 5.3913463950157148 36.89657586067915 88.330912191420794 11.393473617732523 3.8316777450963855 3.3416509665548801 4.3997920453548423 3.6671367995440987 14.446606539189817 1.9155043736100195 9.1841838061809522 2.3636737065389735
leaf_count=6000 30 11535 7 35 1025 22 25 166 464 73 139 64 31 43 130 20 58 75
internal_value=-3.88164e-05 0.000119715 -0.00262837 -0.00195659 -0.00226273 0.000703307 -0.0175804 0.000805197 0.00619327 0.000428985 -0.0287996 -0.018154 -0.00993428 -0.00713411 -0.0125958 0.0160181 -0.0193557 -0.0535857
internal_weight=2376.63 2339.15 409.737 399.483 398.009 1929.42 10.6925 1918.72 125.227 1793.5 10.2543 7.17333 37.4746 33.6132 29.2134 5.58264 23.6308 3.08093
internal_count=19942 19630 7345 7060 7025 12285 47 12238 630 11608 285 203 312 282 251 63 188 82
is_linear=0
shrinkage=0.05


Tree=87
num_leaves=20
num_cat=0
split_feature=0 2 2 4 3 4 3 2 3 0 3 2 2 2 2 1 4 3 0
split_gain=1.39288 3.35566 4.97781 7.83069 5.04463 4.52875 3.20915 2.34271 2.19103 2.05346 9.51357 5.87748 2.35173 2.87379 2.83327 1.73712 1.84978 2.44588 0.545081
threshold=81.750118449010174 0.0080344749979772718 0.01374850732792743 26.167397490169332 1.5316992417560513 20.670941131151071 1.1654583386331228 0.020219425115825088 0.48999381986678969 80.175270501972236 1.4700356767908118 0.0051800964144763659 0.01374850732792743 0.011602145941986721 0.014826997449053582 -0.00020117383067985714 5.9894282533443741 1.7419423576801061 82.362797231668551
decision_type=2 2 2 2 2 2 2 2 2 2 2 2 2 2 2 2 2 2 2
left_child=7 15 3 4 -3 8 -7 9 -4 12 11 -11 13 -1 -14 -2 18 -18 -17
right_child=1 2 5 -5 -6 6 -8 -9 -10 10 -12 -13 14 -15 -16 16 17 -19 -20
leaf_value=-8.6636431274409972e-05 0.040862056769668399 0.021287947730853404 -0.015881723070132317 -0.046759819129021205 0.10342950676623963 0.048626633482538616 -0.019442931978571314 0.042666123279642983 -0.058961695216209621 -0.019976434663018818 -0.049975730127812548 0.047191725128685025 -0.054120042014824302 0.018541110470765544 -0.0055794739711801039 -0.010001410409659128 -0.0032547134157116849 -0.061011676034264106 -0.046504539016707494
leaf_weight=2250.0702926153317 1.040207983925941 16.708191087469466 6.1412241794168967 3.9750170931220046 2.1045861914753905 3.4363006055355063 3.4901386871933937 3.237885206937789 5.6824143528938293 4.2640981357544723 4.4938565487973383 13.78850062843412 4.316141251474618 20.897267298772931 9.9051574543118459 1.1658884920179868 10.84882954135537 2.2056882679462424 8.3260246654972416
leaf_count=18679 17 158 75 34 14 19 24 23 57 77 38 115 31 136 63 30 107 17 228
internal_value=-3.75984e-05 -0.00724901 0.00130357 0.0170042 0.0304771 -0.0177781 0.0143273 0.000165623 -0.0365859 0.000105993 0.0151216 0.0313263 -4.21562e-05 8.47747e-05 -0.0203115 -0.0223108 -0.0252253 -0.0130133 -0.0420209
internal_weight=2376.1 65.1245 41.5379 22.7878 18.8128 18.7501 6.92644 2310.97 11.8236 2307.74 22.5465 18.0526 2285.19 2270.97 14.2213 23.5866 22.5464 13.0545 9.49191
internal_count=19942 780 381 206 172 175 43 19162 132 19139 230 192 18909 18815 94 399 382 124 258
is_linear=0
shrinkage=0.05


Tree=88
num_leaves=30
num_cat=0
split_feature=2 2 2 4 1 2 1 0 0 2 3 1 2 3 0 4 3 3 4 1 0 4 3 4 3 3 0 1 4
split_gain=1.39748 7.53901 4.13655 5.61071 6.16337 8.66325 6.03051 5.5017 5.08714 10.5398 4.29776 5.51501 4.23087 3.90682 3.90416 4.06489 3.50905 4.20656 3.23504 3.18832 3.0731 3.71931 5.2161 2.31369 5.84003 3.95036 1.07327 0.0331902 0.0227659
threshold=0.00030139820616192919 0.00065155656558257846 -0.00084352825641370577 2.55546955395983 0.00046761436321962618 -0.0006104704749368971 -0.0019837564039700824 46.401374383545196 44.921833125722834 -0.0014188418801209244 0.22103325212402236 0.00093906838944735071 -0.0041417833477468404 0.45725555367584364 62.548105649203755 20.670941131151071 1.1869868142873901 1.1344361991724237 20.670941131151071 0.00034804326232329435 44.315659421988961 8.5755035418417229 0.47842710142338235 10.857676344499843 0.33603434999787113 0.88720907096172141 67.206460366087626 -0.0010090598204105514 5.4796515057389668
decision_type=2 2 2 2 2 2 2 2 2 2 2 2 2 2 2 2 2 2 2 2 2 2 2 2 2 2 2 2 2
left_child=2 13 7 4 6 -6 -4 8 19 -10 11 -9 -12 27 15 -5 17 -15 -18 -1 21 22 -3 25 -25 -22 -16 -2 -29
right_child=1 20 3 14 5 -7 -8 10 9 -11 12 -13 -14 16 26 -17 18 -19 -20 -21 23 -23 -24 24 -26 -27 -28 28 -30
leaf_value=0.00119721191420073 -0.065485458256372087 -0.034945217576070026 0.09601987592744983 0.011070584339761012 0.17969766717655239 0.0059970583370776388 -0.030220249575728244 0.00078185066151658343 0.00074802767605248359 0.055328235605675541 -0.044842742275494299 0.11766941348967142 -0.0098915490223813862 -0.0081833969792233282 -0.045448166790871145 -0.01057890849737525 -0.033797296154888377 0.052963038027981246 0.00759825484399935 -0.0072679779009635244 0.0014065219772017353 -0.053633056706011352 0.031381722574902488 0.089321835250475157 0.0025924118217297786 -0.007858676855606414 -0.0082916486240650171 -0.052257999263822755 -0.060434110981336178
leaf_weight=772.5127860698849 0.71625796705484379 6.5271439505741018 0.98575034737587586 251.67039519269019 0.86168685182929028 4.2995206713676444 23.469795289449394 3.438258619979023 27.974653977900743 12.934803672134874 9.4851059578359109 1.4283638577908275 99.36164272017777 43.43063089530915 3.8565787877887479 23.725687295198441 25.005159922875468 3.007487127557396 5.8177744895219794 129.94155095517635 306.3137012720108 5.7943847179412833 5.4302344843745232 1.9501588940620411 412.67274766415358 184.24219302367419 3.9178043603897095 4.0169327976182094 1.0803837478160856
leaf_count=4623 5 76 4 2236 21 117 731 54 163 93 61 17 742 556 45 108 269 29 27 1199 3941 34 48 13 2341 2205 45 131 8
internal_value=-3.68807e-05 -0.00145193 0.00100231 0.00605333 -0.0146533 0.0349972 -0.0251318 -0.000492283 0.000760083 0.0180053 -0.0108819 0.0350886 -0.0129373 -0.015879 0.00821903 0.00920546 -0.0129046 -0.00422335 -0.025984 -2.1664e-05 -0.000153323 -0.0207558 -0.004824 0.00025072 0.00300034 -0.00207329 -0.0267236 -0.0554071 -0.0539909
internal_weight=2375.87 1006.01 1369.86 312.787 29.6168 5.16121 24.4555 1057.08 943.364 40.9095 113.713 4.86662 108.847 83.0746 283.17 275.396 77.2611 46.4381 30.8229 902.454 922.931 17.7518 11.9574 905.179 414.623 490.556 7.77438 5.81357 5.09732
internal_count=19942 9683 10259 3307 873 138 735 6952 6078 256 874 71 803 1025 2434 2344 881 585 296 5822 8658 158 124 8500 2354 6146 90 144 139
is_linear=0
shrinkage=0.05


Tree=89
num_leaves=20
num_cat=0
split_feature=1 4 0 0 3 2 2 2 3 4 4 3 3 0 0 3 4 0 4
split_gain=1.31133 1.34197 4.74302 4.87196 4.26189 2.35778 1.83893 1.99923 3.97376 3.52416 1.51605 1.02435 1.41154 2.97018 3.17711 2.12777 1.99743 1.29739 1.15904
threshold=0.0067333866282944807 8.2369015252718096 8.6272809523943526 13.166933908503006 1.551200092349829 -0.0040352176961092048 -0.016637730712464768 -0.0034312219447791832 0.47842710142338235 59.628429505301739 21.072105685880416 0.68859177660692161 1.1050300658491576 79.63549945246622 73.129934556001231 1.0255392502021086 25.399589702163869 83.696601977068738 15.727463406902826
decision_type=2 2 2 2 2 2 2 2 2 2 2 2 2 2 2 2 2 2 2
left_child=1 2 -1 5 -5 -4 10 8 -8 -9 -3 18 15 14 -14 16 -13 -15 -2
right_child=11 6 3 4 -6 -7 7 9 -10 -11 -12 12 13 17 -16 -17 -18 -19 -20
leaf_value=-0.054705717352993725 -0.057207855958924275 -0.03250694823764632 0.043729977889960171 -0.00079540559508680113 -0.018077280384907406 0.00029837678103642265 0.030745488951611905 0.00031585084813265797 0.0034080691425677199 -0.04237514758436553 0.0025577504549713177 -0.028261377377097857 -0.014499270461178874 -0.057929206228773227 0.034674219867110674 0.053223451124239735 0.027700811872592074 -0.01919785721382386 -0.0042930870193973727
leaf_weight=4.1318396497517815 2.2374832667410365 7.3470366746187192 8.9368356987833959 971.66778735909611 37.034467047080398 4.8049883954226962 13.791226074099539 912.05617879331112 368.04694576561451 4.8599364012479773 5.31083844602108 3.6159929484128934 10.661509655416014 3.768061697483061 4.7475290372967711 2.2120470106601715 2.8521609157323837 5.0731952264904976 1.9253872856497762
leaf_count=36 24 35 51 12025 453 36 75 5186 1687 23 23 39 76 34 36 18 22 43 20
internal_value=-3.7167e-05 0.000110817 -0.00124311 -0.00102706 -0.00142991 0.0285436 0.00117067 0.00135551 0.00439544 8.95755e-05 -0.0177949 -0.00936456 -0.00641034 -0.0126037 0.000651095 0.0108923 -0.0035846 -0.0357048 -0.032734
internal_weight=2375.08 2337.99 1026.58 1022.44 1008.7 13.7418 1311.41 1298.75 381.838 916.916 12.6579 37.0934 32.9305 24.2503 15.409 8.6802 6.46815 8.84126 4.16287
internal_count=19942 19630 12601 12565 12478 87 7029 6971 1762 5209 58 312 268 189 112 79 61 77 44
is_linear=0
shrinkage=0.05


Tree=90
num_leaves=21
num_cat=0
split_feature=2 4 2 1 1 2 3 0 2 0 0 1 3 1 4 4 3 4 3 4
split_gain=1.27576 3.85326 3.26171 7.54478 5.5805 2.91456 5.80763 6.56404 5.6593 3.11982 4.64907 4.51191 2.55128 2.40701 1.95821 1.91992 1.0823 0.838041 1.67475 0.00682486
threshold=0.01374850732792743 12.446806847662957 0.014826997449053582 0.0013768821306618941 0.0029760375275997846 0.0098632869899507609 0.33111767416137788 64.080686893478642 0.0094265003664955067 81.750118449010174 80.175270501972236 -0.00020117383067985714 0.72351630782638365 -0.0013978606931231428 3.1607500236164738 5.3124591456245103 1.1948346321202963 10.178638775880357 0.35793692280448935 5.6695141473913173
decision_type=2 2 2 2 2 2 2 2 2 2 2 2 2 2 2 2 2 2 2 2
left_child=5 15 -3 -4 -5 8 14 -8 9 10 -1 -11 -9 -10 -7 -2 -15 18 -17 -16
right_child=1 2 3 4 -6 6 7 12 13 11 -12 -13 -14 16 19 17 -18 -19 -20 -21
leaf_value=1.2204151007121762e-05 0.0068898430291266426 -0.03152910417411673 0.059939529359418986 -0.069090540028013347 0.0072834847158059733 0.0079272617615735712 0.066961031019000805 -0.0055952938820750696 0.0079745310861814907 0.06470566171305854 0.028630519552207214 -0.021405268261941224 0.017491821575755028 -0.061415184361679712 -0.055974085449012778 -0.05658231227687513 -0.022177808387946654 -0.062731867325775542 -0.0041625906314632036 -0.060193044078098827
leaf_weight=2217.5721318176948 2.4426642656326285 5.8429972454905537 5.6750817447900799 2.9702911227941504 12.280363991856573 1.5796398008242238 5.5334672108292571 17.980634991079569 2.3539105057716361 1.6130331447348023 14.282567303162066 26.716488651465625 35.774528458714485 5.7135816290974599 1.8200874812901022 3.2158736176788789 2.5382191464304924 3.3937150202691555 2.8957118690013885 2.025117963552475
leaf_count=18468 37 38 26 17 91 30 30 143 11 21 170 425 225 49 24 36 18 29 38 16
internal_value=-3.5983e-05 -0.0090379 0.00150034 0.010723 -0.00759149 0.000113246 0.0105763 0.0151071 -0.000184932 -1.39459e-05 0.000195345 -0.0165023 0.00976938 -0.0366238 -0.0389419 -0.0326482 -0.0493459 -0.0428087 -0.0317455 -0.058196
internal_weight=2374.22 38.7167 26.7687 20.9257 15.2507 2335.5 64.7135 59.2886 2270.79 2260.18 2231.85 28.3295 53.7552 10.6057 5.42485 11.948 8.2518 9.5053 6.11159 3.84521
internal_count=19942 312 172 134 108 19630 468 398 19162 19084 18638 446 368 78 70 140 67 103 74 40
is_linear=0
shrinkage=0.05


Tree=91
num_leaves=28
num_cat=0
split_feature=2 2 0 4 1 1 0 0 4 0 3 2 4 3 1 1 3 2 3 2 0 2 2 0 4 0 4
split_gain=1.25612 3.35708 6.03311 5.46963 4.71996 10.4846 2.30277 5.90293 6.85012 5.86977 4.42825 2.78775 2.21371 4.33364 3.43624 4.31999 6.28047 3.80552 2.45219 2.27466 4.21355 4.03167 2.18901 3.28451 2.08842 1.57675 0.0138729
threshold=0.0040042149972475691 0.0035604536038272854 68.325340869501545 11.275063152579628 0.0044450411893166572 0.0011561192550652024 72.274565633791028 76.742858080483771 6.0453133784923301 71.6935923392288 0.93502861338438803 0.003486543911668694 33.269451209376562 1.7419423576801061 0.0019866775194129498 0.0017941187147296758 1.003395934179655 0.0053367438142051258 1.6171642440420959 0.0054606361997670003 63.200230992213704 0.0086421906994172976 0.0062747727268290818 77.723123439004453 7.0055932005368513 59.68615681850887 6.3687576367527736
decision_type=2 2 2 2 2 2 2 2 2 2 2 2 2 2 2 2 2 2 2 2 2 2 2 2 2 2 2
left_child=1 6 4 24 5 -3 9 10 -9 11 -8 -1 14 18 15 17 -17 -2 25 20 -16 -21 -15 -24 -4 -14 -11
right_child=12 2 3 -5 -6 -7 7 8 -10 26 -12 -13 13 22 19 16 -18 -19 -20 21 -22 -23 23 -25 -26 -27 -28
leaf_value=0.00015497826770316465 -0.011447797277081027 0.01452132042020135 -0.012618087412990038 0.053147639145268558 -0.031607206594331132 0.085417672448044879 0.046119449755556846 -0.032327626286546222 0.032741161913509814 -0.053260134755718905 0.0053776332135977781 -0.033174258486726192 0.040080275583558832 -0.033033893418005882 0.031545396069188769 -0.0045785517767748703 0.073909693418507796 0.0030933807367188875 0.054656275966317114 -0.024976651053150903 -0.0093622458507594177 -0.0050286196573743553 0.023943508690058457 -0.028870760611626346 -0.058394131891977799 0.0015825710163311951 -0.058790119259220092
leaf_weight=1885.7452731952071 65.853926051408052 19.053466553799815 7.1224024388939124 2.5137855410575858 3.0691081508994094 7.1800731793045989 13.72912345454097 12.116470816079529 6.0715963132679454 2.941024216823279 12.970341372303663 6.2949273213744155 3.9778135567903545 5.8425027504563358 8.565616410225628 5.5088601168245059 4.7432156056165695 142.04478223901242 5.499339558184146 44.897169571369886 23.743760716170073 58.116928901523352 7.8055452555417997 4.7262683063745499 3.8322412222623825 8.0265135094523412 1.8459736928343771
leaf_count=15515 562 136 126 14 20 58 258 337 63 66 200 54 19 27 62 53 33 1071 29 373 209 486 40 34 36 44 17
internal_value=-3.51735e-05 0.000474284 0.0143305 -0.0133683 0.0270617 0.0339255 0.000169067 0.0113623 -0.0106062 -9.58149e-05 0.0263275 4.409e-05 -0.00263182 0.00920198 -0.00383297 4.97968e-05 0.0317347 -0.00151268 0.0270062 -0.0100922 0.00148288 -0.0137227 -0.00775863 0.00402505 -0.0286318 0.0143394 -0.0553926
internal_weight=2373.84 1984.49 42.7711 13.4684 29.3026 26.2335 1941.71 44.8875 18.1881 1896.83 26.6995 1892.04 389.352 35.878 353.474 218.151 10.2521 207.899 17.5037 135.323 32.3094 103.014 18.3743 12.5318 10.9546 12.0043 4.787
internal_count=19942 16900 390 176 214 194 16510 858 400 15652 458 15569 3042 193 2849 1719 86 1633 92 1130 271 859 101 74 162 63 83
is_linear=0
shrinkage=0.05


Tree=92
num_leaves=21
num_cat=0
split_feature=3 3 4 4 4 4 3 1 1 4 0 4 3 3 4 1 2 0 4 1
split_gain=1.25564 3.52473 7.03019 7.50687 5.77309 4.58154 2.5507 2.79346 1.81811 6.88958 3.8211 2.87122 2.20089 2.06324 1.63654 1.61961 1.44908 0.182501 0.0212251 0.00586005
threshold=1.8203388920926749 1.8397435972872713 9.8645257301430664 11.546357334180341 13.212846443613893 12.919920218936683 1.8037697603192286 -0.0007067457046494029 -0.0083214107453278823 34.702984735117845 8.6272809523943526 9.1815138302922339 1.1415862104016214 1.488686689358621 22.277559114487975 -0.00077940638643370075 0.00030139820616192919 49.006821112609408 14.854997699459927 -2.2212644450292359e-05
decision_type=2 2 2 2 2 2 2 2 2 2 2 2 2 2 2 2 2 2 2 2
left_child=6 5 15 -4 -5 -2 8 -8 9 12 11 -10 -1 -11 18 -3 -12 -7 -9 -17
right_child=1 2 3 4 -6 17 7 14 10 13 16 -13 -14 -15 -16 19 -18 -19 -20 -21
leaf_value=0.014903103161289425 0.073452232926490946 -0.0096215993363294502 0.057917963364328119 -0.044788724365032354 0.0049142009680263939 0.0033300365963042627 0.0082253380551711077 -0.056843143348469287 -0.061976265406008604 -0.034625480365976485 0.00088127213461790081 -0.0082139622412051201 0.0483703859573364 0.0033098565305780554 -0.012023244708754866 -0.058771756202791736 -0.0017245572615415851 0.017264994262997959 -0.063587767795096395 -0.055578147083140489
leaf_weight=10.601004242897035 4.0390609242022029 2.6101742163300514 6.3731274530291548 6.194585755467414 102.73198170214891 5.0433553457260114 4.4035695940256119 2.3822314329445344 4.3021166771650297 6.9672438204288465 1248.6563214794733 5.8745535612106323 9.1546693146228773 7.3818460553884506 2.8426425382494926 2.7503612013533711 931.51363544771448 4.3990357667207718 2.2856507301330566 3.0066781863570196
leaf_count=44 33 15 37 32 479 22 21 26 38 28 9666 25 38 30 17 26 9293 23 14 35
internal_value=-3.52087e-05 0.0046087 0.00196215 0.00517362 0.00208763 0.0288858 -0.000320003 -0.0233933 -0.000196423 0.0112592 -0.000374792 -0.0309416 0.0304117 -0.0151098 -0.0419319 -0.0422916 -0.000232112 0.00982208 -0.0601457 -0.0571039
internal_weight=2373.51 137.148 123.667 115.3 108.927 13.4815 2236.37 11.9141 2224.45 34.1048 2190.35 10.1767 19.7557 14.3491 7.51052 8.36721 2180.17 9.44239 4.66788 5.75704
internal_count=19942 702 624 548 511 78 19240 78 19162 140 19022 63 82 58 57 76 18959 45 40 61
is_linear=0
shrinkage=0.05


Tree=93
num_leaves=20
num_cat=0
split_feature=1 4 3 1 1 1 2 3 4 2 1 0 1 4 3 2 0 4 4
split_gain=1.23432 1.28433 4.45025 3.86913 2.75988 2.72129 5.61943 4.07289 2.48841 5.48268 3.63849 1.64444 2.07614 1.17526 0.936782 1.34424 4.76087 2.05653 1.1206
threshold=0.0067333866282944807 2.3286145804955178 0.54239045166970568 0.0027866388739650198 -0.00044042526830628809 0.00038213718393576018 0.00016529369121709439 0.97061283109165475 2.4128650528027351 -0.0012908714890752513 0.00056361866729126586 91.912680741346549 0.0025451179781220694 59.628429505301739 0.68859177660692161 0.00016529369121709439 56.011736245546736 19.896729867268668 15.727463406902826
decision_type=2 2 2 2 2 2 2 2 2 2 2 2 2 2 2 2 2 2 2
left_child=1 2 3 4 -1 7 -7 -4 9 -3 -11 13 -13 -10 18 -16 -17 -18 -2
right_child=14 8 5 -5 -6 6 -8 -9 11 10 -12 12 -14 -15 15 16 17 -19 -20
leaf_value=0.0092883333747156814 -0.056789005901747951 0.1036754236352788 -0.040582664709513279 0.099604805219342452 -0.010452765518025056 0.095187390087180648 -0.024161940277297039 0.043434298948067523 0.00040163643775375471 -0.017456414400213626 0.08497212202460834 0.0078079475033270979 -0.05560592581159321 -0.016324519849259991 -0.041075979778355018 0.065206146043192317 0.021896429257714484 -0.015047157633719586 -0.0040998613580487666
leaf_weight=34.754276281222701 2.1284807883203021 1.8588488139212129 16.838734893128283 0.97329631820320983 36.089569253847003 1.3540869783610094 3.6307604415342212 1.5776201807893802 2217.7427340908907 4.1768885832279912 1.0941028781235216 2.3035828098654738 2.9354531057178974 10.552231803536413 2.5636150762438765 2.3357093259692219 4.4889966621994999 23.421358034014702 1.9189166724681852
leaf_count=369 24 27 530 14 1380 31 122 81 16828 102 29 31 39 47 19 15 48 186 20
internal_value=-3.41512e-05 0.000109099 -0.00557827 0.000592038 -0.00076826 -0.0245146 0.00825818 -0.0333854 0.000350787 0.0298424 0.00380474 0.000256644 -0.0277231 0.000322429 -0.00911287 -0.00631315 -0.00336669 -0.00910529 -0.0318085
internal_weight=2372.74 2335.88 95.2183 71.8171 70.8438 23.4012 4.98485 18.4164 2240.66 7.12984 5.27099 2233.53 5.23904 2228.29 36.8571 32.8097 30.2461 27.9104 4.0474
internal_count=19942 19630 2527 1763 1749 764 153 611 17103 158 131 16945 70 16875 312 268 249 234 44
is_linear=0
shrinkage=0.05


Tree=94
num_leaves=21
num_cat=0
split_feature=3 3 4 4 4 4 3 1 1 4 0 4 3 3 4 1 2 2 4 1
split_gain=1.15268 3.11323 6.54464 6.52994 5.32617 3.82984 2.34164 2.61388 1.65741 6.21145 3.53442 2.78854 2.02189 1.87137 1.60843 1.59484 1.29046 0.168997 0.0177309 0.00497451
threshold=1.8203388920926749 1.8397435972872713 9.8645257301430664 11.546357334180341 13.212846443613893 12.919920218936683 1.8037697603192286 -0.0007067457046494029 -0.0083214107453278823 34.702984735117845 8.6272809523943526 9.1815138302922339 1.1415862104016214 1.488686689358621 22.277559114487975 -0.00077940638643370075 0.00030139820616192919 -1.0000000180025095e-35 14.854997699459927 -2.2212644450292359e-05
decision_type=2 2 2 2 2 2 2 2 2 2 2 2 2 2 2 2 2 2 2 2
left_child=6 5 15 -4 -5 -2 8 -8 9 12 11 -10 -1 -11 18 -3 -12 -7 -9 -17
right_child=1 2 3 4 -6 17 7 14 10 13 16 -13 -14 -15 -16 19 -18 -19 -20 -21
leaf_value=0.014166823105686214 0.066628405365277754 -0.0092045790420867465 0.053415198476821912 -0.043480506704587918 0.0047258941470605456 0.0022524759584399093 0.0077763987242975997 -0.056478986229927322 -0.061405803006215599 -0.032849486359254228 0.00082679019743260606 -0.0078299008548068597 0.046332116115829415 0.0032869821886237723 -0.011362448274162202 -0.058287997699454343 -0.0016330130095722308 0.015640829642498959 -0.062768505249060635 -0.055281692642940854
leaf_weight=10.579900279641153 4.2237644679844371 2.5980077311396599 6.5574113577604285 6.0680002123117438 102.82984904199839 4.4323227852582923 4.4132607951760292 2.2810976430773717 4.1429488081485015 6.9620224982500059 1249.1490712421946 5.8697535246610641 9.07755598425865 7.3809645771980286 2.81784388422966 2.6382920108735561 930.27227248763666 5.0340239852666846 2.202533096075058 2.8760316222906095
leaf_count=44 33 15 37 32 479 19 21 26 38 28 9666 25 38 30 17 26 9293 26 14 35
internal_value=-3.35659e-05 0.00441392 0.00190748 0.00495767 0.00203974 0.0270372 -0.000306681 -0.0226025 -0.00018921 0.0107654 -0.000359327 -0.029998 0.0290203 -0.0142535 -0.0409645 -0.041503 -0.000223161 0.00937215 -0.0595686 -0.05672
internal_weight=2372.41 137.258 123.568 115.455 108.898 13.6901 2235.15 11.7147 2223.43 34.0004 2189.43 10.0127 19.6575 14.343 7.30147 8.11233 2179.42 9.46635 4.48363 5.51432
internal_count=19942 702 624 548 511 78 19240 78 19162 140 19022 63 82 58 57 76 18959 45 40 61
is_linear=0
shrinkage=0.05


Tree=95
num_leaves=20
num_cat=0
split_feature=1 4 3 3 2 3 2 0 3 3 3 3 4 3 2 0 4 4 1
split_gain=1.12263 1.18137 2.66253 3.40675 2.14503 1.44945 5.23998 2.20161 1.59467 10.1056 3.34481 1.07792 1.40948 0.876303 1.25805 4.17376 1.86799 1.09022 0.00343126
threshold=0.0067333866282944807 4.5648800337078823 1.3179429585679556 1.2953382844897481 -0.0034312219447791832 0.2132076120811153 0.0053367438142051258 45.86246211985614 0.54239045166970568 0.4839506486032325 0.76649788118158846 1.3843304188126517 4.1468518988878413 0.68859177660692161 0.00016529369121709439 56.011736245546736 19.896729867268668 15.727463406902826 -0.00088582302894196763
decision_type=2 2 2 2 2 2 2 2 2 2 2 2 2 2 2 2 2 2 2
left_child=1 2 3 4 -1 6 7 -3 9 -7 -10 18 -13 17 -15 -16 -17 -2 -4
right_child=13 5 11 -5 -6 8 -8 -9 10 -11 -12 12 -14 14 15 16 -18 -19 -20
leaf_value=-0.013056233908885452 -0.056431288425954046 0.018126285973673426 -0.056518522977012403 0.071713397606953874 -0.00077106220233670597 0.0027123468492958017 -0.037259336784247435 0.079487924554675404 0.0060652218901199291 -0.023525147937461369 5.5880134302060426e-05 -0.038647988271635153 0.0062874568039472147 -0.040142493119656487 0.059721044642576084 0.020546848552036839 -0.01445845809174881 -0.0038484142459926014 -0.052458161845430729
leaf_weight=39.466929566115141 2.0360447913408275 3.0443863570690137 0.67673281580209765 1.5738225346431125 356.30564917158335 149.81164219230413 2.6397841684520245 2.8120156675577164 275.74116088077426 48.606128018349409 1445.0873930621892 3.667103557381779 3.3296056538820267 2.4963965192437163 2.423225753009322 4.5607288852334049 23.185653075575829 1.9109082892537115 2.2510688332840783
leaf_count=416 24 21 7 35 6609 1113 29 19 1832 360 8911 139 64 19 15 48 186 20 75
internal_value=-3.2528e-05 0.000103691 -0.00234312 -0.0017042 -0.00199615 0.000620625 0.0212269 0.0475897 0.000529405 -0.00371502 0.0010188 -0.0279234 -0.017264 -0.00871999 -0.00603117 -0.00320861 -0.00870457 -0.0309734 -0.0533967
internal_weight=2371.63 2335.01 407.271 397.346 395.773 1927.74 8.49619 5.8564 1919.25 198.418 1720.83 9.92451 6.99671 36.613 32.666 30.1696 27.7464 3.94695 2.9278
internal_count=19942 19630 7345 7060 7025 12285 69 40 12216 1473 10743 285 203 312 268 249 234 44 82
is_linear=0
shrinkage=0.05


Tree=96
num_leaves=23
num_cat=0
split_feature=4 3 1 1 1 1 3 3 0 4 2 1 2 3 0 1 0 4 3 1 2 3
split_gain=1.08023 4.15043 2.9361 2.70806 3.72835 2.57354 4.65892 15.3181 3.94379 2.23463 4.52764 3.07519 3.36186 2.13483 1.56507 2.02201 1.28839 1.10095 1.12479 1.03941 0.0063402 0.0031672
threshold=2.3286145804955178 0.54239045166970568 0.0027866388739650198 0.0015162115511724308 0.0012831554257007884 0.00027102445436633099 0.70257716807270543 0.73969736017148535 74.903020883522998 2.4128650528027351 -0.0012908714890752513 0.00056361866729126586 0.0019714749673819258 0.97061283109165475 91.912680741346549 0.0025451179781220694 46.57522746983846 2.4487605980534872 0.44578466809945133 0.0067333866282944807 -0.00024934539119930704 0.73447258104565794
decision_type=2 2 2 2 2 2 2 2 2 2 2 2 2 2 2 2 2 2 2 2 2 2
left_child=1 2 3 4 -1 8 16 -8 13 10 -2 12 -12 -3 17 -16 -7 18 -11 -19 -5 -17
right_child=9 5 -4 20 -6 6 7 -9 -10 14 11 -13 -14 -15 15 21 -18 19 -20 -21 -22 -23
leaf_value=-0.00025239922432542276 0.092012926141412432 -0.045499212216185615 0.081795639470673032 -0.05719183815866679 0.096588132609844946 0.028178924084179571 0.26957489004554369 -0.009384577727159565 0.07458408806472476 0.004426823258377806 -0.038297037088319941 0.074752930441813137 0.078356627693852252 0.01890277726780934 0.0074867388305367467 -0.053535055153169281 -0.051676578192918023 0.00033960204760618011 -0.053471216914279321 -0.0081947176355894984 -0.05187387748166309 -0.056857212916877058
leaf_weight=67.287411735393107 1.9953475221991537 14.307501750998201 1.0976615995168675 0.98744276165962253 1.008799398317932 0.61849504709243719 0.62161208689212832 2.3621251126751304 0.79285994684323746 1.4874877128750079 3.3525476055219761 1.1805114299058912 0.75709854811429966 1.413950385060162 2.3132669273763886 1.3574149068444969 2.7550285467877984 2224.5557863726281 1.923702413216233 36.258627768605947 1.2961807250976551 1.5216457992792127
leaf_count=1667 27 451 15 14 29 16 17 83 34 32 84 29 18 66 31 24 97 16796 47 310 39 16
internal_value=-3.1698e-05 -0.00526847 0.000649117 -0.000612878 0.00117803 -0.0238137 0.00321861 0.048732 -0.0342199 0.00018578 0.0278327 0.00362517 -0.0168065 -0.039707 9.70247e-05 -0.0273224 -0.037036 0.000159903 -0.0282241 0.00020273 -0.0541734 -0.0552909
internal_weight=2371.25 94.5491 71.6775 70.5798 68.2962 22.8716 6.35726 2.98374 16.5143 2276.7 7.28551 5.29016 4.10965 15.7215 2269.42 5.19233 3.37352 2264.23 3.41119 2260.81 2.28362 2.87906
internal_count=19942 2528 1764 1749 1696 764 213 100 551 17414 158 131 102 517 17256 71 113 17185 79 17106 53 40
is_linear=0
shrinkage=0.05


Tree=97
num_leaves=23
num_cat=0
split_feature=3 2 2 1 2 0 3 3 0 3 3 3 4 4 1 4 0 4 3 3 4 2
split_gain=1.0527 2.89077 5.97847 7.22598 5.42643 4.34601 3.45329 5.43258 3.36806 2.67344 2.35356 2.14572 2.50424 1.58126 1.4947 5.6327 3.22766 2.7014 1.86228 1.69177 1.34358 1.21598
threshold=1.8203388920926749 -0.0021616130108326743 -0.0011886918286597157 -0.0014751519535024513 -0.00046636346830314363 22.386147093976621 1.8612269189386839 2.0123677200408125 72.548828971584257 1.9093079809388513 1.9093079809388513 1.8037697603192286 22.277559114487975 15.727463406902826 -0.0083214107453278823 34.702984735117845 8.6272809523943526 9.1815138302922339 1.1415862104016214 1.488686689358621 14.854997699459927 -0.0030157155033665446
decision_type=2 2 2 2 2 2 2 2 2 2 2 2 2 2 2 2 2 2 2 2 2 2
left_child=11 5 3 -3 13 10 -7 -8 -6 -5 -2 14 20 -4 15 18 17 -16 -1 -17 -13 -18
right_child=1 2 4 9 8 6 7 -9 -10 -11 -12 12 -14 -15 16 19 21 -19 -20 -21 -22 -23
leaf_value=0.013450860692710698 0.043188593125432891 0.088131738486880773 -0.06391432347818804 -0.022537176870973358 0.013083671470400125 0.014032981769398396 -0.043036196528970574 0.008592852166675307 -0.013302697895486352 0.037256139543637969 -0.0053273579464856828 -0.022633068370155565 0.0048627174776926093 -0.016694934048149639 -0.060786701037996965 -0.031266071952204461 0.0019051726148722687 -0.0073664436767291053 0.04441085325487177 0.0031025207804078058 -0.068488291803302598 -0.00087228664847352065
leaf_weight=10.558893486857416 5.5451876223087293 4.9470663368701935 3.1578423399478188 3.3939078599214536 62.46208300627768 7.0464411750435856 15.413021333515646 7.6112411618232718 14.997495926916597 4.1617877408862114 4.551593154668808 3.7453176490962488 4.986730732023716 4.0428393483161926 3.9680360499769431 6.9534806162118894 516.55551691632718 5.8636977821588516 8.9948447197675687 7.3817437440156937 2.7855259776115417 1661.8559383726679
leaf_count=44 24 21 26 21 322 32 70 34 92 22 20 35 26 18 38 28 2918 25 38 30 17 16041
internal_value=-3.1644e-05 0.0042173 0.00888153 0.0411554 0.00411527 -0.00706522 -0.0165953 -0.0259689 0.00797482 0.0103979 0.0213178 -0.00029288 -0.0218184 -0.0374029 -0.000181311 0.010239 -0.000342688 -0.0289266 0.0276927 -0.0135684 -0.0421912 -0.000213682
internal_weight=2370.98 137.331 97.163 12.5028 84.6603 40.1675 30.0707 23.0243 77.4596 7.5557 10.0968 2233.65 11.5176 7.20068 2222.13 33.889 2188.24 9.83173 19.5537 14.3352 6.53084 2178.41
internal_count=19942 702 522 64 458 180 136 104 414 43 44 19240 78 44 19162 140 19022 63 82 58 52 18959
is_linear=0
shrinkage=0.05


Tree=98
num_leaves=21
num_cat=0
split_feature=2 4 2 1 1 2 3 0 2 0 0 1 3 4 1 4 3 4 3 4
split_gain=1.01305 3.63943 3.0966 6.35793 5.35892 2.83418 5.37515 5.56795 5.2247 2.67687 4.26428 3.97543 2.34088 2.32748 2.247 1.82015 1.08624 0.83415 1.63718 0.00899311
threshold=0.01374850732792743 12.446806847662957 0.014826997449053582 0.0013768821306618941 0.0029760375275997846 0.0098632869899507609 0.33111767416137788 64.080686893478642 0.0094265003664955067 81.750118449010174 80.175270501972236 -0.00020117383067985714 0.72351630782638365 2.8611598464971606 -0.0013978606931231428 5.3124591456245103 1.1948346321202963 10.178638775880357 0.35793692280448935 6.1564596054469298
decision_type=2 2 2 2 2 2 2 2 2 2 2 2 2 2 2 2 2 2 2 2
left_child=5 15 -3 -4 -5 8 13 -8 9 10 -1 -11 -9 -7 -10 -2 -16 18 -17 -15
right_child=1 2 3 4 -6 6 7 12 14 11 -12 -13 -14 19 16 17 -18 -19 -20 -21
leaf_value=-1.5326772582770479e-05 0.0068107538842617655 -0.030456227162216749 0.055701027510087014 -0.067865053721537949 0.008406168451712253 0.018999069677018171 0.061942897087797447 -0.0050487081850231269 0.0071715764934782034 0.058987633466879054 0.027200575673432661 -0.020301610498520192 0.01712293355629323 -0.055370800536624222 -0.060753739382910656 -0.05617111791338112 -0.020879724085928 -0.062128304128985248 -0.0033798255393069493 -0.060215078198440845
leaf_weight=2214.9522392102517 2.443172823637723 5.7209900990128544 5.7661721408367184 2.8440327867865554 12.106382720172403 1.3353762654587615 5.6491640731692305 17.828889194875956 2.3617028892040253 1.6831913907080913 14.486762049607931 26.00460727000609 35.828745886683464 2.2605464588850741 5.493045546114443 3.0259842313826066 2.4787052348256111 3.2454818747937679 2.8535977602005005 1.6627664566040037
leaf_count=18468 37 38 26 17 91 25 30 143 11 21 170 425 225 32 49 36 18 29 38 13
internal_value=-3.05977e-05 -0.00812808 0.00210684 0.0110993 -0.00610298 0.00010137 0.010431 0.0147269 -0.000192766 -3.03695e-05 0.000161521 -0.0154815 0.00975593 -0.0380173 -0.0356648 -0.0315185 -0.0483555 -0.041781 -0.0305494 -0.0574239
internal_weight=2370.03 38.0058 26.4376 20.7166 14.9504 2332.03 64.5655 59.3068 2267.46 2257.13 2229.44 27.6878 53.6576 5.25869 10.3335 11.5682 7.97175 9.12506 5.87958 3.92331
internal_count=19942 312 172 134 108 19630 468 398 19162 19084 18638 446 368 70 78 140 67 103 74 45
is_linear=0
shrinkage=0.05


Tree=99
num_leaves=29
num_cat=0
split_feature=1 1 4 1 1 0 0 2 3 0 2 2 1 4 2 0 3 0 2 1 0 2 2 0 4 0 3 2
split_gain=0.984478 5.03728 2.324 3.15007 7.73206 7.16438 2.23861 3.70065 2.95962 1.9997 1.74627 7.53595 5.02745 3.10756 2.9566 4.55451 2.7119 1.73541 1.38706 3.26475 4.51376 2.85574 3.08395 3.03133 1.82267 1.15741 3.50081e-05 4.20811e-05
threshold=-0.00011861813278113419 -0.0001420166536299505 1.5669509643696153 0.00038213718393576018 0.00052450804421644303 59.309555125414199 59.871578734406853 -0.00035878926378590798 1.0310499810855707 48.441203874330284 0.0023024825934390152 0.0025569690332204469 0.00108734388067 8.6495593232493047 0.0020231198024170953 59.68615681850887 0.22103325212402236 32.402262241424545 0.0030269220342936669 -0.00030562480036583345 60.445032488113291 0.00277974372513401 0.0025005551286488852 58.572143687670582 5.4796515057389668 49.819507302561426 0.71883399060690567 -0.00078756435400112446
decision_type=2 2 2 2 2 2 2 2 2 2 2 2 2 2 2 2 2 2 2 2 2 2 2 2 2 2 2 2
left_child=1 18 3 26 5 -5 7 17 -8 -6 14 12 -12 -13 16 -16 -4 -3 21 24 -21 22 -1 -23 -20 -9 27 -2
right_child=2 6 10 4 9 -7 8 25 -10 -11 11 13 -14 -15 15 -17 -18 -19 19 20 -22 23 -24 -25 -26 -27 -28 -29
leaf_value=0.0011348507154500529 -0.051091167651813943 -0.0039903932466225454 0.020235093728830783 0.16191571536957811 0.01859599433947955 -0.051166032841390319 0.094041411877869185 -0.060376549146449791 0.012477268702885123 -0.051539127515164089 0.050717146656564863 -0.0071879340779588304 0.0067560920681807111 0.0027486409338806682 -0.049294788240914683 -0.004419188354131456 -0.002441778455011652 0.054637314323294987 -0.01500346190340218 0.037876563628587809 -0.048477677461475181 -0.0030037891137284058 -0.021796647999528514 0.045339814306527927 0.00052941029441688661 0.00073321217273984371 -0.0512654265637284 -0.050733402129276788
leaf_weight=1164.1333875674754 1.0320362914353607 1.7351996116340149 13.500457298010586 1.1694181058555839 1.417833589017391 0.59529093280434597 2.6236686501651993 1.4567621452733868 1.9305557403713463 3.5889756893739104 12.365142409689726 111.7610997390002 13.719433484598992 265.8577862046659 8.4611583892256039 17.042556511238217 562.48668188974261 4.6306916335597634 22.655602557584643 1.8711765771731714 7.9110904261469841 5.7526764348149282 14.848636401817201 7.4315729411318898 113.51451423764229 1.6552235507406292 0.452098749577999 4.0370873184874636
leaf_count=7447 51 21 195 41 44 28 33 19 15 151 160 1673 120 1776 82 236 6381 46 230 17 90 27 106 57 565 24 20 287
internal_value=-2.99849e-05 0.00085408 -0.00120483 -0.0228133 4.16219e-05 0.0900367 0.0306558 0.0168122 0.059466 -0.0316782 -0.000940574 0.00160323 0.0275954 -0.000192214 -0.0026479 -0.0193072 -0.00191026 0.0386567 0.000541566 -0.00405923 -0.0319596 0.00110482 0.000846041 0.0242461 -0.00205491 -0.0278731 -0.0508438 -0.0508062
internal_weight=2369.64 1352.15 1017.49 12.2927 6.77152 1.76471 14.0321 9.47788 4.55422 5.00681 1005.19 403.703 26.0846 377.619 601.491 25.5037 575.987 6.36589 1338.12 145.952 9.78227 1192.17 1178.98 13.1842 136.17 3.11199 5.52122 5.06912
internal_count=19942 8697 11245 622 264 69 158 110 48 195 10623 3729 280 3449 6894 318 6576 67 8539 902 107 7637 7553 84 795 43 358 338
is_linear=0
shrinkage=0.05


end of trees

feature_importances:
Column_1=610
Column_4=601
Column_3=481
Column_2=453
Column_0=397

parameters:
[boosting: gbdt]
[objective: binary]
[metric: binary_logloss]
[tree_learner: serial]
[device_type: cpu]
[data_sample_strategy: bagging]
[data: ]
[valid: ]
[num_iterations: 100]
[learning_rate: 0.05]
[num_leaves: 31]
[num_threads: 8]
[seed: 42]
[deterministic: 0]
[force_col_wise: 0]
[force_row_wise: 0]
[histogram_pool_size: -1]
[max_depth: 5]
[min_data_in_leaf: 20]
[min_sum_hessian_in_leaf: 0.001]
[bagging_fraction: 1]
[pos_bagging_fraction: 1]
[neg_bagging_fraction: 1]
[bagging_freq: 0]
[bagging_seed: 400]
[bagging_by_query: 0]
[feature_fraction: 1]
[feature_fraction_bynode: 1]
[feature_fraction_seed: 30056]
[extra_trees: 0]
[extra_seed: 12879]
[early_stopping_round: 0]
[early_stopping_min_delta: 0]
[first_metric_only: 0]
[max_delta_step: 0]
[lambda_l1: 0]
[lambda_l2: 0]
[linear_lambda: 0]
[min_gain_to_split: 0]
[drop_rate: 0.1]
[max_drop: 50]
[skip_drop: 0.5]
[xgboost_dart_mode: 0]
[uniform_drop: 0]
[drop_seed: 17869]
[top_rate: 0.2]
[other_rate: 0.1]
[min_data_per_group: 100]
[max_cat_threshold: 32]
[cat_l2: 10]
[cat_smooth: 10]
[max_cat_to_onehot: 4]
[top_k: 20]
[monotone_constraints: ]
[monotone_constraints_method: basic]
[monotone_penalty: 0]
[feature_contri: ]
[forcedsplits_filename: ]
[refit_decay_rate: 0.9]
[cegb_tradeoff: 1]
[cegb_penalty_split: 0]
[cegb_penalty_feature_lazy: ]
[cegb_penalty_feature_coupled: ]
[path_smooth: 0]
[interaction_constraints: ]
[verbosity: -1]
[saved_feature_importance_type: 0]
[use_quantized_grad: 0]
[num_grad_quant_bins: 4]
[quant_train_renew_leaf: 0]
[stochastic_rounding: 1]
[linear_tree: 0]
[max_bin: 255]
[max_bin_by_feature: ]
[min_data_in_bin: 3]
[bin_construct_sample_cnt: 200000]
[data_random_seed: 175]
[is_enable_sparse: 1]
[enable_bundle: 1]
[use_missing: 1]
[zero_as_missing: 0]
[feature_pre_filter: 1]
[pre_partition: 0]
[two_round: 0]
[header: 0]
[label_column: ]
[weight_column: ]
[group_column: ]
[ignore_column: ]
[categorical_feature: ]
[forcedbins_filename: ]
[precise_float_parser: 0]
[parser_config_file: ]
[objective_seed: 16083]
[num_class: 1]
[is_unbalance: 0]
[scale_pos_weight: 1]
[sigmoid: 1]
[boost_from_average: 1]
[reg_sqrt: 0]
[alpha: 0.9]
[fair_c: 1]
[poisson_max_delta_step: 0.7]
[tweedie_variance_power: 1.5]
[lambdarank_truncation_level: 30]
[lambdarank_norm: 1]
[label_gain: ]
[lambdarank_position_bias_regularization: 0]
[eval_at: ]
[multi_error_top_k: 1]
[auc_mu_weights: ]
[num_machines: 1]
[local_listen_port: 12400]
[time_out: 120]
[machine_list_filename: ]
[machines: ]
[gpu_platform_id: -1]
[gpu_device_id: -1]
[gpu_use_dp: 0]
[num_gpu: 1]

end of parameters

pandas_categorical:null
