tree
version=v4
num_class=1
num_tree_per_iteration=1
label_index=0
max_feature_idx=4
objective=binary sigmoid:1
feature_names=Column_0 Column_1 Column_2 Column_3 Column_4
feature_infos=[0.093665847011521919:99.987627277609732] [-0.020724407617617402:0.021435379713215408] [-0.027042275640510871:0.024417606801497183] [0.0024000034396095527:2.2094881314302657] [0.045141058656073818:83.295872403433876]
tree_sizes=3332 3213 3409 3433 3439 3340 3427 3336 3456 3434 3332 3458 3025 3037 3452 3247 3328 3469 3343 3450 3265 3442 3455 3438 3237 3130 3442 3130 3097 3460 3017 3159 3128 3128 2811 3266 3354 3025 3359 3124 3167 3457 3445 3452 3456 3344 3129 3461 3025 3473 3157 3472 2824 3474 3133 2721 3378 2924 2606 2932 3510 3156 2918 2951 3042 3265 2927 2612 3483 2934 2815 2950 2698 2614 2937 3376 2961 2924 3380 2200 2793 2077 2490 2716 2510 2924 1943 2608 2945 2911 1839 2510 2797 2512 3127 2840 2506 2951 2585 3029

Tree=0
num_leaves=31
num_cat=0
split_feature=4 1 1 4 1 1 4 4 1 4 1 4 1 4 1 0 0 0 3 4 3 4 2 0 1 1 3 3 3 3
split_gain=1362.15 340.947 283.313 130.895 78.7362 76.7605 80.8768 56.7769 43.2804 28.6866 27.2451 26.9687 25.5376 22.7187 19.2076 16.2282 13.4968 33.9868 25.762 12.3259 9.97649 13.3744 9.95754 9.45197 8.34545 6.54931 6.49978 6.03501 5.25395 6.1901
threshold=7.9720841088698959 0.0010766756807439883 0.0017734231999086971 4.6458856494646339 0.0042805585062242199 -0.0009712136349491195 16.58562477985663 23.636595509054551 0.0037825645749879348 14.007731944767022 0.00076567360544088647 9.6945088695693613 0.00084269804474668153 10.313492632118455 0.0001704392689333423 82.181379760210874 49.412505700312146 36.949755429802543 0.66011127353307619 2.2140613604730088 0.92384338088484652 7.2593531400031539 0.0069101748454205589 54.355240878274458 0.0019360843186112533 0.0046023778485585485 0.91294181395167751 0.34968958533531597 0.57315592970019524 0.46174490677844521
decision_type=2 2 2 2 2 2 2 2 2 2 2 2 2 2 2 2 2 2 2 2 2 2 2 2 2 2 2 2 2 2
left_child=2 5 3 12 16 7 11 13 20 25 22 -7 19 -2 -8 -12 17 -3 -18 -1 24 -22 -5 -9 -4 -6 -11 -14 29 -10
right_child=1 4 8 10 9 6 14 23 28 26 15 -13 27 -15 -16 -17 18 -19 -20 -21 21 -23 -24 -25 -26 -27 -28 -29 -30 -31
leaf_value=-2.0877390526990696 -2.0577650711847899 -1.9804955183905828 -2.0068598919584364 -2.0521894100321738 -1.8285561385326605 -2.0127626966535246 -1.8513358406145004 -1.9608228984451832 -1.8272824544661377 -1.8255342606493419 -2.0247935267098995 -1.9697034909955085 -2.0329449699135003 -2.0182295718671255 -1.9438735344016889 -1.9344433735245488 -1.8555520276499371 -1.8737996116782758 -1.9468988448962841 -2.0757679819843813 -2.0402707344791216 -1.9353863896122627 -1.9907385763365673 -1.859379292942513 -1.9570858453632436 -1.743325446414508 -1.8880321895998 -2.0612675371258922 -1.7970324578862207 -1.9476455987525449
leaf_weight=363.4002690911293 52.715471133589745 10.502308562397955 10.808201044797896 323.02246141433716 3.5687456279993039 62.809923052787781 14.173018351197245 23.145864501595501 2.2432115375995627 5.200172200798991 79.328117102384567 86.363644197583199 24.267470270395279 116.95289243757725 9.2787386327981931 5.3021363615989676 8.3610611855983716 25.796932682394981 100.43469838798046 526.64489053189754 11.929806813597681 4.0785664319992057 6.7296346127986899 2.5491040199995032 38.134596139192581 6.1178496479988098 20.800688803195953 83.610611855983734 2.8549965023994446 2.0392832159996033
leaf_count=3564 517 103 106 3168 35 616 139 227 22 51 778 847 238 1147 91 52 82 253 985 5165 117 40 66 25 374 60 204 820 28 20
internal_value=-2.03824 -1.97093 -2.06313 -2.06806 -1.91471 -1.99856 -1.97426 -2.02002 -1.96644 -1.84817 -2.04444 -1.98783 -2.07787 -2.03051 -1.88795 -2.01913 -1.93107 -1.90467 -1.93988 -2.08066 -1.97928 -2.01355 -2.05094 -1.95076 -1.96808 -1.77473 -1.87553 -2.0549 -1.84957 -1.8846
internal_weight=2033.17 548.771 1484.39 1412.31 180.782 367.989 172.625 195.363 72.0887 35.6875 414.382 149.174 997.923 169.668 23.4518 84.6303 145.095 36.2992 108.796 890.045 64.9512 16.0084 329.752 25.695 48.9428 9.6866 26.0009 107.878 7.13749 4.28249
internal_count=19940 5382 14558 13851 1773 3609 1693 1916 707 350 4064 1463 9787 1664 230 830 1423 356 1067 8729 637 157 3234 252 480 95 255 1058 70 42
is_linear=0
shrinkage=1


Tree=1
num_leaves=29
num_cat=0
split_feature=4 1 1 4 4 1 1 4 4 1 4 1 2 4 3 1 1 1 2 4 3 4 4 0 3 4 3 2
split_gain=1195.35 298.497 213.563 101.391 79.8834 62.0843 58.3499 32.8122 32.057 29.586 28.5543 26.3165 25.4324 24.7766 22.2393 21.4228 20.6689 16.9204 12.7612 10.6205 9.69123 9.15173 8.80705 8.50636 8.3135 8.06295 6.52869 3.43432
threshold=7.2593531400031539 0.0010766756807439883 0.0018218882655330895 4.2171041714316209 10.055185075052009 -0.0009712136349491195 0.0031737366035140551 16.58562477985663 23.636595509054551 -0.00031517220197763146 19.219750620232031 0.0042805585062242199 0.0048347072495604779 11.162822656279994 0.907563173150711 0.00096142656615849653 0.0046023778485585485 0.00071628939177614825 -0.00038181452117991283 6.0327696162321391 1.7355888825418762 9.6945088695693613 2.2140613604730088 84.931954195854203 0.34968958533531597 3.7866635355228158 1.7061439784339341 0.0029045009575867646
decision_type=2 2 2 2 2 2 2 2 2 2 2 2 2 2 2 2 2 2 2 2 2 2 2 2 2 2 2 2
left_child=2 4 3 15 9 8 13 -7 -6 26 12 14 -8 20 25 22 -12 19 -15 -5 -3 -11 -1 -19 -17 -4 -2 -16
right_child=1 6 11 17 5 7 10 -9 -10 21 16 -13 -14 18 27 24 -18 23 -20 -21 -22 -23 -24 -25 -26 -27 -28 -29
leaf_value=-0.048376638306228875 -0.0085343057218078885 0.068910810309565224 0.041884579669425867 -0.022090566754644277 0.017869027673236993 0.06275263331099426 0.12924457522483992 0.12701451831563634 0.077591892567846751 0.024153557140738132 0.037153651916224252 0.18875419127676707 0.20018093291489314 0.13996409615402858 -0.024607842007988982 0.015552441412170437 0.12928074265312106 0.004542235262527586 0.091998986344320063 -0.0028977726883534839 -0.015282390046915598 0.087460333203268723 -0.037917906616384708 0.083199444594733565 -0.023826202689938521 0.086992734416865586 -0.056544979575865219 0.036794683459089171
leaf_weight=357.72397142648697 91.787394367158413 72.160217359662056 14.66194975376129 231.799460940063 123.48378968983889 81.434896379709244 29.164480395615101 26.272654727101326 27.466660730540752 68.095047555863857 9.5307798758149165 4.0519456043839446 22.294443920254707 20.268212370574474 7.8389971628785116 18.029282450675964 16.854454919695854 95.73969941586256 43.906911499798298 104.6073269918561 3.5878865271806708 6.2311662137508383 460.27423223108053 3.5652125477790824 52.233656369149685 30.544365741312504 7.6728581488132468 3.2096369341015816
leaf_count=3643 905 657 136 2308 1194 758 255 230 252 660 86 34 193 181 77 176 147 934 400 1036 33 58 4645 33 521 282 75 31
internal_value=-6.70242e-05 0.0558539 -0.0263337 -0.0305251 0.0318133 0.0494282 0.103594 0.0784278 0.0287361 0.00559603 0.138293 0.0656851 0.159978 0.0842891 0.0568207 -0.0402159 0.0960029 -0.0107691 0.107148 -0.0161225 0.0649229 0.0294609 -0.0424917 0.00736616 -0.0137217 0.0723626 -0.0122381 -0.00677036
internal_weight=2034.49 650.212 1384.28 1323.97 432.444 258.658 217.767 107.708 150.95 173.786 77.8442 60.3069 51.4589 139.923 56.2549 888.261 26.3852 435.712 64.1751 336.407 75.7481 74.3262 817.998 99.3049 70.2629 45.2063 99.4603 11.0486
internal_count=19940 6084 13856 13296 4132 2434 1952 988 1446 1698 681 560 448 1271 526 8985 233 4311 581 3344 690 718 8288 967 697 418 980 108
is_linear=0
shrinkage=0.05


Tree=2
num_leaves=31
num_cat=0
split_feature=4 1 1 4 4 1 1 4 4 1 1 1 2 4 0 1 4 0 0 3 3 3 0 1 0 3 1 1 4 1
split_gain=1060.09 267.17 142.181 100.08 63.3928 62.9219 49.6705 28.5095 25.9238 23.627 21.6923 17.4623 15.9364 13.7876 13.597 13.1634 12.3075 11.9576 10.1817 9.8912 8.37148 7.98936 7.59256 6.39623 5.76388 5.2381 5.01467 4.97492 3.98325 3.511
threshold=6.254504105166955 0.0013205466430938897 0.0019360843186112533 9.6945088695693613 3.6249226033127298 -0.0009712136349491195 0.0042805585062242199 23.636595509054551 16.58562477985663 0.00058407209751043531 -0.00099830831021280298 0.0010232433864094672 0.0045402414581885439 8.55956950495945 33.921530746048326 0.0026276565994972638 16.58562477985663 83.484732660679882 84.173003092799163 1.339226964784741 1.7218028886166559 0.907563173150711 76.535236898025019 -0.0024419517785813634 80.807923387442045 0.3571346802277961 -0.00083129163616385549 0.0037825645749879348 5.1288998867740583 -0.0033012612298909945
decision_type=2 2 2 2 2 2 2 2 2 2 2 2 2 2 2 2 2 2 2 2 2 2 2 2 2 2 2 2 2 2
left_child=2 3 4 10 11 7 13 -5 -7 26 29 23 -11 17 -15 21 19 -3 -12 -8 -18 22 -4 -1 27 -13 -6 -17 -23 -2
right_child=1 6 15 5 9 8 16 -9 -10 12 18 25 -14 14 -16 24 20 -19 -20 -21 -22 28 -24 -25 -26 -27 -28 -29 -30 -31
leaf_value=0.030953431707959334 -0.046050366103089872 0.046846395320864036 0.070731490142672354 0.014829707554187443 -0.034961413043362609 0.058780833676089599 0.17483758030414004 0.069479287657631825 0.11029056988251953 -0.0051352462965271461 0.011754710985714432 0.012001018455852141 0.056601388643806982 0.0078533058893938256 0.089291701513803945 0.067399839059057248 0.092653651241815155 0.12308639976669496 0.10957149545871521 0.080210708155614346 0.15386920400753934 0.03358556165035332 -0.0025117937368304357 -0.043786626962795082 0.15882158036134797 -0.023557789791598796 -0.021128100749926812 0.14759918896582527 -0.056489134743853614 -0.014014037628936988
leaf_weight=2.874666452407836 9.7045476064085943 45.067855261266232 15.97831347584725 132.75662568211555 89.386271364986897 106.6571249589324 19.39235927909613 29.094861678779125 31.682279221713543 117.88979749381542 178.40057428181171 15.287191122770308 11.470101542770861 5.3357829004526129 129.97049274295568 9.6011098623275739 18.491942346096042 5.8055149763822547 2.7005889788269988 3.2201662212610236 8.0015865713357908 2.2216818779706946 4.5446649789810172 680.72133772820234 3.2258630171418181 32.110836654901505 245.2982502579689 2.4213384985923758 2.7423792034387589 72.033155538141727
leaf_count=30 97 402 140 1270 909 943 142 252 254 1166 1728 147 110 46 1091 84 146 50 25 24 64 22 40 7136 27 325 2504 19 27 720
internal_value=-0.000119115 0.0447904 -0.0291308 0.0260918 -0.0322621 0.0458171 0.0895353 0.0246537 0.0705775 -0.0178085 0.00356333 -0.0414374 0.000338826 0.0777369 0.0860802 0.0627292 0.134268 0.0555467 0.0132134 0.161362 0.111142 0.0407445 0.0545123 -0.0434723 0.0994758 -0.0120891 -0.0248226 0.0835521 -0.0161759 -0.0178176
internal_weight=2034.09 798.315 1235.77 563.03 1195.04 300.191 235.286 161.851 138.339 464.044 262.839 730.994 129.36 186.18 135.306 40.7354 49.1061 50.8734 181.101 22.6125 26.4935 25.487 20.523 683.596 15.2483 47.398 334.685 12.0224 4.96406 81.7377
internal_count=19940 7254 12686 5289 12327 2719 1965 1522 1197 4689 2570 7638 1276 1589 1137 359 376 452 1753 166 210 229 180 7166 130 472 3413 103 49 817
is_linear=0
shrinkage=0.05


Tree=3
num_leaves=31
num_cat=0
split_feature=4 1 1 4 1 4 1 1 4 4 1 4 4 2 3 1 4 3 0 1 3 1 4 2 2 2 3 4 1 4
split_gain=946.02 214.367 131.885 85.4515 52.715 45.1553 43.7211 37.3215 24.3853 20.5331 17.608 16.2985 14.2572 17.2521 17.163 13.4703 11.1681 10.8728 10.3723 10.1734 8.57686 7.6735 7.53871 6.37918 5.96079 4.96815 4.84066 4.37859 3.88423 3.34893
threshold=6.254504105166955 0.0013205466430938897 0.0009809106280778137 9.5875212864267656 -0.0009712136349491195 4.0518856121374736 0.0019360843186112533 0.0031737366035140551 23.636595509054551 14.233173758934756 -0.00099830831021280298 19.219750620232031 10.854084331668661 0.0069101748454205589 1.7521210345967966 0.0042805585062242199 4.681435434715449 0.907563173150711 84.173003092799163 0.0050906230902586511 1.2622617618672598 -0.00052466562806890982 1.7071699481283129 0.0048347072495604779 0.0026119364895016432 -0.0043367247512638976 0.77476462332455609 5.2176513450466109 0.00084269804474668153 5.3082970886184988
decision_type=2 2 2 2 2 2 2 2 2 2 2 2 2 2 2 2 2 2 2 2 2 2 2 2 2 2 2 2 2 2
left_child=2 3 5 10 8 22 16 12 -5 -6 -2 19 13 -3 -14 -13 25 24 -12 -9 21 -7 28 -18 -8 -4 -24 -22 -1 -19
right_child=1 7 6 4 9 20 17 11 -10 -11 18 15 14 -15 -16 -17 23 29 -20 -21 27 -23 26 -25 -26 -27 -28 -29 -30 -31
leaf_value=-0.050731048422865077 -0.016831272383330719 0.042901895413317896 0.064367969880875439 0.013281757281567864 0.04966813975073122 -0.025559768905458857 0.048441286546407329 0.10681952157958428 0.062676792258085562 0.088519226843132043 0.010067618380944691 0.017431937487312903 0.071498738301908948 0.11538648844718963 0.1454976210556358 0.093146074764328068 0.012963022708114278 0.023895082765527043 0.10883507505481856 0.15280911303384026 -0.042948833555602764 -0.006532382379910464 -0.034090104989396693 0.076448340123880187 0.088661640888907545 -0.014138146016944892 -0.043689283341205358 -0.01919557374581074 -0.0062585876218914432 -0.056198675768593248
leaf_weight=203.15228293836117 78.652561865746975 76.290072739124298 2.0661723464727393 136.22792659699917 97.618529938161373 85.257086805999279 20.632013253867626 51.902573429048061 30.598503418266773 52.190816171467304 175.98466421663761 7.9398593604564693 57.952427290380001 9.1988142952322942 9.0609368756413442 22.582135945558548 33.74452780932188 3.1032949164509764 2.6989630907773963 15.651120230555533 45.621512427926064 139.99603426456451 290.62396373599768 4.4825640842318526 16.642744682729244 81.761812649667263 239.61755645275116 33.756633929908276 5.0313913375139228 2.2523636594414711
leaf_count=2226 797 643 20 1290 830 885 171 381 252 406 1691 66 457 74 72 167 325 30 23 105 471 1432 3135 40 135 821 2576 343 53 23
internal_value=-0.000159335 0.0411269 -0.0283463 0.0242821 0.0416743 -0.0349116 0.0132358 0.0797116 0.0223416 0.0632031 0.00288209 0.103774 0.0642369 0.0507014 0.0815042 0.0734501 -0.00198967 0.0568277 0.0115595 0.117475 -0.0187145 -0.0137341 -0.0415936 0.0204074 0.0663992 -0.0122031 -0.038428 -0.0328474 -0.0496562 -0.00978897
internal_weight=2032.29 824.55 1207.74 573.972 316.636 1043.06 164.685 250.578 166.826 149.809 257.336 98.0757 152.502 85.4889 67.0134 30.522 122.055 42.6304 178.684 67.5537 304.631 225.253 738.425 38.2271 37.2748 83.828 530.242 79.3781 208.184 5.35566
internal_count=19940 7254 12686 5289 2778 11121 1565 1965 1542 1236 2511 719 1246 717 529 233 1206 359 1714 486 3131 2317 7990 365 306 841 5711 814 2279 53
is_linear=0
shrinkage=0.05


Tree=4
num_leaves=31
num_cat=0
split_feature=4 1 1 4 4 1 1 1 4 1 4 4 2 4 1 0 2 4 1 1 4 3 4 0 2 4 4 3 2 1
split_gain=847.402 180.402 116.894 76.6993 39.8842 37.1174 35.554 34.569 19.9878 19.5133 18.4139 18.3454 13.9192 11.9557 10.9869 9.85002 9.72627 9.11459 9.10039 8.29134 7.70459 7.20395 5.78767 5.50065 5.4032 5.01006 4.6543 4.35603 4.2673 3.65774
threshold=6.0327696162321391 0.001150269008456384 0.0010232433864094672 10.055185075052009 3.4559352789132132 -0.0015055102654840666 0.0019360843186112533 0.0031737366035140551 18.053861694786736 -0.00099830831021280298 11.001114961606037 23.636595509054551 0.0069101748454205589 19.219750620232031 0.0046023778485585485 59.080632371970644 0.0048347072495604779 8.218237064890884 -0.00083129163616385549 0.0026276565994972638 4.681435434715449 1.2622617618672598 5.1724061226351035 11.327791048878732 -0.0091980969921011662 4.7653490115633748 1.7071699481283129 0.62210385578325278 -0.0041731085159242278 -0.0029440859146711569
decision_type=2 2 2 2 2 2 2 2 2 2 2 2 2 2 2 2 2 2 2 2 2 2 2 2 2 2 2 2 2 2
left_child=2 3 4 9 24 11 20 10 -7 29 12 -5 -3 16 -15 -12 -9 -11 23 22 28 -20 -8 -6 -1 -22 -26 -21 -4 -2
right_child=1 7 6 5 18 8 19 13 -10 17 15 -13 -14 14 -16 -17 -18 -19 21 27 25 -23 -24 -25 26 -27 -28 -29 -30 -31
leaf_value=0.035807499581257916 -0.037583636886672329 0.036781316761416591 0.058337226337371942 0.0093207488399419912 0.045490620579159632 0.046346937560709997 0.048150476181772914 0.086333048469559415 0.090411630572934942 0.0041584355316026554 0.091462355727092839 0.054281970806390759 0.095364930430439782 0.025103558668902182 0.087103120072627896 0.055435538029213187 0.12291624008082885 0.026555556015800393 -0.013664081675229707 0.067033486735705416 0.087570452596356693 -0.030819162318582966 -0.0081206864712500878 -0.039009162605316519 -0.049158969812040043 0.012785251731650857 -0.039844222248799063 0.13063764654412574 -0.012859167026530012 -0.011443713617627973
leaf_weight=2.1866421848535529 16.192664541304111 98.388577982783318 2.1664810106158248 101.85910919308662 1.9732174724340428 127.65524954348803 18.804123312234882 40.065873503684998 32.232978627085686 136.52204189449549 41.023251712322235 29.189138859510422 11.304105833172796 10.749257199466227 21.314052224159241 35.296553902328014 33.243672505021095 68.075390733778477 226.92416578531265 12.655130289494993 2.4241320863366154 83.793501533567905 6.0364360138773909 80.382905878126621 200.59113316982985 29.404280595481396 404.61984057724476 3.419214464724063 73.729493357241154 77.119500331580639
leaf_count=24 167 815 20 951 21 1059 156 275 234 1322 303 230 85 86 147 267 214 623 2386 96 23 891 53 863 2284 276 4508 26 747 788
internal_value=-0.000191867 0.0367246 -0.0284702 0.0208015 -0.0346171 0.0390618 0.0129031 0.0689026 0.0552302 0.00296864 0.0559406 0.0193352 0.0428185 0.0917842 0.0663177 0.0748006 0.102922 0.0116106 -0.0222072 0.0525824 -0.00216747 -0.0182904 0.0344762 -0.0369846 -0.042648 0.0184811 -0.0429315 0.0805629 -0.0108268 -0.0159798
internal_weight=2029.34 880.231 1149.11 588.846 1000.47 290.936 148.639 291.385 159.888 297.91 186.012 131.048 109.693 105.373 32.0633 76.3198 73.3095 204.597 393.074 40.9149 107.724 310.718 24.8406 82.3561 607.398 31.8284 605.211 16.0743 75.896 93.3122
internal_count=19940 7566 12374 5374 10977 2474 1397 2192 1293 2900 1470 1181 900 722 233 570 489 1945 4161 331 1066 3277 209 884 6816 299 6792 122 767 955
is_linear=0
shrinkage=0.05


Tree=5
num_leaves=30
num_cat=0
split_feature=4 1 1 4 4 1 1 1 4 4 1 0 0 0 4 0 1 1 4 3 3 1 2 4 1 4 3 1 2
split_gain=761.645 149.93 109.812 62.5995 39.1101 30.6364 29.0786 28.9773 18.1483 17.9372 17.4238 17.2572 11.5312 9.75546 10.6338 9.12463 8.75446 7.95212 6.92113 6.84446 6.7008 6.44597 5.47585 4.58946 4.58756 4.11562 4.07144 3.48022 2.85439
threshold=6.0327696162321391 0.0010766756807439883 0.0010232433864094672 10.055185075052009 3.4559352789132132 0.0019360843186112533 0.0031737366035140551 -0.0015987774047706014 8.4794058532507055 23.636595509054551 -0.00099830831021280298 28.578963204937597 59.877258092406272 91.980087135581584 19.219750620232031 77.869255751271183 -0.00083129163616385549 0.00072983161971929011 4.681435434715449 1.2622617618672598 0.95283434313046989 -0.0024419517785813634 -0.0035278617360998683 1.7071699481283129 0.0040315000692569001 4.7653490115633748 0.34968958533531597 -0.0029440859146711569 0.0026119364895016432
decision_type=2 2 2 2 2 2 2 2 2 2 2 2 2 2 2 2 2 2 2 2 2 2 2 2 2 2 2 2 2
left_child=2 3 4 10 21 18 8 9 15 -5 27 -9 -10 14 -8 -3 22 -12 26 -18 24 -1 -6 -23 -7 -20 -4 -2 -22
right_child=1 6 5 7 16 20 13 11 12 -11 17 -13 -14 -15 -16 -17 19 -19 25 -21 28 23 -24 -25 -26 -27 -28 -29 -30
leaf_value=0.033871725922996386 -0.036802948070876466 0.021429678529230306 0.0097700015182984584 0.0072576179819898879 -0.0069870366092125748 0.04974004134096844 0.095173714642606405 0.10236574364764649 0.07526437934068135 0.051521927121066492 0.006818757448055747 0.044257087686780161 0.04623640334593844 -0.0025161930401585244 0.061083856342406595 0.070882085285658022 -0.013125113165407903 0.035265297975158108 0.077759679123953623 -0.030021145813739193 -0.039071864544696897 -0.048647587807283177 -0.042071058921968822 -0.039222027513864582 0.11001976145155686 0.012026204215003743 -0.017090641941800232 -0.010971717655146504 0.037571677093727662
leaf_weight=2.7882760912179938 15.721418671309946 57.214804574847221 18.808134637773037 98.802181161940098 13.350467227399347 33.982866384088993 75.387573003768921 13.958105236291884 69.805088669061661 29.786955028772354 171.21608413755894 150.99613270908594 67.097623825073242 3.2940268069505683 32.841429255902767 11.144782945513724 224.49377114325762 28.683420993387699 2.588873676955699 81.771871156990528 2.8544187098741522 192.7672203630209 66.621027790009975 391.32003933936357 3.479482263326644 29.689581386744976 56.449583880603313 76.433194734156132 2.114828534424305
leaf_count=30 167 481 181 916 146 261 473 111 502 226 1623 1181 499 20 229 86 2386 264 23 891 28 2284 738 4502 22 276 586 788 20
internal_value=-0.00021756 0.0339878 -0.0277012 0.0189978 -0.0338389 0.0121253 0.0616978 0.0353039 0.0505317 0.0175112 0.00260846 0.0491741 0.0610374 0.0822495 0.0848294 0.029492 -0.0214829 0.0109005 -0.00207038 -0.0176363 0.0481022 -0.0419707 -0.0362141 -0.0423328 0.0553388 0.0172983 -0.0103777 -0.0153785 -0.00645365
internal_weight=2025.46 902.383 1123.08 585.597 973.113 149.968 316.785 293.543 205.262 128.589 292.054 164.954 136.903 111.523 108.229 68.3596 386.237 199.9 107.536 306.266 42.4316 586.876 79.9715 584.087 37.4623 32.2785 75.2577 92.1546 4.96925
internal_count=19940 7566 12374 5276 10977 1397 2290 2434 1568 1142 2842 1292 1001 722 702 567 4161 1887 1066 3277 331 6816 884 6786 283 299 767 955 48
is_linear=0
shrinkage=0.05


Tree=6
num_leaves=31
num_cat=0
split_feature=4 1 1 4 4 1 1 0 1 4 1 2 4 4 4 1 3 0 4 1 1 2 4 4 4 3 2 3 3 1
split_gain=685.887 126.513 103.129 64.4721 38.4003 37.8085 26.542 17.962 15.5991 15.012 14.9265 11.8216 8.79687 10.8025 8.543 7.92325 6.97106 6.67018 6.22188 5.97808 5.92193 5.53892 5.32413 5.30912 4.71955 4.25645 3.75024 3.72726 3.20079 3.18234
threshold=6.0327696162321391 0.0018762826431356629 0.0010232433864094672 9.5875212864267656 3.6249226033127298 -0.0009712136349491195 0.0019360843186112533 63.577668664215317 0.00072983161971929011 23.636595509054551 0.0042805585062242199 0.0082159759448503528 16.164903664735903 28.019214143471643 12.326665668650437 -0.00083129163616385549 1.2622617618672598 65.0845242376394 4.681435434715449 -0.0024419517785813634 0.0026276565994972638 -0.0035278617360998683 1.7071699481283129 14.007731944767022 5.1724061226351035 1.7218028886166559 -0.0020889671513075743 0.34968958533531597 0.62210385578325278 0.0050906230902586511
decision_type=2 2 2 2 2 2 2 2 2 2 2 2 2 2 2 2 2 2 2 2 2 2 2 2 2 2 2 2 2 2
left_child=2 3 4 8 19 9 18 -7 11 -5 12 -2 14 -14 -3 21 -17 -10 27 -1 24 -6 -21 29 -8 -25 -20 -4 -22 -12
right_child=1 10 6 5 15 7 20 -9 17 -11 23 -13 13 -15 -16 16 -18 -19 26 22 28 -23 -24 25 -26 -27 -28 -29 -30 -31
leaf_value=0.031306990708281336 -0.0033326380362660906 0.054144167139230738 0.009210757715662812 0.010703792663461159 -0.0043326563233483046 0.056755491145317187 0.040865888267208196 0.018514346510112127 0.035566697755170372 0.047514733699873919 0.08907761537786299 0.079491187155505572 0.02279979285739606 0.10275002972512096 0.083322677458537289 -0.01110668833717803 -0.028962701276274518 0.0054074446365280811 -0.039139522653251456 -0.048140704151685774 0.055314666367756317 -0.040657262025164731 -0.037925916054252169 0.064653248062189014 -0.0092372673084498095 0.10165779666040459 0.021390142523608369 -0.016461289392666927 0.10681507622157427 0.12759658881805067
leaf_weight=2.863825447857379 237.02036702632904 91.710703313350677 18.948863938450813 140.76310008019209 12.666438505053518 165.25036393105984 20.025706283748153 37.714780978858471 47.646659150719643 34.480951726436615 13.900985136628153 4.3880750164389601 30.427941158413887 4.9062092900276175 34.530775010585785 200.01219388842583 75.21511247754097 29.798905149102211 2.7984399646520606 185.24796058237553 13.786296322941782 61.20374634116888 409.66784001141787 31.281547531485558 6.1415982022881499 10.33956742286682 29.901626437902451 55.696952074766159 3.8622056096792212 8.7293868511915189
leaf_count=30 2340 656 181 1290 139 1201 156 279 411 252 77 40 208 35 229 2135 837 247 26 2284 96 700 4852 191 53 64 273 586 26 46
internal_value=-0.000237908 0.0315348 -0.0269426 0.0209979 -0.033065 0.03496 0.0114085 0.0496496 0.00443677 0.0179467 0.0640593 -0.00182715 0.0559531 0.033901 0.0621254 -0.0198889 -0.0159864 0.0239623 -0.00197716 -0.0407597 0.0442024 -0.0344287 -0.0411066 0.0844441 0.0291064 0.073846 0.0162101 -0.00994443 0.066585 0.103936
internal_weight=2020.93 922.89 1098.04 697.063 946.877 378.209 151.162 202.965 318.854 175.244 225.827 241.408 161.576 35.3342 126.241 349.097 275.227 77.4456 107.346 597.78 43.8158 73.8702 594.916 64.2515 26.1673 41.6211 32.7001 74.6458 17.6485 22.6304
internal_count=19940 7566 12374 6060 10977 3022 1397 1480 3038 1542 1506 2380 1128 243 885 3811 2972 658 1066 7166 331 839 7136 378 209 255 299 767 122 123
is_linear=0
shrinkage=0.05


Tree=7
num_leaves=30
num_cat=0
split_feature=4 1 1 4 4 1 1 1 1 4 4 0 3 1 0 0 4 1 4 3 4 0 4 4 2 2 1 1 2
split_gain=618.7 107.196 96.8182 47.269 37.582 23.082 21.059 20.661 15.2669 14.6644 13.3275 13.0275 12.9534 8.6101 7.6621 7.49839 6.15339 5.72188 5.59602 5.29763 4.65821 4.63646 5.22388 4.18979 3.54413 3.39289 3.34625 3.31934 2.51602
threshold=6.0327696162321391 0.0010766756807439883 0.0010232433864094672 10.055185075052009 3.4559352789132132 0.0019360843186112533 -0.0015987774047706014 0.0042805585062242199 -0.00099830831021280298 7.1847040352267824 23.636595509054551 28.578963204937597 1.1020217459950163 0.00022566877546270628 33.921530746048326 32.645980758560867 4.7653490115633748 -0.0024419517785813634 4.681435434715449 0.95283434313046989 1.7071699481283129 89.237613745070249 16.58562477985663 5.0889348920044384 -0.0041731085159242278 -0.0020889671513075743 0.0040315000692569001 -0.0029440859146711569 0.0026119364895016432
decision_type=2 2 2 2 2 2 2 2 2 2 2 2 2 2 2 2 2 2 2 2 2 2 2 2 2 2 2 2 2
left_child=2 3 4 8 17 18 10 9 27 12 -5 -8 -3 23 -11 -10 -15 -1 24 26 -19 22 -9 -6 -4 -20 -7 -2 -21
right_child=1 7 5 6 13 19 11 21 15 14 -12 -13 -14 16 -16 -17 -18 20 25 28 -22 -23 -24 -25 -26 -27 -28 -29 -30
leaf_value=0.029002470748655654 -0.03601749571240484 0.036280656438446378 0.051759157383976045 0.0062682019617663108 -0.029523597551481963 0.04212293819443011 0.085532912833340635 0.095364152512570965 0.037264237331629126 0.0053908774821387747 0.043403684854447393 0.037432208510593493 -0.027430070929727574 -0.018740026993893984 0.052032283782556824 0.0065279567240349792 0.0038587450389076525 -0.047637325792939694 -0.038332391901423464 -0.038839663097850717 -0.037783257852334599 0.026544624827265797 0.066487565514053645 -0.015212815896401687 -0.01147835956647815 0.019990477752711434 0.091174403374195412 -0.010457874458995589 0.032242788267196849
leaf_weight=2.9349016174674025 15.263676561415194 25.643302008509636 2.2862197905778876 100.14586609601974 177.708247192204 36.208111755549908 15.432173170149325 29.458987101912498 22.299174405634403 9.1605121120810491 31.843212276697159 160.25568566471338 11.581151120364664 71.909988589584827 227.08447946608067 180.14281065016985 51.834972180426121 178.02850955724716 2.7165918946266165 2.8243380784988394 367.49600746482611 4.3339816927909842 33.440105184912682 71.813465505838394 71.774569690227509 30.382626987993717 3.8462589383125296 75.695081457495689 2.2260661050677299
leaf_count=30 167 199 20 916 2022 261 111 154 210 66 226 1181 101 797 1546 1677 547 2284 26 28 4502 24 200 795 747 273 22 788 20
internal_value=-0.000254128 0.029327 -0.0261938 0.0166269 -0.0322954 0.0107422 0.0303192 0.0517329 0.00226842 0.0456277 0.0152274 0.0416573 0.0164592 -0.0200571 0.0502237 0.00991359 -0.00927373 -0.0406245 -0.00188775 0.0407485 -0.0409991 0.0765654 0.080012 -0.0254049 -0.00952625 0.0152037 0.0468332 -0.014747 -0.00750866
internal_weight=2015.77 941.78 1073.99 601.078 921.726 152.265 307.677 340.703 293.401 273.469 131.989 175.688 37.2245 373.267 236.245 202.442 123.745 548.459 107.16 45.1048 545.525 67.2331 62.8991 249.522 74.0608 33.0992 40.0544 90.9588 5.0504
internal_count=19940 7566 12374 5276 10977 1397 2434 2290 2842 1912 1142 1292 300 4161 1612 1887 1344 6816 1066 331 6786 378 354 2817 767 299 283 955 48
is_linear=0
shrinkage=0.05


Tree=8
num_leaves=31
num_cat=0
split_feature=4 1 1 4 4 1 1 1 2 0 1 3 0 4 0 1 0 0 4 1 4 4 3 4 3 4 1 2 3 2
split_gain=558.885 91.2211 90.8539 41.223 36.7399 20.1541 17.9094 17.457 14.7059 14.4154 13.8122 11.9876 11.6992 10.7379 9.30061 8.13059 6.48642 6.14342 5.66538 5.39971 5.03543 4.69544 4.53889 4.00912 3.34787 3.34579 3.15164 2.93077 2.33109 2.29816
threshold=6.0327696162321391 0.0010766756807439883 0.0010232433864094672 10.055185075052009 3.4559352789132132 0.0019360843186112533 -0.0015987774047706014 0.0024285366217319253 -0.00034349802567223969 36.736871276968863 -0.00099830831021280298 1.7218028886166559 80.349646782866941 17.070527223126742 39.255140992135189 0.00022566877546270628 32.645980758560867 91.980087135581584 4.7653490115633748 -0.0024419517785813634 4.681435434715449 1.7071699481283129 0.95283434313046989 5.0889348920044384 0.34968958533531597 4.7653490115633748 -0.0029440859146711569 0.0017333400560446412 0.74089005945002395 0.0026119364895016432
decision_type=2 2 2 2 2 2 2 2 2 2 2 2 2 2 2 2 2 2 2 2 2 2 2 2 2 2 2 2 2 2
left_child=2 3 4 10 19 20 11 8 9 -3 26 -5 -10 -8 28 23 -12 -16 -17 -1 24 -21 27 -6 -4 -22 -2 -7 -9 -24
right_child=1 7 5 6 15 22 13 14 12 -11 16 -13 -14 -15 17 18 -18 -19 -20 21 25 -23 29 -25 -26 -27 -28 -29 -30 -31
leaf_value=0.026922142991284339 -0.035242674082040681 0.015397411273652808 0.0089424127082635609 0.0068284013426750806 -0.028741879755850991 0.028072254531799602 0.03158023840970877 -0.029584832914555305 0.021385077726669088 0.07866464820640838 0.034395329961147351 0.044350562639872346 0.065567948871994311 0.060053881156554273 0.062267908657774373 -0.018079230075788964 0.0061703525481000207 -0.00089464966997759062 0.0036543973870880029 -0.047136319714561017 0.066562248366998603 -0.037058704745047459 -0.038051785248418193 -0.014633830333865745 -0.015425565393901629 0.0094939289877313086 -0.010019098025995089 0.054926735673374222 0.027051051990810811 0.029895825230621904
leaf_weight=3.0018054470419875 14.830398783087729 12.527350150048731 19.013230323791504 106.79265689104795 173.52226619422436 18.094122439622879 136.93749849498272 3.0558768063783637 109.04233436286449 32.00730074942112 22.934040889143944 26.585108816623688 17.369249477982521 43.670427814126015 168.94063946604729 70.839185528457165 181.03040195256472 3.9395035430788985 51.992649510502815 171.10065315663815 2.8030298873782149 356.23521598428488 2.7408146783709517 70.944630779325962 54.491880543529987 30.671205997467041 75.075740687549114 23.169604733586311 4.4809192344546318 2.2793484553694725
leaf_count=30 167 89 181 932 2022 128 1014 20 788 210 210 210 118 278 1013 797 1677 23 547 2284 23 4502 28 795 586 276 788 155 29 20
internal_value=-0.000266531 0.0273292 -0.0254548 0.0156063 -0.0315296 0.0101241 0.0282031 0.0476098 0.0361604 0.0608679 0.00214717 0.0143074 0.0274559 0.0384651 0.0584583 -0.0193746 0.00934401 0.0608286 -0.00887975 -0.0399479 -0.00180201 -0.0403285 0.0376897 -0.0246477 -0.00912241 0.0142727 -0.0141798 0.0431511 0.00408741 -0.00720094
internal_weight=2010.12 959.219 1050.9 607.856 897.636 153.263 313.986 351.363 170.946 44.5347 293.871 133.378 126.412 180.608 180.417 367.299 203.964 172.88 122.832 530.338 106.979 527.336 46.2839 244.467 73.5051 33.4742 89.9061 41.2637 7.5368 5.02016
internal_count=19940 7566 12374 5276 10977 1397 2434 2290 1205 299 2842 1142 906 1292 1085 4161 1887 1036 1344 6816 1066 6786 331 2817 767 299 955 283 49 48
is_linear=0
shrinkage=0.05


Tree=9
num_leaves=31
num_cat=0
split_feature=4 1 1 4 4 1 1 0 4 0 1 1 1 3 4 3 3 4 2 2 4 4 1 4 4 3 4 2 2 2
split_gain=505.413 85.2172 78.227 44.4675 35.8749 27.3294 17.646 13.8382 13.5287 12.424 9.56683 9.54427 8.11522 7.84834 7.11834 8.89679 6.43794 6.22968 5.50204 5.31331 4.82093 4.53305 4.07543 3.8534 3.76898 3.26697 3.08537 3.04152 2.72357 2.63838
threshold=6.0327696162321391 0.0010232433864094672 0.0018762826431356629 9.5875212864267656 3.4559352789132132 -0.00017854903542435793 0.0019360843186112533 62.938042357525894 13.801371992695886 83.484732660679882 -0.001021519144252969 0.0042805585062242199 -0.00083129163616385549 0.84653190191158367 16.164903664735903 1.7521210345967966 1.2622617618672598 12.326665668650437 -0.0091980969921011662 -0.0035278617360998683 1.7071699481283129 4.681435434715449 0.0026276565994972638 14.007731944767022 5.1724061226351035 1.7218028886166559 1.3480381809364734 -0.0020889671513075743 0.0014155491856157056 0.00023679383766861409
decision_type=2 2 2 2 2 2 2 2 2 2 2 2 2 2 2 2 2 2 2 2 2 2 2 2 2 2 2 2 2 2
left_child=1 4 3 9 18 8 21 -7 -5 10 -2 14 19 -11 17 -16 -14 -4 -1 -6 -20 26 24 28 -8 -25 -3 -23 -13 -24
right_child=2 6 11 5 12 7 22 -9 -10 13 -12 23 16 -15 15 -17 -18 -19 20 -21 -22 27 29 25 -26 -27 -28 -29 -30 -31
leaf_value=0.042624959371300251 -0.013296120676582486 -0.056475343181157239 0.042145700120018781 0.0051883031856225156 -0.004315200221212805 0.052726857436911391 0.032642414491625055 0.017756146728053226 0.028763485796074906 0.13374341352614724 0.0069054502077700811 0.047949873817961834 -0.010501679216827148 0.025268598562628943 0.01087976309125604 0.067085505999205097 -0.027471484979480106 0.065773506518557234 -0.046644640515358715 -0.039878249225551922 -0.036250288365532075 -0.037838732313363543 0.093902706484926143 0.048778157152926112 -0.011233371118290029 0.079314457187442858 -0.0065194657062129825 0.017795969622795491 0.088861930297173042 0.044311552079946977
leaf_weight=2.0427402406930915 77.679414413869381 3.234162099659442 100.77543800324202 113.42457918077707 12.735201723873613 120.70152202993631 21.55925673246384 36.947898373007774 131.29470326751471 2.8293597400188437 238.67241953313351 5.0861997604370144 213.19342321157455 4.0605652704834938 29.2577910348773 9.2718268632888776 75.747458063066006 38.575859859585762 164.54116602241993 59.916819021105766 346.38666842132807 2.6668862402439109 3.2108638286590603 34.822785198688507 6.3321430161595336 11.702469184994696 69.737524658441544 31.159538395702839 20.319636672735214 16.28546117246151
leaf_count=24 838 32 656 951 146 800 156 256 1015 20 2152 25 2386 28 184 59 891 229 2284 738 4508 26 21 191 53 64 735 273 98 101
internal_value=-0.000276361 -0.0247257 0.0255097 0.0172015 -0.0307681 0.0282955 0.0095473 0.0445309 0.0178367 0.00339164 0.001945 0.0496419 -0.0187064 0.069814 0.0434271 0.0244052 -0.0149504 0.0486865 -0.0392703 -0.0336444 -0.0395977 -0.00172006 0.0349406 0.0650107 0.0226814 0.0564589 -0.00873355 0.0134097 0.0806714 0.0524788
internal_weight=2004.17 1028.75 975.422 725.61 874.563 402.369 154.186 157.649 244.719 323.242 316.352 249.812 361.593 6.88993 177.881 38.5296 288.941 139.351 512.971 72.652 510.928 106.798 47.3877 71.9311 27.8914 46.5253 72.9717 33.8264 25.4058 19.4963
internal_count=19940 12374 7566 6060 10977 3022 1397 1056 1966 3038 2990 1506 4161 48 1128 243 3277 885 6816 884 6792 1066 331 378 209 255 767 299 123 122
is_linear=0
shrinkage=0.05


Tree=10
num_leaves=30
num_cat=0
split_feature=4 1 1 4 1 1 1 4 2 0 4 1 1 3 4 4 3 2 0 4 3 3 0 0 2 2 1 4 3
split_gain=461.379 81.0244 65.7749 48.0161 21.8618 20.5875 20.0067 16.9606 13.1382 11.8501 11.087 7.44982 6.74168 8.289 8.16931 6.07768 7.07439 5.27841 7.92062 4.90955 8.36652 4.74871 4.60295 4.41817 4.70855 3.01613 3.36215 2.82311 2.79727
threshold=5.2176513450466109 0.0022650714924402631 0.00080762545967738586 9.5875212864267656 -0.00052466562806890982 0.00072983161971929011 0.0018218882655330895 2.2140613604730088 0.0092753874489467387 62.54590933089127 30.46459279869983 -0.001021519144252969 0.0037825645749879348 1.7706524154112799 15.769373169475765 4.0518856121374736 1.2480934519961833 -0.0026188841669146363 51.896455480630159 19.219750620232031 1.3552002641255647 0.76983201552672631 89.237613745070249 25.631839111812955 0.0033223546368336136 0.0020745108472284284 -0.0011657994260315661 21.559274527434912 0.29510978338320432
decision_type=2 2 2 2 2 2 2 2 2 2 2 2 2 2 2 2 2 2 2 2 2 2 2 2 2 2 2 2 2
left_child=2 3 7 5 10 11 23 25 -7 -6 -5 -2 13 14 -3 21 -17 -8 -19 22 -21 -9 -14 -4 -25 26 -1 -15 -27
right_child=1 12 6 4 9 8 17 15 -10 -11 -12 -13 19 27 -16 16 -18 18 -20 20 -22 -23 -24 24 -26 28 -28 -29 -30
leaf_value=-0.0061836475435113405 -0.015524249671343672 0.0434379631197883 0.063434678168513489 0.011938543939614148 0.044743600980491939 0.016869474136001119 0.092512976894298618 -0.025934387266475279 0.11735767451975765 0.017509788613208437 0.050984770764175381 0.0011924631021118228 0.070154326316448107 0.12634110544893132 0.0079701981232625386 -0.014009120848649807 -0.038929874731084113 -0.023221947232022769 0.036585711438478316 0.0059461978665882424 0.059031838121195772 -0.038171836636438652 0.02250323724369228 -0.014397574137225581 0.012362035770373031 -0.039042308096586965 -0.046903472092807943 0.061107176109543783 -0.002655673172960683
leaf_weight=5.1883835345506659 94.861752592027187 91.502354070544243 2.0824660882353774 201.93584222346544 158.91677275300026 135.65057262778282 3.2505511045455924 158.64158426970243 3.332633063197135 53.353602565824986 19.978678122162819 224.08238237351179 59.80343796312809 3.4144676029682151 19.737159140408039 118.54786339402199 37.481766350567341 6.7046265825629225 31.756565891206264 10.651004105806349 24.483645871281624 158.45653793215752 5.5371690541505805 100.53836099803448 19.65193884074688 16.558009386062626 220.8058787509799 3.2250282317399979 7.7560130953788748
leaf_count=71 1054 567 21 1661 1021 1108 22 2059 21 360 131 2199 302 20 122 1365 459 48 225 62 137 2067 29 1120 202 235 3124 20 108
internal_value=-0.000283673 0.0211959 -0.027162 0.0145141 0.0264269 0.00321889 0.00142934 -0.0336429 0.019279 0.0378985 0.0154538 -0.00377949 0.0484954 0.0403842 0.0371449 -0.0280744 -0.0199956 0.0313308 0.0261599 0.0580115 0.042939 -0.0320495 0.0661162 -0.00877113 -0.0100222 -0.0441684 -0.0459686 0.0946548 -0.0274352
internal_weight=1997.89 1110.47 887.421 892.112 434.185 457.927 163.985 723.436 138.983 212.27 221.915 318.944 218.354 117.879 111.24 473.128 156.03 41.7117 38.4612 100.475 35.1346 317.098 65.3406 122.273 120.19 250.308 225.994 6.6395 24.314
internal_count=19940 8814 11126 7555 3173 4382 1638 9488 1129 1381 1792 3253 1259 729 689 5950 1824 295 273 530 199 4126 331 1343 1322 3538 3195 40 343
is_linear=0
shrinkage=0.05


Tree=11
num_leaves=31
num_cat=0
split_feature=4 1 1 4 1 1 1 4 4 2 0 1 1 4 3 4 4 3 3 2 0 4 3 2 3 0 2 1 3 4
split_gain=419.874 70.0502 62.3856 42.1014 19.4429 18.3292 17.7672 16.8212 14.3559 10.8058 10.2944 6.82568 6.11247 5.88258 6.79428 5.50987 9.00469 6.65483 4.65474 4.32278 6.96925 3.9697 6.60252 4.44169 3.89662 8.28606 3.01438 3.30812 2.68177 2.06168
threshold=5.2176513450466109 0.0022650714924402631 0.00080762545967738586 9.5875212864267656 -0.0018843714764762984 0.00072983161971929011 0.0018218882655330895 2.2140613604730088 23.636595509054551 0.0092753874489467387 63.577668664215317 -0.001021519144252969 0.0046023778485585485 4.0518856121374736 1.2480934519961833 16.164903664735903 13.293148144126409 1.2788133274750504 0.76983201552672631 -0.0026188841669146363 51.896455480630159 3.8570175521156544 0.36424285258665118 -0.0020889671513075743 1.1224804020491597 73.979893069804504 0.0020745108472284284 -0.0011657994260315661 0.29510978338320432 17.54696225063697
decision_type=2 2 2 2 2 2 2 2 2 2 2 2 2 2 2 2 2 2 2 2 2 2 2 2 2 2 2 2 2 2
left_child=2 3 7 5 8 11 21 26 -5 -7 -6 -2 15 18 -15 16 -3 -17 -9 -8 -21 22 -4 -23 29 -26 27 -1 -28 -14
right_child=1 12 6 4 10 9 19 13 -10 -11 -12 -13 24 14 -16 17 -18 -19 -20 20 -22 23 -24 -25 25 -27 28 -29 -30 -31
leaf_value=-0.0059058629252279494 -0.014937342755998791 0.038295951098445961 0.0075405215320399751 -0.0012489361580413721 0.035715985743633681 0.015832009875746025 0.082868170871697372 -0.025189948125004705 0.036934728606694486 0.10398745852577725 0.012053286188062146 0.0011317768091579829 0.079609564781471132 -0.013464202200220959 -0.038219954081208068 -0.0069231838960495395 0.072270715652814954 0.037829025995864039 -0.037468898645257015 -0.02240917973251742 0.033934975658484419 -0.044912395939851087 -0.025021146343033891 0.0081308709952101661 0.015083386363417092 0.066324014643536308 -0.038374493520349856 -0.046418634733546987 -0.002528701910895121 0.047489579295628477
leaf_weight=5.1615042686462393 93.690035119652748 100.66432263702154 22.014289654791355 97.036999575793743 255.38681196421385 137.26962308585644 3.4420949742197982 155.25094543397427 32.982821941375732 3.5664742887020102 56.051462411880493 224.28743173927069 21.440913081169132 117.21317288279533 36.299310721457005 12.411270856857298 24.189177095890045 25.120911434292793 153.48495292663574 6.6030436605215064 32.505130045115948 4.3572803139686576 53.166672334074974 41.878230713307858 12.731227979063986 20.746508598327637 16.017657898366455 212.17574565857649 7.7386429458856574 6.5135837197303763
leaf_count=71 1054 595 235 865 1709 1108 22 2059 216 21 383 2199 98 1365 459 76 132 151 2067 48 225 44 637 427 67 106 235 3124 108 34
internal_value=-0.000289075 0.0198777 -0.0264266 0.0136542 0.0246773 0.00304805 0.00134692 -0.0329013 0.00843732 0.0180644 0.0314573 -0.00360289 0.0449107 -0.0273169 -0.0193179 0.0398285 0.0448782 0.0230302 -0.0312943 0.0291498 0.0244218 -0.00839656 -0.0154865 0.00313202 0.0583448 0.0468377 -0.0436081 -0.0454565 -0.0266977 0.0721254
internal_weight=1991.4 1124.09 867.309 900.272 441.458 458.814 163.967 703.342 130.02 140.836 311.438 317.977 223.818 462.248 153.512 162.386 124.853 37.5322 308.736 42.5503 39.1082 121.416 75.181 46.2355 61.4322 33.4777 241.094 217.337 23.7563 27.9545
internal_count=19940 8814 11126 7555 3173 4382 1638 9488 1081 1129 2092 3253 1259 5950 1824 954 727 227 4126 295 273 1343 872 471 305 173 3538 3195 343 132
is_linear=0
shrinkage=0.05


Tree=12
num_leaves=27
num_cat=0
split_feature=4 1 1 4 1 4 1 1 4 4 0 0 3 4 3 0 3 3 0 4 2 0 2 1 3 3
split_gain=382.336 61.2025 59.1089 38.9465 18.8504 16.6648 16.3874 15.809 11.1987 11.034 7.51387 7.35415 6.66626 5.68524 6.51788 4.95574 5.5324 4.55743 3.92244 4.34218 3.58742 6.14868 3.01054 3.25355 2.56859 2.26805
threshold=5.2176513450466109 0.0024285366217319253 0.00080762545967738586 9.5875212864267656 -0.00017854903542435793 2.2140613604730088 0.00072983161971929011 0.0018218882655330895 13.801371992695886 30.46459279869983 82.181379760210874 39.255140992135189 0.88127080511247458 4.0518856121374736 1.2480934519961833 91.980087135581584 0.93543554830459064 0.76983201552672631 25.631839111812955 3.8570175521156544 -0.0026188841669146363 51.896455480630159 0.0020745108472284284 -0.0011657994260315661 0.29510978338320432 0.74089005945002395
decision_type=2 2 2 2 2 2 2 2 2 2 2 2 2 2 2 2 2 2 2 2 2 2 2 2 2 2
left_child=2 3 5 6 8 22 12 18 -5 -6 -8 25 -2 17 -15 16 -13 -7 -4 -20 -9 -22 23 -1 -24 -3
right_child=1 11 7 4 9 13 10 20 -10 -11 -12 15 -14 14 -16 -17 -18 -19 19 -21 21 -23 24 -25 -26 -27
leaf_value=-0.0056392360788924964 0.0062082474626076814 -0.034373275704489024 0.058709570984830706 0.0030052753725432917 0.033014035275004634 -0.024453758691267993 0.013141201240134093 0.074859885966481229 0.024068415002707497 0.11218343804543303 0.052880589279156509 0.057320400001639016 -0.0088854363027266944 -0.012935056256660572 -0.03750947055928975 -0.0048929245525235442 0.039873696784057694 -0.036764725705665587 -0.016835046917553317 0.0028394836058782853 -0.021616157694959032 0.031542190445373146 -0.037704003259703675 -0.045933270813069298 -0.0024075382243307531 0.018932841507995898
leaf_weight=5.1359358653426161 114.51087121665478 3.4046591073274595 2.161489486694335 116.71402171254158 201.66349036246538 152.01223422586918 138.6081680059433 3.6150214895606032 137.38682633638382 4.4992417097091666 13.011521004140375 72.28477631509304 202.54381212592125 115.94086987525225 35.166502557694912 4.8348328918218604 122.3470688611269 148.72527439147234 72.814691938459873 45.610416978597641 6.5055511072278014 33.203644998371601 15.500591203570368 203.9068955630064 7.7221323102712622 4.8209731429815292
leaf_count=71 1182 21 21 951 1252 2059 1105 22 1015 25 85 381 2071 1365 459 26 671 2067 858 464 48 225 235 3124 108 29
internal_value=-0.000292764 0.0186631 -0.0257 0.0131771 0.0235081 -0.0321615 0.00303144 0.00126826 0.0143937 0.0347418 0.0165515 0.0432005 -0.00343404 -0.0265664 -0.0186541 0.0451111 0.0463533 -0.030542 -0.00803927 -0.00925757 0.0271744 0.0228333 -0.043046 -0.0449433 -0.0259671 -0.00313101
internal_weight=1984.65 1136.63 848.021 928.938 460.264 684.11 468.674 163.911 254.101 206.163 151.62 207.692 317.055 451.845 151.107 199.467 194.632 300.738 120.587 118.425 43.3242 39.7092 232.266 209.043 23.2227 8.22563
internal_count=19940 8814 11126 7686 3243 9488 4443 1638 1966 1277 1190 1128 3253 5950 1824 1078 1052 4126 1343 1322 295 273 3538 3195 343 50
is_linear=0
shrinkage=0.05


Tree=13
num_leaves=27
num_cat=0
split_feature=4 1 1 4 4 1 1 1 4 4 1 0 2 4 3 2 4 3 0 1 2 0 2 1 3 3
split_gain=348.287 55.9618 53.316 34.3264 16.4907 15.9894 15.3888 14.1528 12.0231 8.74023 6.85691 6.36628 5.73517 5.48616 6.24546 4.94525 4.74928 4.45673 4.28675 4.81612 3.20572 3.63243 3.00438 3.19835 2.45777 2.07049
threshold=5.2176513450466109 0.00080762545967738586 0.0024285366217319253 9.6945088695693613 2.2140613604730088 -0.0018212183129950874 0.00071628939177614825 0.0019360843186112533 23.636595509054551 18.61069328082743 -0.001021519144252969 39.255140992135189 -0.00044898077642013806 4.0518856121374736 1.2480934519961833 -0.0091980969921011662 3.7866635355228158 0.76983201552672631 91.980087135581584 0.0037825645749879348 -0.0026188841669146363 51.896455480630159 0.0020745108472284284 -0.0011657994260315661 0.29510978338320432 0.74089005945002395
decision_type=2 2 2 2 2 2 2 2 2 2 2 2 2 2 2 2 2 2 2 2 2 2 2 2 2 2
left_child=1 4 3 6 22 8 10 15 -5 -7 -2 25 -8 17 -15 -3 -17 -6 19 -13 -9 -22 23 -1 -24 -4
right_child=2 7 11 5 13 9 12 20 -10 -11 -12 18 -14 14 -16 16 -18 -19 -20 -21 21 -23 24 -25 -26 -27
leaf_value=-0.005383434639643709 -0.014590753397701314 0.087337823416133442 -0.033329422818660588 -0.0010640025036866077 -0.02372626958932382 0.024517810074608567 0.034518529951438441 0.072502511413011325 0.033142321358970911 0.046447969798082855 0.0014650093917488937 0.035190488076185168 0.01095534942475781 -0.012421607890361244 -0.03679817482484269 -0.016013344244428844 0.0038776760895413796 -0.036059162480278482 -0.0046599048002967285 0.050748664613330746 -0.014373004596042028 0.030213920599525851 -0.037030647201634806 -0.045446530037035256 -0.0022919398132734501 0.017790690071673641
leaf_weight=5.1116158813238135 94.306271828711033 1.3772534206509579 3.3374589085578901 100.04849193990231 148.9194267988205 268.55895023047924 32.461811184883118 3.644621565937995 34.563509315252304 54.685282155871391 225.51123388111591 98.514898203313351 126.28306800127029 114.72823932021856 34.08170385658741 73.848184630274773 50.551363401114941 144.17016901820898 4.8230795115232459 100.47073490917683 5.422238513827323 28.99336414039135 15.005973748862745 195.98743947967887 7.7064391374588004 4.8725795745849609
leaf_count=71 1074 12 21 881 2059 1761 252 21 218 313 2209 558 978 1365 459 874 510 2067 26 494 38 183 235 3124 108 29
internal_value=-0.000294487 -0.024981 0.0175373 0.0124111 -0.0314236 0.0221981 0.00304743 0.00119671 0.00771895 0.0282279 -0.00326944 0.0401781 0.0157738 -0.0258231 -0.0180045 -0.00688719 -0.00793037 -0.0297928 0.0419171 0.043046 0.0279114 0.0231892 -0.0424813 -0.0444282 -0.0252436 -0.00299012
internal_weight=1977.99 829.548 1148.44 936.419 665.711 457.856 478.562 163.837 134.612 323.244 319.818 212.019 158.745 441.9 148.81 125.777 124.4 293.09 203.809 198.986 38.0602 34.4156 223.811 201.099 22.7124 8.21004
internal_count=19940 11126 8814 7686 9488 3173 4513 1638 1099 2074 3283 1128 1230 5950 1824 1396 1384 4126 1078 1052 242 221 3538 3195 343 50
is_linear=0
shrinkage=0.05


Tree=14
num_leaves=31
num_cat=0
split_feature=4 1 1 4 4 1 4 1 0 0 4 1 3 3 1 4 3 2 2 2 2 1 4 3 2 4 3 4 1 1
split_gain=318.35 55.5126 44.3956 35.0427 12.7603 12.4104 17.9527 11.6703 9.19429 9.1934 9.08308 8.96656 8.1729 7.62189 6.93128 6.03312 4.9587 4.59557 4.51637 7.99195 3.85155 3.84017 3.73699 6.47974 3.9672 3.35421 2.81434 4.19797 2.58433 0.353922
threshold=4.8062404541810393 0.001150269008456384 0.0008818531839595024 9.5875212864267656 2.2140613604730088 -0.0031135142166399117 23.636595509054551 0.0037825645749879348 83.484732660679882 63.577668664215317 7.1847040352267824 0.0016300155110415828 0.78532146305470329 1.0955115563366935 -0.001021519144252969 30.46459279869983 1.0053317168152984 -0.0015350485347993546 -0.0026188841669146363 -0.00080011749980046776 0.00095296903355790452 -0.0011657994260315661 19.219750620232031 1.3552002641255647 0.0048347072495604779 3.5219613529766725 1.3247071469340181 3.8570175521156544 0.00080762545967738586 0.0010026589084178863
decision_type=2 2 2 2 2 2 2 2 2 2 2 2 2 2 2 2 2 2 2 2 2 2 2 2 2 2 2 2 2 2
left_child=2 3 4 8 20 6 -5 10 14 -7 13 26 -10 -3 -2 -12 17 -6 -13 -20 21 -1 24 -24 -9 -18 27 -4 -22 -28
right_child=1 7 11 5 16 9 -8 22 12 -11 15 18 -14 -15 -16 -17 25 -19 19 -21 28 -23 23 -25 -26 -27 29 -29 -30 -31
leaf_value=-0.00073704962321246995 -0.014653547583094052 0.019130811312947065 -0.014507082733329558 -0.016192907439281153 -0.010234652836758487 0.026314487388990351 0.034156330654594981 0.038547448362020828 0.11415957350920061 -0.0016673172840435402 0.028813315070411179 0.067896063646457547 -0.0039329218659592876 -0.01694634236533888 0.0003986086734076383 0.092705179841608379 -0.044287224520776214 -0.026043146714967737 -0.05858026144171196 0.019872763324700088 -0.032314851885013811 -0.046754156108443828 -0.00043607292163110636 0.044603043880145354 0.062049422032973138 -0.027601948370458526 -0.02869491414259262 0.010878378955138697 0.028172096806867799 -0.056098863517359536
leaf_weight=4.6688093245029441 100.99737168103456 59.585904963314533 55.165919564664364 52.03857246786356 58.802140928804874 266.35291728377342 26.833818078041077 35.094594836235046 3.1729082390665999 32.989467523992062 236.42701583355665 4.1528459936380377 2.7220369353890419 19.408436246216297 315.07828903198242 3.7534549236297599 52.432865604758263 210.70553766191006 3.5464975982904425 38.335694544017315 56.41286700591445 156.65577113628387 11.359603226184843 26.888093233108521 36.769395440816879 70.782092094421387 1.8992512151598919 23.107480451464653 1.822958156466483 3.1034243330359459
leaf_count=65 1181 433 650 460 792 1837 166 167 26 232 1390 25 22 163 3130 20 795 2929 30 285 908 2594 62 137 168 952 23 239 26 33
internal_value=-0.000294799 0.0153113 -0.0261679 0.00752946 -0.03179 0.0185816 0.000936817 0.0298167 -0.00237662 0.0232307 0.0249745 0.000452562 0.0596294 0.0102669 -0.00325512 0.0298118 -0.0263929 -0.022594 0.018161 0.0132295 -0.0414436 -0.0454224 0.0438524 0.0312264 0.0505723 -0.0347022 -0.00933668 -0.00701291 -0.0304214 -0.045695
internal_weight=1971.07 1229.47 741.594 800.185 612.283 378.215 78.8724 429.286 421.971 299.342 319.175 129.311 5.89495 78.9943 416.076 240.18 392.723 269.508 46.035 41.8822 219.56 161.325 110.112 38.2477 71.864 123.215 83.2761 78.2734 58.2358 5.00268
internal_count=19940 9594 10346 7054 9061 2695 626 2540 4359 2069 2006 1285 48 596 4311 1410 5468 3721 340 315 3593 2659 534 199 335 1747 945 889 934 56
is_linear=0
shrinkage=0.05


Tree=15
num_leaves=29
num_cat=0
split_feature=4 1 1 4 4 4 1 4 2 0 1 3 1 0 0 0 2 4 3 1 1 4 2 2 4 3 4 2
split_gain=290.891 48.9399 42.0863 35.1519 13.4557 12.7757 10.9587 15.7175 9.7506 9.36528 8.04707 8.04494 7.58581 7.36847 6.07859 5.63498 6.61442 6.11537 5.31691 4.51057 4.40691 3.98218 3.85545 7.36432 3.84059 2.72185 3.66013 1.27341
threshold=4.8062404541810393 0.00071628939177614825 0.0008818531839595024 10.055185075052009 8.55956950495945 1.7907461842551071 -0.0031135142166399117 23.636595509054551 0.001170950174414265 53.814084543402167 0.0016300155110415828 0.78532146305470329 0.0029811772245083028 65.0845242376394 82.181379760210874 78.338198214862658 -0.0016970048263073021 2.0618649347840248 2.0446944663392732 0.0046023778485585485 0.00065930535449942884 7.7236122738242168 -0.0026188841669146363 -0.00080011749980046776 1.4523330347352019 1.3723809332037233 3.8570175521156544 0.00085600216844883292
decision_type=2 2 2 2 2 2 2 2 2 2 2 2 2 2 2 2 2 2 2 2 2 2 2 2 2 2 2 2
left_child=2 3 5 8 12 20 7 -5 9 -2 25 -10 14 -8 -3 16 -7 -17 19 -6 27 -14 -12 -24 -22 26 -4 -1
right_child=1 4 10 6 18 15 13 -9 11 -11 22 -13 21 -15 -16 17 -18 -19 -20 -21 24 -23 23 -25 -26 -27 -28 -29
leaf_value=-0.049177288589874898 -0.0055844777312173731 0.0083227756053144333 -0.014334665723965474 -0.015534278990093429 0.029773063132264483 -0.013931629758264397 0.025664425897047843 0.031785774403297683 0.024950800649863648 -0.032324255568105732 0.06210443315361136 -0.0037109549913678045 0.030210568572530447 -0.0071200991371401763 0.039830771749054722 0.064475156831346664 -0.030909134123329286 -0.012696153561766482 -0.026543067598719206 0.044888954045054774 -0.033022050463060108 0.078011734083151749 -0.058099938457776334 0.018633088529386676 0.042048132089690438 -0.055428618954754899 0.008873924328137139 -0.03822271560526231
leaf_weight=98.276215426623821 247.4671208485961 151.57603918761015 55.045318216085434 48.873220711946487 277.75585177540779 68.127894252538681 225.44327602535486 27.378673553466797 44.228964552283287 37.738610722124577 4.3088512048125258 54.837295554578304 18.74253119528294 18.548894494771957 17.026927545666695 2.9606854431331184 363.31148664653301 19.313332576304674 3.8619266599416724 60.015440031886101 4.8858173452317706 5.6765630990266791 3.4007148519158354 38.828753493726254 2.6159510612487793 3.0334143266081801 24.570823088288307 36.337750427424908
leaf_count=1720 2628 1197 657 432 1578 948 1538 166 451 396 25 547 94 129 109 46 5327 278 22 279 81 28 30 285 43 35 253 618
internal_value=-0.000294755 0.0144234 -0.0254504 0.00576715 0.0258296 -0.0310598 0.0180014 0.00145625 -0.00442863 -0.0091227 0.000420802 0.00908533 0.015277 0.0231721 0.0115047 -0.0269622 -0.0282282 -0.00243846 0.0317919 0.0324589 -0.0441417 0.0413226 0.0170508 0.0124538 -0.00684423 -0.00894324 -0.00717212 -0.0462202
internal_weight=1964.19 1239.17 725.017 704.516 534.655 595.829 320.244 76.2519 384.272 285.206 129.188 99.0663 193.022 243.992 168.603 453.713 431.439 22.274 341.633 337.771 142.116 24.4191 46.5383 42.2295 7.50177 82.6496 79.6161 134.614
internal_count=19940 9594 10346 6287 3307 9061 2265 598 4022 3024 1285 998 1428 1667 1306 6599 6275 324 1879 1857 2462 122 340 315 124 945 910 2338
is_linear=0
shrinkage=0.05


Tree=16
num_leaves=30
num_cat=0
split_feature=4 1 1 4 1 4 4 4 1 3 0 1 4 3 1 0 4 4 1 0 4 4 0 0 2 4 3 4 2
split_gain=265.831 43.257 39.8548 28.1459 14.5201 12.6749 10.944 10.0024 9.21895 8.60597 8.18363 7.22688 7.2089 6.72289 5.547 5.34438 6.64343 5.28003 4.338 4.05855 4.05074 3.87794 3.87504 14.6607 6.03583 3.4606 2.60866 3.3384 1.29765
threshold=4.8062404541810393 0.001150269008456384 0.0008818531839595024 8.0537653704054417 -0.0009712136349491195 1.7907461842551071 18.053861694786736 10.688764058627656 0.0037825645749879348 1.2622617618672598 84.173003092799163 0.0016300155110415828 7.1847040352267824 1.0955115563366935 0.001202098821959652 78.338198214862658 3.1291788864690364 2.0618649347840248 0.00065930535449942884 91.980087135581584 19.219750620232031 5.0548344791734063 58.890379320051601 53.431371814476613 0.0017333400560446412 1.4523330347352019 1.3723809332037233 3.8570175521156544 0.00085600216844883292
decision_type=2 2 2 2 2 2 2 2 2 2 2 2 2 2 2 2 2 2 2 2 2 2 2 2 2 2 2 2 2
left_child=2 3 5 9 7 18 -6 -5 12 10 -2 26 13 -3 -14 16 -7 -17 28 20 -10 -11 23 -13 -24 -20 27 -4 -1
right_child=1 8 11 4 6 15 -8 -9 19 21 -12 22 14 -15 -16 17 -18 -19 25 -21 -22 -23 24 -25 -26 -27 -28 -29 -30
leaf_value=-0.048841331284588424 -0.00051673410700408119 0.017062199289022247 -0.013781754067851641 -0.013593909090735858 0.018411083716317313 -0.033982951436420938 0.048255126240827652 0.011072942424011072 0.047442804213886386 -0.048721954114372211 0.069672708219634866 0.0061471922919278709 0.069569419700135929 -0.016776860170038977 0.024860159790565984 0.057874250328250249 -0.021416703649524124 -0.012195478929396431 -0.032311220203852339 -0.0098318011578691078 0.027316458031342118 -0.01376688445946282 -0.037509999916899454 0.11144122735290801 0.016975123498637137 0.038479966463047528 -0.055137435453744665 0.0083707282154777182 -0.037581230135435288
leaf_weight=94.110117636620998 221.40230553597212 60.871161386370659 54.407608650624752 53.940503388643265 218.449866078794 203.47850731015205 35.745177268981934 172.60894396901131 70.592892050743103 8.68400741368532 4.2321956381201735 11.802110314369203 7.1436555832624427 19.341525703668594 240.40651549398899 3.1288039758801487 217.71074740588665 19.106305375695229 4.7471938803791991 4.189460188150405 38.708958372473717 91.933856181800365 6.4365076199173954 4.5921920314431182 24.172016456723213 2.7129598073661327 2.900325506925582 24.740966632962227 35.140691243112087
leaf_count=1720 2340 433 657 564 1526 3230 185 1331 318 117 32 87 44 163 1366 46 3045 278 81 21 195 959 48 31 174 43 35 253 618
internal_value=-0.000293971 0.0135946 -0.0247395 0.00671196 0.0144044 -0.0303299 0.0226078 0.00519987 0.0261821 -0.00462305 0.0007998 0.000391704 0.0219294 0.00890265 0.0261504 -0.0262263 -0.0274875 -0.00233565 -0.0436401 0.038464 0.0403151 -0.0167837 0.0160245 0.035641 0.00551773 -0.00656729 -0.00856378 -0.00685713 -0.0457799
internal_weight=1957.44 1248.25 709.187 806.997 480.744 580.135 254.195 226.549 441.254 326.252 225.635 129.052 327.763 80.2127 247.55 443.424 421.189 22.2351 136.711 113.491 109.302 100.618 47.0028 16.3943 30.6085 7.46015 82.0489 79.1486 129.251
internal_count=19940 9594 10346 7054 3606 9061 1711 1895 2540 3448 2372 1285 2006 596 1410 6599 6275 324 2462 534 513 1076 340 118 222 124 945 910 2338
is_linear=0
shrinkage=0.05


Tree=17
num_leaves=31
num_cat=0
split_feature=4 1 1 4 4 1 1 4 2 0 2 3 3 1 0 3 0 2 4 3 2 1 2 2 4 3 3 3 2 1
split_gain=242.983 38.6285 37.7021 28.4816 12.5574 10.3422 9.14168 13.908 8.57636 8.88307 7.25313 12.0106 6.96143 6.4853 6.46901 5.79144 5.59604 5.31665 6.51598 5.57041 4.83226 4.26731 3.43953 6.64196 3.12589 2.50312 3.66694 1.9849 1.32193 0.370697
threshold=4.8062404541810393 0.00071628939177614825 0.0008818531839595024 10.055185075052009 1.7907461842551071 0.0024285366217319253 -0.0031135142166399117 23.636595509054551 0.001170950174414265 51.670528385452513 -0.00044898077642013806 0.54172770048136287 0.78532146305470329 0.0016300155110415828 65.0845242376394 0.55223281975571148 39.255140992135189 -0.0016970048263073021 3.4559352789132132 0.99453700479140172 -0.0035278617360998683 0.00065930535449942884 -0.0026188841669146363 -0.00080011749980046776 1.4523330347352019 1.3247071469340181 1.0817525000736199 0.74089005945002395 0.00085600216844883292 0.0010026589084178863
decision_type=2 2 2 2 2 2 2 2 2 2 2 2 2 2 2 2 2 2 2 2 2 2 2 2 2 2 2 2 2 2
left_child=2 3 4 8 21 10 7 -5 9 -2 11 -3 -10 25 -8 -12 27 19 -19 -6 -18 28 -15 -24 -23 26 -4 -7 -1 -27
right_child=1 5 13 6 17 16 14 -9 12 -11 15 -13 -14 22 -16 -17 20 18 -20 -21 -22 24 23 -25 -26 29 -28 -29 -30 -31
leaf_value=-0.048506011180982071 -0.0044410133330234818 -0.025992625403426253 -0.0097686926907337122 -0.015305377538821011 -0.0065638666787928013 -0.036622980952562716 0.022878267052705455 0.028894158431204849 0.02296200122555005 -0.027513256057290783 0.039977162676720308 0.035988717731859993 -0.0035556172301962211 0.056868193248138944 -0.0077061582867343076 0.010209979918700231 0.07631152848726111 -0.033129378719190493 -0.019461457574254614 -0.048467771730836898 0.031216406146920919 -0.031599646103186545 -0.057685118459275854 0.016364839448502633 0.035333652098163824 -0.0261467245508895 0.026097919693785662 0.01168233669309458 -0.036935359939793112 -0.055420847688816124
leaf_weight=90.123642187565565 231.51118475943804 8.7194262221455556 68.958347164094448 48.657842718064785 56.713527832180262 3.6206267923116666 231.33554002642632 28.062718614935875 45.215973258018494 50.887914389371872 17.672346264123917 75.433476038277149 54.679144017398357 4.4560778290033332 18.685812801122665 216.72952011227608 6.1102060228586188 225.44031649455428 142.20361218973994 9.2201702781021577 214.02878293395042 4.6147867515683165 3.2780949920415869 39.725722432136536 2.8043342866003513 1.7577505186200131 7.9476093947887412 5.1537184566259384 33.996657080948353 2.8105143830180168
leaf_count=1720 2478 65 799 432 810 22 1538 166 451 546 122 474 547 25 129 1496 30 3671 1979 139 1069 81 30 285 43 23 90 29 618 33
internal_value=-0.000292236 0.0128235 -0.0240369 0.00512002 -0.0296032 0.0228004 0.0159596 0.000861855 -0.00414447 -0.0085986 0.0169748 0.0295666 0.00844717 0.000360491 0.0205925 0.0124542 0.0309073 -0.0254979 -0.0278427 -0.0124237 0.0324681 -0.043135 0.0150531 0.0107202 -0.0062997 -0.00819814 -0.00606217 -0.00825026 -0.0453368 -0.0441569
internal_weight=1950.56 1256.5 694.051 709.036 565.117 547.468 326.742 76.7206 382.294 282.399 318.555 84.1529 99.8951 128.934 250.021 234.402 228.913 433.578 367.644 65.9337 220.139 131.539 47.4599 43.0038 7.41912 81.4742 76.906 8.77435 124.12 4.56826
internal_count=19940 9594 10346 6287 9061 3307 2265 598 4022 3024 2157 539 998 1285 1667 1618 1150 6599 5650 949 1099 2462 340 315 124 945 889 51 2338 56
is_linear=0
shrinkage=0.05


Tree=18
num_leaves=30
num_cat=0
split_feature=4 1 4 1 1 4 4 1 3 3 2 3 3 0 0 1 3 0 0 2 4 1 0 0 2 4 3 4 2
split_gain=222.081 35.6378 35.1002 26.1356 14.4084 12.4239 11.7378 10.8279 9.3463 7.49757 7.10361 6.5396 7.99191 6.99198 5.93767 5.83037 5.29035 6.41423 5.20373 5.09344 4.46164 4.19488 3.40883 11.893 5.45537 2.82939 2.42144 3.02242 1.34609
threshold=4.8062404541810393 0.0008818531839595024 7.9720841088698959 -0.0002426671182929607 0.00058407209751043531 1.7907461842551071 13.529590482442769 -0.0031135142166399117 0.18571092961600949 1.5536538054549938 0.0018560422462670092 0.62698148687588173 0.43653637874346146 49.412505700312146 82.181379760210874 0.0016300155110415828 1.0053317168152984 79.36920245890245 60.094410793570539 -0.001746860221591706 3.5219613529766725 0.00065930535449942884 58.890379320051601 53.431371814476613 0.0017333400560446412 1.4523330347352019 1.3723809332037233 3.8570175521156544 0.00085600216844883292
decision_type=2 2 2 2 2 2 2 2 2 2 2 2 2 2 2 2 2 2 2 2 2 2 2 2 2 2 2 2 2
left_child=1 5 4 6 10 21 7 -4 -6 -8 19 12 -5 -13 -10 26 17 -7 -12 -2 -18 28 23 -17 -24 -23 27 -3 -1
right_child=2 15 3 11 8 16 9 -9 14 -11 18 13 -14 -15 -16 22 20 -19 -20 -21 -22 25 24 -25 -26 -27 -28 -29 -30
leaf_value=-0.048170553020033847 -0.00053594808783576716 -0.012939804786630078 -0.033310700076050678 0.0034678345419274963 0.13795559041210781 -0.022840508763726335 0.0071620467262970763 0.003085387628954508 0.0070092039497775113 0.02968895098776942 0.040960723642384282 0.033116581579936188 0.058949852735525804 0.019737766076095342 0.03482439240597706 0.0051946643949186272 -0.044190030947448646 0.012338936034275721 0.0014291188488427613 -0.016878581887249399 -0.024823642702156257 -0.030887676557929369 -0.036992778661904681 0.097492832160018264 0.014975278516082897 0.032540682239580093 -0.054644407717380751 0.0081777699676496094 -0.036285069230479382
leaf_weight=86.310293808579445 74.351872235536575 53.461404599249363 23.763849310576916 8.5020272582769376 1.4447680562734593 290.76086810231209 82.868314892053604 145.88377343863249 162.81267797201872 66.639748729765415 10.802750289440153 138.64084909856319 27.435173094272614 330.35895914584398 21.749326579272747 11.889594361186029 54.775393191725016 13.561403729021547 36.289446845650673 132.89042685180902 65.067360151559114 4.4883475229144087 6.3490976244211224 4.9403737708926192 24.680971816182137 2.8904509395360947 2.6727085486054412 24.805182218551636 32.903586518019438
leaf_count=1720 826 657 240 48 9 4508 600 1239 1280 440 111 811 148 1856 128 87 940 199 369 1489 952 81 48 31 174 43 35 253 618
internal_value=-0.000290084 -0.0233424 0.0120991 0.0181886 0.000702655 -0.0288795 0.00698872 -0.00201289 0.0112787 0.0172029 -0.00703208 0.0252678 0.0458239 0.0236927 0.010287 0.000335169 -0.024777 -0.0212728 0.0104975 -0.0110154 -0.0336753 -0.0426257 0.0141694 0.0322884 0.00434204 -0.00604128 -0.00784511 -0.00624697 -0.0448901
internal_weight=1943.99 679.557 1264.43 824.093 440.341 550.758 319.156 169.648 186.007 149.508 254.334 504.937 35.9372 469 184.562 128.799 424.165 304.322 47.0922 207.242 119.843 126.593 47.86 16.83 31.0301 7.3788 80.9393 78.2666 119.214
internal_count=19940 10346 9594 5382 4212 9061 2519 1479 1417 1040 2795 2863 196 2667 1408 1285 6599 4707 480 2315 1892 2462 340 118 222 124 945 910 2338
is_linear=0
shrinkage=0.05


Tree=19
num_leaves=31
num_cat=0
split_feature=4 1 1 4 4 1 1 3 0 0 1 0 2 3 3 3 2 1 1 3 4 2 0 2 1 4 3 2 4 1
split_gain=202.973 33.6431 31.3208 22.7865 12.359 10.427 8.26076 7.48693 6.78838 6.5124 5.24875 5.12501 7.81954 5.46374 4.9402 4.63709 4.0157 4.33561 3.7939 3.73905 3.50518 3.19066 2.95092 5.84008 2.68118 2.63833 3.2741 2.63071 2.27248 0.492877
threshold=4.8062404541810393 0.0008818531839595024 0.0018762826431356629 9.5875212864267656 2.2140613604730088 -0.00017854903542435793 -0.00099830831021280298 1.8086329754440509 84.931954195854203 62.938042357525894 0.0019360843186112533 36.949755429802543 -0.0021880198525556223 0.96614700335731285 1.0053317168152984 0.99982245064023234 0.00095296903355790452 -0.0011657994260315661 0.0024285366217319253 1.0753028297440406 9.3674400984985926 -0.0044831166911681311 66.648154844241802 0.0030458813806388822 0.00034385409342507783 1.3480381809364734 0.34968958533531597 0.0017768127065467267 13.104669271575057 0.0010232433864094672
decision_type=2 2 2 2 2 2 2 2 2 2 2 2 2 2 2 2 2 2 2 2 2 2 2 2 2 2 2 2 2 2
left_child=1 4 3 6 16 7 20 -5 -8 -7 25 21 18 -14 15 -6 17 -1 -13 -16 -2 28 27 -24 -18 29 -27 -12 -4 -3
right_child=2 10 11 5 14 9 8 -9 -10 -11 22 12 13 -15 19 -17 24 -19 -20 -21 -22 -23 23 -25 -26 26 -28 -29 -30 -31
leaf_value=0.0076016906654456182 -0.015119116266453722 -0.020118428467944559 -0.00049467335707417215 0.0053240457424214363 -0.019276962724869839 0.029039712853505151 0.0017008520966350295 0.029356693502059307 0.043800937197555984 0.0066005665044098997 0.019886687598858407 0.09503578943623224 0.032939349664916656 0.018734248953261853 -0.051154568494902887 0.063396625082461411 -0.035043163466766114 -0.044744509656243048 0.044156816542130363 -0.027137579504947981 0.032746705209196487 0.032390526614163362 -0.049975666061849888 0.019782866586236826 -0.010979180152654651 0.014082751907478817 -0.0088927452966393108 0.063642575391050601 -0.052677003428980067 -0.055670271243472541
leaf_weight=4.0797220058739176 97.54768542945385 1.4710818454623211 4.6726482510566694 232.62366434186697 241.56862636655569 145.0512916892767 385.63884858042002 37.652575172483921 9.818819195032118 41.6104466766119 13.683794453740122 4.8800364583730724 109.75462658703327 176.63373636454344 19.825198233127594 1.7080938480794419 33.281894814223051 130.09109501540661 14.702951222658156 88.760491400957108 3.9808000400662413 3.6062304824590674 4.0971102192997924 11.207505747675894 17.74792842566967 19.84865989536047 70.87397238984704 4.5864664092659941 3.7694985568523407 2.8902682885527611
leaf_count=65 1170 21 28 1730 3694 800 3645 236 64 256 84 25 559 919 317 27 617 2594 73 1430 47 21 27 64 317 203 829 25 21 32
internal_value=-0.000287474 -0.022656 0.01142 0.00688972 -0.0281575 0.014949 -0.000520112 0.00867207 0.00274616 0.0240376 0.000308897 0.0250088 0.0262683 0.0241782 -0.0226546 -0.0186965 -0.0386122 -0.0431528 0.0568357 -0.0315225 -0.0132424 -0.00697767 0.017304 0.00110821 -0.0266738 -0.00569221 -0.00386607 0.0308709 -0.0237946 -0.0436786
internal_weight=1937.67 665.722 1271.94 953.924 537.063 456.938 496.986 270.276 395.458 186.662 128.659 318.02 305.971 286.388 351.862 243.277 185.201 134.171 19.583 108.586 101.528 12.0484 33.5749 15.3046 51.0298 95.084 90.7226 18.2703 8.44215 4.36135
internal_count=19940 10346 9594 7948 9061 3022 4926 1966 3709 1056 1285 1646 1576 1478 5468 3721 3593 2659 98 1747 1217 70 200 91 934 1085 1032 109 49 53
is_linear=0
shrinkage=0.05


Tree=20
num_leaves=29
num_cat=0
split_feature=4 1 4 1 4 1 4 1 3 1 2 3 0 0 0 2 4 3 2 2 1 1 2 2 4 3 4 2
split_gain=185.519 31.731 28.7036 20.727 12.2259 11.7873 9.94818 10.0097 7.77727 7.04231 6.3353 5.47219 7.36122 5.7264 5.33105 5.2347 6.49093 5.43415 5.05724 4.83693 4.81914 4.20757 3.04438 5.99516 2.64787 2.32363 2.76828 1.38373
threshold=4.8062404541810393 0.0008818531839595024 7.9720841088698959 -0.0002426671182929607 1.7907461842551071 0.00058407209751043531 13.529590482442769 -0.0031135142166399117 0.18571092961600949 -0.0013017119634429195 0.0018560422462670092 0.62698148687588173 45.464525170834158 49.412505700312146 36.736871276968863 -0.0016970048263073021 3.4559352789132132 0.99453700479140172 0.0025581391316085171 -0.001746860221591706 0.0016300155110415828 0.00065930535449942884 -0.0026188841669146363 -0.00080011749980046776 1.4523330347352019 1.3723809332037233 3.8570175521156544 0.00085600216844883292
decision_type=2 2 2 2 2 2 2 2 2 2 2 2 2 2 2 2 2 2 2 2 2 2 2 2 2 2 2 2
left_child=1 4 5 6 21 10 7 -4 -7 -8 19 12 -5 -13 -10 17 -17 -6 -12 -2 25 27 -22 -24 -23 26 -3 -1
right_child=2 20 3 11 15 8 9 -9 14 -11 18 13 -14 -15 -16 16 -18 -19 -20 -21 22 24 23 -25 -26 -27 -28 -29
leaf_value=-0.047530507277615347 -0.00019839032459908524 -0.012201691183400341 -0.032572512982031676 0.0028404999201554586 -0.0042599627618496406 0.1216888215595756 0.0090138308096807587 0.0027701577520605515 -0.029543070718299133 0.033272557702833765 0.033862178646076255 0.029393811636950241 0.053998998265851673 0.017439388835435027 0.010844213037251998 -0.031260973684740644 -0.017179881099038997 -0.047522404386592228 -0.0012379669009030913 -0.016195632605218412 0.051352213155183658 -0.029531681825723854 -0.057414227259576393 0.013832595464389126 0.03244455380591537 -0.054359719578615309 0.0080462334371219826 -0.035079452682420242
leaf_weight=79.49797835201025 73.938957907259464 52.64267585426569 23.208239369094372 9.438716031610964 54.315589666366577 1.5436065644025792 111.07256939262152 146.46268608421087 8.5628576502203924 40.945636913180351 14.998304530978201 142.63196497410536 27.572158612310886 336.54696357250214 178.44607765972614 209.19186124578118 134.43706563860178 8.3781748972833139 32.497299812734127 130.91617508977652 4.6156261414289466 4.2623842097818843 3.1836789548397055 40.685946442186832 2.8932002410292625 2.5345734022557727 24.848750405013561 31.021315578371286
leaf_count=1720 826 657 240 56 810 9 806 1239 72 234 156 811 140 1856 1336 3671 1979 139 324 1489 25 81 30 285 43 35 253 618
internal_value=-0.000283369 -0.0219777 0.0107863 0.0162203 -0.0274381 0.000459691 0.00625862 -0.00206415 0.00991752 0.0155478 -0.00660705 0.0224285 0.0409523 0.0209977 0.00899494 -0.023328 -0.0257521 -0.0100414 0.00984606 -0.0104217 0.000286799 -0.0416299 0.0127261 0.00866212 -0.00447298 -0.00724976 -0.0057089 -0.0440357
internal_weight=1931.29 652.509 1278.78 837.879 523.998 440.903 321.689 169.671 188.553 152.018 252.351 516.19 37.0109 479.179 187.009 406.323 343.629 62.6938 47.4956 204.855 128.511 117.675 48.4853 43.8696 7.15558 80.026 77.4914 110.519
internal_count=19940 10346 9594 5382 9061 4212 2519 1479 1417 1040 2795 2863 196 2667 1408 6599 5650 949 480 2315 1285 2462 340 315 124 945 910 2338
is_linear=0
shrinkage=0.05


Tree=21
num_leaves=31
num_cat=0
split_feature=4 1 4 1 3 4 3 2 4 4 0 1 0 0 1 2 0 3 2 4 4 2 1 0 2 2 0 1 4 2
split_gain=169.789 30.8846 28.2691 18.3618 12.348 11.6603 9.87723 8.272 7.5298 6.9914 8.82707 6.82113 6.47866 6.39908 6.04207 7.80066 5.92738 5.5921 5.59001 5.47272 5.37058 4.93767 4.57593 3.03312 3.73636 2.74646 1.95641 1.76753 4.55394 1.40671
threshold=4.6048481453837287 0.00080762545967738586 8.0537653704054417 -0.00052466562806890982 1.2622617618672598 1.7907461842551071 1.2409669778244143 0.0069101748454205589 10.688764058627656 6.7011317717251293 60.264500562345184 -0.00026636695358672741 78.338198214862658 83.484732660679882 0.0019360843186112533 -0.010999726731984514 44.613339881161707 1.2622617618672598 -0.0016970048263073021 3.0128944980873649 36.295067432203275 0.0069101748454205589 0.0042805585062242199 63.788780241003955 0.0028225065307374568 0.0033223546368336136 51.896455480630159 0.00065930535449942884 1.4523330347352019 0.00085600216844883292
decision_type=2 2 2 2 2 2 2 2 2 2 2 2 2 2 2 2 2 2 2 2 2 2 2 2 2 2 2 2 2 2
left_child=1 5 4 8 6 27 7 -2 17 13 -11 -8 18 -6 15 -3 -10 -4 -7 -14 22 -22 -5 26 -25 -17 -16 29 -29 -1
right_child=2 14 3 20 9 12 11 -9 16 10 -12 -13 19 -15 23 25 -18 -19 -20 -21 21 -23 -24 24 -26 -27 -28 28 -30 -31
leaf_value=-0.047190550145042309 0.0014978987027341201 0.16323076641562709 0.0017023422951254229 0.018070835222772075 -0.025683490075800772 -0.01075937986653016 -0.0057941287953597147 0.029363217074605315 0.0036917144293026408 -0.014510668813760919 0.02961729699434032 0.1075628866041894 0.029548867042912721 0.064717433981223774 0.013989712877667738 -0.011369654163889974 0.021158032022195149 -0.02708702034011223 -0.028038868176611133 -0.024656351696256178 0.078307999713668863 0.02324170837314864 0.031907154181047455 -0.032397273571054847 0.019774335253382444 0.01152476261493293 0.050569924118052605 -0.052704108298513019 0.044420143920392091 -0.034416937377160679
leaf_weight=76.151933200657368 324.30136103928089 0.67183151841163535 46.296231471002102 464.26234170049429 71.854094572365284 55.741638224571943 2.0122582018375397 29.016102872788906 138.05592627823353 32.157126478850842 17.499699242413044 3.8974825143814078 10.233128245919945 2.0123672336339942 6.3766274601221111 82.344307780265808 74.940643079578876 26.535348765552044 291.93641770258546 8.5447309948503953 7.6328541487455395 8.7234495729207975 68.582895845174789 4.9644081890583065 11.116155251860617 15.577590402215717 8.5643531903624517 2.9638835825026026 2.0359422191977501 30.062097042798996
leaf_count=1720 3126 5 472 2669 835 861 23 180 1010 324 143 35 168 16 40 1021 521 255 4987 129 36 40 301 32 62 171 48 61 31 618
internal_value=-0.000279463 -0.0221534 0.00980091 0.0153691 0.000169416 -0.0280271 0.0048586 0.00378633 0.00509155 -0.0134676 0.00104059 0.068965 -0.0237235 -0.0232207 -0.000507251 -0.00656264 0.00983706 -0.00878673 -0.0252685 0.00488317 0.020718 0.048939 0.0198517 0.0187382 0.00366786 -0.00772757 0.0349579 -0.0422076 -0.0131549 -0.0435752
internal_weight=1925.07 607.285 1317.78 835.03 482.75 477.67 359.227 353.317 285.828 123.523 49.6568 5.90974 366.456 73.8665 129.615 98.5937 212.997 72.8316 347.678 18.7779 549.202 16.3563 532.845 31.0215 16.0806 97.9219 14.941 111.214 4.99983 106.214
internal_count=19940 9954 9986 5304 4682 8575 3364 3306 2258 1318 467 58 6145 851 1379 1197 1531 727 5848 297 3046 76 2970 182 94 1192 88 2430 92 2338
is_linear=0
shrinkage=0.05


Tree=22
num_leaves=31
num_cat=0
split_feature=4 1 4 1 4 3 3 4 1 4 4 2 0 3 1 0 1 2 4 3 3 4 2 0 2 2 2 1 4 2
split_gain=155.331 29.1423 25.2205 16.3345 11.5109 10.7196 9.9921 8.43566 9.22399 6.7228 6.67473 6.62914 6.07792 6.07672 6.0359 5.72082 5.42111 5.34581 5.05807 4.80063 7.70319 4.46356 3.17089 2.72809 4.97173 2.67829 2.44993 1.74341 4.19863 1.42901
threshold=4.6048481453837287 0.00080762545967738586 7.9720841088698959 -0.0002426671182929607 1.7907461842551071 1.2622617618672598 1.2409669778244143 13.529590482442769 -0.0031135142166399117 6.7011317717251293 6.8292643686977321 0.0069101748454205589 78.338198214862658 1.5536538054549938 -0.00026636695358672741 83.484732660679882 0.0019360843186112533 -0.0016970048263073021 2.0618649347840248 0.59877024135985202 0.43653637874346146 36.295067432203275 -0.0091980969921011662 66.856048244747043 0.0032492742505777499 0.0017768127065467267 0.0033223546368336136 0.00065930535449942884 1.4523330347352019 0.00085600216844883292
decision_type=2 2 2 2 2 2 2 2 2 2 2 2 2 2 2 2 2 2 2 2 2 2 2 2 2 2 2 2 2 2
left_child=1 4 5 7 27 6 11 8 -4 15 -11 -2 17 -9 -8 -7 22 -6 -14 20 -5 -21 -3 25 -25 -18 -24 29 -29 -1
right_child=2 16 3 19 12 9 14 13 -10 10 -12 -13 18 -15 -16 -17 23 -19 -20 21 -22 -23 26 24 -26 -27 -28 28 -30 -31
leaf_value=-0.046847782080991072 0.001205150430860496 0.079129250059052733 -0.031813118911038968 -0.00097853012360179809 -0.010318831676268042 -0.024920398469973341 -0.003695220292477422 0.0050646935301508324 0.0024603483842439563 0.057742849446865786 -0.0045573222326337039 0.026248163925078217 0.064743685295192324 0.025009126783697544 0.10406091651636021 0.058783672430117832 0.019226434495296266 -0.027315912655242244 -0.0065439116927107389 0.01775617873650738 0.053942557052642927 0.044265442487402218 -0.01071709359260122 -0.048476455216464071 0.01923653343036362 0.063964493589057272 0.010846780484761608 -0.05256530626538955 0.040584752101896958 -0.033750433063956857
leaf_weight=72.9546864554286 319.35834506899118 1.0749221816658963 22.656438745558262 8.8428382501006144 55.228765688836575 70.389465026557446 1.930242136120796 84.886453218758106 147.00996957719326 4.7945325523614875 41.621048845350742 28.809404887259007 2.9493823572993305 69.42786068469286 3.9774251505732527 2.1022587791085234 13.071559213101869 284.86196622624993 15.915408577769993 478.38749615848064 22.966616868972778 16.424293756484985 81.254455510526896 3.7147395312786093 10.030930936336516 4.4960210323333731 15.719932094216345 2.8265897482633582 2.1147818863391876 29.146424856036901
leaf_count=1720 3083 8 240 48 861 835 22 600 1239 46 391 177 44 440 34 16 78 4987 253 2625 115 75 1018 25 56 23 171 61 31 618
internal_value=-0.00027558 -0.0214862 0.00926515 0.0144119 -0.0273147 9.39798e-06 0.00437147 0.00557804 -0.00211637 -0.0129797 0.00187802 0.00327735 -0.0230233 0.0140379 0.0688532 -0.022493 -0.000490521 -0.0245557 0.00460142 0.0198465 0.0386748 0.0186361 -0.00627483 0.0176216 0.000937236 0.0306761 -0.0072215 -0.0417051 -0.0126994 -0.0431089
internal_weight=1918.95 595.361 1323.58 850.602 465.998 472.983 354.075 323.981 169.666 118.907 46.4156 348.168 358.956 154.314 5.90767 72.4917 129.363 340.091 18.8648 526.621 31.8095 494.812 98.0493 31.3133 13.7457 17.5676 96.9744 107.042 4.94137 102.101
internal_count=19940 9954 9986 5382 8575 4604 3316 2519 1479 1288 437 3260 6145 1040 56 851 1379 5848 297 2863 163 2700 1197 182 81 101 1189 2430 92 2338
is_linear=0
shrinkage=0.05


Tree=23
num_leaves=31
num_cat=0
split_feature=4 1 4 1 4 3 3 4 2 4 0 3 0 4 2 1 2 1 4 4 1 4 2 0 4 4 2 0 0 1
split_gain=142.084 27.4697 22.5113 14.821 11.3465 10.2622 7.1263 6.67177 6.55368 6.2844 6.72494 5.91315 5.69615 5.60057 5.10485 4.86691 4.79311 4.7409 6.35451 4.67945 4.37368 3.86363 2.73697 2.44323 3.60789 2.28622 1.74929 3.55888 1.5774 1.51329
threshold=4.6048481453837287 0.00080762545967738586 8.0537653704054417 -0.0009712136349491195 1.7907461842551071 1.2622617618672598 1.2409669778244143 5.0548344791734063 0.0069101748454205589 10.313492632118455 19.05939198672846 1.5536538054549938 78.338198214862658 8.4009948412042768 -0.0016970048263073021 0.0019360843186112533 0.0021145211680473346 0.0042805585062242199 30.46459279869983 3.0128944980873649 -0.00026636695358672741 12.513466666199223 -0.0091980969921011662 63.788780241003955 3.8202705999524702 3.7866635355228158 0.00085600216844883292 54.699872526268372 51.896455480630159 -0.0011657994260315661
decision_type=2 2 2 2 2 2 2 2 2 2 2 2 2 2 2 2 2 2 2 2 2 2 2 2 2 2 2 2 2 2
left_child=1 4 5 9 26 6 8 16 -2 13 -11 -9 14 -4 -6 22 -7 18 -5 -14 -8 -19 -3 28 -25 -24 29 -28 -17 -1
right_child=2 15 3 17 12 7 20 11 -10 10 -12 -13 19 -15 -16 23 -18 21 -20 -21 -22 -23 25 24 -26 -27 27 -29 -30 -31
leaf_value=-0.0021006319173860642 0.0013494154907814457 0.07131491080849392 0.028623902904063026 0.015281295573283019 -0.0098926220478105561 -0.053996559030619395 -0.0053163126244390214 -0.017640525149146744 0.025834432534276489 -0.021663896075168283 0.010040001690138769 0.0064843202436604035 0.026331431697442648 -0.021405046670188541 -0.026596719334113908 0.01208761991136635 0.038230282699409951 0.049430077813276359 0.055329372817518596 -0.023743491319183446 0.083642267561758604 0.023160755778001415 -0.011932483961443297 -0.015332702586971734 0.033457588379270063 0.0048865854729560881 0.014724560357542875 -0.037510133297335074 0.044479205328455396 -0.0465965743661148
leaf_weight=1.9637965075671662 324.97591855376959 1.1315063908696164 6.565289892256259 523.91280943155289 54.740553602576256 13.093869920819996 1.9952754750847814 64.26222650706768 29.838300243020058 18.556980259716511 169.56217315047979 42.000612780451775 10.622678197920324 37.816044919192791 278.11053078994155 6.4957312345504787 1.578624378889798 18.059998452663422 10.095972657203673 8.3192697875201684 4.4930560737848273 62.218288198113441 67.576576460152864 10.082779556512834 6.0701147764921179 28.822476580739021 3.717657562345269 26.540218863636255 8.9195023179054242 70.835447479039431
leaf_count=37 3126 8 78 3013 861 199 23 669 180 148 1251 433 168 418 4987 40 17 74 47 129 35 275 874 58 36 315 82 574 48 1737
internal_value=-0.00027128 -0.0208286 0.00876123 0.013672 -0.0266061 0.000138186 0.00435808 -0.012469 0.0034085 0.00291981 0.00691258 -0.00810513 -0.0223318 -0.0140043 -0.0238496 -0.000473081 -0.0440738 0.0177415 0.0160384 0.00433861 0.0562859 0.0290705 -0.00599627 0.016591 0.00300226 -0.00690373 -0.0411966 -0.0310923 0.0308299 -0.0453963
internal_weight=1912.97 583.949 1329.03 846.788 454.85 482.238 361.303 120.935 354.814 232.5 188.119 106.263 351.793 44.3813 332.851 129.099 14.6725 614.287 534.009 18.9419 6.48833 80.2783 97.5306 31.5681 16.1529 96.3991 103.057 30.2579 15.4152 72.7992
internal_count=19940 9954 9986 5304 8575 4682 3364 1318 3306 1895 1399 1102 6145 496 5848 1379 216 3409 3060 297 58 349 1197 182 94 1189 2430 656 88 1774
is_linear=0
shrinkage=0.05


Tree=24
num_leaves=29
num_cat=0
split_feature=4 4 1 1 1 4 4 1 3 2 3 4 3 1 3 1 3 4 1 3 0 4 2 2 2 0 0 0
split_gain=130.251 24.3732 22.7132 14.7674 10.2837 8.24228 7.95341 8.309 6.35737 6.3122 6.11464 5.86794 5.43887 5.20048 4.8517 4.31393 5.2401 4.96614 4.03437 3.82565 3.52303 4.86104 4.82399 3.40285 3.30233 7.84026 4.79922 0.343368
threshold=4.2171041714316209 7.3596405398312816 0.0011710027634329603 -0.00031517220197763146 0.0017734231999086971 2.2140613604730088 13.529590482442769 -0.0031135142166399117 1.2622617618672598 0.0016988883316607641 0.74552203613688373 7.0304448466795106 0.92384338088484652 -0.0013017119634429195 1.5536538054549938 0.0046023778485585485 0.38822397441877937 10.688764058627656 -0.0011657994260315661 0.66011127353307619 55.673407534379379 3.8202705999524702 -0.00075262366522088609 0.0030458813806388822 -0.0026188841669146363 47.276144258694224 69.127972893207485 44.830313502436205
decision_type=2 2 2 2 2 2 2 2 2 2 2 2 2 2 2 2 2 2 2 2 2 2 2 2 2 2 2 2
left_child=2 4 5 6 8 9 7 -3 11 18 -11 -2 19 -8 -10 16 -5 -17 -1 -6 22 -22 -7 -14 -4 27 -27 -26
right_child=1 3 24 15 12 20 13 -9 14 10 -12 -13 23 -15 -16 17 -18 -19 -20 -21 21 -23 -24 -25 25 26 -28 -29
leaf_value=0.011491687656073789 0.00067603216588080618 -0.030575766993748085 0.044416549514692164 -0.024392693539237731 0.013378931078975073 -0.016785590710218404 0.0068918722235600197 0.0010734460198072379 -0.02473235823248035 -0.01809162635203217 0.089418242531240588 -0.028227960018231343 -0.024229992384981455 0.027717504156133152 -0.0021545060403186833 0.072594331049926242 0.016163258141371643 0.024771527274780047 -0.040352884570037932 0.040972647869203314 -0.019070843195637364 0.0063825854270656585 -0.034250410895206376 0.031036743006087098 -0.056220475448494713 0.022411818332555664 -0.0073757754226592342 -0.030872687449655642
leaf_weight=3.8587158173322669 271.73188559710979 23.77557810395956 5.0478979200124732 8.0886764004826528 35.145322300493717 78.97584817931056 113.81494434922934 162.3075650408864 60.337579313665628 25.697592396289114 1.3943166024982918 18.772514119744301 11.370820447802542 40.695449024438858 39.28674229606986 5.9659885764122 519.73196350038052 60.269576728343964 136.18762429058552 19.547264434397221 98.021649118512869 23.196506809443235 79.177744157612324 3.6887134462594977 4.7495743930339804 29.131819374859333 25.235308200120926 1.858960337936878
leaf_count=68 2968 262 34 46 192 1321 806 1423 738 493 21 176 90 224 468 24 2960 261 3139 114 1743 351 1424 24 51 264 237 18
internal_value=-0.00026628 0.00765556 -0.0218205 0.0122923 -0.00176799 -0.0258679 0.00399199 -0.00297033 -0.00492951 -0.0346507 -0.0125585 -0.00119176 0.0159147 0.012377 -0.0158288 0.0170511 0.0155418 0.029079 -0.0389244 0.023241 -0.0206135 -0.0142 -0.0255291 -0.0106928 0.005552 0.00233458 0.00858547 -0.0490902
internal_weight=1907.06 1394.53 512.534 934.65 459.881 446.51 340.594 186.083 390.129 167.138 27.0919 290.504 69.7521 154.51 99.6243 594.056 527.821 66.2356 140.046 54.6926 279.372 121.218 158.154 15.0595 66.0236 60.9757 54.3671 6.60853
internal_count=19940 10776 9164 6006 4770 8560 2715 1685 4350 3721 514 3144 420 1030 1206 3291 3006 285 3207 306 4839 2094 2745 114 604 570 501 69
is_linear=0
shrinkage=0.05


Tree=25
num_leaves=28
num_cat=0
split_feature=4 4 1 1 3 4 4 1 2 3 2 3 0 4 3 2 2 4 4 3 4 3 4 0 0 0 2
split_gain=119.342 21.8692 21.2738 13.9107 8.35328 8.03963 7.71055 6.53138 6.17048 6.07551 5.78115 5.24049 4.99807 4.74403 4.69188 4.06569 3.9068 3.61409 4.67012 3.37006 7.02466 6.09063 3.15377 2.9711 4.45533 4.70032 1.6896
threshold=4.2171041714316209 7.2593531400031539 0.0011710027634329603 -0.00031517220197763146 1.255852180594675 2.2140613604730088 10.411254825505496 -0.0012288181263157003 0.0016988883316607641 1.48725370150338 -0.0072374055712315912 0.74552203613688373 68.793005524515493 7.0304448466795106 0.31814406918795962 -0.010007341424341952 -0.00093038560622510358 5.0548344791734063 5.4011815485277861 0.7053693643933755 3.6586933941798749 0.34385263655334114 4.681435434715449 30.40782065184764 47.276144258694224 69.127972893207485 -0.0022481464382119727
decision_type=2 2 2 2 2 2 2 2 2 2 2 2 2 2 2 2 2 2 2 2 2 2 2 2 2 2 2
left_child=2 4 5 6 7 8 9 14 10 -3 -1 -10 -8 -9 -2 -5 -17 22 -19 21 -21 -7 -6 -4 26 -26 -25
right_child=1 3 23 15 17 19 12 13 11 -11 -12 -13 -14 -15 -16 16 -18 18 -20 20 -22 -23 -24 24 25 -27 -28
leaf_value=0.11928386193275844 0.06569287071788496 -0.001645604173455305 0.054780242830596196 -0.025151195181569847 -0.013795862647293544 -0.033644061556101959 0.0095275742268819009 0.0059061725250824223 -0.017471510278468241 -0.031403141415200959 -0.039022672863650715 0.078602487933312135 -0.040942412407333102 -0.02186091731900304 -0.020016615485068202 0.023909406346680342 0.014317861451317044 0.019491762019635109 -0.014320198023944151 -0.032558034999875717 -0.0091945607496045287 -0.007848845722180562 -0.049918624467882637 0.0033628136767001764 0.0213826840337864 -0.0078283020298186602 -0.047323331969134977
leaf_weight=0.57919036224484344 1.6626306027173985 82.990375854074955 2.8950780928134909 5.9088300988078108 12.513518486171963 29.992185052484274 234.72595912218094 288.53004052117467 25.28977428749204 21.621283888816833 134.60707956552505 1.503784880042075 5.010119415819644 16.248785927891731 40.27948784083128 137.95336036384106 460.73900738358498 12.057297982275484 66.742270447313786 100.50481483340263 47.320983447134495 96.549209579825401 11.684418503195046 2.340993344783783 30.008563838899136 25.451174721121788 5.5235509872436515
leaf_count=11 22 862 18 33 205 491 1635 2788 493 216 3196 21 36 127 514 777 2525 153 705 1930 775 1643 178 20 267 239 60
internal_value=-0.000261153 0.00724795 -0.0211594 0.011552 -0.00183402 -0.0251669 0.00353043 0.00188007 -0.0339998 -0.00779593 -0.0383444 -0.0120794 0.00847283 0.00442582 -0.016619 0.0161207 0.016528 -0.0143367 -0.00914655 -0.0199521 -0.0250791 -0.0139627 -0.0312384 0.00524766 0.00298312 0.00797739 -0.0322359
internal_weight=1901.23 1398.67 502.566 948.949 449.718 436.347 344.348 346.721 161.98 104.612 135.186 26.7936 239.736 304.779 41.9421 604.601 598.692 102.998 78.7996 274.367 147.826 126.541 24.1979 66.2194 63.3243 55.4597 7.86454
internal_count=19940 10776 9164 6084 4692 8560 2749 3451 3721 1078 3207 514 1671 2915 536 3335 3302 1241 858 4839 2705 2134 383 604 586 506 80
is_linear=0
shrinkage=0.05


Tree=26
num_leaves=31
num_cat=0
split_feature=4 1 1 4 4 0 0 3 3 4 0 2 4 1 3 0 1 3 4 2 4 4 0 2 2 3 2 1 4 2
split_gain=109.39 23.5686 17.1282 10.8905 10.8852 7.94297 7.29526 6.61098 7.3512 5.84456 5.29994 4.84003 4.36668 3.73674 3.32697 6.86026 7.73836 6.23312 5.07455 4.0188 3.91388 2.64289 2.15724 2.46553 1.97441 7.16593 3.33849 1.91286 4.33772 1.50976
threshold=4.6048481453837287 0.00080762545967738586 0.0022650714924402631 1.7907461842551071 8.0537653704054417 16.942945068981 63.577668664215317 1.2622617618672598 1.2409669778244143 5.0548344791734063 78.338198214862658 -0.0016970048263073021 3.0128944980873649 0.0019360843186112533 1.7355888825418762 76.920576890727958 0.0035593878318006538 1.4417317027148833 16.58562477985663 0.0076924297499956227 12.326665668650437 9.9230734072329607 25.161448773610193 -0.0021435509768166212 -5.907285550693641e-05 0.3571346802277961 0.0017333400560446412 0.00065930535449942884 1.4523330347352019 0.00085600216844883292
decision_type=2 2 2 2 2 2 2 2 2 2 2 2 2 2 2 2 2 2 2 2 2 2 2 2 2 2 2 2 2 2
left_child=1 3 4 27 7 21 -7 8 -2 -9 11 -5 -12 22 17 16 -16 18 -4 -17 -19 -6 -3 -24 25 -15 -26 29 -29 -1
right_child=2 13 14 10 5 6 -8 9 -10 -11 12 -13 -14 24 15 19 -18 20 -20 -21 -22 -23 23 -25 26 -27 -28 28 -30 -31
leaf_value=-0.045566411221280918 0.0011391428779280717 0.04858100184765092 0.024603913011146616 -0.0081038348658777591 -0.055653210788882239 0.012229457961153429 -0.0023724015239796285 -0.042778605537468671 0.056589384914191576 -0.007690908334613205 0.026641969309963199 -0.024706254024821347 -0.022335194712083131 -0.011822672522257259 0.052401687045665848 0.10015840556920703 -0.014869760172114131 -0.027878995148725813 0.0043946908116422991 0.035018957876554152 0.0078058395694131713 -0.012158309837141985 -0.038251060219167417 -0.0040817563741394917 -0.019443286929449827 0.088109400102752644 0.020222568437738675 -0.05219413415466178 0.047384791261156987 -0.031245032083812015
leaf_weight=62.441605493426323 309.87960598617792 1.8373788371682156 160.36023136973381 52.754716422408819 4.3523461669683483 514.59972927719355 102.59246750175953 13.433520324528216 6.0946684256196013 101.84664933755994 10.579425275325777 261.4781628549099 7.9865753501653662 3.6159574761986724 8.0242391675710731 5.0321916788816434 9.1490916609764081 9.7066686004400236 38.525206238031387 4.4720949083566666 36.872309133410454 17.679431185126305 5.6148644275963298 88.341527469456196 7.6720139533281353 3.5601466745138168 17.190912194550037 2.4450822286307803 1.9785922579467294 26.092506915330887
leaf_count=1720 3062 16 767 861 51 3428 655 216 55 1086 168 4987 129 21 38 22 42 50 183 20 173 138 62 1119 45 21 95 61 31 618
internal_value=-0.000256057 -0.0189585 0.00745535 -0.0246116 0.00460788 0.00874922 0.00980227 -0.00153058 0.00220869 -0.0117797 -0.0203852 -0.021919 0.00557336 -0.000130593 0.0186559 0.0354253 0.0165628 0.0168334 0.0206893 0.069508 0.000369419 -0.0207507 -0.00507446 -0.00612373 0.0146511 0.0377548 0.00798278 -0.0397424 -0.00765512 -0.0413457
internal_weight=1896.21 553.589 1342.62 425.757 1070.48 639.224 617.192 431.254 315.974 115.28 332.799 314.233 18.566 127.833 272.142 26.6776 17.1733 245.464 198.885 9.50429 46.579 22.0318 95.7938 93.9564 32.039 7.1761 24.8629 92.9578 4.42367 88.5341
internal_count=19940 9954 9986 8575 8691 4272 4083 4419 3117 1302 6145 5848 297 1379 1295 122 80 1173 950 42 223 189 1197 1181 182 42 140 2430 92 2338
is_linear=0
shrinkage=0.05


Tree=27
num_leaves=28
num_cat=0
split_feature=4 1 1 4 0 1 4 3 4 3 4 2 1 2 3 2 0 4 4 3 2 0 3 3 1 1 1
split_gain=100.524 19.9744 19.3652 15.6426 8.2769 8.0979 7.94871 6.63581 6.56187 6.29002 6.19365 4.54123 4.39011 3.99751 3.26797 3.21157 5.69374 4.03679 2.9892 4.95186 6.28478 5.60336 4.01337 6.98923 1.49196 1.04756 0.00214784
threshold=4.0518856121374736 0.0022650714924402631 0.0011710027634329603 6.0327696162321391 16.942945068981 -0.0015055102654840666 30.46459279869983 0.24698287222071422 1.6482901279637927 0.7053693643933755 3.6249226033127298 0.0017333400560446412 0.00070275890815141306 -0.0016542166552384605 0.80524386561159944 -0.0026188841669146363 45.093379246583339 1.3480381809364734 16.164903664735903 1.7355888825418762 -0.0040368184392203235 76.920576890727958 1.6794839325297046 1.4417317027148833 -0.0020755861487141698 0.00065930535449942884 0.0016300155110415828
decision_type=2 2 2 2 2 2 2 2 2 2 2 2 2 2 2 2 2 2 2 2 2 2 2 2 2 2 2
left_child=2 3 8 5 14 24 -6 -7 11 13 -11 25 -13 -10 -5 -4 26 -18 22 20 -20 -21 23 -3 -2 -1 -17
right_child=1 18 15 4 6 7 -8 -9 9 10 -12 12 -14 -15 -16 16 17 -19 19 21 -22 -23 -24 -25 -26 -27 -28
leaf_value=-0.044604392784640526 -0.022475119390143568 0.023886242908745754 0.044032122985570028 -0.057488200706655418 0.0066436407915580285 0.053034027387170016 0.033130914497922367 -0.0055123588301557308 0.00062232934842741249 -0.034163330282644795 -0.01014667245402133 -0.024067883434909287 0.051051522977595659 -0.018652367021812406 -0.0124019800321636 -0.054634979256012385 -0.058568582829554496 0.0094208185532275446 0.052456147368991429 0.010983884325102786 -0.001263903877087311 0.060682447525340202 0.065661976175992051 -0.0077603983923390284 -0.049609304205187783 -0.023956037361490979 -0.056966949644384618
leaf_weight=61.571249727159739 9.3863122425973433 166.11911192536354 4.9635102301836005 4.9376139268279102 810.15316163748503 4.9306475743651381 29.350643217563629 262.89192385226488 34.167920645326376 118.36459267884493 34.719139914959669 10.609557919204233 2.3815501369535914 126.4655073620379 21.605757787823677 2.0674367845058437 2.2828701734542838 50.004223641008139 5.9890349656343451 14.68377895653248 59.879606157541275 9.2407264411449415 5.0676290392875663 19.494109839200974 11.006288416683672 6.8232350423932067 1.8901307545602319
leaf_count=1746 127 792 31 50 5963 48 151 3147 578 2450 600 249 38 2421 197 27 23 459 29 68 282 40 24 95 158 128 19
internal_value=-0.000250455 0.00625082 -0.0206918 0.00334269 0.00670053 -0.00674716 0.00756969 -0.00443451 -0.024746 -0.021464 -0.0287164 -0.037397 -0.0102969 -0.0145525 -0.0207889 0.00547804 0.0020757 0.00645238 0.018219 0.010697 0.00362053 0.0301797 0.0217611 0.0205625 -0.03712 -0.0425445 -0.0557487
internal_weight=1891.05 1434.74 456.311 1154.26 866.047 288.215 839.504 267.823 395.103 313.717 153.084 81.3856 12.9911 160.633 26.5434 61.2082 56.2447 52.2871 280.474 89.7931 65.8686 23.9245 190.681 185.613 20.3926 68.3945 3.95757
internal_count=19940 11171 8769 9841 6361 3480 6114 3195 8210 6049 3050 2161 287 2999 247 559 528 482 1330 419 311 108 911 887 285 1874 46
is_linear=0
shrinkage=0.05


Tree=28
num_leaves=28
num_cat=0
split_feature=4 1 1 4 0 0 0 4 4 3 4 0 2 3 1 0 4 0 0 4 3 0 1 4 4 4 1
split_gain=92.1226 18.11 17.8596 14.1055 7.98192 7.46268 18.187 6.87256 6.42746 6.02792 6.00777 5.1051 4.45887 4.00005 3.90657 3.21522 5.28821 3.464 5.54176 5.17284 2.78233 2.65594 2.7442 3.21299 2.83835 2.03558 1.26639
threshold=4.0518856121374736 0.0011710027634329603 0.0022650714924402631 6.254504105166955 16.942945068981 40.788297319073159 44.044956555055968 30.46459279869983 1.6482901279637927 0.7053693643933755 3.4559352789132132 11.327791048878732 0.0017333400560446412 0.64119598064342942 0.00070275890815141306 69.127972893207485 3.8202705999524702 65.330846389481209 63.788780241003955 3.2698071673553737 0.80524386561159944 91.980087135581584 0.0042805585062242199 16.164903664735903 16.58562477985663 3.2408697096579426 -0.0015055102654840666
decision_type=2 2 2 2 2 2 2 2 2 2 2 2 2 2 2 2 2 2 2 2 2 2 2 2 2 2 2
left_child=1 8 3 5 20 11 -7 -6 12 13 -11 -2 26 -10 -14 17 25 18 -3 -19 -5 22 23 -4 -24 -17 -1
right_child=2 15 21 4 7 6 -8 -9 9 10 -12 -13 14 -15 -16 16 -18 19 -20 -21 -22 -23 24 -25 -26 -27 -28
leaf_value=0.03005808173897731 0.055034141446939334 0.014772108856952987 0.01788412834326716 -0.057232737522202794 0.0065303306141234795 0.043320933471788052 -0.0056262277276365458 0.030998244081500211 -0.01721002024585918 -0.034704293521672439 -0.012970957890015473 -0.020966736657743425 -0.023385000998259152 0.0056972212812244731 0.046381106325429924 -0.0076905428507665881 0.059868371626051291 0.010380330484358963 -0.059404989545501545 0.11550453475040166 -0.013469234087713656 -0.015686976819931159 0.03481873494718115 0.0018664230287112748 0.016796708078134406 -0.042270793788121958 -0.042750295129321575
leaf_weight=0.60276060551404853 2.272901438176631 29.76413856819272 148.73954581469297 4.3902428373694447 783.72652050852776 20.817330878227949 214.76938770338893 29.789703339338303 136.42681312561035 103.25421922281384 45.948160823434591 79.292321316897869 10.379349175840614 22.151531275361776 2.487400207668542 15.712004557251936 2.4925712198019019 2.8265021592378607 2.75065042823553 1.9969887286424635 21.023411896079779 6.0087956935167304 41.00644762814045 39.65420401096344 46.760189592838287 5.8365964628756037 65.15323406457901
leaf_count=12 28 265 732 46 5675 264 2458 151 2572 2231 819 1027 249 427 38 153 21 25 24 18 192 28 167 198 205 53 1862
internal_value=-0.00024473 -0.0200491 0.00592115 0.00316851 0.0065643 -0.00581403 -0.00130107 0.00742631 -0.0240568 -0.0207975 -0.0280113 -0.0188489 -0.0368157 -0.0140101 -0.00989782 0.00518012 -0.00908131 0.0143627 0.00849696 0.0539031 -0.0210294 0.017199 0.0179146 0.0145126 0.025217 -0.0170569 -0.0420829
internal_weight=1886.03 447.783 1438.25 1156.08 838.93 317.152 235.587 813.516 386.403 307.781 149.202 81.5652 78.6227 158.578 12.8667 61.3795 24.0412 37.3383 32.5148 4.82349 25.4137 282.169 276.16 188.394 87.7666 21.5486 65.756
internal_count=19940 8769 11171 9841 6064 3777 2722 5826 8210 6049 3050 1055 2161 2999 287 559 227 332 289 43 238 1330 1302 930 372 206 1874
is_linear=0
shrinkage=0.05


Tree=29
num_leaves=31
num_cat=0
split_feature=4 1 4 1 1 4 2 3 4 3 0 0 3 4 4 2 1 2 1 1 0 3 0 4 0 0 4 2 1 0
split_gain=84.3986 16.9177 16.3624 9.86171 8.17065 6.28473 5.92579 5.8082 7.62244 5.40734 8.2611 5.55731 5.13006 4.73469 7.77205 4.39354 5.93995 4.12968 6.4165 5.52275 3.64371 3.36779 2.88027 4.66395 2.95237 5.14039 4.11099 2.06274 1.30186 1.00476
threshold=4.0518856121374736 0.0011710027634329603 7.9720841088698959 -0.0009712136349491195 0.00076567360544088647 1.6482901279637927 -0.0041731085159242278 0.77476462332455609 3.6249226033127298 0.5574775101395214 45.464525170834158 49.412505700312146 0.31044929567274265 9.3674400984985926 8.4009948412042768 0.00095296903355790452 0.00084269804474668153 -0.0027588500398569855 -0.0015055102654840666 -0.001021519144252969 77.869255751271183 1.1095363567226688 69.127972893207485 3.8202705999524702 65.330846389481209 63.788780241003955 3.2698071673553737 0.0020362651179448581 -0.00043511920878191995 28.136180086080767
decision_type=2 2 2 2 2 2 2 2 2 2 2 2 2 2 2 2 2 2 2 2 2 2 2 2 2 2 2 2 2 2
left_child=1 5 4 13 17 15 29 20 -9 10 -5 -11 -8 14 -4 28 -17 18 -2 -19 -7 -15 24 27 25 -3 -26 -24 -1 -6
right_child=2 22 3 9 6 7 12 8 -10 11 -12 -13 -14 21 -16 16 -18 19 -20 -21 -22 -23 23 -25 26 -27 -28 -29 -30 -31
leaf_value=-0.024770996574515761 -0.015496989529921868 0.013893046150968738 0.021251607050489923 -0.0075670032156839317 -0.01495672176299423 -0.01629150940073552 0.048886664492025639 -0.035296125889788137 -0.0068560943885051448 0.018589860695945388 0.050678453149550023 0.0085947949123484253 0.0066537862843702601 0.014006029598445879 -0.036398588914416545 -0.02770560968550799 0.048556246762047617 -0.023396654145150561 0.019915997599480945 -0.0050896777703695849 0.011111664196602339 -0.00015538606853877834 -0.045595065998991692 0.054615419962616041 0.0097907151514185081 -0.058892763231373407 0.10128557031351577 -0.0081102484448644322 -0.047412765881414271 -0.051837110123456334
leaf_weight=7.3849078677594653 20.368775028735399 30.057263642549515 8.4920157641172427 8.5488454177975672 3.1337905526161185 162.14709601551294 7.459690533578395 95.607546575367451 31.264143880456686 212.98659145832062 21.145878978073597 400.72212065011263 199.28983486816287 57.704062208533287 18.764045186340809 20.441654372960333 2.9177962802350512 49.73019977658987 34.383524909615517 240.07998860999942 13.111488886177538 154.09684117138386 4.7135057151317659 2.592950001358985 2.8463577404618254 2.6386796310544005 2.1588825285434723 16.578753277659416 45.245196782052517 4.4966660514473915
leaf_count=221 259 265 99 51 22 3169 46 2114 556 1194 103 2118 1504 481 228 523 42 670 386 2869 210 1108 54 21 25 24 18 152 1375 33
internal_value=-0.000239253 -0.0194145 0.00561025 0.00984997 -0.00108343 -0.0233726 0.00658059 -0.0201398 -0.0282878 0.0130718 0.0339101 0.0120636 0.00817758 0.00117857 -0.0184368 -0.0362261 -0.0181798 -0.00585183 0.00674177 -0.00823108 -0.0142414 0.00370282 0.00488686 -0.00869808 0.0134935 0.00801897 0.0492547 -0.0164083 -0.0442357 -0.0366905
internal_weight=1881.11 439.706 1441.4 882.46 558.942 378.12 214.38 302.13 126.872 643.403 29.6947 613.709 206.75 239.057 27.2561 75.9896 23.3595 344.562 54.7523 289.81 175.259 211.801 61.5864 23.8852 37.7012 32.6959 5.00524 21.2923 52.6301 7.63046
internal_count=19940 8769 11171 5382 5789 8210 1605 6049 2670 3466 154 3312 1550 1916 327 2161 565 4184 645 3539 3379 1589 559 227 332 289 43 206 1596 55
is_linear=0
shrinkage=0.05


Tree=30
num_leaves=27
num_cat=0
split_feature=4 1 1 4 1 0 4 4 2 2 3 3 3 4 3 0 0 0 3 0 1 4 2 3 1 1
split_gain=77.3021 15.7901 15.0847 11.9841 7.34417 6.66368 6.25484 6.18428 7.76546 6.43081 5.8404 3.60407 5.04618 4.16206 3.08719 2.74085 3.55896 3.72621 2.61023 5.19619 9.32352 4.77326 5.338 3.5049 1.7185 1.50778
threshold=4.0518856121374736 0.0011710027634329603 0.0022650714924402631 6.0327696162321391 -0.0015055102654840666 16.942945068981 30.46459279869983 2.2140613604730088 -0.010007341424341952 0.00095296903355790452 1.255852180594675 0.7053693643933755 0.34385263655334114 3.6586933941798749 0.80524386561159944 33.318752471706645 47.276144258694224 69.127972893207485 1.7521210345967966 76.920576890727958 0.0035593878318006538 16.164903664735903 -0.0040368184392203235 1.4417317027148833 0.0019360843186112533 -0.0020755861487141698
decision_type=2 2 2 2 2 2 2 2 2 2 2 2 2 2 2 2 2 2 2 2 2 2 2 2 2 2
left_child=1 7 3 4 25 14 -7 8 -1 -10 -6 12 -9 -13 -5 -3 24 -18 21 20 -20 23 -23 -4 -17 -2
right_child=2 15 18 5 10 6 -8 11 9 -11 -12 13 -14 -15 -16 16 17 -19 19 -21 -22 22 -24 -25 -26 -27
leaf_value=0.18347091062803439 -0.020975140516372011 0.047748362296207388 0.020664958685902166 -0.056760142384917944 -9.8774675204080079e-05 0.0056198646367542401 0.02877653059955575 -0.030337600330881009 -0.038920476364148054 -0.01598374364040283 -0.018205277857161323 -0.02922671659201876 -0.0051957087269291664 -0.0078783052396976354 -0.011356769637730885 -0.055046234662357911 0.018513506317216641 -0.0083354250246107393 0.056623472626235571 0.062362423663539703 -0.019670427228578705 0.047125613301875584 -0.0016852887900863441 -0.00020228329999411686 -0.00097612109619562779 -0.048982509660628851
leaf_weight=0.42102682590484519 9.0183886587619799 3.4755766801536074 169.0125400274992 4.5467661954462555 208.94044717773795 819.07941155135632 30.237621575593948 26.132291175425053 95.535933554172516 44.931534510105848 56.600824661552906 87.88324424251914 84.462877441197634 30.843077566474676 21.203218407928944 3.752615012228488 28.391413897275925 23.718480996787548 7.2345482707023683 8.6644441783428174 8.9687769263982755 6.1608872711658469 61.662191927433014 22.842249989509583 2.4153663367033005 10.286768678575752
leaf_count=7 127 22 792 50 2368 5963 151 468 2708 1006 827 1930 1546 545 197 47 246 227 33 37 41 29 288 110 17 158
internal_value=-0.000234054 -0.018792 0.00531567 0.00278492 -0.00612297 0.00568456 0.00644429 -0.0226963 -0.030941 -0.0315837 -0.00395822 -0.017631 -0.0111364 -0.0236808 -0.0193738 0.0046143 0.00204187 0.00629287 0.0156319 0.031107 0.0143937 0.01415 0.00274858 0.0181805 -0.0338725 -0.0358989
internal_weight=1876.42 431.963 1444.46 1159.91 284.846 875.067 849.317 370.21 140.888 140.467 265.541 229.321 110.595 118.726 25.75 61.7535 58.2779 52.1099 284.546 24.8678 16.2033 259.678 67.8231 191.855 6.16798 19.3052
internal_count=19940 8769 11171 9841 3480 6361 6114 8210 3721 3714 3195 4489 2014 2475 247 559 537 473 1330 111 74 1219 317 902 64 285
is_linear=0
shrinkage=0.05


Tree=31
num_leaves=28
num_cat=0
split_feature=4 1 4 1 2 2 4 2 1 3 4 3 4 4 1 3 0 0 2 2 2 0 2 2 2 2 1
split_gain=70.7796 14.7281 13.6534 8.67035 6.93846 6.98329 6.07256 5.56783 6.45686 5.47219 7.18088 5.1755 4.51835 7.20727 4.34492 4.07645 6.86612 5.37854 3.76164 3.74386 3.31097 3.09804 2.48653 5.29281 5.49859 2.24675 0.000965421
threshold=4.0518856121374736 0.0011710027634329603 8.0537653704054417 -0.0009712136349491195 0.0069101748454205589 0.0072662505771687877 1.6482901279637927 0.0058258160547801649 0.00076567360544088647 0.77476462332455609 3.6249226033127298 0.74089005945002395 9.3674400984985926 8.4009948412042768 0.00065930535449942884 0.5574775101395214 45.464525170834158 49.412505700312146 0.0033223546368336136 -0.0016542166552384605 -0.010007341424341952 82.181379760210874 -0.0026188841669146363 -0.00080011749980046776 -0.00019947290291000283 0.0045402414581885439 0.0015016578089012136
decision_type=2 2 2 2 2 2 2 2 2 2 2 2 2 2 2 2 2 2 2 2 2 2 2 2 2 2 2
left_child=1 6 4 12 7 -6 14 8 -2 19 -11 -7 13 -4 25 16 -5 -17 -16 -8 -14 -9 -3 26 -25 -1 -24
right_child=2 22 3 15 5 11 9 21 -10 10 -12 -13 20 -15 18 17 -18 -19 -20 -21 -22 -23 23 24 -26 -27 -28
leaf_value=-0.041094954970229219 -0.0057642452337731236 0.037481029668001604 0.024310577389583529 -0.0074221079855640963 0.086982180699314765 0.0045938739308405184 0.0016461175836307721 -0.047908044969397087 0.0058370767113664311 -0.034083347208494472 -0.0061210210397600667 0.063241934242163941 -0.014659125887454419 -0.035705453023031547 -0.014353426938237462 0.017531145993669849 0.045975387831389658 0.007683882366171165 0.085731038954858521 -0.016788194618506454 0.0053405873563320515 0.013543474999510597 -0.054971258408625101 0.064421331144109098 0.0010183703501520031 0.025719962037370328 -0.056568996863861735
leaf_weight=61.286626655608416 334.44071739539504 5.1930315420031539 6.8918582201004055 8.5260394588112849 3.5811724178493014 25.815900873392824 34.546781450510025 9.9846544377505762 186.99367292225361 90.108400832861662 30.810631416738033 4.4033290371298781 23.224415346980095 18.246101193130016 7.7298851944506151 212.30438569933176 20.483319036662579 399.79172616451979 1.0686100237071512 135.84900557249784 189.94695565104485 2.5811891108751288 1.994319781661033 3.6748893335461608 49.220768079161644 1.284566968679427 1.7977308817207811
leaf_count=1960 4111 31 78 51 25 164 612 79 1449 2114 556 22 166 228 153 1168 98 2092 15 2767 1423 17 25 37 447 33 19
internal_value=-0.000228132 -0.0181792 0.00503813 0.00894047 -0.00100585 0.0209633 -0.0220259 -0.00239642 -0.00160385 -0.0188236 -0.0269584 0.0131396 0.000797444 -0.0192514 -0.0350971 0.0119674 0.0302815 0.0110994 -0.0021978 -0.0130507 0.00316168 -0.0352851 0.00436615 0.00133257 0.00542325 -0.0397233 -0.0557287
internal_weight=1871.78 424.565 1447.22 879.415 567.801 33.8004 362.685 534 521.434 291.315 120.919 30.2192 238.309 25.138 71.3697 641.105 29.0094 612.096 8.7985 170.396 213.171 12.5658 61.8807 56.6877 52.8957 62.5712 3.79205
internal_count=19940 8769 11171 5304 5867 211 8210 5656 5560 6049 2670 186 1895 306 2161 3409 149 3260 168 3379 1589 96 559 528 484 1993 44
is_linear=0
shrinkage=0.05


Tree=32
num_leaves=28
num_cat=0
split_feature=4 1 1 4 1 3 4 3 3 2 3 0 4 2 2 3 3 2 2 0 1 4 4 1 4 3 0
split_gain=64.7866 14.2847 11.6491 8.73642 12.2085 8.78773 8.57497 7.47083 6.29686 5.43446 5.1465 4.80471 5.48781 4.82589 3.14155 9.48942 7.98196 5.3075 5.64628 2.44918 2.7989 2.57477 2.34701 1.99101 4.53633 1.79116 0.8779
threshold=4.2171041714316209 0.00080762545967738586 0.0022650714924402631 15.124019252015509 -0.0031135142166399117 1.7218028886166559 1.7907461842551071 1.7061439784339341 0.7952082189993489 0.0010690675492843751 1.9532699661268853 78.338198214862658 3.0128944980873649 -0.0083332464073339035 0.0030458813806388822 0.6363519360437081 0.33820191062423133 0.0022881698691492596 0.0020362651179448581 91.980087135581584 0.0042805585062242199 16.164903664735903 16.58562477985663 0.00065930535449942884 1.4523330347352019 0.15413100384755485 65.633153117771812
decision_type=2 2 2 2 2 2 2 2 2 2 2 2 2 2 2 2 2 2 2 2 2 2 2 2 2 2 2
left_child=1 6 3 4 8 9 23 -6 -2 -5 -7 13 -13 -8 17 16 -16 18 -3 20 21 -4 -22 25 -25 -1 -19
right_child=2 14 19 5 7 10 11 -9 -10 -11 -12 12 -14 -15 15 -17 -18 26 -20 -21 22 -23 -24 24 -26 -27 -28
leaf_value=-0.017211501762234845 0.0020287401780360896 -0.0040066966797067914 0.014304951699845997 -0.00026130918585242317 0.0031692887733117455 0.036734159017464012 0.051829063678365032 -0.013342540985447371 -0.043423265825558693 0.023880247784125959 0.0066252508725931931 0.031762347951629168 -0.028526394227960244 -0.019973158312657283 0.034529854957529013 0.094030074229159794 -0.025681810359174464 -0.059390895862319618 0.058014150561510151 -0.017354061009652724 0.030781728413952759 6.0080450699547345e-05 0.014455743528482237 -0.0519201912348939 0.055414449782021258 -0.041430134398801582 -0.0286037159098818
leaf_weight=8.6782327145338041 11.347823720425366 64.552831634879112 150.2492574006319 108.0812114700675 824.62393215298653 44.754977367818356 2.3626135587692252 74.710907395929098 23.196477353572845 29.721744403243065 20.783384218811989 9.9714098349213618 6.0736931525170794 246.02645524218678 10.455450374633079 3.2755930460989466 11.622770115733145 3.378704220056532 3.8908557668328276 6.0851154178380957 41.206678122282028 40.212036922574043 47.263568609952927 2.1205493602901693 1.8372669517993925 63.471536124125123 7.3583317473530769
leaf_count=269 138 777 723 656 7299 242 36 604 243 167 106 168 110 5237 89 33 106 36 46 28 167 198 205 61 31 2069 96
internal_value=-0.000222469 -0.0168709 0.0049875 0.00272211 0.000677168 0.0121139 -0.0218338 0.00179759 -0.0284923 0.00494561 0.0271861 -0.0175772 0.00894072 -0.0192902 -0.000703338 0.0146146 0.00283227 -0.00560817 -0.000480964 0.0140264 0.014711 0.0112974 0.0220599 -0.036623 -0.00209413 -0.0385171 -0.0382918
internal_weight=1867.31 445.076 1422.24 1137.22 933.879 203.341 340.542 899.335 34.5443 137.803 65.5384 264.434 16.0451 248.389 104.535 25.3538 22.0782 79.1807 68.4437 285.017 278.932 190.461 88.4702 76.1076 3.95782 72.1498 10.737
internal_count=19940 9164 10776 9455 8284 1171 7981 7903 381 823 348 5551 278 5273 1183 228 195 955 823 1321 1293 921 372 2430 92 2338 132
is_linear=0
shrinkage=0.05


Tree=33
num_leaves=28
num_cat=0
split_feature=4 1 4 1 3 3 4 4 2 4 3 1 4 3 3 1 4 4 1 3 3 4 2 2 4 0 0
split_gain=59.4582 13.0275 11.8726 8.65419 6.83257 6.2344 5.84788 5.75938 5.87205 5.51465 7.15194 5.2734 4.7745 4.01526 5.79912 3.75284 3.2972 6.80844 3.37528 3.2663 5.16385 3.82118 3.0474 2.48656 2.43227 2.85801 3.94203
threshold=4.0518856121374736 0.0011710027634329603 7.2593531400031539 -0.00031517220197763146 1.255852180594675 1.2336149060067214 6.9627870601898936 2.2140613604730088 0.00095296903355790452 13.529590482442769 1.7061439784339341 -0.0011657994260315661 14.007731944767022 0.38822397441877937 0.51511783619535667 0.00034385409342507783 6.7011317717251293 6.8292643686977321 -0.00075066088628034089 0.7053693643933755 0.64119598064342942 3.6586933941798749 0.0092753874489467387 0.0014155491856157056 1.3480381809364734 30.40782065184764 47.276144258694224
decision_type=2 2 2 2 2 2 2 2 2 2 2 2 2 2 2 2 2 2 2 2 2 2 2 2 2 2 2
left_child=1 7 4 9 5 6 -2 8 11 10 -4 -1 -11 22 -15 -10 18 -18 -6 20 -9 -21 -5 -7 -3 -26 -27
right_child=2 24 3 13 16 23 -8 19 15 12 -12 -13 -14 14 -16 -17 17 -19 -20 21 -22 -23 -24 -25 25 26 -28
leaf_value=0.02745641454756342 0.0020781499144362477 -0.042311789012809388 -0.0012094807516852646 -0.047006250744457773 -0.044327768753360836 0.026172039242757957 -0.023242469290640479 -0.014270134683289998 -0.027014462018389862 0.042250644080516146 -0.034341921214310532 -0.038821630831285071 0.0060568143969770734 0.040957112871537957 0.010890361489846991 0.0028939112169393683 0.056056742015720321 -0.010913589421068653 -0.014049178157091958 -0.027356294363704972 0.016031845429628142 -0.0064976564763331822 0.011658232820852467 0.092302962135137223 0.055852291897542941 -0.033638898484025855 0.0084550749430857743
leaf_weight=3.1115299910306922 339.69570155069232 2.6983141005039206 173.57991246879101 5.1670380979776365 10.583535209298132 3.6654014512896529 24.44374855607748 90.181989513337612 23.805532976984978 9.6960799321532232 17.974176183342934 84.621730430051684 151.18121708184481 16.477219648659229 600.5813869908452 18.749350987374783 4.8593158498406437 17.328748449683189 70.613253507763147 81.953084655106068 16.65629069507122 29.992006126791239 3.8730005025863647 2.3218665048480034 2.7660380825400344 6.2534956596791735 50.28845751285553
leaf_count=65 3508 26 1570 32 171 43 201 1698 617 69 149 2650 961 82 3203 389 46 167 931 1930 316 545 18 20 15 68 450
internal_value=-0.000216925 -0.0170043 0.00453564 0.00768071 -0.00196378 0.00121054 0.000378442 -0.0207558 -0.0290783 0.00141342 -0.00431841 -0.036471 0.00823822 0.0112086 0.0116932 -0.0138371 -0.0133281 0.0037533 -0.0179958 -0.0157996 -0.009546 -0.0217679 -0.0218728 0.0518177 0.00411492 0.00622718 0.00379951
internal_weight=1863.12 411.078 1452.04 978.53 473.512 370.127 364.139 349.072 130.288 352.431 191.554 87.7333 160.877 626.099 617.059 42.5549 103.385 22.1881 81.1968 218.783 106.838 111.945 9.04004 5.98727 62.0063 59.308 56.542
internal_count=19940 8769 11171 6084 5087 3772 3709 8210 3721 2749 1719 2715 1030 3335 3285 1006 1315 213 1102 4489 2014 2475 50 63 559 533 518
is_linear=0
shrinkage=0.05


Tree=34
num_leaves=25
num_cat=0
split_feature=4 1 4 1 4 1 0 3 4 3 4 0 3 3 2 4 0 0 0 0 1 2 0 1
split_gain=54.4633 14.753 9.04125 8.72776 8.2235 8.63427 9.50579 8.05022 8.28292 7.19833 5.36702 4.92508 4.66276 7.48118 4.1353 4.02738 3.82713 3.26789 3.97029 2.91614 2.63394 1.96825 4.4962 1.7081
threshold=4.6048481453837287 0.00080762545967738586 1.7907461842551071 0.001150269008456384 16.164903664735903 -0.0031135142166399117 52.472451645691187 1.7218028886166559 44.901266122112666 1.4962815799400964 19.896671298733178 78.338198214862658 0.27177681228135631 0.44188622282073192 -0.0016970048263073021 3.0128944980873649 33.921530746048326 22.317726538714336 28.578963204937597 49.412505700312146 0.0019360843186112533 0.00085600216844883292 54.699872526268372 -0.0011657994260315661
decision_type=2 2 2 2 2 2 2 2 2 2 2 2 2 2 2 2 2 2 2 2 2 2 2 2
left_child=1 2 21 4 5 6 -2 8 -6 -7 -9 14 -5 19 -4 -13 -15 -3 -19 -14 -20 23 -23 -1
right_child=3 17 11 12 7 9 -8 10 -10 -11 -12 15 13 16 -16 -17 -18 18 20 -21 -22 22 -24 -25
leaf_value=0.0092492545560734652 -0.031532445086398277 0.058880047142259688 -0.0041034500014006095 0.056231833292167292 0.0011751865346632546 0.003686930535199218 0.053575946072117436 0.053677258481719017 0.082175488550345455 -0.0087445033015317759 0.018291653340976401 0.030517145597002478 -0.048886490219506973 -0.016124625142812082 -0.020150365419402804 -0.01845732969058958 0.011649327994547279 -0.063314862644287762 -0.0038860395103164852 -0.0073878600853938521 0.013003327222849373 0.035051716355925473 -0.031847358473024105 -0.042957958459650253
leaf_weight=1.620733119547366 34.626960311084986 2.3342937752604476 48.738315351307392 5.4350238889455786 94.134765848517418 528.48136764764786 3.6242130100727072 14.750344723463057 3.2655838876962653 149.35707499831915 39.175583615899086 10.111802726984026 6.2588395476341274 12.744638584554194 227.78369561210275 7.1774666495621195 463.14774989709258 2.4914236962795249 89.907181330025196 13.080838978290556 31.059107936918736 2.8739137183874872 19.920623898506165 47.017751095816493
leaf_count=37 379 14 861 26 573 4818 36 81 16 1281 202 168 41 71 4987 129 2395 22 1169 67 174 82 574 1737
internal_value=-0.000211497 -0.0144961 -0.0195822 0.00491557 0.0018815 -0.000356494 -0.0234686 0.0124719 0.00389092 0.000947749 0.0279707 -0.0157033 0.0101722 0.00966667 -0.017322 0.0101859 0.0109055 0.000271782 -0.000836361 -0.0208179 0.000450447 -0.0355365 -0.0234128 -0.0412183
internal_weight=1859.12 491.036 365.244 1368.08 867.416 716.09 38.2512 151.326 97.4003 677.838 53.9259 293.811 500.667 495.232 276.522 17.2893 475.892 125.792 123.458 19.3397 120.966 71.433 22.7945 48.6385
internal_count=19940 9954 8575 9986 7386 6514 415 872 589 6099 283 6145 2600 2574 5848 297 2466 1379 1365 108 1343 2430 656 1774
is_linear=0
shrinkage=0.05


Tree=35
num_leaves=29
num_cat=0
split_feature=4 4 3 4 1 2 2 1 4 3 1 2 0 0 1 3 3 3 3 1 0 4 0 0 1 3 1 4
split_gain=50.2269 12.3593 9.63056 10.072 7.20099 6.97231 9.52489 5.44092 5.03384 5.35594 4.58489 6.54796 5.10994 4.43041 4.03235 3.5876 5.20492 3.44391 2.93817 2.80256 2.74484 2.46326 2.67085 6.26546 2.36315 1.57819 0.000937839 0.000259276
threshold=3.6249226033127298 7.2593531400031539 0.76983201552672631 1.4523330347352019 -0.00031517220197763146 0.0024427699694097309 0.0025081626701688457 -0.0024419517785813634 10.411254825505496 1.3810218541165222 -0.001021519144252969 -0.0035278617360998683 71.123078735295209 68.793005524515493 0.00055992849375918763 0.38822397441877937 0.51511783619535667 0.86656833488924367 0.26343563364974809 0.00051274875411744258 58.265904255979358 1.9548016569715057 62.119683534842146 65.0845242376394 0.0013579297524600744 0.73018734461161505 0.00076567360544088647 1.7605930107891934
decision_type=2 2 2 2 2 2 2 2 2 2 2 2 2 2 2 2 2 2 2 2 2 2 2 2 2 2 2 2
left_child=2 5 3 18 8 10 -7 -5 9 -3 11 -2 -12 -10 -9 20 -17 -8 19 -1 -6 26 24 -24 -23 -20 27 -4
right_child=1 4 21 7 15 6 17 14 13 -11 12 -13 -14 -15 -16 16 -18 -19 25 -21 -22 22 23 -25 -26 -27 -28 -29
leaf_value=-0.030866128246092681 0.0095063974453920164 -0.0010505444198213368 -0.051404539917625627 0.076673511539388145 -0.052187561937947359 0.1054709865829999 0.010847722654775816 -0.013847087637254764 0.0061048129098937231 -0.026525691663195124 -0.0019054575970126328 -0.0281531094428106 -0.027477211786197012 -0.041225818523289021 0.001146477360423106 0.038169393637143473 0.0098754988631025529 -0.0081657018873492592 -0.045883070024055582 0.0097046273267421962 0.003631347752676975 -0.036428054246552453 0.033549930645234025 -0.026705665518771626 0.041916069886551721 0.040553246014298133 -0.053079135627472643 -0.051887370146666181
leaf_weight=14.477735610678794 15.592236790806053 76.340880680829287 6.8520657047629339 1.907124675810336 3.9824982807040197 2.4493962600827208 91.547063648700714 119.06858772598207 243.04704026132822 28.273215301334858 330.17762796208262 44.439433243125677 20.764545187354088 5.0469047278165808 71.932927256450057 16.702996872365475 605.10336133092642 32.190510522574186 26.032439319416884 6.0293708499521008 4.9272522330284119 50.890419084578753 5.2257155328989056 24.732672348618507 0.98109446465968986 0.5390238631516685 1.1822612956166256 4.6791473310440779
leaf_count=503 204 784 261 27 26 25 780 2800 1635 294 3902 672 243 36 960 82 3203 288 924 104 24 1314 127 535 9 18 23 137
internal_value=-0.000205842 0.00365307 -0.0177463 -0.0124215 0.0069846 -0.00244622 0.00783408 -0.0073613 0.00126316 -0.00793551 -0.00560273 -0.0183717 -0.00341849 0.00514198 -0.00820037 0.0101841 0.0106355 0.00590135 -0.0331562 -0.0189378 -0.0213187 -0.0312625 -0.0280814 -0.0161951 -0.0349463 -0.0441296 -0.051738 -0.0516005
internal_weight=1855.12 1520.58 334.531 239.987 983.424 537.161 126.187 192.909 352.708 104.614 410.974 60.0317 350.942 248.094 191.002 630.716 621.806 123.738 47.0786 20.5071 8.90975 94.5434 81.8299 29.9584 51.8715 26.5715 12.7135 11.5312
internal_count=19940 12198 7742 5336 6084 6114 1093 3787 2749 1078 5021 876 4145 1671 3760 3335 3285 1068 1549 607 50 2406 1985 662 1323 942 421 398
is_linear=0
shrinkage=0.05


Tree=36
num_leaves=30
num_cat=0
split_feature=4 4 3 4 2 1 2 1 0 3 0 2 3 0 4 4 1 3 0 3 4 3 4 0 1 1 0 3 4
split_gain=46.0082 11.1277 9.21186 9.58582 6.54613 5.98862 5.30048 6.5063 6.3574 4.31495 4.15658 14.0585 5.81723 3.75321 3.69955 6.68596 3.45445 5.87753 3.365 3.35825 2.95572 2.92022 2.78201 5.14549 2.62858 2.18542 1.82579 1.55043 0.26786
threshold=3.6249226033127298 8.0537653704054417 0.77476462332455609 1.4523330347352019 0.0010690675492843751 -0.0009712136349491195 -0.0016542166552384605 -0.0019489698207214576 44.422137106712604 0.21390322778372908 49.412505700312146 0.0010690675492843751 0.68942800805624016 52.05477977320318 9.3674400984985926 8.4009948412042768 -0.0010449595187709824 0.31814406918795962 66.856048244747043 1.1095363567226688 2.2985958181456949 0.26343563364974809 2.3781490567940837 62.938042357525894 0.00051274875411744258 0.00096142656615849653 82.752094897103902 0.74552203613688373 2.2140613604730088
decision_type=2 2 2 2 2 2 2 2 2 2 2 2 2 2 2 2 2 2 2 2 2 2 2 2 2 2 2 2 2
left_child=2 4 3 21 16 14 7 -5 -8 -6 12 -12 -7 -11 15 -3 17 -2 -18 -16 26 24 23 -22 -1 -24 28 -23 -4
right_child=1 5 20 6 9 10 8 -9 -10 13 11 -13 -14 -15 19 -17 18 -19 -20 -21 22 27 25 -25 -26 -27 -28 -29 -30
leaf_value=-0.030208352039119923 0.083594397450479113 0.02325941660234623 -0.051748761710022101 0.099724156550120485 0.066811690884139921 -0.0067072342831487816 -0.032663598932566325 0.0054912961680318078 -0.0063414821608146115 -0.026225004378226082 -0.011408953721530354 0.011212867983697094 0.017957244718618769 0.0049557405054738426 0.012603773973501957 -0.034643635392451542 -0.0027952065543117958 -0.018393718880569582 -0.036848705909493427 -0.001434711139590073 -0.015648885560372534 -0.045590615530284262 -0.031202558815237664 0.12549865088007403 0.0091476085128002257 -0.0025129001486786763 0.0031172208442931107 0.039805716859781709 -0.035893973790459319
leaf_weight=14.063951982185246 1.4437952563166607 6.9744090139865902 19.340193800628192 1.9449070096015919 2.7414003312587729 27.154392465949059 27.771569160744548 31.487049827352166 131.83038789965212 10.038300823420284 86.142959535121918 338.76298031955957 199.86032672971487 250.11213000491261 58.574787426739931 17.481283012777567 293.70582232996821 65.494597345590591 7.4381089061498633 156.20474972948432 2.7488407306373115 25.078214880079035 54.981406223028898 0.84391310438513745 6.0754655450582495 7.5491921231150618 1.774745913222431 0.54302054643630882 3.0895174071192733
leaf_count=503 18 78 629 28 20 149 679 569 2542 116 465 1713 1082 2307 481 228 3411 939 83 1108 74 929 1426 21 104 102 36 18 82
internal_value=-0.000200654 0.00346463 -0.0171519 -0.0120072 -0.001616 0.00706192 -0.00712963 0.0109733 -0.0109217 0.00441016 0.00954489 0.00662665 0.015007 0.00375258 0.000295777 -0.0181305 -0.00592 -0.0161939 -0.00363631 0.00239387 -0.0307528 -0.0325823 -0.0252806 0.0175057 -0.0183358 -0.0277389 -0.0457021 -0.0437807 -0.0495649
internal_weight=1851.25 1522.13 329.122 238.795 630.974 891.156 193.034 33.432 159.602 262.892 651.921 424.906 227.015 260.15 239.235 24.4557 368.082 66.9384 301.144 214.78 90.3278 45.7607 66.1234 3.59275 20.1394 62.5306 24.2045 25.6212 22.4297
internal_count=19940 12198 7742 5372 6894 5304 3818 597 3221 2443 3409 2178 1231 2423 1895 306 4451 957 3494 1589 2370 1554 1623 95 607 1528 747 947 711
is_linear=0
shrinkage=0.05


Tree=37
num_leaves=27
num_cat=0
split_feature=4 1 1 4 1 3 0 4 0 3 4 3 3 2 0 1 4 3 3 2 3 2 3 3 0 1
split_gain=42.164 10.4133 8.74397 7.80504 6.53716 5.2658 5.13101 5.06627 5.02453 4.86623 5.58914 4.55509 2.9907 2.83868 4.65624 3.03833 2.57478 2.60721 3.31527 2.36413 2.39935 3.4877 2.52211 2.34727 1.56386 1.53126
threshold=4.0518856121374736 0.0011710027634329603 0.0022650714924402631 6.0327696162321391 -0.0015055102654840666 0.24698287222071422 16.942945068981 1.4523330347352019 65.0845242376394 0.7053693643933755 3.4559352789132132 0.64119598064342942 0.80524386561159944 0.00095296903355790452 51.476592564881607 -0.00043511920878191995 4.6458856494646339 0.44188622282073192 0.52112738345944065 0.006325494815075495 0.38822397441877937 0.0044130062599068163 0.46174490677844521 0.21390322778372908 53.431371814476613 -0.0020755861487141698
decision_type=2 2 2 2 2 2 2 2 2 2 2 2 2 2 2 2 2 2 2 2 2 2 2 2 2 2
left_child=1 7 3 4 25 -6 12 13 -8 11 -11 -9 -5 15 -15 -1 -4 24 -19 20 21 -3 -22 -21 -18 -2
right_child=2 19 16 6 5 -7 8 9 -10 10 -12 -13 -14 14 -16 -17 17 18 -20 23 22 -23 -24 -25 -26 -27
leaf_value=-0.0032421357307090026 -0.019229040801977917 0.012537019395471641 0.040223140727412829 -0.056316047458369413 0.046283265927653507 -0.0044938901327400103 0.006423557787400099 -0.013505004144894587 -0.0038108640512580167 -0.030500014621007709 -0.0081133835596158988 0.011080435591268629 -0.01040176698801377 0.082503433384719049 -0.024127219206993469 -0.049363979494823504 -0.036923042257520994 0.037151885940610807 0.010537270801798705 0.0029894143138568066 -0.036856695581149797 0.074349155890678573 0.0038059527044991834 -0.061605902317705886 0.00046276779490675738 -0.048307680150706009
leaf_weight=4.1477391403168467 8.6159871183335799 20.665001735091213 7.5769105851650229 4.2779921740293529 5.2090322263538829 257.75593328475952 718.70708617940545 133.71232879161835 143.94326444715261 85.816989025101066 41.298272419720888 21.929940063506365 20.746052600443363 1.1150341294705857 12.511270171031354 25.669783063232899 4.0498950481414786 12.257105007767676 257.83556445688009 3.043806552886962 4.3988650850951663 2.5653828382492057 28.65230830386281 2.6142965331673622 9.0432112514972669 9.5403141789138299
leaf_count=160 127 170 38 50 48 3147 5157 2930 957 2366 819 470 197 31 367 1067 22 54 1176 21 42 20 285 21 40 158
internal_value=-0.000195755 -0.0148425 0.00369926 0.00176901 -0.00549152 -0.00348805 0.00406838 -0.0184112 0.00471583 -0.0159687 -0.0232269 -0.0100409 -0.0182511 -0.0343082 -0.0154017 -0.0429482 0.0114584 0.0106888 0.0117451 0.00395185 0.00704908 0.0193631 -0.00160594 -0.0268565 -0.0111012 -0.0345085
internal_weight=1847.7 388.141 1459.56 1168.8 281.121 262.965 887.674 326.201 862.65 282.758 127.115 155.642 25.024 43.4438 13.6263 29.8175 290.763 283.186 270.093 61.9397 56.2816 23.2304 33.0512 5.6581 13.0931 18.1563
internal_count=19940 8769 11171 9841 3480 3195 6361 8210 6114 6585 3185 3400 247 1625 398 1227 1330 1292 1230 559 517 190 327 42 62 285
is_linear=0
shrinkage=0.05


Tree=38
num_leaves=30
num_cat=0
split_feature=4 4 3 4 2 1 4 2 1 0 4 0 2 0 1 3 2 0 1 0 3 0 4 0 0 1 3 1 4
split_gain=38.5899 9.25842 8.51605 8.70401 6.36808 5.70411 5.01632 4.91444 6.73434 5.76542 4.60706 4.33865 12.4787 6.3564 4.157 3.35198 3.03032 2.92987 3.40018 3.16786 2.89799 2.61591 2.54379 2.63823 5.97658 3.71675 1.55691 0.000713158 0.000175355
threshold=3.6249226033127298 8.218237064890884 0.76983201552672631 1.4523330347352019 0.0010690675492843751 -0.0009712136349491195 9.3674400984985926 -0.0016542166552384605 -0.0023449770549466282 44.422137106712604 8.4009948412042768 49.412505700312146 0.0010690675492843751 48.587521959537007 0.0050906230902586511 1.6521492058169651 -0.010007341424341952 66.856048244747043 0.001202098821959652 62.938042357525894 0.29510978338320432 70.559804880815008 1.9548016569715057 62.119683534842146 65.0845242376394 0.0015888999911236603 0.73018734461161505 0.00076567360544088647 1.7605930107891934
decision_type=2 2 2 2 2 2 2 2 2 2 2 2 2 2 2 2 2 2 2 2 2 2 2 2 2 2 2 2 2
left_child=2 4 3 20 17 6 10 8 -5 -9 -3 13 -13 -7 15 -6 -8 19 -19 -2 21 -1 27 25 -25 -24 -22 28 -4
right_child=1 5 22 7 14 11 16 9 -10 -11 -12 12 -14 -15 -16 -17 -18 18 -20 -21 26 -23 23 24 -26 -27 -28 -29 -30
leaf_value=-0.0097557194752140083 -0.0056365089551343147 0.036183556661911691 -0.051232066018486233 0.11626236311312305 0.00269732389056121 0.012442007061043196 -0.015019554393055943 -0.031455104086276567 0.006244019844088811 -0.0057678342266316972 -0.033957675394936881 -0.011295448412131417 0.010260870848929732 0.048420280919319346 0.059083632633138795 0.034166224405382632 0.0040870817803990182 -0.055333380407439181 0.024163220087190698 0.028040367767930913 -0.046632575762016154 -0.052999535551366876 -0.034925926444683446 0.034734402502937391 -0.024790677738802312 0.081968782282029529 0.038601471763632093 -0.052763847192679972 -0.051654781398168884
leaf_weight=17.365027887746695 362.38698326423764 2.7144844532012966 6.0356508232653123 1.4543271586298931 260.40413479879498 210.59862504154444 23.259070388972759 26.285672327503562 31.90709326043725 129.27755262330174 17.018975153565407 84.138904310762882 332.24640506505966 13.036314472556112 3.4338038116693488 8.7463260516524297 192.52280673757195 5.7119828797876826 1.7593668922781942 7.1202052235603324 20.705297736451033 4.3790637608617535 46.909185802564025 5.1547495238482979 23.177381262183189 0.69000951945781608 0.54999861307442088 1.0649505276232947 4.133571220561862
leaf_count=581 4369 29 261 17 2401 1122 166 667 578 2525 228 452 1659 69 14 88 1423 74 13 91 831 119 1318 127 535 5 18 23 137
internal_value=-0.000190086 0.00311827 -0.0160025 -0.0109948 -0.00140462 0.00647381 -0.000179137 -0.00637375 0.0110401 -0.0101082 -0.0243092 0.00892197 0.00590499 0.0145393 0.00441737 0.00371994 0.00202758 -0.00561437 -0.0366134 -0.00498757 -0.0312983 -0.0184646 -0.0293264 -0.0260409 -0.0139607 -0.0332314 -0.0444271 -0.0515328 -0.0514039
internal_weight=1844.19 1525.1 319.09 231.924 649.563 875.536 235.515 188.925 33.3614 155.563 19.7335 640.02 416.385 223.635 272.584 269.15 215.782 376.979 7.47135 369.507 42.9994 21.7441 87.1655 75.9313 28.3321 47.5992 21.2553 11.2342 10.1692
internal_count=19940 12198 7742 5336 7050 5148 1846 3787 595 3192 257 3302 2111 1191 2503 2489 1589 4547 87 4460 1549 700 2406 1985 662 1323 849 421 398
is_linear=0
shrinkage=0.05


Tree=39
num_leaves=28
num_cat=0
split_feature=4 1 4 1 4 2 1 3 3 3 3 3 2 0 4 0 2 2 3 2 2 0 1 4 3 4 2
split_gain=35.3425 10.1307 8.56674 6.29689 6.12902 10.0641 6.61143 5.51832 5.39573 5.35083 5.23674 4.71303 3.92606 2.94992 2.91359 2.92196 2.70668 7.39974 6.27227 5.66287 2.84815 2.48375 2.0931 4.42892 1.92905 1.39668 0.237947
threshold=4.8062404541810393 0.00080762545967738586 1.7907461842551071 0.0037825645749879348 30.46459279869983 0.0048347072495604779 -0.0031135142166399117 1.0053317168152984 0.27177681228135631 0.99982245064023234 1.5653794023603507 1.0753028297440406 -0.0083332464073339035 91.980087135581584 11.537624428549853 73.581868189202183 0.0030458813806388822 0.003656587203517359 0.33820191062423133 0.0026119364895016432 0.0033223546368336136 22.317726538714336 0.00065930535449942884 1.4523330347352019 0.15413100384755485 9.7887552876326236 0.0028225065307374568
decision_type=2 2 2 2 2 2 2 2 2 2 2 2 2 2 2 2 2 2 2 2 2 2 2 2 2 2 2
left_child=1 2 22 4 6 12 10 9 -8 -4 -2 -9 -6 14 25 -16 19 20 -19 21 -18 -3 24 -24 -1 -5 -21
right_child=3 16 7 13 5 -7 8 11 -10 -11 -12 -13 -14 -15 15 -17 17 18 -20 26 -22 -23 23 -25 -26 -27 -28
leaf_value=-0.011444328312604057 -0.019845529573370643 0.047785622183360459 -0.0089869914626464209 0.022349038265810514 -0.010474197011276762 0.094112940237610701 0.043206313224390482 -0.049173257704043391 0.0029735196487655378 0.088611194464319643 0.010403468798065071 -0.017925261813339258 0.026893582501988023 -0.024115594920469142 0.0040171826977755745 0.022393560515521077 0.021625918535248489 0.030334918164229136 -0.020183302413541916 -0.056972453124999323 0.078110752638191561 -0.0024086567925260417 -0.051594919561838953 0.060819474440674981 -0.03863223493577142 0.04528366847400217 -0.037164621286871001
leaf_weight=7.4795288592576972 55.653877016156912 2.5328437536954871 215.43363657034934 22.163857266306881 11.02712455391884 4.4170709103345862 8.3970112279057485 14.82183865457773 1102.5759229660034 1.4135719574987877 19.259364657104015 64.921039719134569 19.387559354305267 4.7192628085613242 52.68000453710556 36.703368037939072 4.2600436210632306 9.7749738432467002 16.542075209319592 4.0126559548079959 4.6872045397758484 91.423732910305262 1.7521324455738061 1.7525898665189741 51.083682976663113 9.4765664935111982 2.4369662925601006
leaf_count=269 544 15 4558 92 56 20 62 358 8153 30 133 1494 92 21 227 155 41 79 135 51 42 1083 61 31 2069 39 30
internal_value=-0.000185091 -0.0116193 -0.0160216 0.00401277 0.00291535 0.0235878 0.00230816 -0.0124866 0.00327761 -0.00835077 -0.0120688 -0.0237333 0.0133455 0.0146665 0.0161788 0.011563 1.87446e-05 0.0119355 -0.00141926 -0.00416662 0.0512167 -0.00105554 -0.0329137 0.00461961 -0.0351599 0.0292181 -0.0494881
internal_weight=1840.79 494.329 358.658 1346.46 1220.72 34.8318 1185.89 296.59 1110.97 216.847 74.9132 79.7429 30.4147 125.743 121.024 89.3834 135.67 35.2643 26.317 100.406 8.94725 93.9566 62.0679 3.50472 58.5632 31.6404 6.44962
internal_count=19940 10346 8870 9594 9060 168 8892 6440 8215 4588 677 1852 148 534 513 382 1476 297 214 1179 83 1098 2430 92 2338 131 81
is_linear=0
shrinkage=0.05


Tree=40
num_leaves=28
num_cat=0
split_feature=4 3 4 4 2 2 1 4 1 2 3 4 1 3 3 4 3 4 1 1 2 3 3 1 0 1 4
split_gain=32.8061 8.10188 7.92125 7.89883 5.23742 7.79845 4.99292 4.5732 5.0633 4.2126 4.11543 4.91672 3.43618 3.16144 4.56727 3.01725 2.98334 2.77568 5.06273 2.59681 2.46919 2.43658 2.93184 1.9726 1.95175 0.958821 0.295991
threshold=3.6249226033127298 0.77476462332455609 7.2593531400031539 1.3480381809364734 0.0024427699694097309 0.0025081626701688457 -0.00031517220197763146 6.9627870601898936 0.0037825645749879348 -0.0091980969921011662 0.37045338025448371 13.529590482442769 0.00055992849375918763 0.38822397441877937 0.51511783619535667 2.2985958181456949 0.86656833488924367 2.3781490567940837 -0.00017854903542435793 -0.00058230797045782923 0.0092753874489467387 0.19418818840035776 0.18571092961600949 0.00096142656615849653 82.752094897103902 -0.00043511920878191995 2.2140613604730088
decision_type=2 2 2 2 2 2 2 2 2 2 2 2 2 2 2 2 2 2 2 2 2 2 2 2 2 2 2
left_child=1 3 4 21 7 -6 10 8 -2 -5 -4 -12 -11 20 -15 24 -7 18 -17 -9 -8 22 -1 -19 26 -23 -3
right_child=2 15 6 9 5 16 13 19 -10 12 11 -13 -14 14 -16 17 -18 23 -20 -21 -22 25 -24 -25 -26 -27 -28
leaf_value=-0.019494516179319587 -0.0039458079910911102 -0.051532761235840954 0.059490072532107856 0.047709385185490158 0.091454766055889175 0.0095034166049549999 -0.045154210265960684 -0.00063908230668380554 0.072736733144634511 -0.012413262413100539 -0.0052959467477117139 0.0065607908401589549 0.0014768731905408076 0.034104386495095305 0.0078159505211836625 -0.051859212726075368 -0.0081752895796808733 -0.028950779200546652 0.071646323604702314 -0.036089228288329341 0.008006568287568799 -0.012066540754217113 0.083859789710473684 -0.0012438753906960801 0.0075699840724028876 -0.044496963343668865 -0.033953457858225636
leaf_weight=10.259855613112446 378.12985310703516 16.862110665068037 2.952918365597724 3.5566478185355654 2.6608229726552954 92.617348667234182 4.923629015684126 7.3234799578785923 2.1650119870901099 118.92888431437314 188.09900113195181 163.37909618020058 71.169601306319237 16.979080609977245 613.96472360938787 1.4081375710666182 32.146964486688375 50.064272793009877 2.0201564095914355 17.534437879920006 3.9260118305683136 2.5520202703774002 0.7353331111371525 7.3696006312966338 1.6506683472543944 21.315578328445554 2.7908099107444277
leaf_count=326 4773 629 26 33 25 780 32 87 9 3007 1694 1029 990 82 3203 41 288 1426 54 152 18 110 25 102 36 881 82
internal_value=-0.000179711 -0.0149901 0.00283401 -0.0101485 -0.00208668 0.00675468 0.00546988 -0.00486739 -0.00350926 -0.00620434 0.000709315 0.000215472 -0.00721303 0.00810713 0.00852339 -0.0284555 0.00494829 -0.0227868 0.0209177 -0.0256451 -0.0215702 -0.0320576 -0.0125824 -0.0253956 -0.0446504 -0.0410294 -0.0490364
internal_weight=1837.49 310.684 1526.8 228.518 532.578 127.425 994.224 405.153 380.295 193.655 354.431 351.478 190.098 639.793 630.944 82.1658 124.764 60.8622 3.42829 24.8579 8.84964 34.8628 10.9952 57.4339 21.3036 23.8676 19.6529
internal_count=19940 7742 12198 5372 6114 1093 6084 5021 4782 4030 2749 2723 3997 3335 3285 2370 1068 1623 95 239 50 1342 351 1528 747 991 711
is_linear=0
shrinkage=0.05


Tree=41
num_leaves=31
num_cat=0
split_feature=4 3 4 4 0 0 3 2 2 0 0 1 4 2 4 0 3 0 1 2 3 0 4 0 0 1 4 3 1 4
split_gain=30.0018 7.7007 7.46868 7.30485 9.24358 10.8505 8.42231 8.3247 7.87031 7.72607 7.35804 5.16648 8.05545 4.39452 5.70694 5.3932 4.13973 4.04757 3.04797 4.11606 2.91466 2.6529 2.56738 2.5773 5.63764 3.31258 2.2038 1.8593 0.00064163 0.000136716
threshold=3.6249226033127298 0.76983201552672631 1.4523330347352019 6.3719487233654659 40.788297319073159 44.229908845135135 1.7218028886166559 -0.00070285460153685076 0.0009751375862933066 30.737691193251369 11.327791048878732 -0.0025598407673412256 15.124019252015509 -0.0016542166552384605 1.9063513626964335 44.422137106712604 0.87139147366205683 54.355240878274458 0.0046023778485585485 -0.00044898077642013806 0.29510978338320432 70.559804880815008 1.9548016569715057 62.119683534842146 65.0845242376394 0.0015888999911236603 12.513466666199223 0.73558772871351963 0.00076567360544088647 1.7605930107891934
decision_type=2 2 2 2 2 2 2 2 2 2 2 2 2 2 2 2 2 2 2 2 2 2 2 2 2 2 2 2 2 2
left_child=1 2 20 4 6 7 10 -6 -7 -8 -2 12 16 14 -4 -15 -5 -14 19 -13 21 -1 28 25 -25 -24 -20 -22 29 -3
right_child=3 22 13 11 5 8 9 -9 -10 -11 -12 18 17 15 -16 -17 -18 -19 26 -21 27 -23 23 24 -26 -27 -28 -29 -30 -31
leaf_value=-0.0074717456017542472 0.066185513611353414 -0.051079827002537548 -0.043225807056416099 0.00086054967240773838 0.055991838903729399 -0.011809477043734641 0.14700992667508858 0.00092883485862587083 0.0050221130397262136 -0.017173996740902777 -0.021075497294311789 0.009380119883544839 0.0020421542304889643 -0.030291947657006681 0.018890077836690555 -0.0048957206255893226 -0.030828801918357934 0.045379957307368053 0.031952376553830569 0.002524230856030939 -0.045938001298448536 -0.052856360708341599 -0.033497072035665855 0.034980256345693531 -0.023185495309872822 0.074431417295082236 0.011141623002100667 0.055529142587245887 -0.052584332833096048 -0.051476016881106534
leaf_weight=16.515279708430175 2.4798139594495288 5.2993479687720502 4.2371456231921902 15.014204178005455 15.179290212690832 115.128408677876 1.4907428249716752 12.530620150268076 175.05188022553921 1.379692520946264 93.590474385768175 360.16432403773069 66.114704668521881 25.023285504430532 29.047437820583582 127.01812256686389 32.864224992692471 5.8656520321965209 16.442010566592216 558.26036899536848 18.601629437878731 3.9997100327163926 43.61150568164885 5.138514161109927 22.007536834105849 0.72272338718175788 56.219439506530762 0.46271175518631835 0.98902505263686258 3.6962551195174456
leaf_count=581 32 261 113 173 186 1535 23 180 1816 24 1304 2433 438 667 482 2525 339 36 67 3377 834 119 1318 127 535 5 235 15 23 137
internal_value=-0.000174476 -0.0144546 -0.00968377 0.00268917 -0.00295515 0.00119878 -0.0163015 0.031092 -0.00165578 0.0680939 -0.0188231 0.00480695 -0.00499792 -0.00547303 0.0109827 -0.00907548 -0.0208913 0.00557374 0.00599272 0.0052128 -0.0294001 -0.0163202 -0.0276259 -0.0243084 -0.0121752 -0.0317377 0.0158507 -0.0434753 -0.0513755 -0.0512426
internal_weight=1834.15 306.37 224.905 1527.78 416.831 317.89 98.9407 27.7099 290.18 2.87044 96.0703 1110.94 119.859 185.326 33.2846 152.041 47.8784 71.9804 991.086 918.425 39.5793 20.515 81.4649 71.4803 27.1461 44.3342 72.6615 19.0643 9.98463 8.9956
internal_count=19940 7742 5336 12198 5100 3717 1383 366 3351 47 1336 7098 986 3787 595 3192 512 474 6112 5810 1549 700 2406 1985 662 1323 302 849 421 398
is_linear=0
shrinkage=0.05


Tree=42
num_leaves=31
num_cat=0
split_feature=4 4 1 3 1 2 4 0 3 1 0 3 0 3 0 1 4 3 3 3 4 2 4 4 1 1 4 1 0 4
split_gain=27.6359 8.07526 7.20896 6.32217 6.18973 7.8846 5.74864 6.28432 6.09171 5.69652 4.8118 4.20327 9.47718 4.82475 3.69494 3.12015 4.3841 2.51687 2.49713 4.64923 2.00406 1.97496 1.6442 2.80335 5.12799 1.4244 0.32998 0.00829106 0.00118371 0.000153344
threshold=3.1291788864690364 6.3719487233654659 0.00029589512765215714 0.89647575475863461 0.00032519027741750867 0.0016279312299087858 1.3480381809364734 74.915259864602447 0.83639248267624189 0.0013901468532704355 16.942945068981 1.6949297900664551 30.737691193251369 1.2110258206022266 40.788297319073159 0.0046023778485585485 30.46459279869983 0.24698287222071422 0.80524386561159944 1.1981369870439715 12.513466666199223 0.0045402414581885439 2.2985958181456949 2.5123431151936186 0.00025858852219096123 0.00096142656615849653 1.1449267494582545 -0.0014170211574265899 78.881313474917889 1.7071699481283129
decision_type=2 2 2 2 2 2 2 2 2 2 2 2 2 2 2 2 2 2 2 2 2 2 2 2 2 2 2 2 2 2
left_child=3 2 11 6 5 -4 17 9 -9 -8 18 13 -13 -2 -6 16 -12 21 27 -20 -17 -1 28 24 -24 -25 -19 -3 29 -5
right_child=1 10 4 22 14 -7 7 8 -10 -11 15 12 -14 -15 -16 20 -18 26 19 -21 -22 -23 23 25 -26 -27 -28 -29 -30 -31
leaf_value=-0.020663223590939403 -0.0071159127706816143 -0.054093954635808107 0.1064657507639742 -0.050958237650096327 -0.016064237434912716 -0.026008230208875771 -0.016582560094232042 0.0086216375428486789 0.1289025434304289 0.013582625593711076 0.0037034093519722915 0.11975807809442551 -0.0034723623231727296 -0.025271709766622748 0.0038599248002919536 0.030422602618333162 0.021692951546908437 -0.037965022998635307 0.022787958994729744 -0.028237407952793399 0.010564694332158613 0.055219090093039269 -0.026554685979060418 -0.042417728167510514 0.082282791361237589 0.0062055946006977607 -0.051323875229768327 -0.058938900008180632 -0.052857762542444647 -0.051478406269639246
leaf_weight=13.953101353719827 178.52285459451377 2.0260185301303868 3.1100812628865233 1.7309209574013928 26.143885836005211 1.7581620365381239 129.74108061566949 24.943317983299497 1.099035883322357 17.797825939953327 981.75639933720231 2.0077787600457651 6.9990532770752907 46.025674687698483 211.64944886416197 16.406247839331627 35.077346816658974 11.306708268821241 6.7604485675692585 13.143598902970551 56.322330161929131 0.91360958665609437 3.9689175337553051 16.067174520343546 1.4880105350166557 1.6619999781250943 7.8195807281881562 1.565205499529841 1.5895658880472172 7.8082042671740055
leaf_count=480 2801 30 49 94 289 26 3404 401 25 147 6395 30 123 833 2213 67 166 535 65 126 235 24 123 498 40 26 358 14 35 288
internal_value=-0.000170816 0.00222554 -0.00322331 -0.0159155 0.00281198 0.0586229 -0.0126289 -0.00894669 0.0136977 -0.0129437 0.00455681 -0.00949392 0.0239978 -0.0108373 0.00166939 0.00503957 0.00432399 -0.0314317 -0.0178304 -0.0109065 0.0150443 -0.016 -0.0357966 -0.0282141 0.00312342 -0.0378596 -0.0434266 -0.0562056 -0.0515945 -0.051384
internal_weight=1831.16 1589.27 476.217 241.889 242.662 4.86824 207.574 173.581 26.0424 147.539 1113.06 233.555 9.00683 224.549 237.793 1089.56 1016.83 33.993 23.4953 19.904 72.7286 14.8667 34.3148 23.1861 5.45693 17.7292 19.1263 3.59122 11.1287 9.53913
internal_count=19940 13462 6364 6478 2577 75 5374 3977 426 3551 7098 3787 153 3634 2502 6863 6561 1397 235 191 302 504 1104 687 163 524 893 44 417 382
is_linear=0
shrinkage=0.05


Tree=43
num_leaves=31
num_cat=0
split_feature=4 4 1 3 4 0 4 1 1 4 3 4 3 0 0 3 3 3 4 3 1 0 4 4 1 1 3 4 0 4
split_gain=25.3168 7.30591 8.68598 6.07319 5.46211 5.71225 5.57635 5.25369 4.36852 6.89717 4.97871 4.29087 4.00404 3.496 2.98332 9.17642 4.86636 2.5972 4.84649 2.48405 2.32977 2.01804 1.65714 2.68177 4.37787 1.37975 0.692006 0.338452 0.00101485 0.000131544
threshold=3.1291788864690364 6.0327696162321391 0.00022566877546270628 0.89647575475863461 1.3480381809364734 74.915259864602447 2.0618649347840248 -0.00063012380326737938 -0.0025598407673412256 15.124019252015509 0.87139147366205683 5.872583465814933 1.2110258206022266 54.355240878274458 30.737691193251369 0.73558772871351963 0.54615404088349173 1.5653794023603507 5.3082970886184988 0.24698287222071422 0.0042805585062242199 70.27930063463414 2.2985958181456949 2.5123431151936186 0.00025858852219096123 0.00096142656615849653 1.0692052029862802 1.1449267494582545 78.881313474917889 1.7071699481283129
decision_type=2 2 2 2 2 2 2 2 2 2 2 2 2 2 2 2 2 2 2 2 2 2 2 2 2 2 2 2 2 2
left_child=3 2 11 4 19 7 -7 -6 9 10 -3 12 -2 -11 15 -10 -16 20 -19 21 -4 -1 28 24 -24 -25 -13 -21 29 -5
right_child=1 8 17 22 5 6 -8 -9 14 13 -12 26 -14 -15 16 -17 -18 18 -20 27 -22 -23 23 25 -26 -27 -28 -29 -30 -31
leaf_value=-0.0062563773760009435 -0.005710365064334374 0.0034611804608392425 0.0036261830304887381 -0.050910638829779323 0.011024464598868161 0.044605309548696105 -0.0038140487660675961 -0.01629165055255687 -0.021233433021867157 0.0016530849116682162 -0.030525692699965336 -0.054987574089836247 -0.023492294616743851 0.041404942947376865 0.018409975511709024 0.022051105789355929 0.0035089713192684802 -0.053579934551930788 0.018937613583407113 -0.037430882407134811 0.052624335504875747 -0.052947096583201236 -0.025876658355493184 -0.04196784114610505 0.072349391934466184 0.0058633514600598879 -0.027217106252021936 -0.051258583944244276 -0.052712192999095353 -0.05140436525387463
leaf_weight=11.772929346188901 144.45018803142011 16.053924683481455 218.0056189801544 1.6480036154389361 20.479896588250995 9.065099664032461 17.284108713269234 125.26979181356728 14.922201279550789 66.370709910988808 32.772121474146843 5.7615721523761732 40.543287724256516 6.0337270870804778 58.331441290676594 68.241622135043144 902.86025512963533 5.4000652041286212 4.0185429230332375 10.904899550601842 2.4533220827579489 2.8804618921130887 3.8717685025185373 15.443301117047669 1.6044229492545126 1.6708262264728535 3.6736063435673714 7.4474506042897692 1.516112009063362 7.4378218576312065
leaf_count=416 2401 186 2421 94 516 170 256 3035 119 438 348 72 801 36 357 526 5556 95 46 535 10 88 123 498 40 26 50 358 35 288
internal_value=-0.000166495 0.00211143 -0.00350624 -0.0153646 -0.0121535 -0.0085802 0.012844 -0.0124533 0.00415642 -0.00482786 -0.0193509 -0.011285 -0.00960746 0.00496575 0.00519933 0.0142845 0.00441326 0.00307294 -0.0226396 -0.0307854 0.00417145 -0.0154345 -0.0352067 -0.0275532 0.00290176 -0.0372982 -0.0441751 -0.0430422 -0.0515146 -0.0513148
internal_weight=1828.19 1589.89 424.306 238.297 205.105 172.099 26.3492 145.75 1165.59 121.23 48.826 194.429 184.993 72.4044 1044.36 83.1638 961.192 229.878 9.41861 33.0057 220.459 14.6534 33.1923 22.5903 5.47619 17.1141 9.43518 18.3524 10.6019 9.08583
internal_count=19940 13462 5896 6478 5374 3977 426 3551 7566 1008 534 3324 3202 474 6558 645 5913 2572 141 1397 2431 504 1104 687 163 524 122 893 417 382
is_linear=0
shrinkage=0.05


Tree=44
num_leaves=31
num_cat=0
split_feature=4 4 3 4 0 1 4 1 1 4 4 0 2 0 3 4 3 2 2 3 0 3 0 4 4 1 1 4 0 4
split_gain=23.1684 6.85747 5.83161 5.1864 5.18849 5.35602 4.80354 4.60394 3.99342 4.42494 4.20182 3.85815 10.8041 5.54557 3.51678 5.33383 4.69271 3.39553 4.69019 3.22328 2.93305 2.44906 1.95204 1.66857 2.56394 3.95632 1.3359 0.346995 0.000870248 0.000112866
threshold=3.1291788864690364 8.218237064890884 0.89647575475863461 1.3480381809364734 74.915259864602447 0.0013901468532704355 2.0618649347840248 0.0017734231999086971 -0.0009712136349491195 9.3674400984985926 8.4009948412042768 49.412505700312146 0.0010690675492843751 48.587521959537007 1.3171029939928336 7.1005929996493178 0.907563173150711 0.0069101748454205589 0.0058258160547801649 1.1095363567226688 87.745840056225688 0.24698287222071422 70.27930063463414 2.2985958181456949 2.5123431151936186 6.0934724098959954e-05 0.00096142656615849653 1.1449267494582545 78.881313474917889 1.7071699481283129
decision_type=2 2 2 2 2 2 2 2 2 2 2 2 2 2 2 2 2 2 2 2 2 2 2 2 2 2 2 2 2 2
left_child=2 7 3 21 5 -5 -6 17 9 10 -3 13 -13 -10 16 -16 -9 18 -2 -11 -19 22 -1 28 25 -25 -26 -23 29 -4
right_child=1 8 23 4 6 -7 -8 14 11 19 -12 12 -14 -15 15 -17 -18 20 -20 -21 -22 27 -24 24 26 -27 -28 -29 -30 -31
leaf_value=-0.005978005693365266 -0.0035274204647934657 0.033038710694063535 -0.050865437263706709 -0.015576548860387505 0.040786750121477588 0.013741407164683174 -0.0036347267572663447 0.010435920504823948 0.010253696636348508 0.011344913771558635 -0.033182157222151364 -0.011854833143713541 0.0081431665124670396 0.043370964202332433 -0.00073496146861560402 0.088464375120885855 -0.016127414909876372 0.025553664660816929 -0.037941935984743852 -0.0023286393416386613 -0.029501295086346808 -0.036887351834234597 -0.052813307559834946 -0.035242909549698595 -0.041509578299670308 0.050158080252426365 0.0055416750424834745 -0.051196550871087501 -0.052574340242519328 -0.051334123185950264
leaf_weight=11.706821374595163 563.04498345218599 2.8022209033370045 1.5689873490482549 126.42368716001511 9.4087590612471121 17.767459698021412 17.231376431882381 86.608183391392231 214.10297407954931 59.327622253447771 16.502156566828489 84.508413180708885 336.35453690588474 13.434039600193499 3.4454284310340872 3.2632455378770828 20.576529197394848 16.196108069270853 10.077463220804928 157.56875159963965 2.8439645171165457 10.522069295868279 2.7467460986226788 3.0522270500659969 14.848236858844759 2.4404842555522919 1.6792008019983757 7.0926014371216288 1.4458562918007363 7.0845116451382637
leaf_count=416 7416 29 94 3404 170 147 256 459 1122 481 228 452 1659 69 28 19 133 135 101 1108 23 535 88 101 498 62 26 358 35 288
internal_value=-0.000162138 0.00200292 -0.0148157 -0.011682 -0.00821848 -0.0119639 0.012054 -0.00167175 0.0049359 -0.000630182 -0.0235695 0.00696353 0.00412761 0.012209 0.00753458 0.0426535 0.00533649 -0.00344244 -0.00413255 0.00141148 0.0173303 -0.0301325 -0.0148786 -0.0346113 -0.0268935 0.00270188 -0.0367291 -0.042649 -0.0514389 -0.0512491
internal_weight=1825.68 1590.66 235.019 202.9 170.831 144.191 26.6401 706.056 884.601 236.201 19.3044 648.4 420.863 227.537 113.893 6.70867 107.185 592.163 573.122 216.896 19.0401 32.0682 14.4536 32.1195 22.0201 5.49271 16.5274 17.6147 10.0994 8.6535
internal_count=19940 13462 6478 5374 3977 3551 426 8314 5148 1846 257 3302 2111 1191 639 47 592 7675 7517 1589 158 1397 504 1104 687 163 524 893 417 382
is_linear=0
shrinkage=0.05


Tree=45
num_leaves=30
num_cat=0
split_feature=4 4 3 4 0 2 3 1 0 1 1 3 3 0 3 4 3 4 2 0 1 4 1 4 4 1 1 0 4
split_gain=21.2072 6.17684 5.58734 4.91433 4.71728 5.06122 4.71732 4.1509 3.73467 3.39156 3.94851 3.3488 5.53753 4.05758 3.07052 5.26903 4.24087 2.45465 2.43183 9.2043 2.502 1.98884 1.98602 1.67851 2.44956 3.51536 1.29282 0.000746395 9.68523e-05
threshold=3.1291788864690364 8.218237064890884 0.89647575475863461 1.3480381809364734 74.915259864602447 -0.0091980969921011662 0.83639248267624189 0.0017734231999086971 22.317726538714336 0.0014634769154316942 0.001150269008456384 0.5574775101395214 0.46174490677844521 29.272557548471003 1.3171029939928336 7.2593531400031539 0.907563173150711 7.9720841088698959 0.0028225065307374568 70.27930063463414 -0.00043511920878191995 8.7516721802854907 -0.0043359573631429607 2.2985958181456949 2.5123431151936186 6.0934724098959954e-05 0.00096142656615849653 78.881313474917889 1.7071699481283129
decision_type=2 2 2 2 2 2 2 2 2 2 2 2 2 2 2 2 2 2 2 2 2 2 2 2 2 2 2 2 2
left_child=2 7 3 18 5 -5 -6 9 21 10 -2 12 -10 -13 16 -16 -9 -11 20 -20 -1 -3 -23 27 25 -25 -26 28 -4
right_child=1 8 23 4 6 -7 -8 14 11 17 -12 13 -14 -15 15 -17 -18 -19 19 -21 -22 22 -24 24 26 -27 -28 -29 -30
leaf_value=0.0052636649527467768 -0.0036596577969974053 -0.056869613205158348 -0.050822523208991756 0.061834603819191085 0.0066964797179991584 -0.012711065446439705 0.10604219347348083 0.0098698477301984566 -0.00063367888253303953 -0.014824860965686779 0.011165199544455294 0.018314296345498773 0.041268923735536617 0.0038337913173785657 0.0028623542498762301 0.091856893883781834 -0.015465060543241323 -0.065940827931680046 0.12747500507354884 -0.053312121478476686 -0.039710604253568753 -0.022929282924216476 0.0013128288508689372 -0.03463601676576409 -0.041042661354069226 0.045466337020229224 0.0052391426433287935 -0.052443766257272512 -0.05126747963574646
leaf_weight=3.536890519782907 507.49170791730285 2.1905430555343619 1.4936954285949484 2.3145086020231238 25.660089774057273 140.2483047619462 1.2532767876982678 86.98669970780611 15.038342334330084 31.206606332212687 49.276169378310442 51.644152615219355 16.574300680309534 764.70866870135069 4.0341760590672484 2.8298990428447723 20.389781974256039 2.5397853106260291 1.1127118654549115 1.9169090203940866 24.608056898228824 13.536966525018213 22.476106077432632 2.9529609121382263 14.280734200030563 2.5545804034918547 1.6871473193168629 1.3786788843572129 6.7475350983440876
leaf_count=159 6977 26 94 21 401 3530 25 459 83 256 428 357 87 4297 32 15 133 14 31 54 1153 114 184 101 498 62 26 35 288
internal_value=-0.000157595 0.00190085 -0.0142887 -0.0112324 -0.00787636 -0.0115008 0.0113227 -0.00159271 0.00467921 -0.00328049 -0.0023476 0.00536818 0.0213356 0.00474986 0.00713152 0.0395527 0.00505899 -0.0186719 -0.0294771 0.0130869 -0.0340588 -0.0106132 -0.00779955 -0.0340102 -0.0262352 0.00251811 -0.0361526 -0.051367 -0.0511868
internal_weight=1822.67 1590.92 231.746 200.651 169.476 142.563 26.9134 704.755 886.169 590.514 556.768 847.965 31.6126 816.353 114.241 6.86408 107.376 33.7464 31.1746 3.02962 28.1449 38.2036 36.0131 31.0953 21.4754 5.50754 15.9679 9.61991 8.24123
internal_count=19940 13462 6478 5374 3977 3551 426 8314 5148 7675 7405 4824 170 4654 639 47 592 270 1397 85 1312 324 298 1104 687 163 524 417 382
is_linear=0
shrinkage=0.05


Tree=46
num_leaves=28
num_cat=0
split_feature=4 1 2 3 1 1 0 1 4 1 3 3 4 3 3 1 3 2 3 4 4 3 4 3 3 0 0
split_gain=19.4517 6.94002 6.85112 9.67187 4.70128 5.00707 11.404 4.66134 4.253 8.53201 6.92103 6.31079 6.22503 5.68217 4.42311 4.1679 6.14888 4.47987 4.14677 3.13502 4.79711 3.1115 2.3887 2.48532 2.52001 1.82626 1.37349
threshold=4.0518856121374736 7.7537717201425785e-05 0.0033223546368336136 0.6363519360437081 -0.00012991634291498186 -0.00014659050112797442 52.05477977320318 0.0022650714924402631 15.124019252015509 -0.0031135142166399117 1.7218028886166559 1.7061439784339341 44.901266122112666 0.7952082189993489 1.9532699661268853 0.0013901468532704355 0.51511783619535667 -0.0016970048263073021 0.33820191062423133 3.6586933941798749 3.7530971669532294 1.0053317168152984 4.6458856494646339 0.44188622282073192 0.48339877322921887 19.05939198672846 53.431371814476613
decision_type=2 2 2 2 2 2 2 2 2 2 2 2 2 2 2 2 2 2 2 2 2 2 2 2 2 2 2
left_child=1 4 15 18 5 21 -7 8 9 13 12 -11 -10 -2 -12 17 -17 -3 -4 25 -21 -1 -9 26 -25 -6 -24
right_child=7 2 3 -5 19 6 -8 22 10 11 14 -13 -14 -15 -16 16 -18 -19 -20 20 -22 -23 23 24 -26 -27 -28
leaf_value=-0.010919511330173529 0.0029235643088745002 0.014668510948381404 0.02700678713858768 0.10082203535929933 0.063205509433372511 -0.051717504626586065 0.21785657070543829 0.035305723331486204 -0.00055857265543315764 0.0016448885151486067 0.029005601139994182 -0.013451631831921128 0.066902776377098988 -0.041263092207280215 0.0016647898515937364 0.024443485603938768 -0.020047396592722443 -0.015263108911714569 -0.01334923869916106 0.076332424959434042 -0.027531593790479838 -0.033259318087882218 -0.038343971539731292 0.042378783539100941 0.0075934741948070431 -0.04019277754078307 -0.0032619885610851449
leaf_weight=90.756592471152544 11.181030724197624 13.909229559823869 13.397450037300592 3.1403129622340193 0.43239699304103751 0.83437723852693924 0.74050626624375582 7.7920127585530272 138.963817961514 856.00627005472779 47.12767781317234 75.317073486745358 3.505838379263877 20.830023799091578 21.559957683086395 20.465494018048048 12.514916006475685 123.47487426456064 12.127743825316427 1.5473590679466713 3.9485479667782784 18.818506112322211 4.0193507969379416 5.3093768507242194 268.83256909251213 34.513702543452382 9.1213136911392194
leaf_count=2565 141 283 171 39 14 30 23 38 807 7672 242 614 16 243 106 164 116 3319 143 30 78 594 22 23 1207 1200 40
internal_value=-0.000152962 -0.0107349 -0.00459573 0.0180195 -0.0187952 -0.0134839 0.0750355 0.00237177 0.000960299 -0.000448365 0.00738686 0.000424017 0.00110149 -0.0258293 0.0204238 -0.00840096 0.00756075 -0.0122327 0.00783249 -0.0333927 0.00171106 -0.0147562 0.00798987 0.00724898 0.00826717 -0.0389134 -0.0139926
internal_weight=1820.19 350.622 199.03 28.6655 151.592 111.15 1.57488 1469.57 1174.49 963.334 211.157 931.323 142.47 32.0111 68.6876 170.365 32.9804 137.384 25.5252 40.442 5.49591 109.575 295.075 287.283 274.142 34.9461 13.1407
internal_count=19940 8769 4235 353 4534 3212 53 11171 9841 8670 1171 8286 823 384 348 3882 280 3602 314 1322 108 3159 1330 1292 1230 1214 62
is_linear=0
shrinkage=0.05


Tree=47
num_leaves=31
num_cat=0
split_feature=4 4 1 3 4 1 4 1 3 1 0 0 1 3 3 3 1 4 4 0 4 2 0 0 3 3 1 3 2 1
split_gain=18.0627 5.36996 6.76307 5.3085 5.48269 5.23705 8.09797 4.25337 7.08831 5.02386 3.97955 3.73985 5.80609 3.36238 3.32836 4.03729 3.29216 3.22438 3.11558 3.05271 4.23673 2.83812 2.74832 2.57275 2.54368 4.11091 1.04974 0.448109 0.447357 0.00734935
threshold=3.1291788864690364 6.254504105166955 0.00029589512765215714 0.7053693643933755 1.4523330347352019 0.00032519027741750867 3.9537886936664735 -0.00063012380326737938 0.66981276461679384 0.00055992849375918763 16.942945068981 75.244205533600294 0.00053862366607604361 0.29510978338320432 0.27177681228135631 0.41264531673538707 0.00025858852219096123 3.1856681719231283 2.2140613604730088 72.261496449686902 4.4545690933570734 0.0069101748454205589 66.648154844241802 70.559804880815008 0.80524386561159944 1.1981369870439715 0.0010232433864094672 0.73018734461161505 0.00060052889523276598 -0.0012288181263157003
decision_type=2 2 2 2 2 2 2 2 2 2 2 2 2 2 2 2 2 2 2 2 2 2 2 2 2 2 2 2 2 2
left_child=3 2 19 4 13 6 -4 8 -6 -9 24 18 16 23 -12 -16 -13 -7 27 21 -21 -2 -20 -1 29 -26 -14 -5 -15 -3
right_child=1 10 5 11 7 17 -8 9 -10 -11 14 12 26 28 15 -17 -18 -19 22 20 -22 -23 -24 -25 25 -27 -28 -29 -30 -31
leaf_value=-0.0039171945725312183 -0.0081423375077032695 -0.053828472689232888 0.15259510770266221 -0.025693115306180066 0.011332683408215534 0.050750928490001103 0.013249616343701007 -0.017030427465395917 0.14913942565052429 0.0040103984173345498 0.041235181310049288 0.0014973543800149561 -0.052406873911969513 -0.050932118442724855 -0.020156610967678717 0.004169162999874073 0.093244570844444791 0.0011868449612494306 -0.016038548382051744 0.0013275243166546006 -0.055689513163135612 0.068609569417257502 -0.052431467390625125 -0.052438600302575411 0.021256298880391128 -0.02680533593075618 -0.00491926481293778 -0.051272035995175894 -0.032938373964786147 -0.058410826491889313
leaf_weight=15.336401617154481 203.81422660686076 2.0311252251267438 1.4602652490138996 1.9288243791088486 15.642475413158536 3.3295642118901005 3.6455734148621559 62.658673699945211 0.99232445284724313 51.841374225914478 5.9660305529832831 1.865822179242967 2.7781096324324608 9.5070935478433949 17.327572785317898 1091.3978538736701 2.0543001294136047 226.56222090870142 29.331043971702456 5.5293546821922046 7.9316814094781876 1.2116202414035786 6.3023495171219102 3.3240710720419875 6.8658539950847652 12.640338748693464 2.0026680044829845 15.246945350430904 5.4254867406561962 1.5372545719146753
leaf_count=581 3471 32 30 74 375 61 45 1739 24 712 33 57 68 568 116 6867 52 2380 951 112 93 16 184 119 66 126 27 702 245 14
internal_value=-0.000149283 0.0017302 -0.00287058 -0.0133687 -0.00868852 0.00301707 0.0531023 -0.00407164 0.0195533 -0.00750392 0.00356396 -0.0259025 0.00447108 -0.0267111 0.00398941 0.00378899 0.0495765 0.00190469 -0.0309069 -0.00920315 -0.0322688 -0.00768876 -0.0224752 -0.0125605 -0.0169889 -0.00988844 -0.0325143 -0.0483995 -0.0443944 -0.0558025
internal_weight=1817.49 1591.25 453.485 226.238 164.728 234.998 5.10584 131.135 16.6348 114.5 1137.77 61.5101 8.7009 33.5931 1114.69 1108.73 3.92012 229.892 52.8092 218.487 13.461 205.026 35.6334 18.6605 23.0746 19.5062 4.78078 17.1758 14.9326 3.56838
internal_count=19940 13462 6208 6478 4363 2516 75 2850 399 2451 7254 2115 204 1513 7016 6983 109 2441 1911 3692 205 3487 1135 700 238 192 95 776 813 46
is_linear=0
shrinkage=0.05


Tree=48
num_leaves=27
num_cat=0
split_feature=4 1 4 0 4 2 0 0 0 0 3 0 3 3 0 4 1 0 3 4 3 2 0 1 0 1
split_gain=16.5304 6.90561 6.11387 3.96287 4.10626 3.84871 10.1326 8.33169 8.18694 8.24183 7.31532 6.86723 6.31062 5.58585 4.78818 4.41825 4.0812 3.56389 3.85636 3.30684 2.41389 2.15396 4.50017 1.88615 1.72297 0.903818
threshold=4.6048481453837287 0.00080762545967738586 1.7907461842551071 78.338198214862658 3.0128944980873649 0.0010690675492843751 49.412505700312146 49.258052626900017 65.633153117771812 66.112416033270506 0.49313938253670103 52.663767333766309 0.79017907246819952 0.46174490677844521 64.142437484269408 30.46459279869983 -0.00025397618267236627 20.023483922138954 0.11025793356640286 4.5363055338481155 1.3723809332037233 0.00085600216844883292 54.699872526268372 -0.00043511920878191995 55.817305802435833 0.00091587816617555451
decision_type=2 2 2 2 2 2 2 2 2 2 2 2 2 2 2 2 2 2 2 2 2 2 2 2 2 2
left_child=1 2 21 19 -5 6 7 10 11 25 -2 16 -11 24 -15 -13 -7 -3 -19 -4 -20 23 -23 -1 -8 -10
right_child=5 17 3 4 -6 8 13 -9 9 12 -12 15 -14 14 -16 -17 -18 18 20 -21 -22 22 -24 -25 -26 -27
leaf_value=-0.011330949929500858 -0.021684403799145484 0.073434342765053257 -0.010241225448975084 0.035262726632640726 -0.015792563323804545 -0.036661499177339595 0.063702234906445068 0.071619475031938162 -0.026760098897251478 0.013264222583940744 0.004122493528466881 0.013386692137517068 -0.0025540418073787523 -0.0093739879053174862 -0.042913837198886848 0.045517019503943615 0.0025685838319586454 -0.065819013426692718 0.0024051094420823402 -0.04595018920321324 -0.053530288923116877 0.047388117858029058 -0.024812373744839765 -0.041793005204167157 0.0092521819722500218 -0.060390890721117654
leaf_weight=6.2567538954317561 28.860504016280174 1.6878006830811489 230.94867040403187 9.5765428766608256 6.6890833321958771 9.9684456586837786 3.106077052652835 4.4398381896316996 3.1596794053912145 85.403115421533585 565.9006801918149 225.0000372454524 240.91035790368915 171.00627592951059 11.347244530916212 11.233607172966002 19.793527401983738 2.1675204411149016 116.64545902982354 6.6706037744879714 1.9612188562750805 2.5217492040246752 14.96953268162906 27.054615684784949 2.7296135611832142 5.4327505826950073
leaf_count=283 261 9 5734 168 129 82 24 34 29 528 4486 1470 1425 1326 98 49 120 16 1321 114 33 82 574 1491 23 31
internal_value=-0.000145707 -0.00874713 -0.0127776 -0.0096093 0.0142667 0.00250078 0.000200958 0.00337963 0.00551435 0.000313129 0.00287023 0.012063 0.00158593 -0.00992005 -0.0114611 0.0149146 -0.0105711 0.00128072 0.00027238 -0.0112437 0.00148019 -0.0286111 -0.0144031 -0.0360714 0.0382335 -0.0480239
internal_weight=1815.44 427.15 304.688 253.885 16.2656 1388.29 787.39 599.201 600.902 334.906 594.761 265.996 326.313 188.189 182.354 236.234 29.762 122.462 120.774 237.619 118.607 50.8027 17.4913 33.3114 5.83569 8.59243
internal_count=19940 9954 8575 6145 297 9986 6252 4781 3734 2013 4747 1721 1953 1471 1424 1519 202 1379 1370 5848 1354 2430 656 1774 47 60
is_linear=0
shrinkage=0.05


Tree=49
num_leaves=31
num_cat=0
split_feature=4 3 1 4 1 3 3 3 4 1 1 2 1 3 1 2 1 1 3 3 3 2 3 4 4 1 3 0 0 4
split_gain=15.4477 5.18444 4.70471 4.77302 6.86834 6.07966 5.32321 5.16553 5.16032 4.51771 6.93321 5.30009 5.30141 5.25939 4.56984 4.41832 3.72486 3.54721 3.54118 5.03301 4.11788 3.37136 5.24793 1.74263 2.43186 3.14258 1.47939 1.30831 0.000733904 7.27667e-05
threshold=3.1291788864690364 0.89647575475863461 0.0018762826431356629 15.124019252015509 -0.0031135142166399117 0.7952082189993489 1.7061439784339341 1.7218028886166559 44.901266122112666 -0.00063012380326737938 -0.00068133672391490474 0.0015345839987331857 6.0934724098959954e-05 0.84185301744880314 0.001288595245109492 -0.00049409966297381247 0.0019956842971488036 0.00021640923974752815 1.7355888825418762 1.5336344997962053 1.8268245631140034 0.0029045009575867646 0.6952907973630994 2.2985958181456949 2.5123431151936186 6.0934724098959954e-05 0.85553803168267795 55.095669491814625 78.881313474917889 1.7071699481283129
decision_type=2 2 2 2 2 2 2 2 2 2 2 2 2 2 2 2 2 2 2 2 2 2 2 2 2 2 2 2 2 2
left_child=1 9 3 4 5 -2 -6 8 -5 10 13 14 -13 -1 -11 -12 21 -9 19 -18 -20 22 -4 28 25 -25 -23 -26 29 -3
right_child=2 23 16 7 6 -7 -8 17 -10 11 15 12 -14 -15 -16 -17 18 -19 20 -21 -22 26 -24 24 27 -27 -28 -29 -30 -31
leaf_value=-0.0023019135337730345 0.0045496043133650922 -0.050703917439082397 0.067296180729749772 -0.00011505740650029198 0.00045229799006646278 -0.04068678381917936 -0.013568637445706695 0.025033806181696358 0.060539343490416647 -0.022210570198750831 0.18891561429047912 -0.028075233825696985 0.0091652216975682162 0.12459134106560854 0.0073474270429158203 0.036846710908420337 0.0057763815561618732 -0.0022170022837340055 0.04596914052098796 -0.014235434034665404 0.0081512798465861076 0.021125265804153037 -0.0070131045312247058 -0.032929407463559733 -0.051425640353873425 0.044161831406034961 0.061929527138288545 -0.021445456319657462 -0.052324248744274826 -0.051119137822212883
leaf_weight=19.965728579089053 11.715085528790949 1.2819803357124344 3.0615010261535671 131.73246547579765 906.64059860631824 20.294439803808928 73.157899925485253 50.300432704389095 3.6025461107492438 101.07831097021699 0.82957727462053288 12.417159518226979 41.482698181644082 0.85140040330588718 15.019546050578354 1.1259788125753392 288.15539237856865 15.659414544701574 10.907692179083822 35.264239430427551 21.165565222501755 3.3762088194489461 10.610927917063234 2.7029128298163441 6.5390314888209096 2.5874293800443411 6.4938217774033546 8.2052857149392349 1.3280611392110584 5.9635122800245881
leaf_count=539 149 94 20 771 9538 244 631 261 16 3559 24 341 720 29 128 34 1345 71 47 164 92 19 60 101 255 62 34 269 35 288
internal_value=-0.000141766 -0.0125173 0.00157899 5.97109e-05 -0.00133918 -0.0241308 -0.000594593 0.00709126 0.00149953 -0.00956963 0.0113437 -0.0123712 0.000585966 0.0028879 -0.0183867 0.101357 0.00644144 0.0185642 0.00516589 0.00359438 0.0210126 0.0257023 0.00962607 -0.0323795 -0.0243069 0.0047748 0.0479717 -0.0347415 -0.0512437 -0.0510457
internal_weight=1813.52 221.379 1592.14 1213.1 1011.81 32.0095 979.798 201.295 135.335 192.77 22.7727 169.998 53.8999 20.8171 116.098 1.95556 379.035 65.9598 355.493 323.42 32.0733 23.5425 13.6724 28.6082 20.0347 5.29034 9.87003 14.7443 8.57355 7.24549
internal_count=19940 6478 13462 11681 10562 393 10169 1119 787 5374 626 4748 1061 568 3687 58 1781 332 1648 1509 139 133 80 1104 687 163 53 524 417 382
is_linear=0
shrinkage=0.05


Tree=50
num_leaves=28
num_cat=0
split_feature=4 3 4 1 4 3 3 1 4 3 3 0 1 0 3 4 0 1 3 1 2 0 0 1 1 0 2
split_gain=14.1381 6.34972 5.04919 4.70998 6.10319 5.91881 6.38988 3.76914 3.71115 4.05787 5.35898 4.22557 3.98568 3.4221 3.33686 2.54398 2.72176 5.28328 2.5114 2.40694 2.41074 0.571933 3.5336 0.564718 0.000362599 9.80568e-05 7.45569e-05
threshold=3.6249226033127298 0.76983201552672631 1.3480381809364734 -0.00099830831021280298 4.6458856494646339 0.28713368719645699 0.49786626520611504 -0.0024419517785813634 8.4009948412042768 0.54615404088349173 0.46174490677844521 49.412505700312146 -0.00094690904080629845 38.63969821863919 1.2177999039605296 1.9548016569715057 34.168927925695499 -0.00076952809747921058 0.74089005945002395 -0.0017581582343558775 0.0045402414581885439 43.650043708814501 39.042599246802887 -0.00017008973462245833 0.00076567360544088647 77.869255751271183 0.0015651691044047402
decision_type=2 2 2 2 2 2 2 2 2 2 2 2 2 2 2 2 2 2 2 2 2 2 2 2 2 2 2
left_child=1 2 19 4 21 -6 -7 -4 12 10 -10 -11 14 -14 -5 24 23 -18 -9 -1 -21 22 -2 -17 25 -3 -23
right_child=3 15 7 8 5 6 -8 18 9 11 -12 -13 13 -15 -16 16 17 -19 -20 20 -22 26 -24 -25 -26 -27 -28
leaf_value=0.1149553299103816 -0.04580708323168365 -0.050886424864387561 0.063472740580052728 0.065082342400425597 0.091299966154243586 -0.04126410995473595 -0.0013951507873932853 -0.0050145789104116033 0.003917638559263535 0.010632716274545742 0.050824116997444158 0.0019328500291782187 -0.0095016140382169195 0.0014497474925466963 -0.021820742550532169 -0.051542614657993882 0.058748587764607202 -0.019290036955644383 0.027177923797489064 -0.030636317372022145 0.049969536493053968 -0.052620502249559359 0.033848117935739358 -0.017652101924785581 -0.052082089942482458 -0.05151394897118533 -0.053121421082477187
leaf_weight=0.29872189834714191 7.0798749700188619 6.0014530448243013 2.1016122363507739 4.1593298204243174 1.681940060108899 10.404395595192907 294.98593500629067 171.99517040234059 13.073367498815061 215.61371362954378 11.397932708263395 395.75528693199158 83.53000570088625 488.56395770609379 1.5040380097925661 7.3900138325989246 2.2642204388976088 51.476187948137522 6.279427768662571 25.97499960009009 0.96194607950746913 3.1303387060761443 1.7331103608012197 1.4744183607399444 0.79321356303989876 0.69457238353788842 0.97395907714962948
leaf_count=7 143 369 27 55 17 124 2660 3800 67 1108 52 1966 986 4877 21 263 74 1596 171 1306 25 67 37 52 23 29 18
internal_value=-0.000138068 -0.0105189 -0.00612584 0.00174172 -0.00365456 -0.00223829 -0.00275345 -0.0030959 0.00316456 0.0058002 0.0257651 0.00500106 0.000263959 -0.000149233 0.0420032 -0.0235308 -0.0202362 -0.0160021 -0.00388065 -0.0261925 -0.0277578 -0.0373224 -0.0301426 -0.0459056 -0.0510713 -0.0509515 -0.0527394
internal_weight=1811.29 277.706 207.612 1533.59 319.99 307.072 305.39 180.376 1213.6 635.84 24.4713 611.369 577.757 572.094 5.66337 70.0941 62.6048 53.7404 178.275 27.2357 26.9369 12.9173 8.81299 8.86443 7.48924 6.69603 4.1043
internal_count=19940 7742 5336 12198 3066 2801 2784 3998 9132 3193 119 3074 5939 5863 76 2406 1985 1670 3971 1338 1331 265 180 315 421 398 85
is_linear=0
shrinkage=0.05


Tree=51
num_leaves=31
num_cat=0
split_feature=4 3 1 2 1 2 4 4 0 2 1 1 2 3 2 1 4 4 3 3 0 2 0 4 4 1 4 0 0 4
split_gain=13.0014 4.76268 4.15772 6.2377 13.0139 13.0715 9.68264 7.7591 6.31161 5.85326 3.98189 5.66405 4.97247 7.76475 4.5615 4.42044 3.72107 3.84936 5.67661 4.28194 3.06426 1.93045 2.74896 1.7699 2.35859 2.83888 1.71886 1.33137 0.000586167 6.06186e-05
threshold=3.1291788864690364 0.89647575475863461 -0.00046094179560640652 -0.0028366118781384948 -0.0015055102654840666 -0.0029817866447367498 10.411254825505496 8.8423825553605884 41.193101308429753 -0.0019284778025993041 -0.00063012380326737938 -0.00068133672391490474 0.00095296903355790452 0.83639248267624189 -0.0022481464382119727 0.001288595245109492 8.4009948412042768 9.1570358437418431 1.6064300583845952 0.36424285258665118 41.580921401461744 -0.0076584371269242104 30.737691193251369 2.2985958181456949 2.5123431151936186 -0.00016439546113417022 5.1288998867740583 55.095669491814625 78.881313474917889 1.7071699481283129
decision_type=2 2 2 2 2 2 2 2 2 2 2 2 2 2 2 2 2 2 2 2 2 2 2 2 2 2 2 2 2 2
left_child=1 10 3 4 8 -6 7 -5 -2 -8 11 14 15 -14 -1 -12 21 18 -18 -19 -13 26 -23 28 25 -25 -4 -26 29 -3
right_child=2 23 16 6 5 -7 9 -9 -10 -11 12 20 13 -15 -16 -17 17 19 -20 -21 -22 22 -24 24 27 -27 -28 -29 -30 -31
leaf_value=0.047656574569784879 -0.0068146625269969122 -0.050635918609830237 -0.004351531065246622 -0.010077993427178553 0.019462130487495403 0.12800646319679329 -0.017796904287331904 -0.039300998051654823 0.041373735561614278 0.0090681748798305834 -0.023606109751407027 0.15397179805268768 -0.0049263656428289518 0.083666390478195782 -0.0094294886851831686 0.0081723653137658388 0.023102049031095882 -0.04875325624368123 -0.024986704680303867 0.0048825446739513599 0.033643844919539284 0.018698871041556205 -0.00023357746793160593 -0.051314241250627793 -0.051321531475823794 0.029618232116443977 -0.057605260197518063 -0.020196215022773412 -0.052151496983491009 -0.051033411336336147
leaf_weight=4.4475617781281533 117.2315244153142 1.161244348622861 3.4561095274984828 143.50958169437945 51.252875730395317 2.9323453381657592 25.446788430213928 26.985671143978834 7.213184453547 99.759783923625946 79.799074542708695 0.96876604855060522 71.474064625799656 2.5619206503033629 16.413683639839292 12.682225529104469 54.766483999788761 3.748681813478469 6.9112350270152083 505.67462110519409 1.1657988950610159 19.905669163912535 521.0627983417362 1.5381040163338182 6.0792092978954297 3.6662715002894428 2.6981737539172173 7.9007720369845629 1.2314690705388782 5.5114025808870792
leaf_count=91 1071 94 31 2116 441 29 170 253 52 636 2992 25 1582 66 477 108 319 19 48 2413 33 258 5581 62 255 101 25 269 35 288
internal_value=-0.000133981 -0.0116273 0.00142921 -0.00249339 0.0048838 0.0253362 -0.00694986 -0.0147034 -0.00402152 0.00360816 -0.00882417 0.0106788 -0.0115175 -0.00186073 0.00274111 -0.0192482 0.00309311 0.0059162 0.0177135 0.00448786 0.0882543 0.000146286 0.000463068 -0.0312379 -0.0230343 0.0056994 -0.0276991 -0.0337311 -0.0511492 -0.0509642
internal_weight=1809.16 216.602 1592.56 474.332 178.63 54.1852 295.702 170.495 124.445 125.207 189.513 22.9958 166.517 74.036 20.8612 92.4813 1118.22 571.101 61.6777 509.423 2.13456 547.123 540.968 27.0885 19.1844 5.20438 6.15428 13.98 7.90412 6.67265
internal_count=19940 6478 13462 4768 1593 470 3175 2369 1123 806 5374 626 4748 1648 568 3100 8694 2799 367 2432 58 5895 5839 1104 687 163 56 524 417 382
is_linear=0
shrinkage=0.05


Tree=52
num_leaves=25
num_cat=0
split_feature=4 1 3 4 3 1 4 3 4 3 1 4 4 1 0 4 3 2 1 3 3 1 4 1
split_gain=11.9787 7.31834 4.9232 4.27288 4.97736 4.7737 4.43068 3.75371 3.43081 6.96541 3.39539 4.94716 3.1628 3.86904 3.89368 3.01962 2.85124 2.70537 6.18818 2.70535 2.60649 0.897065 0.298885 0.00123938
threshold=5.2176513450466109 0.00018300346405863979 1.5439144343124005 2.2985958181456949 1.2110258206022266 -0.0010449595187709824 2.7184723237138066 0.39977989041944489 3.7530971669532294 0.65062283138616883 -0.0080480908322274041 36.295067432203275 30.46459279869983 0.0037825645749879348 65.0845242376394 6.3719487233654659 1.5439144343124005 -0.0091980969921011662 -0.0035094460250467692 0.27177681228135631 0.53625029197961427 0.00027996917426409423 26.33084368258125 0.00096142656615849653
decision_type=2 2 2 2 2 2 2 2 2 2 2 2 2 2 2 2 2 2 2 2 2 2 2 2
left_child=1 3 8 5 6 7 -5 -1 19 -10 11 22 13 14 -12 -15 -6 -14 -19 -3 -7 -4 -2 -23
right_child=10 2 21 4 16 20 -8 -9 9 -11 12 -13 17 15 -16 -17 -18 18 -20 -21 -22 23 -24 -25
leaf_value=-0.014995825918408527 -0.045120160876811359 0.0082186936476063531 -0.00082055554732674951 0.014542814517083292 -0.038052318242228565 -0.019680336569135828 -0.0092229523457461847 0.07686985231737388 -0.0082644967192284941 0.016357800617026193 0.0029007269573891967 0.0080964438260457319 -0.017061803239826034 0.054599887903887624 -0.0042075988504887652 0.0095833166928036041 -0.0049973991977351646 0.068727166737750617 0.01219939907157714 -0.0084193262551469916 -0.042291911757256273 -0.052824509252053536 -0.067028886601436341 -0.054702615464011464
leaf_weight=2.6130896788090459 3.7926615141332132 30.628918648697436 0.96717175655066867 23.217732593417168 20.894145552068952 29.916813882999122 126.25600172579288 1.9356791898608205 48.569779768586159 70.291990756988525 880.54452347010374 6.3507737517356873 5.4561259299516669 3.860345482826232 246.60048545897007 106.39014284312725 9.4854770693927986 5.6823770105838767 32.716899126768112 120.76024399604648 22.203886500559747 4.1328652631491423 2.6405369490385056 1.1155195236206052
leaf_count=64 34 552 22 629 540 1320 2521 50 452 829 6522 31 27 16 1555 448 229 27 140 2766 1050 87 14 15
internal_value=-0.000131348 -0.00659699 -0.0010732 -0.0130536 -0.00928131 -0.025026 -0.00553142 0.0240966 -6.1323e-05 0.00629654 0.0024318 -0.0232087 0.00268764 0.00221996 0.00134554 0.0111595 -0.0277315 0.0158833 0.0205645 -0.00505314 -0.0293131 -0.0450695 -0.0541127 -0.0532237
internal_weight=1807.02 512.989 276.466 236.523 179.853 56.6695 149.474 4.54877 270.251 118.862 1294.03 12.784 1281.25 1237.4 1127.15 110.25 30.3796 43.8554 38.3993 151.389 52.1207 6.21556 6.4332 5.24838
internal_count=19940 11126 4723 6403 3919 2484 3150 114 4599 1281 8814 79 8735 8541 8077 464 769 194 167 3318 2370 124 48 102
is_linear=0
shrinkage=0.05


Tree=53
num_leaves=31
num_cat=0
split_feature=4 3 4 1 2 1 1 4 4 0 2 3 0 1 1 4 4 4 3 4 1 4 1 0 0 2 3 2 1 3
split_gain=11.0661 4.56637 4.50771 3.71329 5.58013 11.5304 11.4485 8.5859 7.44784 5.45153 5.33553 3.41077 3.40078 5.32812 4.01299 3.14871 3.48045 5.94543 3.85123 3.13496 3.11232 5.3706 3.91867 2.9648 2.732 1.89935 6.71812 5.92391 1.02903 0.493606
threshold=3.1291788864690364 0.7053693643933755 1.4523330347352019 -0.00046094179560640652 -0.0028366118781384948 -0.0015055102654840666 -0.00056449568728034183 10.411254825505496 8.8423825553605884 41.193101308429753 -0.0019284778025993041 0.29510978338320432 75.244205533600294 0.00053862366607604361 0.00046577505782463563 8.4009948412042768 9.2617253876420698 9.5013340029038584 1.6064300583845952 2.2140613604730088 -0.00063012380326737938 2.7667000432947626 0.00055992849375918763 66.648154844241802 70.559804880815008 0.0069101748454205589 0.74089005945002395 0.0058258160547801649 0.0010232433864094672 0.73018734461161505
decision_type=2 2 2 2 2 2 2 2 2 2 2 2 2 2 2 2 2 2 2 2 2 2 2 2 2 2 2 2 2 2
left_child=1 2 11 4 5 9 -7 8 -6 -2 -9 24 19 14 -14 25 18 -18 -17 29 21 -4 -22 -21 -1 27 -27 -5 -15 -3
right_child=3 12 20 15 7 6 -8 10 -10 -11 -12 -13 13 28 -16 16 17 -19 -20 23 22 -23 -24 -25 -26 26 -28 -29 -30 -31
leaf_value=-0.0001151180059057534 -0.0065521369110872005 -0.022689242438558743 0.034040624849506762 0.00028185540379920861 -0.0095161583156088015 0.03248708199907252 -0.034662511733618201 -0.017316381140584505 -0.038506809042292631 0.037624484684236202 0.0083985540553485755 -0.043244121352242308 0.024726289117939688 -0.05221025350543336 0.15553318891080731 0.020049466662032084 -0.023865538995733272 0.0050661901426610582 -0.016928054872825407 -0.012833013619814272 -0.014290243379605133 -0.030057259110005757 0.0046663430701235718 -0.0522860572523463 -0.052403543193700663 0.0015011822284082684 0.058646570554975755 -0.032424513823876872 -0.0040045779806862367 -0.051106494325821067
leaf_weight=14.239485618658369 116.72052570804954 1.73575766570866 12.678005710244181 495.88258936069906 141.85983477160335 47.803206164389849 7.3194105215370646 25.242306128144264 26.2542021907866 7.4279251731932154 100.42313398420811 12.934695854783056 3.241592074744402 2.5339715825393796 0.71581139229238022 62.423314712941647 18.433584593236446 483.92903920263052 7.9367617666721335 26.996336480602622 58.319897975772619 4.4028528034687033 51.192110078409314 5.7816575411707154 3.0295922541990867 30.44155491143465 6.1886886432766905 14.242343641817568 1.9659753218293188 12.774131979793308
leaf_count=581 1071 74 304 5563 2116 408 62 170 253 52 636 813 92 68 17 359 105 2279 56 951 1739 95 712 184 119 189 29 114 27 702
internal_value=-0.0001273 -0.0108435 -0.00647365 0.00130291 -0.00241125 0.0045405 0.0235707 -0.00665337 -0.0140436 -0.00390901 0.00323322 -0.0238298 -0.0231348 0.00606724 0.0483865 0.00287237 0.00546329 0.00400458 0.0158783 -0.0283576 -0.00233264 0.0175184 -0.00542886 -0.0197921 -0.00928831 0.000158407 0.0111559 -0.000631284 -0.0311497 -0.0477071
internal_weight=1805.07 212.542 156.797 1592.53 473.051 179.271 55.1226 293.779 168.114 124.148 125.665 30.2038 55.7452 8.45735 3.9574 1119.48 572.723 502.363 70.3601 47.2879 126.593 17.0809 109.512 32.778 17.2691 546.755 36.6302 510.125 4.49995 14.5099
internal_count=19940 6478 4363 13462 4768 1593 470 3175 2369 1123 806 1513 2115 204 109 8694 2799 2384 415 1911 2850 399 2451 1135 700 5895 218 5677 95 776
is_linear=0
shrinkage=0.05


Tree=54
num_leaves=28
num_cat=0
split_feature=4 3 4 3 2 0 0 2 3 4 1 3 0 0 3 0 4 3 0 4 2 4 1 4 0 4 4
split_gain=10.104 4.34332 3.65757 3.75387 3.56356 9.10068 8.27558 8.15379 6.99113 6.42448 5.97931 6.75286 4.96695 7.7679 7.11256 3.22015 2.40242 2.38585 1.93536 1.76845 2.32382 2.97771 1.09085 0.446272 0.000501901 4.40763e-05 2.37042e-05
threshold=3.1291788864690364 0.89647575475863461 1.3480381809364734 0.8865355554072748 0.0010690675492843751 49.412505700312146 49.258052626900017 0.0010954111561134463 0.49786626520611504 7.42988151931063 0.00063013102346765059 1.8268245631140034 65.633153117771812 52.820862401255802 0.79017907246819952 74.915259864602447 26.33084368258125 0.24698287222071422 70.27930063463414 2.2985958181456949 -0.00024398245744311484 2.5123431151936186 0.00014884708909457259 1.1449267494582545 78.881313474917889 1.9548016569715057 2.5123431151936186
decision_type=2 2 2 2 2 2 2 2 2 2 2 2 2 2 2 2 2 2 2 2 2 2 2 2 2 2 2
left_child=1 2 17 15 5 6 8 9 -2 -6 16 -12 13 -9 -14 -4 -7 18 -1 24 26 -22 -8 -19 25 -3 -21
right_child=4 19 3 -5 7 10 22 12 -10 -11 11 -13 14 -15 -16 -17 -18 23 -20 20 21 -23 -24 -25 -26 -27 -28
leaf_value=-0.00069115456676210961 -0.016409895914073765 -0.050699092274645308 -0.0087485080465592568 0.088583123756539595 0.012295089204923906 -0.015474231612547169 0.08821468988645291 -0.013983997159754675 0.0030751689245572152 0.13323318622413727 -0.0030911467474166151 0.061216061363707566 0.010323393718378621 0.011383116675408171 -0.0045972211645326421 0.010365732489395483 -0.058238570149531502 -0.032343146865939622 -0.052465393642817854 -0.05140329704937581 0.026482580006926076 -0.02570828045216746 0.041341227416359386 -0.050942802686628756 -0.051997503717734532 -0.05097510799093033 -0.05115521828789113
leaf_weight=10.539765810593964 49.704899806529284 2.511919308453801 131.2719245897606 1.066478352062403 2.2294768523424855 124.53513422049582 2.6539204921573392 34.156849153339863 623.41338045708835 2.1639992222189903 99.761839227750897 4.256513036787509 113.14685474708676 259.12367193773389 271.58980220928788 26.479031285271049 3.3731194734573355 8.0809469716623408 2.1779808970168224 1.3222184889018596 3.815695276483889 9.6312695834785682 2.3317904360592365 5.3668286399915806 1.1548347659409044 3.4096256652846932 3.5434406325221062
leaf_count=416 565 195 3518 37 32 1559 22 271 5651 11 723 24 883 1854 1833 422 16 535 88 52 111 362 18 358 35 187 162
internal_value=-0.000124784 -0.0104234 -0.00776182 -0.00490807 0.00123573 -0.000812478 0.00211172 0.00396713 0.00163634 0.0718629 -0.0093622 -0.000459645 0.00352718 0.00842874 -0.000209231 -0.00554012 -0.016602 -0.0250833 -0.00955776 -0.0298158 -0.0216127 -0.0108987 0.0662922 -0.039766 -0.051044 -0.050858 -0.0512226
internal_weight=1802.81 210.372 184.983 158.817 1592.44 910.031 678.104 682.411 673.118 4.39348 231.927 104.018 678.017 293.281 384.737 157.751 127.908 26.1655 12.7177 25.389 18.3126 13.447 4.98571 13.4478 7.07638 5.92154 4.86566
internal_count=19940 6478 5374 3977 13462 8578 6256 4884 6216 43 2322 747 4841 2125 2716 3940 1575 1397 504 1104 687 473 40 893 417 382 214
is_linear=0
shrinkage=0.05


Tree=55
num_leaves=24
num_cat=0
split_feature=4 1 3 4 3 3 1 0 0 3 3 0 0 0 2 1 2 2 3 3 2 1 1
split_gain=9.30576 6.45472 4.76152 4.01186 4.57615 4.56537 4.22598 3.82036 3.33261 3.29295 3.15685 3.39303 3.09183 7.95554 6.88966 6.14415 4.05325 5.11032 2.81441 2.78936 2.1449 0.803945 0.00104237
threshold=5.2176513450466109 0.00017603703709012655 1.5439144343124005 2.2425712211758637 1.2110258206022266 0.36424285258665118 -0.0011657994260315661 14.790732320725548 48.236246983552327 1.4668696806320536 0.27177681228135631 58.265904255979358 79.36920245890245 65.330846389481209 0.0010690675492843751 0.0024285366217319253 0.0048347072495604779 0.0076924297499956227 1.5439144343124005 0.53625029197961427 0.003656587203517359 0.00027996917426409423 0.00096142656615849653
decision_type=2 2 2 2 2 2 2 2 2 2 2 2 2 2 2 2 2 2 2 2 2 2 2
left_child=1 3 7 6 5 -5 8 -3 -1 -9 11 -2 13 14 -12 -15 20 -18 -6 -8 -14 -4 -23
right_child=10 2 21 4 18 -7 19 9 -10 -11 12 -13 16 15 -16 -17 17 -19 -20 -21 -22 22 -24
leaf_value=0.05437565142563943 -0.0036023027712079707 0.10541374942444628 -0.0049221579559702655 -0.027519561381724768 -0.03725815912470206 -0.0016296433423042404 -0.01846536036146609 -0.00072264840020061863 -0.052409546196058587 0.048574661081370978 0.00067862535015645762 0.057595963477264638 0.0082664823644298061 -0.013831646257395289 0.010320622601681718 0.0034702271184411586 0.032760859946590136 0.0061613772929880245 -0.0039268536477907552 -0.043358545191592622 -0.028684148308355202 -0.052671359993806371 -0.054437129887766403
leaf_weight=2.7812141273170705 3.9774134755134565 0.86069312319159408 1.0507634244859207 19.605183120816946 19.940541652962569 129.51446047797799 27.356803890317678 266.22231225296855 0.99097172543406475 3.4311493281275025 720.92392568662763 5.2603826150298119 6.9699180573225012 137.70153496414423 249.34954438358545 81.788269951939583 27.039724342525005 54.353671796619892 9.2808236014097911 19.117538820020854 8.9969506934285146 3.9213114911690354 1.0621752776205537
leaf_count=59 33 8 24 399 542 2808 1281 4589 25 66 5389 28 47 986 1526 361 137 253 227 996 54 87 15
internal_value=-0.000121274 -0.00587817 -0.000739559 -0.0120949 -0.00857896 -0.00503346 -0.0245742 0.000240323 0.0263227 -9.5375e-05 0.00212194 0.0312465 0.00191291 0.00121189 0.00315651 -0.00738447 0.0104795 0.014998 -0.026672 -0.0287053 -0.0125543 -0.0446675 -0.0530477
internal_weight=1801.5 505.136 276.548 228.588 178.341 149.12 50.2465 270.514 3.77219 269.653 1296.36 9.2378 1287.12 1189.76 970.273 219.49 97.3603 81.3934 29.2214 46.4743 15.9669 6.03425 4.98349
internal_count=19940 11126 4789 6337 3976 3207 2361 4663 84 4655 8814 61 8753 8262 6915 1347 491 390 769 2277 101 126 102
is_linear=0
shrinkage=0.05


Tree=56
num_leaves=30
num_cat=0
split_feature=4 3 4 1 4 2 2 3 0 0 1 4 3 3 0 1 3 1 2 2 2 0 3 1 0 0 2 2 3
split_gain=8.55323 4.17068 3.95998 3.37214 4.39846 8.94256 14.4328 3.29737 3.13434 4.89895 4.08005 3.08165 3.07381 6.08626 2.98001 2.84775 5.18511 3.37581 2.79088 9.82515 5.79691 4.70537 7.68527 6.24377 3.86346 2.5685 2.32479 0.533929 0.521038
threshold=3.1291788864690364 0.7053693643933755 1.4523330347352019 -0.00099830831021280298 6.0327696162321391 -0.0035278617360998683 -0.0043367247512638976 0.29510978338320432 75.244205533600294 76.535236898025019 0.00053862366607604361 2.2140613604730088 0.36424285258665118 0.49786626520611504 66.648154844241802 -0.00063012380326737938 0.66981276461679384 0.00055992849375918763 -0.00044898077642013806 0.0010690675492843751 0.0011207129997029555 37.387314783721713 0.37601652205511737 -0.00087004500964227283 66.856048244747043 70.559804880815008 -0.00019947290291000283 0.00060052889523276598 0.73018734461161505
decision_type=2 2 2 2 2 2 2 2 2 2 2 2 2 2 2 2 2 2 2 2 2 2 2 2 2 2 2 2 2
left_child=1 2 7 4 5 6 -2 25 11 -10 -11 28 -6 -14 -13 16 -4 -17 21 24 -21 23 -23 -5 -20 -1 -7 -9 -3
right_child=3 8 15 18 12 26 -8 27 9 10 -12 14 13 -15 -16 17 -18 -19 19 20 -22 22 -24 -25 -26 -27 -28 -29 -30
leaf_value=0.00063942504745423249 -0.011915194515437464 -0.020878379600077518 0.0098600118249348809 0.038497262241194659 0.051506915337659699 -0.039678523716841697 0.12854222757450715 -0.050738994703478528 0.1180833737988336 0.032859913501155483 -0.040892872128444203 -0.011514414290113354 -0.0559765389860193 -0.0006657854098633773 -0.052163903799600488 -0.013085376310532538 0.1193013749548546 0.0046340448111523349 -0.0067034654527747947 0.0506312402473479 0.0034702065725578076 -0.034888729017365158 0.012125810468519647 -0.0031719769270524552 -0.040596083179004205 -0.052196174116920784 -0.011374737071089351 -0.028854263671972837 -0.051018369407066083
leaf_weight=14.037537158466881 7.1021202765405178 1.6366646671667684 15.970897337421777 9.5463799815624935 2.7438219226896754 22.60913634672761 2.4633060283958894 7.3709187032654864 0.87712938897311499 3.4903940623626113 4.0522752990946174 26.137640677392486 5.0660745315253726 272.48047648370266 5.4485159423202267 56.593091601505876 1.1609399020671833 51.194652207195759 229.98291519656777 6.5842894185334435 626.70378623530269 9.0418810173869115 224.82386979833245 154.22571049630642 8.727343585342167 2.750985547900199 10.682967353612183 4.4815517114475369 11.57500610873103
leaf_count=581 105 74 375 97 27 461 36 568 24 90 90 951 57 2307 184 1739 24 712 2389 70 4366 106 1743 1393 117 119 188 245 702
internal_value=-0.000117604 -0.00968465 -0.00550433 0.00112441 -0.00343578 -0.0183538 0.0242557 -0.022273 -0.021747 0.00624234 -0.00676354 -0.0270077 -0.00115476 -0.00167538 -0.0185263 -0.0016597 0.0172763 -0.0046694 0.00228507 0.000702047 0.00396054 0.00575655 0.0103081 -0.00074305 -0.00794259 -0.00801827 -0.0305962 -0.0424641 -0.0472846
internal_weight=1799.56 206.778 153.561 1592.78 323.148 42.8575 9.56543 28.641 53.2176 8.4198 7.54267 44.7978 280.29 277.547 31.5862 124.92 17.1318 107.788 1269.64 871.998 633.288 397.638 233.866 163.772 238.71 16.7885 33.2921 11.8525 13.2117
internal_count=19940 6478 4363 13462 3181 790 141 1513 2115 204 180 1911 2391 2364 1135 2850 399 2451 10281 6942 4436 3339 1849 1490 2506 700 649 813 776
is_linear=0
shrinkage=0.05


Tree=57
num_leaves=26
num_cat=0
split_feature=4 3 4 3 1 3 3 1 3 0 2 0 1 4 0 0 2 4 2 4 1 3 0 4 1
split_gain=7.80251 3.99515 3.22878 3.24457 3.19667 3.25378 3.45541 3.43812 3.02307 2.83865 2.46717 7.42177 2.65183 1.96296 2.24807 7.31483 2.24678 1.752 2.3233 2.70987 1.56989 1.19866 0.000435837 3.37376e-05 2.03586e-05
threshold=3.1291788864690364 0.89647575475863461 1.3480381809364734 0.8865355554072748 0.0042805585062242199 0.16597543403440657 0.22279559614942462 0.00082725904579539222 0.48775328680512547 74.915259864602447 0.0028225065307374568 70.27930063463414 -0.00043511920878191995 14.007731944767022 63.328282894127355 73.581868189202183 0.0018560422462670092 2.2985958181456949 -0.00024398245744311484 2.5123431151936186 0.005734181973295561 1.0160367542756725 78.881313474917889 1.9548016569715057 0.00033581416010108894
decision_type=2 2 2 2 2 2 2 2 2 2 2 2 2 2 2 2 2 2 2 2 2 2 2 2 2
left_child=1 2 10 9 5 -2 7 -7 -8 -4 12 -12 -1 20 16 -16 -15 22 24 -20 21 -6 23 -3 -19
right_child=4 17 3 -5 13 6 8 -9 -10 -11 11 -13 -14 14 15 -17 -18 18 19 -21 -22 -23 -24 -25 -26
leaf_value=0.014163249341781864 -0.05905854484379533 -0.050622132142008461 -0.0077895003476997271 0.080253772114988353 0.0084427969238716951 0.0021149062785991517 -0.0075215383858941208 0.074036522141227995 0.0010730197171583424 0.010175970888814188 0.11429926573925971 -0.052830986144260274 -0.036002561660281644 0.0027176768322045904 -0.031030556398206233 0.013123417238933134 0.036818959093708671 -0.051102779366489229 0.025526180294679103 -0.024393822056148446 0.044103746971379247 0.032059331736868812 -0.051869210413343275 -0.050878129969808096 -0.051439498021214114
leaf_weight=3.0582825783640208 2.2892920933663836 2.2234272006899145 128.50912713259459 1.1316964961588372 19.491502523422245 3.4721736498177043 110.51065410673618 3.1866986341774464 1379.7001191731542 26.525968654081225 1.1986882910132401 1.4898884259164331 19.003548408858478 10.213583216071131 14.14138977229595 27.859051242470741 9.1637977063655836 4.0398737210780444 3.8600055631250099 9.1933246813714486 5.5754554122686377 7.4174678772687903 1.0883053010329602 3.0558661771938205 0.50502021051943291
leaf_count=159 25 195 3518 37 80 46 1179 22 11802 422 31 54 1153 43 59 115 38 194 111 362 23 30 35 187 20
internal_value=-0.000115665 -0.0093003 -0.00675909 -0.00409992 0.0010656 0.000505156 0.000596251 0.036534 0.000435667 -0.00471567 -0.0235376 0.0216832 -0.0290484 0.0100169 0.0047566 -0.00174306 0.0188446 -0.0284838 -0.0203518 -0.00963196 0.019956 0.0149527 -0.0509581 -0.0507703 -0.0511402
internal_weight=1797.9 204.883 180.917 156.167 1593.02 1499.16 1496.87 6.65887 1490.21 155.035 24.7504 2.68858 22.0618 93.8622 61.3778 42.0004 19.3774 23.9658 17.5982 13.0533 32.4844 26.909 6.3676 5.27929 4.54489
internal_count=19940 6478 5374 3977 13462 13074 13049 68 12981 3940 1397 85 1312 388 255 174 81 1104 687 473 133 110 417 382 214
is_linear=0
shrinkage=0.05


Tree=58
num_leaves=23
num_cat=0
split_feature=4 1 3 4 3 3 1 0 1 4 2 4 3 0 3 3 4 1 2 1 4 1
split_gain=7.24998 5.69656 4.55012 3.48204 4.31311 4.20212 3.76009 3.18808 2.98933 4.64407 2.97317 2.86606 2.791 2.81149 2.76212 2.75696 2.74469 2.98981 2.3184 1.06876 0.280641 0.000900243
threshold=5.2176513450466109 0.00017603703709012655 1.5439144343124005 2.2425712211758637 1.2110258206022266 0.36424285258665118 -0.0011657994260315661 14.790732320725548 -0.0080480908322274041 36.295067432203275 1.6837066314168151e-05 5.1724061226351035 0.27177681228135631 58.265904255979358 0.53625029197961427 1.3723809332037233 30.46459279869983 0.0037825645749879348 -0.0091980969921011662 0.00026948981201724292 26.33084368258125 0.00096142656615849653
decision_type=2 2 2 2 2 2 2 2 2 2 2 2 2 2 2 2 2 2 2 2 2 2
left_child=1 3 7 6 5 -5 10 -3 9 20 -1 -9 13 -10 -8 -6 17 -14 -18 -4 -2 -21
right_child=8 2 19 4 15 -7 14 11 12 -11 -12 -13 16 -15 -16 -17 18 -19 -20 21 -22 -23
leaf_value=0.049184038098969998 -0.044293322877618647 0.093978704526058818 0.0088782479333863167 -0.026482159945105943 -0.043997883302433399 -0.0012443016827106052 -0.01703046466368283 0.00079522080458108982 -0.0027306857879280345 0.007593614621524288 -0.052327754253203955 -0.045574720212208403 0.00069026892696949114 0.052995149784277662 -0.042624833493299347 -0.012420081373625042 -0.01648065081982231 0.0093772958475957617 0.018423895040148214 -0.052547855556152025 -0.065898558493730469 -0.0542149325031984
leaf_weight=2.9160373955965038 3.6655918546020967 0.90957476571202178 0.81472632847726245 18.920537987723947 11.986289750784637 128.55789950862527 26.239795685745776 264.68598379194736 3.9225519225001317 6.3740350753068924 0.95838733203709114 3.3748488575220099 1123.5333539173007 5.3511545583605766 17.619639940559864 16.327453477308154 5.4229544550180426 108.62288798391819 38.75928907096386 3.9720609178766608 2.5477225780487061 1.0172069817781446
leaf_count=59 34 8 19 399 333 2808 1281 4624 33 31 25 31 8024 28 996 436 27 456 167 92 14 15
internal_value=-0.000111564 -0.00523841 -0.000416637 -0.0111657 -0.00791378 -0.00448216 -0.0231416 0.000528522 0.00185632 -0.0223916 0.0240738 0.00021143 0.00209373 0.0294245 -0.0273125 -0.0257882 0.00189515 0.00145609 0.0141397 -0.0442174 -0.0531524 -0.0528877
internal_weight=1796.5 498.3 274.774 223.526 175.792 147.478 47.7339 268.97 1298.2 12.5873 3.87442 268.061 1285.61 9.27371 43.8594 28.3137 1276.34 1232.16 44.1822 5.80399 6.21331 4.98927
internal_count=19940 11126 4789 6337 3976 3207 2361 4663 8814 79 84 4655 8735 61 2277 769 8674 8480 194 126 48 107
is_linear=0
shrinkage=0.05


Tree=59
num_leaves=26
num_cat=0
split_feature=4 1 4 4 3 2 2 1 2 1 3 0 3 2 1 1 3 4 1 1 2 0 4 1 1
split_gain=6.64345 5.78088 5.74123 4.7643 3.84879 3.59512 16.4518 15.8049 4.96467 3.84406 2.98912 2.88572 2.88746 3.38742 3.63332 2.29001 3.7946 2.72396 2.63082 2.42423 2.07737 1.61299 1.52512 1.18589 0.00698143
threshold=6.0327696162321391 0.000501071757212035 1.7605930107891934 5.7750204725971352 1.0053317168152984 0.0045402414581885439 0.0051899688472250025 0.0012276914823232679 0.0041437717094338087 0.0026276565994972638 0.31044929567274265 16.942945068981 0.80524386561159944 -0.012022830813021688 -0.0026879148200361631 -0.0080480908322274041 1.2409669778244143 30.46459279869983 0.0050906230902586511 -0.0035094460250467692 0.0045402414581885439 69.365457064717788 3.4219473963731253 6.4199768801120896e-05 -0.0011959905605684604
decision_type=2 2 2 2 2 2 2 2 2 2 2 2 2 2 2 2 2 2 2 2 2 2 2 2 2
left_child=1 2 20 4 -4 8 7 -7 9 -3 -8 12 24 -14 -15 16 -13 19 -19 -17 21 -1 -10 -5 -2
right_child=11 5 3 23 -6 6 10 -9 22 -11 -12 15 13 14 -16 17 -18 18 -20 -21 -22 -23 -24 -25 -26
leaf_value=-0.034926487181054539 -0.053709807282020419 -0.0015869670923206636 -0.0011793975275504465 -0.039124190838949052 -0.013653969730274385 0.1761090872640407 0.024856732538805618 0.025955806800427986 -0.011627420093202325 0.025286785480693869 -0.010937256860911874 -0.062109606509900599 0.031733100398512487 -0.039773642404266646 0.009359730346200891 -0.0091195404605461175 0.00070802839427099864 0.023540315599847011 -0.0026563399782624196 0.0026565574122604128 0.040122045834300922 -0.0051836595478614959 -0.063817511069386171 -0.011768852845901442 -0.058101290143134379
leaf_weight=28.041862269863486 2.228552639484406 207.11875448282808 208.78812733199447 13.092888917773964 87.847836242988706 2.7911186870187512 8.0291975755244511 4.7096590995788574 2.1599965654313555 14.220411464571951 21.319898601621389 3.6331215575337392 4.2760174162685916 8.7272874563932437 6.6142418682575164 45.587426882237196 7.1063250228762627 29.171826660633087 14.272938981652258 1057.2021551802754 1.087659204378723 5.4431534912437192 3.9773877449333668 5.6808811724185935 1.5238864496350313
leaf_count=1768 36 2934 4571 183 2127 31 67 28 25 70 147 27 33 99 65 395 36 130 59 6672 35 294 30 64 14
internal_value=-0.000107795 -0.00432464 -0.00853986 -0.00641966 -0.0048737 0.00125655 0.0157445 0.0818294 -0.00109042 0.000139595 -0.00114489 0.00208686 -0.0153082 -0.00762161 -0.0185906 0.00243822 -0.020543 0.00265354 0.0149339 0.00216975 -0.0278827 -0.0300916 -0.0454497 -0.0308466 -0.0554932
internal_weight=1794.65 614.309 349.982 315.41 296.636 264.326 36.8499 7.50078 227.477 221.339 29.3491 1180.34 23.37 19.6175 15.3415 1156.97 10.7394 1146.23 43.4448 1102.79 34.5727 33.485 6.13738 18.7738 3.75244
internal_count=19940 12374 9042 6945 6698 3332 273 59 3059 3004 214 7566 247 197 164 7319 63 7256 189 7067 2097 2062 55 247 50
is_linear=0
shrinkage=0.05


Tree=60
num_leaves=31
num_cat=0
split_feature=4 3 4 3 0 1 2 1 1 4 3 4 1 1 1 1 2 2 2 2 2 4 0 1 2 0 0 2 3 4
split_gain=6.29714 3.76871 3.22113 3.2622 2.94962 2.83875 4.03409 11.6411 8.81077 6.90588 6.62763 5.08407 4.35281 2.66926 5.12625 3.17334 2.65022 8.44188 5.12903 4.15492 7.55418 6.91964 3.67825 2.61284 10.3199 2.54965 2.46741 0.565478 0.000176664 0.000172323
threshold=3.1291788864690364 0.7053693643933755 1.4523330347352019 0.29510978338320432 34.430540776299232 -0.00099830831021280298 -0.003434987099642572 -0.0015055102654840666 -0.0039949216161100356 26.33084368258125 1.0449804210562859 6.0327696162321391 -0.0048133255779406183 -0.00063012380326737938 -0.00070010424076727407 -0.00046094179560640652 -0.00044898077642013806 0.0010690675492843751 0.0011207129997029555 -0.0006788388872364658 -0.00080011749980046776 5.6736382509286232 66.856048244747043 -0.00076952809747921058 -0.00040490900557738069 70.559804880815008 75.244205533600294 0.00060052889523276598 0.89647575475863461 2.1101477191531699
decision_type=2 2 2 2 2 2 2 2 2 2 2 2 2 2 2 2 2 2 2 2 2 2 2 2 2 2 2 2 2 2
left_child=1 2 3 25 28 6 7 12 9 -8 -9 -10 -2 14 -4 -15 19 22 -19 20 -7 -21 -18 24 -6 -1 -25 -5 29 -3
right_child=5 4 13 27 23 16 8 10 11 -11 -12 -13 -14 15 -16 -17 17 18 -20 21 -22 -23 -24 26 -26 -27 -28 -29 -30 -31
leaf_value=0.0027054359775993287 -0.017776173759407519 -0.050947752762026094 0.0070561930036947889 -0.05066789566804436 0.22180256492869749 0.0056235210818309503 0.0062030633252176479 0.067071379312399357 -0.029183739299398138 0.075767501860275366 0.0048348721103240603 -0.0070769568542667005 0.0042819046306627941 -0.042168160392730365 0.090582558097363 -0.0020518100353333693 -0.0063875744660151744 0.046738590158355617 0.0030046139015532862 -0.0090419388116806648 -0.026028859946024691 0.040469442098564866 -0.039935882077159451 -0.023774132419808004 -0.051633196294753027 -0.052038656669508937 0.0065058862131601699 -0.027118531493146761 -0.050969818561004715 -0.051704024298110898
leaf_weight=13.513479564338928 32.13991717249155 1.0541806770488613 15.0330877751112 6.5659572342410666 0.54852532129734755 347.65523666702211 12.272697541862728 10.383314263075592 31.48020345531404 5.0298393368720999 7.2746644839644423 149.60392924770713 73.539277698844671 5.1824872363358727 2.0926359035074702 101.03326298948377 228.52484823204577 6.776372041553258 628.2000848762691 10.905556248500945 19.930811777710915 19.996390618383884 8.4732767548412067 34.192764626815915 0.93030012771487125 2.5241763098165384 8.3757282104343158 4.1669292962178588 2.9635703582316637 2.6384189072996378
leaf_count=581 247 65 351 568 19 2823 108 106 638 24 50 1314 694 166 48 2285 2389 70 4366 187 197 132 117 1537 32 119 204 245 171 87
internal_value=-0.000105239 -0.00844876 -0.00446789 -0.0201893 -0.0202345 0.000947094 -0.00324833 0.00385252 -0.00766293 0.0264254 0.0414314 -0.0109201 -0.00242656 -0.00105564 0.0172625 -0.00400917 0.00200952 0.000465735 0.00347134 0.00538763 0.0039073 0.0229965 -0.00758701 -0.0155465 0.0497895 -0.00591077 -0.0178163 -0.0415251 -0.0512574 -0.0514881
internal_weight=1793 200.816 150.112 26.7705 50.7035 1592.19 321.724 123.337 198.387 17.3025 17.658 181.084 105.679 123.341 17.1257 106.216 1270.46 871.975 634.976 398.488 367.586 30.9019 236.998 44.0473 1.47883 16.0377 42.5685 10.7329 6.65617 3.6926
internal_count=19940 6478 4363 1513 2115 13462 3181 1097 2084 132 156 1952 941 2850 399 2451 10281 6942 4436 3339 3020 319 2506 1792 51 700 1741 813 323 152
is_linear=0
shrinkage=0.05


Tree=61
num_leaves=28
num_cat=0
split_feature=4 3 3 4 2 3 4 1 2 1 2 4 4 2 0 3 3 0 0 1 3 4 2 2 0 4 3
split_gain=5.739 3.58025 3.0662 5.76597 4.59873 3.03888 2.62506 2.60045 4.68723 9.05946 10.7089 6.93295 7.49146 4.85683 4.65226 2.88805 3.23098 6.74413 3.47284 3.11349 2.28071 1.78111 2.30637 2.73403 0.000380153 2.64253e-05 1.78327e-05
threshold=3.1291788864690364 0.89647575475863461 0.86656833488924367 2.9563017942017775 0.0010215793018080179 0.77476462332455609 1.3480381809364734 -0.00046094179560640652 -0.0028366118781384948 -0.0015055102654840666 -0.0029817866447367498 10.411254825505496 8.8423825553605884 -0.0019284778025993041 41.193101308429753 2.0446944663392732 1.7521210345967966 36.949755429802543 91.980087135581584 0.00026948981201724292 0.83639248267624189 2.2985958181456949 -0.00024398245744311484 0.0015345839987331857 78.881313474917889 1.7071699481283129 1.0101151769068719
decision_type=2 2 2 2 2 2 2 2 2 2 2 2 2 2 2 2 2 2 2 2 2 2 2 2 2 2 2
left_child=1 2 5 4 -4 6 -1 8 9 14 -11 12 -10 -13 -2 16 18 -18 -9 -17 -7 24 26 -24 25 -3 -23
right_child=7 21 3 -5 -6 20 -8 15 11 10 -12 13 -14 -15 -16 19 17 -19 -20 -21 -22 22 23 -25 -26 -27 -28
leaf_value=-0.020726869507450882 -0.0059853888812772364 -0.050432872584371707 -0.02896829980610708 0.17194746836761407 0.10169532435718283 -0.045559955995818809 -0.0023119812004245544 0.0019307718934107301 -0.0083416666370015689 0.015314082837571583 0.10902174335579665 -0.017045238016973715 -0.037794289646982643 0.0075369898294839885 0.034383415669858371 0.013080072347170789 0.080911163060545105 0.0089712308151096622 -0.030839520950158163 -0.046777604605760692 0.0015043806810601989 -0.051182159098817286 0.0043216658947150448 -0.052143804282852715 -0.051758446887406197 -0.050750049543902165 -0.050963968697763977
leaf_weight=22.498548706062138 115.62301016785204 0.78790953429416077 2.233865330927074 0.66786911897361267 0.96398170478641976 8.2899947967380267 138.40719178225845 1021.0782803818583 138.35894768312573 53.449326578527689 3.2332597188651553 25.07549948990345 25.582292634993792 101.12855319678783 7.6064530648291102 3.3860799148678762 3.3958412855863562 80.150259615853429 8.1492214538156968 6.0611600242555141 3.7333323918282977 1.4336854424327672 9.8329778499901241 2.7414539083838454 1.0271051293238995 3.9428695412352681 2.7001012787222862
leaf_count=1342 1071 94 101 18 22 347 3400 8080 2116 441 29 170 253 636 52 18 29 488 46 33 144 65 388 85 35 288 149
internal_value=-0.000103634 -0.00810333 -0.00571417 0.0383265 0.0104199 -0.00669867 -0.00488683 0.000897463 -0.00222465 0.00411596 0.0206593 -0.0061563 -0.0129376 0.00265274 -0.00349359 0.0022052 0.00243891 0.0118953 0.0016713 -0.0253234 -0.0309461 -0.0269046 -0.01864 -0.00798883 -0.0508865 -0.0506972 -0.0510396
internal_weight=1791.54 199.261 176.795 3.86572 3.19785 172.929 160.906 1592.28 470.057 179.912 56.6826 290.145 163.941 126.204 123.229 1122.22 1112.77 83.5461 1029.23 9.44724 12.0233 22.4661 16.7082 12.5744 5.75788 4.73078 4.13379
internal_count=19940 6478 5374 141 123 5233 4742 13462 4768 1593 470 3175 2369 806 1123 8694 8643 517 8126 51 491 1104 687 473 417 382 214
is_linear=0
shrinkage=0.05


Tree=62
num_leaves=26
num_cat=0
split_feature=4 3 3 3 0 2 0 0 4 1 1 4 2 1 0 2 2 2 3 3 3 0 1 0 3
split_gain=5.38017 3.33313 2.98655 3.23526 13.1273 3.02249 3.67881 2.92092 4.59161 2.63469 3.53003 5.02651 13.3336 3.86225 9.69408 3.05039 2.98735 5.45294 4.1278 8.37585 5.04638 3.57339 2.3078 1.79423 1.31123
threshold=4.8062404541810393 0.27177681228135631 0.44188622282073192 0.51511783619535667 46.508027469159536 0.015423074409669392 43.198752323560676 58.265904255979358 6.3112232891549782 2.9875521028732702e-05 -0.00012991634291498186 3.6586933941798749 0.0010954111561134463 -0.00014659050112797442 52.05477977320318 0.0039915445702327643 0.0030458813806388822 0.0022881698691492596 0.31044929567274265 0.6363519360437081 0.2558004630676079 66.648154844241802 -0.0080480908322274041 20.023483922138954 1.1640591360234602
decision_type=2 2 2 2 2 2 2 2 2 2 2 2 2 2 2 2 2 2 2 2 2 2 2 2 2
left_child=9 7 5 4 -4 6 -3 8 -2 10 13 23 -13 15 -15 -1 17 21 20 -20 -18 -11 -5 -12 -19
right_child=1 2 3 22 -6 -7 -8 -9 -10 16 11 12 -14 14 -16 -17 18 24 19 -21 -22 -23 -24 -25 -26
leaf_value=-0.0057477163567111397 0.043216160073753507 -0.032190599791415107 -0.028106879451253883 -0.020467825479793395 0.037232747907579626 -0.056854876043951785 0.002066843596174595 0.054056098847720273 -0.051510572761395639 0.0016691615476330372 0.059573798293491909 -0.033262525158280175 0.088978855415262528 -0.051834405488319003 0.19151109204384154 -0.043727209456176391 0.012421516048529804 -0.03228622920457333 -0.017591539911599809 0.034251387188228427 0.075645748418613712 -0.014940305705140506 0.0014191543181426398 -0.041656520062030786 0.018190806537126979
leaf_weight=123.37008948763832 2.9457766413688642 11.074129231274126 11.256534378975628 12.159638214856384 24.241974771022797 3.4465040713548651 26.807513117790222 5.6205587983131409 2.2612631320953369 150.82564624305815 0.44738988392055645 7.5875235684216005 3.1597074083983898 0.81803536461666115 0.81900827493518591 5.5235596504062405 11.005783678032456 19.297836948186163 23.577868737280369 11.635821569710968 4.4250905718654385 41.235764253884554 1265.094945712015 20.255123943090439 1.37846079468727
leaf_count=3659 27 108 100 79 161 19 200 29 17 3442 16 147 54 33 24 124 146 338 264 119 54 1004 8854 899 23
internal_value=-0.000101259 0.0014289 0.00120795 0.0016246 0.0165136 -0.0120263 -0.00794781 0.0290602 0.00207915 -0.00501125 -0.0100291 -0.0250666 0.00267669 -0.006406 0.0699107 -0.00737528 -0.00192527 -0.00452342 0.00898852 -0.000460843 0.0305522 -0.00189691 0.00121079 -0.0394689 -0.028921
internal_weight=1790.27 1364.91 1354.08 1312.75 35.4985 41.3281 37.8816 10.8276 5.20704 425.363 161.98 31.4497 10.7472 130.531 1.63704 128.894 263.382 212.738 50.6446 35.2137 15.4309 192.061 1277.25 20.7025 20.6763
internal_count=19940 9594 9521 9194 261 327 308 73 44 10346 4956 1116 201 3840 57 3783 5390 4807 583 383 200 4446 8933 915 361
is_linear=0
shrinkage=0.05


Tree=63
num_leaves=26
num_cat=0
split_feature=4 1 4 1 2 2 1 1 2 3 1 2 2 0 3 2 1 0 0 3 0 1 1 3 2
split_gain=4.90313 4.79383 5.14727 5.06669 4.45224 3.87313 3.48714 6.88561 9.61551 7.71147 5.38374 3.13062 2.6515 2.51951 2.81636 3.10044 3.3124 1.99576 4.00047 12.5005 3.77242 0.0058237 0.000640222 0.000177306 6.25524e-05
threshold=6.0327696162321391 2.9875521028732702e-05 5.9329382855178734 -0.00012991634291498186 0.0039915445702327643 0.0069101748454205589 0.00010770650563862728 7.7537717201425785e-05 0.0034621128019247664 0.76002131309108267 0.00017603703709012655 0.0017333400560446412 0.0045402414581885439 16.942945068981 0.80524386561159944 -0.012022830813021688 -0.0026879148200361631 91.980087135581584 84.173003092799163 0.81453149806614322 65.0845242376394 -0.0011959905605684604 -0.00073341299567530871 0.95893646638607899 -0.001265154635936516
decision_type=2 2 2 2 2 2 2 2 2 2 2 2 2 2 2 2 2 2 2 2 2 2 2 2 2
left_child=1 2 3 4 -1 -5 7 9 -9 -3 11 -8 -12 14 21 -16 -17 18 20 -20 -15 -2 24 -24 -4
right_child=13 6 22 5 -6 -7 10 8 -10 -11 12 -13 -14 17 15 16 -18 -19 19 -21 -22 -23 23 -25 -26
leaf_value=-0.0029895093095859016 -0.053545620612355599 -0.031527282072986468 -0.053978583005933917 -0.026242416059620799 -0.041164896458972679 0.09602909029932731 -0.040777314046870017 0.045043455593466404 0.2545933213793779 0.044900316417043874 -0.0016363188917940968 0.010356427651098111 0.011791206126689453 0.0032153761226812825 0.030232570754233908 -0.038710623388468132 0.0084781177691630061 -0.026703921174925468 0.060442331347675848 0.00024687148784552582 -0.0038353675768382656 -0.057638096036131931 -0.055095401251368706 -0.054376228960582029 -0.053504771419556674
leaf_weight=174.34559789905325 2.1375102587044243 7.1413501249626297 1.2980625182390215 39.67143739387393 7.9874178497120729 0.65841568261384864 12.946849516592922 3.5858445940539232 0.64607571624219406 6.1365852472372353 301.64622969925404 3.8935312926769248 41.86853015050292 868.16346862912178 4.3273722045123622 8.3857973292469996 6.6821421682834563 5.9823422133922568 12.0373647660017 30.420796483755112 242.75697166472673 1.4651509821414972 1.7498263418674462 1.6797460466623304 1.5033035315573213
leaf_count=4450 36 239 20 1231 155 9 439 109 10 166 5052 80 345 5730 33 99 65 27 54 139 1369 14 21 23 25
internal_value=-9.92348e-05 -0.00375311 -0.00946336 -0.00820908 -0.00466185 -0.0242462 -0.000294102 0.021496 0.0770349 0.00379481 -0.0013529 -0.0289551 2.65039e-07 0.00177585 -0.0146118 -0.00707077 -0.0177839 0.00210093 0.00225033 0.017313 0.00167466 -0.05521 -0.0542851 -0.0547432 -0.0537243
internal_weight=1789.12 606.759 228.894 222.663 182.333 40.3299 377.865 17.5099 4.23192 13.2779 360.355 16.8404 343.515 1182.36 22.998 19.3953 15.0679 1159.36 1153.38 42.4582 1110.92 3.60266 6.23094 3.42957 2.80137
internal_count=19940 12374 5934 5845 4605 1240 6440 524 119 405 5916 519 5397 7566 247 197 164 7319 7292 193 7099 50 89 44 45
is_linear=0
shrinkage=0.05


Tree=64
num_leaves=27
num_cat=0
split_feature=4 3 1 1 3 2 3 0 4 1 3 3 0 3 2 4 0 0 0 0 4 2 2 0 4 1
split_gain=4.57377 3.36789 2.80546 4.4596 4.4641 3.8438 5.73208 4.22803 2.82334 2.38984 3.02717 2.9236 2.72887 2.69063 1.88211 3.67001 6.03457 3.38739 2.89833 2.22722 1.78656 2.27531 2.62551 0.000300836 2.16427e-05 1.53605e-05
threshold=3.1291788864690364 0.89647575475863461 -0.00063012380326737938 -0.00068133672391490474 0.84185301744880314 0.00095296903355790452 0.83639248267624189 64.631298728251394 2.6584425409341335 0.0042805585062242199 0.16597543403440657 0.22279559614942462 39.255140992135189 0.48775328680512547 0.006325494815075495 19.219750620232031 73.979893069804504 70.27930063463414 62.119683534842146 75.244205533600294 2.2985958181456949 -0.00024398245744311484 0.0015345839987331857 78.881313474917889 1.7071699481283129 0.00032519027741750867
decision_type=2 2 2 2 2 2 2 2 2 2 2 2 2 2 2 2 2 2 2 2 2 2 2 2 2 2
left_child=1 2 3 4 -1 7 -7 -4 -5 10 -2 12 -12 -13 17 19 -17 18 -11 -16 23 25 -23 24 -3 -22
right_child=9 20 5 8 -6 6 -8 -9 -10 14 11 13 -14 -15 15 16 -18 -19 -20 -21 21 22 -24 -25 -26 -27
leaf_value=-0.0011379172436434709 -0.058804451248633073 -0.050407673450001356 -0.011453233954113967 0.11985962217782242 0.11176962585568272 -0.0017710029030010407 0.071215551577482231 -0.053271219271148522 0.0054384137346099905 0.018320862289404952 0.073416352548762318 -0.0072978508067361421 0.0082183812909568683 0.00084025581395519755 0.041838930677151151 -0.051969233548543749 0.0036101584481636213 0.042063647747832965 -0.011362139348675235 0.0063580415170894217 -0.050939237249408853 0.0047320480870909759 -0.052012896408233436 -0.051630616439876709 -0.050703934074940199 -0.051240143298757958
leaf_weight=19.463718037121005 2.1628933735191813 0.73968008114025252 75.055577469058335 1.4487870903685682 0.91667402256280084 67.026998921297491 2.8025685558095565 6.5737737100571385 0.85864979401230801 25.644894510507584 2.5953214690089217 109.63665354251862 4.2057026736438274 1379.6750001888722 6.0402411967515972 6.8329679965972927 17.120712891221046 9.6013992577791196 12.105907410383223 16.519115999341011 3.4044190663844414 9.7623685039579815 2.5764171443879595 0.96019885782152403 3.700538017321378 0.484468713402748
leaf_count=539 25 94 2837 40 29 1582 66 263 18 106 25 1179 43 11802 25 29 71 39 50 68 192 388 85 35 288 22
internal_value=-9.68539e-05 -0.00730869 -0.00499758 0.0113995 0.00394046 -0.00745377 0.00115827 -0.0148209 0.0772809 0.000789937 0.000305073 0.000390526 0.0330984 0.000241164 0.00852934 0.00138565 -0.0122443 0.0155464 0.00880213 0.015858 -0.0259175 -0.0176275 -0.00711666 -0.0508281 -0.0506546 -0.0509767
internal_weight=1787.92 195.775 174.147 22.6878 20.3804 151.459 69.8296 81.6294 2.30744 1592.14 1498.28 1496.11 6.80102 1489.31 93.8652 46.513 23.9537 47.3522 37.7508 22.5594 21.6281 16.2277 12.3388 5.40042 4.44022 3.88889
internal_count=19940 6478 5374 626 568 4748 1648 3100 58 13462 13074 13049 68 12981 388 193 100 195 156 93 1104 687 473 417 382 214
is_linear=0
shrinkage=0.05


Tree=65
num_leaves=29
num_cat=0
split_feature=4 1 1 2 0 3 1 4 3 1 1 1 0 2 1 2 0 2 0 2 2 1 3 1 2 1 2 0
split_gain=4.22184 6.041 3.67634 5.15029 6.26879 5.38299 2.75431 4.03482 5.69109 5.58807 4.12642 4.07533 6.85026 4.32929 3.94363 4.14702 7.38312 2.88466 7.60366 5.93115 2.24323 2.07993 1.94443 4.045 4.4897 1.61252 3.48532 2.37781
threshold=1.7907461842551071 0.00065930535449942884 0.0011267885002730351 0.0014155491856157056 57.002487963248278 0.22279559614942462 0.001150269008456384 16.164903664735903 1.5536538054549938 0.00024845585126165309 -0.0080480908322274041 -0.0031135142166399117 52.472451645691187 -0.001746860221591706 0.0012276914823232679 0.0050247923868930186 67.787540927993788 -0.00014200400454228432 52.820862401255802 -0.0006788388872364658 0.0022012419107794172 0.0014634769154316942 0.15413100384755485 0.00051274875411744258 0.0045402414581885439 -0.00032398132613659086 -0.00052391491775621846 69.365457064717788
decision_type=2 2 2 2 2 2 2 2 2 2 2 2 2 2 2 2 2 2 2 2 2 2 2 2 2 2 2 2
left_child=1 22 3 4 -3 -5 7 11 10 -10 -9 12 -2 -13 15 16 -8 19 -19 -16 21 -4 23 24 -1 26 -24 -27
right_child=6 2 20 5 -6 -7 14 8 9 -11 -12 13 -14 -15 17 -17 -18 18 -20 -21 -22 -23 25 -25 -26 27 -28 -29
leaf_value=-0.028929610601044143 -0.026769299178610335 0.067810941478850362 -0.032823717785617851 -0.0020835362593624768 -0.052179225216626407 0.144897279808193 0.026747925734564665 -0.04525816413532803 0.020738053562868231 -0.014208262940473365 -0.00050354556505993547 0.0038444547681689106 0.042756478062948362 -0.0037543437594748669 0.0039129543486405424 0.074438335641564352 -0.046902887146956312 -0.022513036777999401 0.0021813226636889648 0.032904378292051277 -0.057437336586606907 0.031293143496844415 -0.051281624789520079 0.13113931429430079 0.11797448233863461 -0.045236067565186389 0.019805042408919799 -0.0085584408147598798
leaf_weight=4.4945051986724129 31.489902723580599 2.0852804817259294 2.1322208866477013 0.96482096984982524 2.2772036967799067 1.7579471832141278 20.344858184456832 5.5745035931468001 71.137429140508175 13.631270736455916 67.690334916114807 257.49066951870918 3.9920028224587432 689.01404637098312 100.86862636357546 3.2636495977640143 4.0861220322549334 33.722545243799686 412.17980817332864 21.381187502294779 1.9643404241651294 3.1094030551612377 2.9080004710704088 0.54723760858178128 0.58816600404679764 17.965136599261321 4.2359524206258348 5.8603959917090824
leaf_count=228 397 66 31 17 73 34 156 39 379 61 393 2696 39 10048 533 21 38 184 2226 123 24 24 162 22 19 1334 262 311
internal_value=-9.37528e-05 -0.0142885 0.0132797 0.0388545 0.00517643 0.0928142 0.000322396 -0.00111749 0.00629739 0.0151185 -0.00390879 -0.00231079 -0.0189471 -0.00168714 0.0030773 0.0215014 0.0144297 0.00217922 0.000313746 0.00898348 -0.0118667 0.00521128 -0.0250532 0.0019767 -0.0119299 -0.029967 -0.00913133 -0.0362144
internal_weight=1786.76 50.8906 14.2912 7.08525 4.36248 2.72277 1735.87 1140.02 158.034 84.7687 73.2648 981.987 35.4819 946.505 595.847 27.6946 24.431 568.152 445.902 122.25 7.20596 5.24162 36.5994 5.62991 5.08267 30.9695 7.14395 23.8255
internal_count=19940 2607 269 190 139 51 17333 14052 872 440 432 13180 436 12744 3281 215 194 3066 2410 656 79 55 2338 269 247 2069 424 1645
is_linear=0
shrinkage=0.05


Tree=66
num_leaves=26
num_cat=0
split_feature=4 1 4 4 2 1 2 0 0 3 3 3 2 3 0 4 3 3 0 1 0 0 3 3 1
split_gain=3.97007 3.40216 3.6426 3.73532 4.89979 3.77672 2.85921 4.77281 7.67283 4.38343 20.1807 8.13477 3.07811 2.30591 3.26294 3.24422 2.57309 3.50988 12.0024 3.00288 4.17636 2.57208 2.09327 0.44984 0.000393349
threshold=4.8897348330183705 2.9875521028732702e-05 4.7653490115633748 4.6048481453837287 -0.00036185918370346121 -0.00012991634291498186 0.0030458813806388822 66.648154844241802 64.142437484269408 0.6363519360437081 0.7053693643933755 0.33820191062423133 0.0015088581306060835 0.27177681228135631 58.265904255979358 6.3112232891549782 0.44188622282073192 0.51511783619535667 46.508027469159536 0.00036802909164057601 31.024297711395196 65.0845242376394 0.42464186459943393 1.1594235502182659 -0.0010749451351307335
decision_type=2 2 2 2 2 2 2 2 2 2 2 2 2 2 2 2 2 2 2 2 2 2 2 2 2
left_child=1 2 3 5 -5 -1 7 8 -3 11 -11 -8 -9 14 15 -2 19 18 -18 20 -15 -19 -21 24 -4
right_child=13 6 23 4 -6 -7 9 12 -10 10 -12 -13 -14 16 -16 -17 17 21 -20 22 -22 -23 -24 -25 -26
leaf_value=-0.0064797448064367984 0.030754297818807369 -0.0021481085989028094 -0.053457119674225485 0.055666989346731734 -0.017620815740007862 -0.026901721964689675 0.025837635386240294 -0.032233962315925353 0.039096280502200625 0.15478390579389667 0.0025867790414313436 -0.019171170719923004 -0.0074569735710227208 -0.043018138951364235 0.050351656662127459 -0.050565747480027949 -0.026652968985530746 0.0023012758731470544 0.036784127785265908 -0.016568080841188212 0.017830132606069207 -0.0029204427157471687 -0.057715308820483827 -0.024895069849126754 -0.054488940805688418
leaf_weight=119.06693399837241 2.7791135162115079 148.80794867640361 1.2439976409077638 5.0351230408996344 4.1688993833959085 27.954287787899375 18.482254358939826 19.180868027266115 12.200834500603376 2.7599711753427973 10.329685583710669 21.975313648581505 36.178319451399148 3.5935868211090591 5.6698426827788353 2.1952721551060677 10.811379712074993 954.01739940047264 24.026749532669783 19.557350203394893 13.098779767751692 313.26752602308989 3.6710748299956313 1.7926358357071874 3.5868382491171356
leaf_count=3678 25 3320 21 87 70 1087 224 584 278 27 101 247 691 43 29 17 97 6936 156 125 127 1860 23 39 48
internal_value=-9.2183e-05 -0.00426057 -0.00996804 -0.00842829 0.0224718 -0.0103627 -0.00081707 -0.00337714 0.000977286 0.00952738 0.0346777 0.00139023 -0.0160417 0.0012414 0.0244217 -0.00513348 0.00105755 0.0014409 0.0170976 -0.0114462 0.00473052 0.00101049 -0.0230711 -0.0462856 -0.0542232
internal_weight=1785.45 432.764 162.849 156.225 9.20402 147.021 269.915 216.368 161.009 53.5472 13.0897 40.4576 55.3592 1352.69 10.6442 4.97439 1342.04 1302.12 34.8381 39.9208 16.6924 1267.28 23.2284 6.62347 4.83084
internal_count=19940 10502 5030 4922 157 4765 5472 4873 3598 599 128 471 1275 9438 71 42 9367 9049 253 318 170 8796 148 108 69
is_linear=0
shrinkage=0.05


Tree=67
num_leaves=23
num_cat=0
split_feature=4 2 0 1 3 2 4 0 4 3 3 3 1 4 0 1 2 1 2 1 2 1
split_gain=3.76461 5.54832 4.79716 4.78701 5.83945 4.31726 2.79198 6.20158 2.59762 3.86372 4.45152 4.09982 2.23452 4.1983 1.80735 1.78071 1.6186 1.13158 2.69025 1.94657 0.543657 0.00129022
threshold=1.7907461842551071 0.00085600216844883292 79.906448686107737 0.00070275890815141306 0.18571092961600949 0.0010954111561134463 1.8170763371102645 47.276144258694224 8.0537653704054417 1.2622617618672598 1.5536538054549938 1.2336149060067214 -0.0080480908322274041 36.295067432203275 49.412505700312146 -0.0019489698207214576 0.0011207129997029555 0.00065930535449942884 -0.00044898077642013806 -0.00032398132613659086 0.0050247923868930186 0.00080762545967738586
decision_type=2 2 2 2 2 2 2 2 2 2 2 2 2 2 2 2 2 2 2 2 2 2
left_child=1 15 3 5 -5 -3 7 -2 9 11 -11 -8 13 -10 -14 -1 -9 19 -19 -17 21 -4
right_child=6 2 20 4 -6 -7 8 16 12 10 -12 -13 14 -15 -16 17 -18 18 -20 -21 -22 -23
leaf_value=0.080096653097786435 -0.051433440443892309 0.060275573854422726 -0.051309248371724715 -0.0265590704220478 0.085106296121460367 -0.017379597256966688 -0.000776604810274183 0.070598047373977596 -0.050881749390379052 -0.016129606607775265 0.0022121119716929229 0.028671157122012854 0.004763216173781868 0.0085105525996608221 0.00028384732295480796 -0.011340471284967547 0.17673761827281784 0.024685007338896715 -0.040085304447421193 -0.044264356583131159 -0.010973548477831991 -0.053398566762978807
leaf_weight=0.376510519534352 0.8568624379113311 2.2455055722966852 2.0070605119690295 1.6172926723957051 4.2406145175918937 8.8195846248418075 658.90782479383051 0.80120118241757132 5.6205340921878797 89.25594618730247 52.560142930597067 12.035419044084845 414.41833664104342 6.3225541710853577 493.17653938755393 6.3033624556846997 0.65108129568397999 2.9094500280916691 3.5707251261919728 15.600133301690217 1.0771957673132417 1.1694585550576446
leaf_count=8 36 129 97 21 77 389 9615 30 48 1434 736 165 2637 31 2588 402 13 39 92 1310 20 23
internal_value=-9.02739e-05 -0.0136252 0.00579734 0.0177284 0.0542769 -0.00162056 0.000299378 0.0552423 0.000226139 -0.00183331 -0.00933176 -0.000248369 0.00204644 -0.01944 0.00232918 -0.0279264 0.118182 -0.0293594 -0.0110049 -0.0347896 -0.0416692 -0.0520784
internal_weight=1784.54 49.9369 21.1767 16.923 5.85791 11.0651 1734.61 2.30914 1732.3 812.759 141.816 670.943 919.538 11.9431 907.595 28.7602 1.45228 28.3837 6.48018 21.9035 4.25371 3.17652
internal_count=19940 2607 756 616 98 518 17333 79 17254 11950 2170 9780 5304 79 5225 1851 43 1843 131 1712 140 120
is_linear=0
shrinkage=0.05


Tree=68
num_leaves=31
num_cat=0
split_feature=4 3 0 1 1 2 1 0 4 0 1 2 1 1 4 3 4 1 4 2 2 0 0 1 2 0 2 3 3 4
split_gain=3.48428 3.23501 2.99795 2.63542 5.30414 5.6338 3.33025 3.47511 2.94088 2.52839 2.41893 3.73481 9.3012 7.75521 6.26511 5.57437 4.37317 3.70959 2.25776 2.74984 2.44665 8.09969 4.38629 2.15433 9.12227 2.45187 1.15029 0.435819 0.000195906 0.000142002
threshold=3.1291788864690364 0.7053693643933755 34.430540776299232 -0.00063012380326737938 -0.00070010424076727407 -0.0022481464382119727 0.00084269804474668153 76.535236898025019 2.6584425409341335 78.881313474917889 -0.00099830831021280298 -0.003434987099642572 -0.0015055102654840666 -0.0039949216161100356 13.801371992695886 1.0449804210562859 6.0327696162321391 -0.0048133255779406183 36.295067432203275 0.0069101748454205589 -0.00044898077642013806 52.820862401255802 37.387314783721713 -0.00076952809747921058 -0.00057371601693312335 75.244205533600294 0.0007269940733326542 1.7905996436368579 0.89647575475863461 2.1101477191531699
decision_type=2 2 2 2 2 2 2 2 2 2 2 2 2 2 2 2 2 2 2 2 2 2 2 2 2 2 2 2 2 2
left_child=1 3 28 4 5 -1 7 -5 -6 -8 11 12 17 14 -13 -14 -15 -2 20 26 22 -22 -12 24 -4 -25 -20 -21 29 -3
right_child=10 2 23 6 8 -7 9 -9 -10 -11 18 13 15 16 -16 -17 -18 -19 19 27 21 -23 -24 25 -26 -27 -28 -29 -30 -31
leaf_value=0.054643067301636483 -0.016539011158190144 -0.050880794699861856 0.19720265116263935 -0.015449060014134465 0.11767006369259635 -0.012545333153481233 0.01200780111573976 0.014673069596866843 0.0049887506878273039 -0.017247901235498783 -0.0016264291667748732 -0.039541236279479502 0.058878735520471515 -0.027965601536864768 0.038201808922305576 0.0028548224802573876 -0.0070757504375721734 0.0039928737093232625 0.020204210116050357 -0.011106095835448727 -0.010708267410549232 0.0021242582955166129 0.0090575523938756421 -0.021546318961589969 -0.051551919743846208 0.0094881782232266159 0.054492030613434453 0.010110639153445117 -0.050818834140654058 -0.051601958485932388
leaf_weight=4.1447979183867618 31.366811104118824 0.94480016129091327 0.60116623342037201 70.602173751220107 1.7577866148203605 12.6185995452106 34.389818759635091 11.077241105958818 0.8634972684085368 9.4049404673278314 163.69153252802789 3.1595467478036907 11.036836788058283 30.104679364711046 14.413168758153914 7.4285222962498656 149.31059129536152 73.663549609482288 4.9205866903066653 4.7672841697931272 148.87247692607343 706.61849465034902 232.5350079331547 31.71687864838168 0.95249496959149726 7.9618639172986141 4.8640208393335342 4.9166665971279144 2.4985783542506397 2.4596802936866879
leaf_count=80 247 65 16 3060 45 371 410 285 17 95 1487 40 106 638 92 50 1314 694 20 20 1467 5412 1835 1537 35 204 20 20 171 87
internal_value=-8.78758e-05 -0.00645073 -0.0178286 -0.00274849 0.0144097 0.00406719 -0.00539927 -0.0113639 0.0805508 0.00572513 0.00067964 -0.00320237 0.00361466 -0.00747611 0.0242237 0.0363406 -0.0105809 -0.00213887 0.00165835 0.0185546 0.00139555 -0.000108857 0.00464372 -0.0130574 0.0447 -0.015319 0.037249 -0.000334086 -0.0511551 -0.0514018
internal_weight=1783.66 191.994 47.1355 144.859 19.3847 16.7634 125.474 81.6794 2.62128 43.7948 1591.67 320.484 123.496 196.988 17.5727 18.4654 179.415 105.03 1271.19 19.4686 1251.72 855.491 396.227 41.2324 1.55366 39.6787 9.78461 9.68395 5.90306 3.40448
internal_count=19940 6478 2115 4363 513 451 3850 3345 62 505 13462 3181 1097 2084 132 156 1952 941 10281 80 10201 6879 3322 1792 51 1741 40 40 323 152
is_linear=0
shrinkage=0.05


Tree=69
num_leaves=26
num_cat=0
split_feature=4 2 0 1 0 0 4 0 1 0 0 0 1 4 0 0 1 4 3 1 1 2 2 2 1
split_gain=3.33415 5.15336 4.46597 3.95255 5.43854 3.18354 2.40143 4.99889 2.42429 2.71428 6.24346 5.74579 2.36797 1.81268 4.92443 2.72616 1.57218 3.57571 3.51896 2.2346 1.95185 2.45689 0.546983 0.403253 0.00106546
threshold=1.7907461842551071 0.00085600216844883292 79.906448686107737 0.00051274875411744258 74.915259864602447 68.793005524515493 1.8170763371102645 47.276144258694224 0.0046023778485585485 66.648154844241802 79.36920245890245 56.773027823449901 -7.563950568567622e-05 12.513466666199223 65.330846389481209 62.119683534842146 -0.00032398132613659086 1.0576183634918812 0.29510978338320432 -0.00036891256272419953 0.00065930535449942884 -0.00044898077642013806 0.0050247923868930186 0.00060052889523276598 0.00080762545967738586
decision_type=2 2 2 2 2 2 2 2 2 2 2 2 2 2 2 2 2 2 2 2 2 2 2 2 2
left_child=1 16 3 5 -5 -3 7 -2 9 11 -11 -8 -9 14 -10 -15 17 18 -1 -19 23 -22 24 -18 -4
right_child=6 2 22 4 -6 -7 8 12 13 10 -12 -13 -14 15 -16 -17 20 19 -20 -21 21 -23 -24 -25 -26
leaf_value=0.09483349539523328 -0.051369775890782669 -0.026462252851467191 -0.051261874149449806 0.024581605443936661 0.13713987054926613 0.033165256349346729 -0.00096250887648581323 0.17373563576960954 -0.0090034675120137572 -0.0083330986802246012 0.0055859721616250847 0.0069133820154135481 0.0503828357351798 0.02238170752755678 0.043753974181967546 -0.0021503816328496683 -0.046800652042686221 -0.039612668023079251 -0.050603103560875363 0.091398358583561948 0.02251748572496215 -0.039502635059406634 -0.010399945305723265 -0.020712653603187886 -0.053206365814216783
leaf_weight=1.369272176176312 0.80766951944678966 6.0419184379279667 1.9367923522368067 6.1891631074249736 1.2982819220051167 3.5559592852368951 979.06774882599711 0.66082465462386619 7.380838647484782 255.53323204815388 117.66090036928654 303.31656347215176 0.94604722689837184 15.595334336161612 11.037659108638762 41.353595778346062 13.036667508538814 4.3133226162753999 0.59736748039722432 0.35204491857439268 2.9726124675944448 3.4502416425384572 1.0693587381392715 1.6711590262129892 1.1071916315704582
leaf_count=71 36 280 97 129 24 183 10434 17 31 2532 907 3069 26 64 46 171 1162 253 53 33 39 92 20 148 23
internal_value=-8.65111e-05 -0.0129538 0.00560992 0.0168705 0.0440986 -0.0043706 0.000276945 0.0501062 0.000207436 -0.000191807 -0.00394468 0.00090034 0.101112 0.00897752 0.0226125 0.00456767 -0.0271284 -0.00588987 0.0506571 -0.0297267 -0.0337943 -0.0107986 -0.0411623 -0.0438364 -0.0519691
internal_weight=1782.32 48.9614 21.1987 17.0853 7.48745 9.59788 1733.36 2.41454 1730.95 1655.58 373.194 1282.38 1.60687 75.3674 18.4185 56.9489 27.7627 6.63201 1.96664 4.66537 21.1307 6.42285 4.11334 14.7078 3.04398
internal_count=19940 2607 756 616 153 463 17333 79 17254 16942 3439 13503 43 312 77 235 1851 410 124 286 1441 131 140 1310 120
is_linear=0
shrinkage=0.05


Tree=70
num_leaves=25
num_cat=0
split_feature=4 3 4 0 3 2 0 0 3 0 4 3 3 2 3 3 3 3 4 4 1 1 1 2
split_gain=3.08222 2.61897 2.5952 4.99775 2.3197 2.83638 3.33315 2.68414 5.85474 4.48748 1.93445 2.19627 3.60549 2.27863 2.04549 5.61067 4.36075 3.1852 9.39461 2.02814 1.87801 1.43122 9.78518 1.19538
threshold=4.8062404541810393 0.27177681228135631 5.7243497901380822 58.265904255979358 0.44188622282073192 0.015423074409669392 43.198752323560676 79.36920245890245 0.67969631090521265 65.633153117771812 1.3480381809364734 0.19418818840035776 0.18571092961600949 0.00095296903355790452 1.0053317168152984 1.0753028297440406 1.0817525000736199 0.88127080511247458 3.7530971669532294 3.0388597490112534 0.0013579297524600744 -0.00043511920878191995 -0.00048539441251455035 0.0033223546368336136
decision_type=2 2 2 2 2 2 2 2 2 2 2 2 2 2 2 2 2 2 2 2 2 2 2 2
left_child=10 2 -2 -4 5 6 -3 9 -9 -6 11 12 13 -1 17 19 -17 20 -19 -16 -12 22 -13 -23
right_child=1 4 3 -5 7 -7 -8 8 -10 -11 14 21 -14 -15 15 16 -18 18 -20 -21 -22 23 -24 -25
leaf_value=-0.031239736314541213 0.06412969730389477 -0.030647176833318902 -0.036738849483642824 0.043958100677149912 0.0019994393251686234 -0.054976848580189565 0.0024815634226110937 0.037808634422598963 0.0039904083600367764 -0.0059322453630909619 -0.0050360529839789938 -0.050817263442979627 0.12240432132896605 0.023972335303830597 -0.0032029877337487289 0.10096890231509947 -0.0056343638931547722 -0.013618929219210638 0.041409589454597745 -0.048840122657210938 0.0049165729928686234 -0.041504286388097139 0.25800059915820212 0.0323971644199052
leaf_weight=4.347833791747691 3.1009365916252118 10.610484726727007 3.3032145388424397 4.5775232762098312 998.70022243075073 3.3490124195814124 26.693437248468399 15.095546424388884 84.091226130723953 217.08739837445319 224.02657108614221 1.2335091382265089 0.57428930979222048 3.2773549156263471 3.1230471995659164 0.97402478521689673 63.513869108166546 15.485644740052523 15.538841769099234 11.041143196634946 60.117690794169903 10.713188360910859 0.32385613303631444 0.57664669398218471
leaf_count=211 22 108 28 23 7305 19 200 79 425 1385 5524 88 25 115 183 26 1702 572 230 236 451 944 24 15
internal_value=-8.41477e-05 0.00106175 0.0253809 0.0101339 0.000864741 -0.0108986 -0.00694136 0.00122841 0.00913731 0.000583181 -0.00385882 -0.0186278 0.00158988 -0.00750923 -0.00306953 -0.0102829 -0.00402423 -0.00126941 0.0139425 -0.0387776 -0.00293033 -0.0315314 0.0134018 -0.0377296
internal_weight=1781.48 1366.61 10.9817 7.88074 1355.63 40.6529 37.3039 1314.97 99.1868 1215.79 414.868 21.0467 8.19948 7.62519 393.821 78.6521 64.4879 315.169 31.0245 14.1642 284.144 12.8472 1.55737 11.2898
internal_count=19940 9594 73 51 9521 327 308 9194 504 8690 10346 1422 351 326 8924 2147 1728 6777 802 419 5975 1071 112 959
is_linear=0
shrinkage=0.05


Tree=71
num_leaves=26
num_cat=0
split_feature=4 1 4 1 2 1 1 0 3 1 2 2 0 3 2 1 2 0 0 3 0 1 1 3 2
split_gain=2.86501 3.75924 5.12388 4.34956 4.32335 3.47974 5.70144 9.40739 6.83137 4.71428 3.34518 2.95219 2.19275 2.69846 2.84887 3.00788 1.99137 1.82967 3.24681 10.6389 2.76445 0.00436514 0.000597167 0.000146681 5.46189e-05
threshold=6.0327696162321391 2.9875521028732702e-05 5.9329382855178734 -0.00012991634291498186 0.0039915445702327643 0.00010770650563862728 7.7537717201425785e-05 50.189166158962927 0.76002131309108267 0.00017603703709012655 0.0069101748454205589 0.0017333400560446412 16.942945068981 0.80524386561159944 -0.012022830813021688 -0.0026879148200361631 0.0045402414581885439 91.980087135581584 84.173003092799163 0.81453149806614322 65.0845242376394 -0.0012288181263157003 -0.00073341299567530871 0.95893646638607899 -0.001265154635936516
decision_type=2 2 2 2 2 2 2 2 2 2 2 2 2 2 2 2 2 2 2 2 2 2 2 2 2
left_child=1 2 3 4 -1 6 8 -8 -3 11 -5 -7 13 21 -15 -16 -11 18 20 -20 -14 -2 24 -24 -4
right_child=12 5 22 10 -6 9 7 -9 -10 16 -12 -13 17 14 15 -17 -18 -19 19 -21 -22 -23 23 -25 -26
leaf_value=-0.0019011895714006318 -0.053296266919058199 -0.029984011659391199 -0.053717436586260138 -0.024285167704473521 -0.040411746566431317 -0.039790122506787762 0.16900272314453449 0.01673156534942833 0.042734745567737271 -0.0011132465606559041 0.085891033963405181 0.010319152175768329 0.0025737042369086806 0.02867100461678548 -0.037829488911459729 0.0073431064874128335 0.010475756424508117 -0.026050836499677134 0.054767032987241185 -0.00047632257666342008 -0.0034735508652547794 -0.056880661401389913 -0.054812275867333227 -0.054142586373152425 -0.053260473253346909
leaf_weight=170.61236163694412 1.8847253024578097 6.6645140307955462 1.2203669957816603 37.021375769283623 7.6130691366270176 12.009341476950793 1.5764935826882709 2.8444198365323246 6.2663368401117623 298.20057651121169 0.70200806483626266 3.8918796945363274 872.31562504917383 4.3779786378145262 8.0784013494849223 6.776205241680139 42.329858738929033 5.9348435401916495 12.203255742788313 30.491165652871132 241.25524614006281 1.5462272092700029 1.6708446219563478 1.6012403592467306 1.408788952976465
leaf_count=4450 34 239 20 1231 155 439 43 76 166 5052 9 80 5730 33 99 65 345 27 54 139 1369 16 21 23 25
internal_value=-8.2197e-05 -0.00291103 -0.008067 -0.00681086 -0.0035462 0.000149175 0.0220142 0.0710313 0.00525576 -0.000915255 -0.0222349 -0.0275257 0.00133986 -0.0140632 -0.00677612 -0.0172232 0.000327332 0.00164023 0.00178236 0.0153138 0.00126357 -0.0549116 -0.0540337 -0.0544846 -0.0534726
internal_weight=1780.5 595.633 221.85 215.949 178.225 373.783 17.3518 4.42091 12.9309 356.432 37.7234 15.9012 1184.86 22.6635 19.2326 14.8546 340.53 1162.2 1156.27 42.6944 1113.57 3.43095 5.90124 3.27208 2.62916
internal_count=19940 12374 5934 5845 4605 6440 524 119 405 5916 1240 519 7566 247 197 164 5397 7319 7292 193 7099 50 89 44 45
is_linear=0
shrinkage=0.05


Tree=72
num_leaves=24
num_cat=0
split_feature=2 0 3 1 3 4 0 3 4 4 3 1 2 2 2 2 4 1 3 4 0 1 0
split_gain=2.79215 7.92204 5.10131 5.0763 5.99372 5.59232 4.93824 4.12219 4.10191 4.95579 6.38678 5.71529 3.3425 3.5086 3.23409 3.46854 3.39503 2.86198 2.61748 2.28253 5.12116 3.90876 0.562225
threshold=0.0010690675492843751 49.412505700312146 1.6521492058169651 0.00063013102346765059 1.8268245631140034 10.055185075052009 49.258052626900017 2.0446944663392732 36.295067432203275 19.896671298733178 1.3552002641255647 0.005734181973295561 -0.00070285460153685076 0.00012010322709021805 0.00076390155040861895 0.00095296903355790452 8.218237064890884 0.00054933961451542068 0.18571092961600949 21.559274527434912 73.979893069804504 -9.9477906736478148e-05 53.431371814476613
decision_type=2 2 2 2 2 2 2 2 2 2 2 2 2 2 2 2 2 2 2 2 2 2 2
left_child=1 6 8 17 5 -5 14 19 9 11 -11 -2 -8 -14 16 -16 -1 18 -3 21 -21 -4 -19
right_child=2 3 7 4 -6 -7 12 -9 -10 10 -12 -13 13 -15 15 -17 -18 22 -20 20 -22 -23 -24
leaf_value=-0.0029082076503481181 0.00057387654324422984 0.041290690288714273 0.059872323648611475 0.0037930201196587745 0.056128107302044462 -0.020187210049660037 0.10334440964002639 -0.025944813012150004 0.039116319058409892 -0.038156719749570106 0.0093160440327458797 0.034312571667688842 -0.018217676578336475 0.075423769223566889 -0.060150341689950142 0.010847630911731118 0.0039553427850973861 -0.06086115907906741 -0.014151150800131969 -0.010117023876665325 0.031844586714572909 0.017700673515672463 -0.03334149162703829
leaf_weight=326.88732675975189 621.00158529542387 2.1598828583955756 6.240602694451808 80.92579316534102 4.3872715458273879 34.752934843301773 1.7973344121128318 6.1866058856248847 6.8835706561803809 18.143461607396606 11.623967736959456 12.811198905110357 2.3554343632422379 1.7387270722538231 4.4462158167734733 2.8058612383902073 401.42784363403916 3.1577779198996714 148.25056062545627 19.390866965055469 11.633476153016089 45.96563583239913 4.5018182964995503
leaf_count=6100 6003 112 36 882 24 163 15 30 29 87 54 53 34 19 60 35 2541 44 3109 86 49 270 105
internal_value=-8.03745e-05 -0.0017902 0.00221384 -0.00898617 -0.00123567 -0.00341127 0.000909153 0.0134318 0.000717739 0.000319416 -0.0196189 0.00125583 0.0465035 0.0215504 0.000543967 -0.0326809 0.000874798 -0.0148733 -0.013355 0.0163587 0.0056177 0.0227418 -0.0446869
internal_weight=1779.48 1019.59 759.881 278.136 120.066 115.679 741.459 89.4172 670.464 663.58 29.7674 633.813 5.8915 4.09416 735.567 7.25208 728.315 158.07 150.41 83.2306 31.0243 52.2062 7.6596
internal_count=19940 13243 6697 4439 1069 1045 8804 471 6226 6197 141 6056 68 53 8736 95 8641 3370 3221 441 135 306 149
is_linear=0
shrinkage=0.05


Tree=73
num_leaves=23
num_cat=0
split_feature=4 2 0 1 3 0 4 3 2 1 0 2 0 2 2 4 1 0 0 2 1 1
split_gain=2.72547 4.65869 4.13617 3.33884 4.63743 4.1158 2.15625 4.44624 5.7665 1.99448 2.3527 5.61903 5.17354 1.94211 3.40102 2.79725 1.50992 1.1107 2.42424 0.533247 0.00441754 0.000944644
threshold=1.7907461842551071 0.00085600216844883292 79.906448686107737 0.00070275890815141306 0.18571092961600949 46.508027469159536 1.8170763371102645 0.33820191062423133 0.0002989916573777896 0.0042805585062242199 66.648154844241802 0.0019694574053698015 56.773027823449901 0.006325494815075495 0.0048347072495604779 19.219750620232031 -0.0019489698207214576 59.298233820978474 58.665070557135344 0.0050247923868930186 0.0017734231999086971 0.00080762545967738586
decision_type=2 2 2 2 2 2 2 2 2 2 2 2 2 2 2 2 2 2 2 2 2 2
left_child=1 16 3 5 -5 -3 7 -2 -9 10 12 -12 -8 14 -11 -15 -1 18 -18 21 -19 -4
right_child=6 2 19 4 -6 -7 9 8 -10 13 11 -13 -14 15 -16 -17 17 20 -20 -21 -22 -23
leaf_value=0.069529429007194082 -0.05318890625003745 0.13439633916551713 -0.051186432809609696 -0.027251299217730396 0.07023105448690263 -0.007685403950442456 -0.00099453757133764926 0.0022556723736579043 0.18546465792045597 0.0062832489538877439 -0.018837295278415975 -0.0012041755867968759 0.0064995220811930711 0.012597389083595903 0.03648354262380845 -0.011954190391650578 -0.024842756678872528 -0.050807993331637963 0.12023221281678638 -0.010525976203989833 -0.05725278029483865 -0.053067731892633023
leaf_weight=0.4082383736968066 0.76884699799120371 0.53618621546775713 1.8082060702145097 1.6468184888362873 4.7074172580614686 10.319879843387751 971.52410471718758 0.88210776541382052 0.8370549138635397 34.857461601495743 52.950809353031218 307.84278947487473 301.85417207144201 22.58724357187748 12.725800573825834 23.853032946586609 21.618697265163071 3.8169951485469928 0.29184648813679714 1.0707693956792352 0.28579928725957859 1.0574833694845436
leaf_count=8 19 19 97 21 77 499 10410 37 23 144 947 2448 3059 94 52 100 1489 330 21 20 3 23
internal_value=-7.80413e-05 -0.0118852 0.00560527 0.0161809 0.0449667 -0.00066792 0.000246481 0.0467602 0.0914596 0.000179517 -0.000227917 -0.00379205 0.000781928 0.00726092 0.0143601 -1.29931e-05 -0.0258838 -0.0273812 -0.0229104 -0.0406316 -0.0512569 -0.0518807
internal_weight=1778.25 47.5683 21.1468 17.2103 6.35424 10.8561 1730.68 2.48801 1.71916 1728.2 1634.17 360.794 1273.38 94.0235 47.5833 46.4403 26.4216 26.0133 21.9105 3.93646 4.10279 2.86569
internal_count=19940 2607 756 616 98 518 17333 79 60 17254 16864 3395 13469 390 196 194 1851 1843 1510 140 333 120
is_linear=0
shrinkage=0.05


Tree=74
num_leaves=26
num_cat=0
split_feature=4 2 0 0 0 2 2 2 0 3 0 2 1 3 4 0 2 1 3 4 4 1 1 4 2
split_gain=2.50361 3.37284 4.14239 3.06998 5.42272 2.2433 1.87777 1.8616 6.22589 4.53379 4.48169 4.2135 4.19539 7.97937 4.94936 4.01904 5.60764 5.4103 3.71738 2.7111 1.99757 1.3679 3.34118 1.31978 0.628456
threshold=1.6482901279637927 0.00095296903355790452 46.508027469159536 77.869255751271183 68.010477039056425 -0.0029041390408907626 -0.0036258556770936141 0.0010690675492843751 49.412505700312146 1.6521492058169651 49.258052626900017 0.00076390155040861895 0.00070275890815141306 0.18571092961600949 10.055185075052009 51.896455480630159 0.0014764932644997233 -0.00025397618267236627 2.0446944663392732 5.9329382855178734 21.559274527434912 -0.00032398132613659086 -0.00066399768961028494 1.6190510504815439 0.0050247923868930186
decision_type=2 2 2 2 2 2 2 2 2 2 2 2 2 2 2 2 2 2 2 2 2 2 2 2 2
left_child=1 5 -3 4 -4 6 -1 8 10 15 11 -2 13 -10 -14 17 -17 -9 20 -12 -11 22 -7 -23 -5
right_child=7 2 3 24 -6 21 -8 9 12 18 19 -13 14 -15 -16 16 -18 -19 -20 -21 -22 23 -24 -25 -26
leaf_value=-0.012524850751713005 0.0011876129316998124 0.14502738548597854 -0.01455014953358226 -0.051780372438237576 0.054220547052515083 -0.051245906343077831 0.095548608951088701 -0.052436282285069774 0.11571094875963722 0.021293202977941503 -0.004231713160843891 -0.038313512686551442 0.0069768639430975964 -0.014116566890611039 -0.015502860358637773 0.015583050350174255 -0.00010880765666803195 -0.0039722983184233805 -0.024965974196005991 0.067771559312047133 0.0053041485340091735 -0.041075593253939897 0.034771899474259273 0.036636686600727192 -0.0048168911831951988
leaf_weight=1.0435352879576383 716.20746060740203 0.50601018592715519 7.4377760244533402 2.7957713315263386 4.6639659116044641 2.1817424078471959 0.65370373055339115 8.0602851491421479 1.1927462276071299 52.730177264660597 1.9372121104970563 6.8151746662333599 74.889163330197334 152.99012869503349 36.379981055855751 63.32723396550864 563.94226806331426 20.167033420875669 6.1301118433475486 4.0206079334020615 31.029092520475388 14.382543689571316 2.3394383518025323 0.56791333388537246 0.95591544359922398
leaf_count=29 7801 15 248 124 186 124 23 102 36 306 37 83 716 2688 171 846 4576 177 30 24 135 1212 194 38 19
internal_value=-7.58146e-05 -0.0128531 0.00419799 -0.000297008 0.0119538 -0.0260304 0.0291004 0.000199795 -0.00121621 0.00208891 0.00117115 0.000815277 -0.00777234 -0.0131122 -0.00037299 0.000644869 0.00147539 -0.0178111 0.0126192 0.0443594 0.01537 -0.0308358 -0.00673688 -0.0381236 -0.0398143
internal_weight=1777.35 37.5283 16.3594 15.8534 12.1017 21.1689 1.69724 1739.82 994.432 745.386 728.98 723.023 265.452 154.183 111.269 655.497 627.27 28.2273 89.8894 5.95782 83.7593 19.4716 4.52118 14.9505 3.75169
internal_count=19940 2212 592 577 434 1620 52 17728 11556 6172 7945 7884 3611 2724 887 5701 5422 279 471 61 441 1568 318 1250 143
is_linear=0
shrinkage=0.05


Tree=75
num_leaves=30
num_cat=0
split_feature=4 3 3 1 2 3 3 1 2 1 1 4 2 4 1 2 0 3 4 3 3 0 2 2 2 3 1 0 4
split_gain=2.32726 2.98167 2.68587 4.16282 4.3063 2.86271 2.26944 2.132 3.33674 8.20156 6.91003 5.64567 5.47463 3.9103 3.40043 1.96747 6.01922 6.09725 4.35689 5.02523 4.64731 3.15547 1.86612 1.84436 4.18153 7.64356 2.24666 1.75419 8.68256e-05
threshold=3.1291788864690364 0.89647575475863461 0.86656833488924367 -0.00085025903414054349 0.0010215793018080179 0.77476462332455609 0.83639248267624189 -0.00099830831021280298 -0.003434987099642572 -0.0015055102654840666 -0.0039949216161100356 26.33084368258125 -0.0043367247512638976 6.0327696162321391 -0.0048133255779406183 -0.00044898077642013806 52.820862401255802 0.72046268305677852 3.2408697096579426 0.39977989041944489 0.93004332538563317 53.963508428898237 -0.0020889671513075743 0.00012010322709021805 0.0002989916573777896 1.0449804210562859 0.00061011342022609949 62.352801536190576 2.2140613604730088
decision_type=2 2 2 2 2 2 2 2 2 2 2 2 2 2 2 2 2 2 2 2 2 2 2 2 2 2 2 2 2
left_child=1 2 5 -4 -5 22 -7 8 9 14 11 -10 -11 -12 -2 18 17 -17 20 -20 -9 -18 -1 26 25 -25 28 -26 -3
right_child=7 23 3 4 -6 6 -8 15 10 12 13 -13 -14 -15 -16 16 21 -19 19 -21 -22 -23 -24 24 27 -27 -28 -29 -30
leaf_value=0.012750958369704652 -0.016022351191799646 -0.050477212687999297 0.18735598316061822 -0.026622353413587221 0.087052324098911435 -0.044688398190862302 0.003869795953456013 0.025464121992250784 0.0043167617205974859 0.018340368374269039 -0.026932082177772002 0.066088794780894702 0.080965431553082765 -0.0068693021943477929 0.0036883858802790855 -0.028377915124214972 0.018621412203391041 -0.0037291095490360592 -0.020305873363652839 0.0051462288342918102 0.14982710254672402 0.0013569361484840556 -0.0043953963180226882 -0.051234163616430531 -0.05133222079117894 0.205595428906681 0.069534287339707734 -0.0086715134152256686 -0.050915299185456279
leaf_weight=17.992071214597672 31.083876855671406 1.4359849691391016 0.41648240759968791 2.0315944845788176 1.4123136978596447 7.3742708619683963 3.5716291656717658 3.0768328122794619 12.534643866121771 14.313008047640325 29.026308329775929 5.2473458945751181 4.6150137633085242 148.73599907383323 73.906302914023399 31.984731964766979 27.51685144007206 116.36982596293092 20.446746911853552 376.35570038668811 0.99385486729443062 693.42100944370031 134.44970091478899 0.57424517162144073 3.4215101469308129 0.58464075531810522 0.41132566146552552 8.1484010983258468 5.3254851317033172
leaf_count=395 247 168 10 103 28 347 144 57 108 117 638 24 39 1314 694 338 236 1135 224 3020 38 5233 4347 40 174 38 15 353 316
internal_value=-7.4382e-05 -0.00534825 -0.0031712 0.0380505 0.0199945 -0.00414515 -0.0288439 0.000546519 -0.00310469 0.00331445 -0.00717255 0.0225453 0.0336096 -0.0101453 -0.00214727 0.00146484 0.000128512 -0.00904331 0.00436267 0.00383471 0.0558272 0.00201589 -0.00237168 -0.0236436 -0.0122175 0.0783326 -0.0439204 -0.0212873 -0.0508223
internal_weight=1776.78 187.15 167.248 3.86039 3.44391 163.388 10.9459 1589.63 319.462 123.918 195.544 17.782 18.928 177.762 104.99 1270.17 869.292 148.355 400.873 396.802 4.07069 720.938 152.442 19.9016 12.7288 1.15889 7.1728 11.5699 6.76147
internal_count=19940 6478 5374 141 131 5233 491 13462 3181 1097 2084 132 156 1952 941 10281 6942 1473 3339 3244 95 5469 4742 1104 605 78 499 527 484
is_linear=0
shrinkage=0.05


Tree=76
num_leaves=26
num_cat=0
split_feature=4 0 0 1 1 1 2 2 0 0 0 2 3 0 1 0 2 1 3 3 2 4 1 1 2
split_gain=2.25302 2.19365 7.81859 7.89748 2.19079 6.59982 3.00852 1.95359 5.69554 4.12508 6.00551 6.66341 5.45502 4.66226 5.61963 4.0343 3.8831 3.77649 6.29644 5.28011 2.47669 0.14514 0.00250069 0.000239536 2.96208e-05
threshold=1.3480381809364734 70.85754737597982 68.010477039056425 0.00020127794008872882 -0.00043511920878191995 -0.00048539441251455035 0.00060052889523276598 0.0010690675492843751 49.412505700312146 51.670528385452513 65.633153117771812 0.0018898860423699484 0.79017907246819952 50.908634707293594 -0.00025397618267236627 49.258052626900017 0.00076390155040861895 0.00063013102346765059 0.18571092961600949 1.8268245631140034 -0.00070285460153685076 8.0537653704054417 0.0010766756807439883 0.00080762545967738586 0.0045402414581885439
decision_type=2 2 2 2 2 2 2 2 2 2 2 2 2 2 2 2 2 2 2 2 2 2 2 2 2
left_child=1 2 4 -4 5 -1 -6 8 15 13 11 -11 -12 14 -9 16 -2 18 -10 -19 -17 -15 23 24 -3
right_child=7 22 3 -5 6 -7 -8 9 17 10 12 -13 -14 21 -16 20 -18 19 -20 -21 -22 -23 -24 -25 -26
leaf_value=-0.0090856599646013791 0.00096102663020473553 -0.050690317782471808 -0.051306307138636466 0.21304406786507127 -0.045984955581350365 0.21721643551320852 0.0058188395394290528 -0.045172211354286743 0.093801456219877136 0.018195148620944439 0.0066263719891704711 0.0025807412097335137 -0.0051550202602612793 -0.055377669583092641 0.0078966394296448635 0.087906373404402244 -0.037354546800657515 -0.0029996328260895287 -0.013839192142577381 0.052238741352505315 0.01954672856407905 -0.073903489679872564 -0.054278978205688867 -0.052038433349134383 -0.051221560543306247
leaf_weight=2.3657700060866778 721.18021725956351 2.2973279673606162 0.45263908384367713 0.75179580738767982 7.9502620990388095 0.37296960875392393 4.3285910291597247 7.155566228553659 1.3711449597030867 107.32449850160629 151.71926828008145 188.03375847823918 278.80400384310633 2.0112567078322163 16.471644112840295 1.953125176951289 6.6737236594781271 114.21842178050429 148.14343053288758 4.4964561536908141 4.1199143957346669 2.2288468778133392 0.68409602344036091 0.4197659259662031 0.29622641019523133
leaf_count=132 8096 184 29 33 761 23 221 92 42 1044 1601 1323 2127 29 158 15 86 993 2830 24 47 11 14 12 13
internal_value=-7.37325e-05 -0.0167948 -0.00887325 0.113698 -0.0187037 0.0217328 -0.0277229 0.000115956 -0.00133042 0.00203901 0.00276376 0.00825456 -0.00100318 -0.0168391 -0.00817541 0.000948327 0.00060971 -0.00756552 -0.0128521 -0.000907419 0.0415316 -0.0651159 -0.0515499 -0.0509303 -0.050751
internal_weight=1775.82 19.9194 16.222 1.20443 15.0176 2.73874 12.2789 1755.91 1002.16 753.749 725.882 295.358 430.523 27.8673 23.6272 733.927 727.854 268.229 149.515 118.715 6.07304 4.2401 3.69742 3.01332 2.59355
internal_count=19940 1422 1199 62 1137 155 982 18518 12133 6385 6095 2367 3728 290 250 8244 8182 3889 2872 1017 62 40 223 209 197
is_linear=0
shrinkage=0.05


Tree=77
num_leaves=26
num_cat=0
split_feature=4 1 1 2 0 2 2 2 4 3 2 1 0 2 0 3 1 2 4 0 0 1 0 3 2
split_gain=2.14331 4.24523 3.01857 3.01571 6.44893 3.17278 2.08758 2.15631 1.90465 3.78458 4.12702 1.82198 2.22996 5.1843 4.24272 1.73288 3.37639 3.32791 1.5363 4.34976 2.47828 1.47637 2.40456 0.130768 0.000274221
threshold=1.7907461842551071 0.00065930535449942884 0.0011267885002730351 0.0014155491856157056 57.002487963248278 0.0022881698691492596 0.0022012419107794172 0.00099795902760635457 1.8170763371102645 0.33820191062423133 0.00083031225552498988 0.0046023778485585485 66.648154844241802 0.0015651691044047402 56.773027823449901 0.15413100384755485 0.00051274875411744258 0.0045402414581885439 12.513466666199223 65.330846389481209 62.119683534842146 0.00038126715736130917 69.365457064717788 0.65577170572952403 0.0010215793018080179
decision_type=2 2 2 2 2 2 2 2 2 2 2 2 2 2 2 2 2 2 2 2 2 2 2 2 2
left_child=1 15 3 4 -3 -5 7 -4 9 -2 23 12 14 -14 -10 16 17 -1 19 -13 -20 22 -17 -11 -23
right_child=8 2 6 5 -6 -7 -8 -9 11 10 -12 18 13 -15 -16 21 -18 -19 20 -21 -22 24 -24 -25 -26
leaf_value=-0.026327335357820919 -0.053032928388782589 0.070899550993892099 -0.018309830907659409 0.12881705380244274 -0.052341195788073148 0.027574109529471227 -0.057186316859544888 0.049651427232988654 -0.00082315206406773772 0.014308354916980973 0.18633645391981632 -0.0093205336881244469 -0.022618422882032949 -0.0017747474616452129 0.0059255028172725786 -0.028255704167413305 0.11808337574942343 0.092766459856847686 0.020678196243821487 0.04043785324621442 -0.0027079337494978258 -0.05066408606476424 0.015883435632923461 0.04752729263852231 -0.05141394104537822
leaf_weight=4.0274649150669601 0.73154603689908926 2.0321194585412723 3.4726608712226152 1.3553296979516747 2.2223797715269029 1.8036446357145903 1.8563756756484506 1.758024727925658 974.97312362538651 0.7168404124677179 0.62101651728153218 7.3576507270336178 32.721192700788379 337.84867782890797 305.97807210497558 17.735681265592582 0.58801835030317295 0.68658662028610695 15.61487179994583 10.897025913000105 41.269242361187935 2.3904940164647988 3.7353720604442051 0.50494066858664155 2.4883911842480302
leaf_count=228 19 66 38 22 73 29 24 17 10434 21 11 31 649 2790 3069 1515 22 19 64 46 171 211 233 28 110
internal_value=-7.26182e-05 -0.0107066 0.0116977 0.0340027 0.00652353 0.0710115 -0.0116345 0.00453183 0.000211198 0.0431866 0.0813835 0.000147124 -0.000199316 -0.00361524 0.000788885 -0.0209705 0.00511027 -0.0089817 0.00776174 0.0203825 0.00371163 -0.0262184 -0.0205767 0.0280372 -0.0510465
internal_weight=1775.39 46.1525 14.5005 7.41347 4.2545 3.15897 7.08706 5.23069 1729.23 2.57434 1.8428 1726.66 1651.52 370.57 1280.95 31.652 5.30207 4.71405 75.1388 18.2547 56.8841 26.3499 21.4711 1.22178 4.87889
internal_count=19940 2607 269 190 139 51 79 55 17333 79 60 17254 16942 3439 13503 2338 269 247 312 77 235 2069 1748 49 321
is_linear=0
shrinkage=0.05


Tree=78
num_leaves=30
num_cat=0
split_feature=4 3 3 4 3 3 3 1 2 1 1 4 3 2 3 4 2 2 4 2 2 0 0 2 2 3 0 4 1
split_gain=1.98139 2.72892 2.39872 3.3569 3.37289 2.64754 2.21187 1.88762 3.00772 7.2235 6.25183 5.34355 4.73826 3.95578 3.15817 1.88186 2.33588 2.79571 1.85995 2.38709 2.14491 5.7021 3.93548 1.76564 0.991323 0.44335 0.00022605 1.92694e-05 1.36577e-05
threshold=3.1291788864690364 0.89647575475863461 0.86656833488924367 2.9563017942017775 0.87649645461058234 0.77476462332455609 0.83639248267624189 -0.00099830831021280298 -0.003434987099642572 -0.0015055102654840666 -0.0039949216161100356 13.801371992695886 1.0449804210562859 -0.0019284778025993041 1.4314908059777351 2.2985958181456949 -0.00024398245744311484 0.0015345839987331857 36.295067432203275 0.0069101748454205589 -0.00044898077642013806 52.820862401255802 37.387314783721713 0.012623705341918258 0.0007269940733326542 1.7905996436368579 78.881313474917889 1.7071699481283129 0.00033581416010108894
decision_type=2 2 2 2 2 2 2 2 2 2 2 2 2 2 2 2 2 2 2 2 2 2 2 2 2 2 2 2 2
left_child=1 2 5 4 -4 23 -7 8 9 14 11 -10 -11 -12 -2 26 28 -18 20 24 22 -22 -9 -1 -20 -21 27 -3 -17
right_child=7 15 3 -5 -6 6 -8 18 10 12 13 -13 -14 -15 -16 16 17 -19 19 25 21 -23 -24 -25 -26 -27 -28 -29 -30
leaf_value=-0.0026304800140562264 -0.0089137969754105369 -0.050295226381917739 0.081718317218195766 0.12400597136646443 -0.027018621641138826 -0.044283441274048874 0.0041108122194072876 -0.0017874890071166863 -0.038843152795090818 0.051153870466025264 -0.021283808826134686 0.033721212348051137 0.00052010201974567421 -0.0048501107853568788 0.0089153989547068272 -0.050806185093429906 0.0093779010864829485 -0.051832134644132943 0.018210445208546089 -0.011788381897178632 -0.0093030576033544237 0.001563471363960195 0.0083200226377596539 0.057857088840305493 0.049955455615166379 0.0096070295649562341 -0.051479668381547355 -0.050621228266243434 -0.051118915060280892
leaf_weight=150.43323764996603 64.481985425576568 0.52792548667639794 1.1057973718270657 0.84408050961792458 2.0085078049451113 7.0235280874185246 3.5567502533085644 163.74658427760005 3.0599686373025206 11.725485708564522 51.905116921290755 14.844851821660994 7.6249849647283545 124.33790104463696 40.398981858044863 2.939369677565995 9.0320337964221782 2.3510451968759289 4.9364862293005007 4.776212126016615 145.53625863790512 708.10260829329491 233.82742554880679 1.2162040136754502 4.9006747305393219 4.910788893699646 0.84748536720871914 3.2058351263403893 0.39618078060448159
leaf_count=4734 666 94 41 18 82 347 144 1487 40 106 570 92 50 1382 275 194 388 85 20 20 1467 5412 1835 8 20 20 35 288 20
internal_value=-7.07705e-05 -0.00496094 -0.00289421 0.0355619 0.0115906 -0.00383253 -0.0280148 0.00050003 -0.00294272 0.00313257 -0.00683017 0.0213198 0.0312018 -0.00968998 -0.00204619 -0.0227573 -0.0140467 -0.00326433 0.0013626 0.016676 0.00112365 -0.000289155 0.0041571 -0.00214538 0.0340252 -0.000942058 -0.0507425 -0.0505751 -0.0508433
internal_weight=1774.6 185.488 166.188 3.95839 3.11431 162.23 10.5803 1589.12 318.379 124.231 194.148 17.9048 19.3505 176.243 104.881 19.2999 14.7186 11.3831 1270.74 19.5242 1251.21 853.639 397.574 151.649 9.83716 9.687 4.58125 3.73376 3.33555
internal_count=19940 6478 5374 141 123 5233 491 13462 3181 1097 2084 132 156 1952 941 1104 687 473 10281 80 10201 6879 3322 4742 40 40 417 382 214
is_linear=0
shrinkage=0.05


Tree=79
num_leaves=19
num_cat=0
split_feature=4 0 0 1 1 1 2 0 3 0 3 4 0 1 2 1 1 2
split_gain=1.93633 2.19039 6.23619 5.45954 2.10393 4.86954 2.89367 1.74321 3.62545 2.51351 3.80177 6.7626 3.41248 4.35758 3.57162 0.00191238 0.000204433 3.40093e-05
threshold=1.3480381809364734 70.85754737597982 68.010477039056425 0.00020127794008872882 -0.00043511920878191995 -0.00048539441251455035 0.00060052889523276598 91.980087135581584 0.82042644650178065 79.36920245890245 1.8754374664996203 19.219750620232031 66.648154844241802 0.0017734231999086971 0.0010690675492843751 0.0009809106280778137 0.00080762545967738586 0.0045402414581885439
decision_type=2 2 2 2 2 2 2 2 2 2 2 2 2 2 2 2 2 2
left_child=1 2 4 -4 5 -1 -6 9 -9 12 11 -11 14 -14 -2 16 17 -3
right_child=7 15 3 -5 6 -7 -8 8 -10 10 -12 -13 13 -15 -16 -17 -18 -19
leaf_value=-0.0074228597809302818 -0.00079831280903379549 -0.050651640905507861 -0.051288451956276765 0.16378926624631204 -0.045482370660584026 0.17329081926273282 0.0059820410404046644 -0.050939256820803837 0.0075093599734708102 0.0083730105458653514 0.046155781925662186 -0.034596731032204994 -0.010680315025949051 0.0019487514391741689 0.0051070617305743046 -0.05382535104333605 -0.05198124328973424 -0.051222796329636715
leaf_weight=2.2788477502763276 984.55623991182074 2.1695321383886044 0.43451499100774416 0.91931701079010963 7.4532842303160578 0.44567875564098436 4.3112290538847446 5.0228736717253906 5.6234055729582906 117.20982713345438 5.8752331212162963 9.9323968738317472 161.43630358716473 118.39720620214939 346.02885459549725 0.68675579130649556 0.36959534045308817 0.2962183617055415
leaf_count=132 11766 184 29 33 761 23 221 36 37 928 26 44 2237 580 2864 15 11 13
internal_value=-6.92335e-05 -0.0157934 -0.00786461 0.0947597 -0.0174536 0.0221383 -0.0266227 0.00010436 -0.0200665 0.000227533 0.00683329 0.0050162 -0.000318089 -0.00533697 0.000737425 -0.051458 -0.0508846 -0.0507203
internal_weight=1773.45 19.365 15.8429 1.35383 14.489 2.72453 11.7645 1754.08 10.6463 1743.44 133.017 127.142 1610.42 279.834 1330.59 3.5221 2.83535 2.46575
internal_count=19940 1422 1199 62 1137 155 982 18518 73 18445 998 972 17447 2817 14630 223 208 197
is_linear=0
shrinkage=0.05


Tree=80
num_leaves=25
num_cat=0
split_feature=0 0 2 4 4 1 4 1 3 3 3 1 3 3 0 4 2 0 1 4 3 4 4 4
split_gain=1.90857 7.63603 6.86657 3.21539 6.57698 4.49634 4.22054 5.20469 3.4726 2.23328 4.72789 5.32151 3.80394 2.96721 4.45543 2.17507 2.13491 3.01554 2.09792 2.64086 1.94589 0.0116068 0.00320713 0.00037973
threshold=25.161448773610193 26.874843870839069 -0.0021435509768166212 5.6736382509286232 13.529590482442769 -0.0031135142166399117 4.681435434715449 -0.00012991634291498186 1.1020217459950163 0.95893646638607899 1.1640591360234602 -0.0037556207254705871 1.4314908059777351 0.22279559614942462 20.023483922138954 12.513466666199223 -0.010007341424341952 34.168927925695499 -0.0080480908322274041 30.46459279869983 1.0571222421422244 7.0304448466795106 4.9272582601770649 1.6482901279637927
decision_type=2 2 2 2 2 2 2 2 2 2 2 2 2 2 2 2 2 2 2 2 2 2 2 2
left_child=2 3 9 6 8 -6 7 -2 -5 13 11 -11 -12 14 -1 -15 17 20 -18 -20 -3 22 23 -4
right_child=1 16 21 4 5 -7 -8 -9 -10 10 12 -13 -14 15 -16 -17 18 -19 19 -21 -22 -23 -24 -25
leaf_value=0.061720142507623421 0.067996685216191149 -0.062393449515600566 -0.050602310918645727 0.018538929164508427 0.0078151212439566999 0.083660659732607112 0.10856152702383898 -0.032596907679317486 -0.035012468810646874 -0.035455387049813228 -0.023025948751085192 0.04570734623883476 0.0081485668049020819 -0.021193389721571906 -0.037163347650506724 0.016607862422392827 -0.03395156015942407 0.018342013793833427 -0.000171344809607606 0.012983487505087083 -0.013938094140172561 -0.060007676270122795 -0.054118912240333411 -0.051804211332141151
leaf_weight=3.0552229285240164 3.3157217944972244 4.0563996434211713 0.76971692545339365 6.2213055901229399 3.434616319835186 4.5330766811966887 2.4066916164010763 2.1004184177145362 5.8965198993682861 2.5041144937276831 16.670476311817765 10.437368336133657 23.692234041169286 32.03561679366976 1.8164063394069669 4.3183757327496997 4.523960053920745 3.3880225680768481 1587.4509804339614 39.091344267129898 4.2351542413234711 0.51652370393276203 1.7135020047426222 4.4944148613139987
leaf_count=36 93 31 79 51 22 24 31 45 50 32 177 119 204 444 23 30 28 20 18014 166 21 5 27 168
internal_value=-6.71217e-05 0.000338309 -0.00670609 0.0262728 0.0156813 0.0509661 0.0534672 0.0289858 -0.00751912 -0.0030538 0.00370485 0.0300027 -0.00472703 -0.0117926 0.024851 -0.0167031 -0.000102289 -0.0214031 5.02401e-05 0.000144811 -0.0376435 -0.0527754 -0.05224 -0.0516285
internal_weight=1772.68 1670.65 102.024 27.9084 20.0855 7.96769 7.82283 5.41614 12.1178 94.5298 53.3042 12.9415 40.3627 41.2256 4.87163 36.354 1642.75 11.6796 1631.07 1626.54 8.29155 7.49416 6.97763 5.26413
internal_count=19940 18596 1344 316 147 46 169 138 101 1065 532 151 381 533 59 474 18280 72 18208 18180 52 279 274 247
is_linear=0
shrinkage=0.05


Tree=81
num_leaves=18
num_cat=0
split_feature=4 0 0 2 1 0 2 0 3 4 0 1 2 3 1 1 2
split_gain=1.78249 2.12407 5.27184 5.94782 1.88803 1.59124 3.552 2.25252 3.36313 6.16081 3.10618 3.95169 3.33069 0.760788 0.00164894 0.00017536 2.91802e-05
threshold=1.3480381809364734 70.85754737597982 69.978262393707624 0.0045402414581885439 -0.00043511920878191995 91.980087135581584 0.006325494815075495 79.36920245890245 1.8754374664996203 19.219750620232031 66.648154844241802 0.0017734231999086971 0.0099953623306853218 0.67969631090521265 0.0009809106280778137 0.00080762545967738586 0.0045402414581885439
decision_type=2 2 2 2 2 2 2 2 2 2 2 2 2 2 2 2 2
left_child=1 2 3 4 -1 7 -7 10 9 -9 12 -12 -2 -8 15 16 -3
right_child=5 14 -4 -5 -6 6 13 8 -10 -11 11 -13 -14 -15 -16 -17 -18
leaf_value=0.018287675633905313 0.00055163166585317372 -0.050619411200233055 0.15769392825537837 0.16565610688333865 -0.026858094734592049 0.02927086455225978 -0.055293760474633018 0.0079297997400873954 0.04332750942632918 -0.033253644449156898 -0.010223188798409151 0.0018214780653811038 0.041614081781776169 -0.023508542236480301 -0.053636652136161617 -0.051881096945081029 -0.05116160528488331
leaf_weight=2.8735326570458701 1325.5952868657187 2.0646542934700851 0.46823921892792064 0.45388149097561914 11.933226966299115 2.777236699126659 3.202681589871645 117.64751321449876 5.9118264839053145 9.8405450135469419 160.13653436023742 118.48234588652849 4.9568525329232207 4.5672940313816071 0.65539799444377411 0.35217336378991593 0.28205291740596283
leaf_count=158 14605 184 17 7 1017 30 22 928 26 44 2237 580 25 21 15 11 13
internal_value=-6.56842e-05 -0.0152644 -0.00756105 -0.0126315 -0.0180967 9.9758e-05 -0.0192626 0.000216952 0.00646051 0.00475093 -0.000300638 -0.00510121 0.000704606 -0.03661 -0.051387 -0.0508407 -0.0506846
internal_weight=1772.2 19.0832 15.7289 15.2606 14.8068 1753.12 10.5472 1742.57 133.4 127.488 1609.17 278.619 1330.55 7.76998 3.35428 2.69888 2.34671
internal_count=19940 1422 1199 1182 1175 18518 73 18445 998 972 17447 2817 14630 43 223 208 197
is_linear=0
shrinkage=0.05


Tree=82
num_leaves=22
num_cat=0
split_feature=0 0 2 3 1 3 3 3 1 3 3 0 0 2 0 1 4 3 4 4 4
split_gain=1.75383 6.72848 6.56325 3.13463 5.14541 5.02048 2.03227 4.17558 4.80326 3.48234 2.69894 3.90901 2.16958 1.96382 2.78452 1.93179 2.3127 1.89539 0.0100011 0.00274393 0.000323262
threshold=25.161448773610193 26.874843870839069 -0.0021435509768166212 1.7218028886166559 -0.0031135142166399117 1.1020217459950163 0.95893646638607899 1.1640591360234602 -0.00025397618267236627 1.4314908059777351 0.22279559614942462 20.023483922138954 8.1208462147270897 -0.010007341424341952 34.168927925695499 -0.0080480908322274041 30.46459279869983 1.0571222421422244 7.0304448466795106 4.9272582601770649 1.6482901279637927
decision_type=2 2 2 2 2 2 2 2 2 2 2 2 2 2 2 2 2 2 2 2 2
left_child=2 3 6 4 -2 -6 10 8 -8 -9 11 -1 -12 14 17 -15 -17 -3 19 20 -4
right_child=1 13 18 -5 5 -7 7 9 -10 -11 12 -13 -14 15 -16 16 -18 -19 -20 -21 -22
leaf_value=0.056759959188162193 -0.042461958797408356 -0.061704756152372135 -0.050577353482121168 0.067549039099979211 0.044821961413047319 -0.0052698195813083697 0.014660797356325306 -0.022265222367615412 0.096721848875828895 0.0076693137066497835 0.041306985775592102 -0.036023798468419889 -0.018741101970278309 -0.032859614242235359 0.017201683300796338 -0.00015394591009061553 0.012141865080711077 -0.013340914165209323 -0.059491594612453728 -0.053907215055554569 -0.051715354350621495
leaf_weight=3.1530930548906317 3.0756100155413213 3.9022725969552976 0.73041669861413439 3.6741984188556662 13.790702686645092 7.8490733886137596 11.085253917612134 16.405397318303585 2.1250518821179858 23.825144469738007 1.5731960949487973 1.773762892000377 34.318519427906722 4.4463478550314894 3.4182254374027243 1586.6060256140772 39.186869382858276 4.2128114998340607 0.49571555107831944 1.6370082851499317 4.2846625214442611
leaf_count=36 31 31 79 24 185 76 136 177 15 204 29 23 445 28 20 18014 166 21 5 27 168
internal_value=-6.33652e-05 0.000324285 -0.0064479 0.0244581 0.0180522 0.0266529 -0.00294507 0.00347132 0.0278614 -0.00453753 -0.0113456 0.023356 -0.0161091 -9.30381e-05 -0.0206526 5.24125e-05 0.000142423 -0.0365975 -0.0526403 -0.0521298 -0.0515496
internal_weight=1771.57 1670.16 101.407 28.3896 24.7154 21.6398 94.2594 53.4408 13.2103 40.2305 40.8186 4.92686 35.8917 1641.77 11.5333 1630.24 1625.79 8.11508 7.1478 6.65209 5.01508
internal_count=19940 18596 1344 316 292 261 1065 532 151 381 533 59 474 18280 72 18208 18180 52 279 274 247
is_linear=0
shrinkage=0.05


Tree=83
num_leaves=24
num_cat=0
split_feature=4 1 1 4 2 2 2 4 0 3 1 3 1 0 1 4 4 1 3 1 0 2 2
split_gain=1.66885 3.88145 2.68584 8.76185 2.81121 5.70019 3.1672 1.68926 3.33466 1.59218 2.7094 2.55977 1.4994 2.36922 1.44798 3.90243 1.5362 2.22557 2.16583 1.14772 0.291637 0.000233617 0.000112524
threshold=1.7907461842551071 0.00065930535449942884 0.00072983161971929011 1.4523330347352019 0.00099795902760635457 0.0022881698691492596 -0.00077721720054402244 1.8170763371102645 47.276144258694224 0.15413100384755485 0.00051274875411744258 0.12835708062325293 0.00038126715736130917 69.365457064717788 -0.0080480908322274041 36.295067432203275 8.218237064890884 -0.0037556207254705871 0.62698148687588173 -7.563950568567622e-05 24.654230987640457 0.0010215793018080179 0.0011940130897625247
decision_type=2 2 2 2 2 2 2 2 2 2 2 2 2 2 2 2 2 2 2 2 2 2 2
left_child=1 9 3 22 6 -6 -4 8 -2 10 11 -1 13 -11 15 20 17 -16 -18 -10 -9 -14 -3
right_child=7 2 4 -5 5 -7 -8 14 19 12 -12 -13 21 -15 16 -17 18 -19 -20 -21 -22 -23 -24
leaf_value=-0.035108235292561345 -0.051211042973322664 -0.050739635935057453 0.022334269369477182 0.18427753183611839 0.064260989726216688 -0.025081638991941074 -0.053790071398091735 -0.03679304025752262 0.11696202528683848 -0.027136043113219873 0.1004783132204651 0.04338540744955164 -0.050624209432353046 0.017224930840623969 -0.039983497163226821 0.0090069470415567281 0.0114539551328355 -0.0011377576927270019 0.0010613433907460475 0.039383591567945582 -0.060466404310474758 -0.051341880604106417 -0.051968341805221308
leaf_weight=3.0351233859546509 0.72628197958692853 0.38913994748145231 2.3300777785480014 0.83689842559397221 4.0413708249107003 3.1980778928846121 3.3036450133658937 2.4317682944238168 0.87171597965061676 16.907812884543098 0.65424585808068503 1.5790191395208237 2.2159376488998523 3.661677347496151 3.7038449440151444 6.284013956785202 53.333169406279922 819.83887128485367 835.22360909916461 1.052238966338336 2.7976527810096741 2.3223527567461133 0.35753094218671322
leaf_count=161 36 30 26 16 56 46 82 26 17 1515 22 86 211 233 64 31 308 12041 4762 26 22 110 13
internal_value=-6.16065e-05 -0.00958545 0.0117401 0.0731869 0.00418131 0.0247932 -0.0223054 0.000185738 0.0400738 -0.0197348 0.00525513 -0.0082467 -0.0249784 -0.0192391 0.000124406 -0.0175479 0.000243248 -0.00131246 0.00168513 0.0745333 -0.0494579 -0.0509915 -0.051328
internal_weight=1771.1 44.8329 14.4567 1.58357 12.8732 7.23945 5.63372 1726.26 2.65024 30.3762 5.26839 4.61414 25.1078 20.5695 1723.61 11.5134 1712.1 823.543 888.557 1.92395 5.22942 4.53829 0.746671
internal_count=19940 2607 269 59 210 102 108 17333 79 2338 269 247 2069 1748 17254 79 17175 12105 5070 43 48 321 43
is_linear=0
shrinkage=0.05


Tree=84
num_leaves=22
num_cat=0
split_feature=0 2 0 3 1 4 3 2 1 3 2 1 4 2 3 2 3 1 4 4 4
split_gain=1.56859 6.2648 5.94667 2.68807 3.94578 5.39509 1.85385 3.91915 4.73988 3.12692 2.63221 5.35023 4.09155 1.82819 2.6937 1.73216 5.00722 2.69145 0.00862707 0.00233427 0.000277942
threshold=25.161448773610193 -0.0021435509768166212 26.874843870839069 1.849306420893049 -0.0031135142166399117 13.529590482442769 0.95893646638607899 -0.0043367247512638976 -0.0024419517785813634 1.1640591360234602 -0.0083332464073339035 0.0011710027634329603 3.8202705999524702 -0.010007341424341952 0.72046268305677852 -0.0064077682317917875 0.66593616176306403 -0.0080480908322274041 7.0304448466795106 4.9272582601770649 1.6482901279637927
decision_type=2 2 2 2 2 2 2 2 2 2 2 2 2 2 2 2 2 2 2 2 2
left_child=1 6 3 4 -2 -6 10 9 -9 -8 12 -12 -1 14 -4 16 -15 -17 19 20 -3
right_child=2 18 13 -5 5 -7 7 8 -10 -11 11 -13 -14 15 -16 17 -18 -19 -20 -21 -22
leaf_value=0.049036577901697374 -0.026010606230836932 -0.050534226362492732 -0.050975944052788429 0.077925734756367632 0.015652779239021117 0.080182574969793224 0.020372661018927568 -0.026063245604037527 0.041139880649212202 -0.012909875585760393 -0.029904604736810853 0.070132559543378284 -0.0088891963846326888 0.043368936264640542 -0.00095076099095974605 -0.048956620182554311 -0.0018571362194108086 -8.1981693546013005e-05 -0.059008579530140583 -0.053700873116401759 -0.051628316288093501
leaf_weight=3.7912474852055338 4.1841061040759149 0.67695954232476552 4.3515658080577833 2.0551902428269377 18.664343587122861 3.919204778969287 9.2690654192119819 3.4263707213103762 11.201384411193429 29.571695165708661 19.615221735555682 1.4342967867851246 15.560217881575225 8.8999448409304041 7.0517592057585716 2.8217913210391989 19.594121463596821 1598.141358890105 0.47535744309425343 1.5613507255911825 4.0730976355262101
leaf_count=37 37 79 36 13 246 20 85 45 162 240 336 8 152 82 36 18 109 17999 5 27 168
internal_value=-6.02059e-05 -0.00612188 0.00030522 0.0228195 0.0185885 0.0268514 -0.00276781 0.00334009 0.0253984 -0.00496724 -0.0108513 -0.0230882 0.00245935 -9.02583e-05 -0.0200406 4.93591e-05 0.0122689 -0.000168126 -0.0525129 -0.0520237 -0.0514724
internal_weight=1770.34 100.656 1669.68 28.8228 26.7677 22.5835 93.8695 53.4685 14.6278 38.8408 40.401 21.0495 19.3515 1640.86 11.4033 1629.46 28.4941 1600.96 6.78677 6.31141 4.75006
internal_count=19940 1344 18596 316 303 266 1065 532 207 325 533 344 189 18280 72 18208 191 18017 279 274 247
is_linear=0
shrinkage=0.05


Tree=85
num_leaves=26
num_cat=0
split_feature=2 0 2 4 0 1 4 0 2 2 3 3 0 1 0 4 2 4 1 4 0 3 1 1 1
split_gain=1.56042 5.92145 4.7237 5.57879 3.81527 4.60368 5.92479 3.47428 3.23805 3.42477 3.17397 3.25124 3.23282 5.92976 4.36196 3.11474 2.52101 2.46542 7.25158 2.42394 7.23977 6.57202 0.954343 5.14282 1.64337
threshold=0.0010690675492843751 49.412505700312146 0.0010954111561134463 7.42988151931063 66.856048244747043 0.00063013102346765059 10.055185075052009 49.258052626900017 -0.00077721720054402244 -0.00014200400454228432 1.6521492058169651 2.0446944663392732 52.663767333766309 -0.00025397618267236627 56.377859165209053 2.0853582769837717 0.0013405510756981933 4.0831299125344698 0.00042360715767941764 13.801371992695886 47.670248028695816 1.6395966468863732 0.00030611896759835672 0.00025858852219096123 0.0015016578089012136
decision_type=2 2 2 2 2 2 2 2 2 2 2 2 2 2 2 2 2 2 2 2 2 2 2 2 2
left_child=1 7 3 17 5 15 -7 19 -9 -10 12 16 13 -4 -14 -3 -12 18 -2 21 -21 -1 23 -6 -24
right_child=2 4 10 -5 22 6 -8 8 9 -11 11 -13 14 -15 -16 -17 -18 -19 -20 20 -22 -23 24 -25 -26
leaf_value=0.00054966812450654571 0.17630122446580565 -0.037498360034841464 -0.047833169173610135 0.10537152738472247 -0.031642027772252883 0.0094084035388148184 -0.015012905585249951 0.093191342055785109 -0.036750046041619126 0.052718686198976274 -0.018191049787537515 -0.025076157981361688 0.015894330539402715 -0.0016326371952835662 -0.00022966244628694167 -0.010009796754936157 0.015127537910651363 -0.030819736909550012 -0.053801150003159028 0.0028286762017016441 0.040910175950237451 -0.020107373445394188 -0.053380941307868968 0.13015526049868795 -0.0069667822903757412
leaf_weight=501.39361649518833 0.65805500838905506 11.173210307257248 9.7517512477934343 2.3820812702178955 4.7510716565884641 75.364920086227357 37.042560636997223 1.8696056492626665 1.8646125439554451 2.5087201944552353 6.1249088980257502 6.1136539727449408 45.176843439228833 24.13169405516237 586.2625056845136 132.65491687413305 77.686315594241023 1.9598139747977255 0.71380010340362787 174.89799271523952 13.439688488841055 41.706514800898731 7.281433576717971 0.54775534896180023 2.5838461667299271
leaf_count=7267 26 892 132 11 204 775 175 14 19 35 40 30 380 230 5411 2136 396 23 18 986 67 416 220 21 16
internal_value=-5.8674e-05 -0.00134787 0.00165087 0.0469421 -0.00766254 -0.00622036 0.00136065 0.00097536 0.0381171 0.0145728 0.00130823 0.0101249 0.000116572 -0.0149293 0.000923942 -0.0121452 0.0126926 0.00516609 0.056575 0.000658349 0.00554615 -0.00103666 -0.0320316 -0.0149166 -0.0412245
internal_weight=1770.04 1009.08 760.961 5.71375 271.4 256.236 112.407 737.681 6.24294 4.37333 755.248 89.9249 665.323 33.8834 631.439 143.828 83.8112 3.33167 1.37186 731.438 188.338 543.1 15.1641 5.29883 9.86528
internal_count=19940 13243 6697 78 4439 3978 950 8804 68 54 6619 466 6153 362 5791 3028 436 67 44 8736 1053 7683 461 225 236
is_linear=0
shrinkage=0.05


Tree=86
num_leaves=17
num_cat=0
split_feature=0 3 2 1 1 1 1 2 3 4 0 2 0 3 1 3
split_gain=1.50142 3.73225 4.11036 1.86937 1.69222 2.89587 2.64604 2.55673 2.05763 1.58663 3.48182 5.18681 5.148 2.3463 1.88894 1.49733
threshold=91.980087135581584 0.53625029197961427 0.0092753874489467387 0.0042805585062242199 0.0040315000692569001 0.0037825645749879348 0.0035593878318006538 0.0038583360807095128 0.73558772871351963 16.58562477985663 73.979893069804504 0.0076924297499956227 63.328282894127355 1.3470603514246215 0.005734181973295561 1.3025823973001411
decision_type=2 2 2 2 2 2 2 2 2 2 2 2 2 2 2 2
left_child=3 -2 -3 4 5 6 -1 -7 -6 13 12 -12 -11 14 -5 -10
right_child=1 2 -4 9 8 7 -8 -9 15 10 11 -13 -14 -15 -16 -17
leaf_value=-0.00016273593348197922 -0.06509803486761169 0.03678831797530465 -0.03720912677884667 0.012394823724695584 0.01233572164964142 0.0010011743352222407 -0.019681975975907016 0.039828915408135032 -0.04277473521743249 0.0066281472203827095 0.053574323176712728 0.00014767150342781397 -0.037649417759260187 -0.017925219404431671 0.039331869816716235 -0.0087943915071256231
leaf_weight=1615.8112819306552 3.087597946636377 3.7961896760389209 3.7114178389310837 27.501130267977715 4.788000792264941 8.4879000931978243 17.550994098186493 8.4711376428604108 6.5739931017160398 16.662920162081722 6.4476810097694424 15.376626864075659 10.832153290510176 4.9554885476827613 8.525824621319769 6.3961046040058136
leaf_count=19259 30 31 17 114 20 37 78 36 29 69 26 64 46 20 36 28
internal_value=-5.80114e-05 -0.0188236 0.000207365 5.50614e-05 -0.000324254 -0.000159057 -0.000372476 0.0203959 -0.0156766 0.00706188 0.00102031 0.0159318 -0.0108158 0.0143325 0.0187695 -0.0260176
internal_weight=1768.98 10.5952 7.50761 1758.38 1668.08 1650.32 1633.36 16.959 17.7581 90.3018 49.3194 21.8243 27.4951 40.9824 36.027 12.9701
internal_count=19940 78 48 19862 19487 19410 19337 73 77 375 205 90 115 170 150 57
is_linear=0
shrinkage=0.05


Tree=87
num_leaves=23
num_cat=0
split_feature=0 2 0 3 1 4 3 2 1 3 2 1 4 2 0 0 2 3 1 4 4 4
split_gain=1.43454 5.97077 5.29726 2.5361 4.26848 4.36991 1.69646 3.52195 4.15371 2.81581 2.44037 4.81794 3.61108 1.69001 3.24988 1.85806 1.53112 4.3969 2.51678 0.00746516 0.00191662 0.000237807
threshold=25.161448773610193 -0.0021435509768166212 26.874843870839069 1.7218028886166559 -0.0031135142166399117 13.529590482442769 0.95893646638607899 -0.0043367247512638976 -0.0024419517785813634 1.1640591360234602 -0.0083332464073339035 0.0011710027634329603 3.8202705999524702 -0.010007341424341952 34.430540776299232 29.272557548471003 -0.0064077682317917875 0.66593616176306403 -0.0080480908322274041 7.0304448466795106 4.9272582601770649 1.6482901279637927
decision_type=2 2 2 2 2 2 2 2 2 2 2 2 2 2 2 2 2 2 2 2 2 2
left_child=1 6 3 4 -2 -6 10 9 -9 -8 12 -12 -1 14 15 -4 17 -15 -18 20 21 -3
right_child=2 19 13 -5 5 -7 7 8 -10 -11 11 -13 -14 16 -16 -17 18 -19 -20 -21 -22 -23
leaf_value=0.045359456922761963 -0.041135452470981285 -0.05050824003954435 -0.0065388948672597362 0.059209744140867632 0.013104822262627866 0.071986055760511911 0.019020698321192908 -0.025217011312667723 0.038051256532044969 -0.012420065699442193 -0.029142920317977189 0.064485770446007618 -0.0085341649055325122 0.040144616218348556 0.023326695883085672 -0.055603863363148182 -0.047918587729241395 -0.001863500356936131 -7.189196015900495e-05 -0.058546061316282406 -0.053471211016032229 -0.051545436231591496
leaf_weight=3.8893737625330713 2.9251861646771493 0.64451355207711358 3.1859600208699685 3.8529193811118594 18.580685118678961 3.7945950329303733 9.4027092605829221 3.3468289002776137 11.536091729067264 29.349347196519375 19.147307102568451 1.4802076369523991 15.474234480410813 9.1327417399734276 3.1933119110763064 4.8929259143769741 2.7531538903713217 19.591457054018974 1596.4435267387889 0.45580572262406338 1.4788011908531187 3.8768867771141231
leaf_count=37 31 79 22 24 242 19 85 45 162 240 336 8 152 82 19 31 18 109 17999 5 27 168
internal_value=-5.54066e-05 -0.00586971 0.000293386 0.0214197 0.0156648 0.0230904 -0.00266277 0.0031489 0.0238237 -0.00479135 -0.0104572 -0.0224242 0.00229091 -8.23489e-05 -0.0193759 -0.0362548 5.12451e-05 0.0114928 -0.000154264 -0.0523773 -0.0519086 -0.0513976
internal_weight=1768.43 100.082 1668.35 29.1534 25.3005 22.3753 93.6261 53.635 14.8829 38.7521 39.9911 20.6275 19.3636 1639.19 11.2722 8.07889 1627.92 28.7242 1599.2 6.45601 6.0002 4.5214
internal_count=19940 1344 18596 316 292 261 1065 532 207 325 533 344 189 18280 72 53 18208 191 18017 279 274 247
is_linear=0
shrinkage=0.05


Tree=88
num_leaves=26
num_cat=0
split_feature=4 2 2 3 4 1 3 4 4 3 2 1 4 0 1 1 2 1 1 2 3 2 2 2 0
split_gain=1.43066 3.49644 4.44006 9.14158 3.97431 3.06322 7.39161 2.78719 1.53269 3.19745 4.41484 1.4647 3.24407 2.99498 2.36667 1.83793 2.04531 1.18032 5.49727 5.8982 4.11648 2.58617 2.93571 0.506253 0.288378
threshold=1.7907461842551071 0.00085600216844883292 0.0010459260183994792 0.19418818840035776 1.7071699481283129 0.00080762545967738586 0.18571092961600949 0.84777489694884067 1.8170763371102645 0.33820191062423133 0.00095296903355790452 -0.00032398132613659086 1.0576183634918812 49.412505700312146 -0.00036891256272419953 0.00065930535449942884 -0.00044898077642013806 -0.00046094179560640652 -0.00056449568728034183 0.00095296903355790452 0.85088489655783195 -0.014064982363506616 -0.012022830813021688 0.00060052889523276598 55.466504846629363
decision_type=2 2 2 2 2 2 2 2 2 2 2 2 2 2 2 2 2 2 2 2 2 2 2 2 2
left_child=1 11 3 -3 -5 7 -7 -4 9 -2 24 12 13 -1 -14 23 -17 18 20 -20 -10 -19 -23 -13 -11
right_child=8 2 5 4 -6 6 -8 -9 17 10 -12 15 14 -15 -16 16 -18 21 19 -21 -22 22 -24 -25 -26
leaf_value=0.089862124392249138 -0.053078840326169885 0.26714223580762758 0.044741730610264055 -0.018307628552229654 0.14313714706409711 -0.058480053810698512 0.058500671007170879 -0.02730113574431986 0.0073780855013446667 0.0024047131203497451 0.1794523155621883 -0.045479875367588941 -0.037693722841887004 -0.05074832233756818 0.10280208314200667 0.022340982160546932 -0.036474967146366187 -0.04148145351170713 -0.0098256628113662613 -0.057593880670957144 -0.0033488137580609833 0.052959877226711853 0.00094786247519015009 -0.012451500108974157 0.050436808330540518
leaf_weight=1.4162115328945244 0.71328368410468046 0.47001811303198637 1.5450369166210318 1.5134787978604438 0.50953879859298457 1.8983212634921063 4.6781401373445988 10.243038091808556 122.87046146579087 0.87490227865055181 0.63228138349950302 9.9364478336647171 3.7369013333227481 0.51693480974063266 0.32588372286409173 2.9437630660831928 2.9688009666278949 3.5824125669896594 29.529631204903126 8.2725667906925064 328.68928229250014 2.7189928069710723 1225.7248976062983 1.3135766754858185 0.48612107057124376
leaf_count=81 19 16 72 93 18 22 64 471 1803 38 8 1162 253 43 33 39 92 24 430 121 3168 21 11687 148 14
internal_value=-5.40186e-05 -0.0089554 0.00589373 0.0685058 0.0223556 -0.00260603 0.0247337 -0.0178586 0.000173234 0.0377695 0.0702786 -0.0223292 -0.00105505 0.0522621 -0.0264243 -0.0297615 -0.00719153 0.00011412 -0.00196331 -0.0202792 -0.000429999 0.000939276 0.00106298 -0.0416234 0.0195605
internal_weight=1768.11 44.0161 20.8576 2.49304 2.02302 18.3645 6.57646 11.7881 1724.09 2.70659 1.9933 23.1585 5.99593 1.93315 4.06279 17.1626 5.91256 1721.39 489.362 37.8022 451.56 1232.03 1228.44 11.25 1.36102
internal_count=19940 2607 756 127 111 629 86 543 17333 79 60 1851 410 124 286 1441 131 17254 5522 551 4971 11732 11708 1310 52
is_linear=0
shrinkage=0.05


Tree=89
num_leaves=26
num_cat=0
split_feature=4 3 4 4 4 3 2 0 0 3 2 0 3 3 0 3 0 0 0 2 0 1 0 4 1
split_gain=1.43322 3.09358 3.97353 8.57457 8.28142 3.75477 3.92394 4.45181 3.69014 3.61654 2.70081 2.31982 1.5821 9.55225 5.6104 4.34222 5.34829 4.93851 2.51073 7.94458 6.41335 2.5041 1.04622 0.828964 9.94602e-05
threshold=8.0537653704054417 1.2622617618672598 3.4559352789132132 3.6902519874517119 3.6249226033127298 1.2336149060067214 -0.0022481464382119727 41.193101308429753 60.094410793570539 1.2177999039605296 -0.0011689274204961795 25.161448773610193 0.80921406722464062 0.83639248267624189 85.673110917477246 0.76983201552672631 37.18838081729286 48.071040370074755 49.412505700312146 0.00078645060463100613 47.670248028695816 -0.00017854903542435793 84.173003092799163 10.854084331668661 0.00019002856358751877
decision_type=2 2 2 2 2 2 2 2 2 2 2 2 2 2 2 2 2 2 2 2 2 2 2 2 2
left_child=1 5 22 4 -4 9 -7 -8 -5 11 -11 -1 14 21 15 16 -2 -17 20 -20 -15 -14 24 -23 -3
right_child=12 2 3 8 -6 6 7 -9 -10 10 -12 -13 13 18 -16 17 -18 -19 19 -21 -22 23 -24 -25 -26
leaf_value=-0.012826993856256359 -0.020466534356537194 -0.051017364866736137 0.0043383031713206252 -0.014957209059228628 0.16808651372896391 0.13514613820008162 -0.054417509833094173 0.033027234904169714 0.0025369742176893856 0.028133964451831656 -0.055917132297902017 0.00032777327148986776 -0.0045081246582084136 0.0021288628724756152 0.05625843882813715 0.054799030095181236 0.0060846585563580496 0.00323979493199778 -0.016379531674528047 0.0017749792097458902 0.025444859368741326 -0.064767920734373333 0.0092925339080108839 -0.036245258335402049 -0.051428452492345171
leaf_weight=35.320112796500325 23.9237828142941 4.1516989173833272 1.7847701814025634 80.127057692036033 1.3608801439404485 0.78925468400120813 1.7135598342865677 9.664346579462288 48.322413587942719 1.1917502284049986 4.826509067323058 655.42567766760476 3.613977514207364 326.3310888633132 5.3847080022096625 8.468598637729885 91.531845416873693 10.284566722810267 73.521283995360136 334.1387007124722 32.423165306448936 6.0647293552756274 0.80524124018847931 4.3923116624355316 2.2790709342807531
leaf_count=715 179 240 60 1185 34 11 38 119 545 17 76 11478 32 2094 24 54 506 57 436 1689 180 33 22 20 96
internal_value=-5.37404e-05 -0.00153687 -0.00836218 -0.00637863 0.0751795 -0.000200262 0.0273362 0.0198577 -0.00837594 -0.000681114 -0.0392731 -0.000344873 0.00131282 0.000435972 0.0062154 0.00420758 0.000582935 0.026523 0.00118547 -0.00149918 0.00423609 -0.0403875 -0.0444354 -0.0527874 -0.0511631
internal_weight=1767.84 847.762 138.831 131.595 3.14565 708.931 12.1672 11.3779 128.449 696.764 6.01826 690.746 920.079 780.485 139.594 134.209 115.456 18.7532 766.414 407.66 358.754 14.071 7.23601 10.457 6.43077
internal_count=19940 14636 2182 1824 94 12454 168 157 1730 12286 93 12193 5304 4484 820 796 685 111 4399 2125 2274 85 358 53 336
is_linear=0
shrinkage=0.05


Tree=90
num_leaves=16
num_cat=0
split_feature=0 3 1 4 2 1 3 4 0 2 0 3 2 1 4
split_gain=1.40038 3.04138 1.63064 1.63276 5.75858 2.50421 2.02325 1.45079 3.14998 4.68933 4.66809 2.1305 1.85425 1.43003 1.23162
threshold=91.980087135581584 0.82042644650178065 0.0042805585062242199 30.46459279869983 0.0048347072495604779 -0.0080480908322274041 1.255852180594675 16.58562477985663 73.979893069804504 0.0076924297499956227 63.328282894127355 1.3470603514246215 0.0092753874489467387 -0.0031135142166399117 5.7243497901380822
decision_type=2 2 2 2 2 2 2 2 2 2 2 2 2 2 2
left_child=2 14 3 5 6 -1 -5 11 10 -10 -9 12 -4 -7 -2
right_child=1 -3 7 4 -6 13 -8 8 9 -11 -12 -13 -14 -15 -16
leaf_value=-0.042563048482054833 -0.023434804930987721 0.0064744424456325824 0.01298213368784714 -0.028733914664308455 0.05973768148119845 -0.0075441128153959092 0.00733629281147257 0.0061069714195753867 0.050824514193401032 6.5872710901380253e-06 -0.036150332804912623 -0.01716860114331744 0.044541827238774145 -0.00013423245464637409 -0.074039558455363905
leaf_weight=3.5366968773305407 2.5314803011715394 5.7038292372599244 30.418817922472954 4.5222285538911811 5.0420890301465979 67.953097445890307 27.707264512777328 16.676957696676258 6.4400499165058163 15.383283182978628 10.747055366635321 4.9534833282232276 5.4948992729187003 1557.6204441420268 2.2900475859642029
leaf_count=39 30 37 126 23 21 664 127 69 26 64 46 20 24 18613 11
internal_value=-5.33791e-05 -0.0182369 5.5581e-05 -0.00029869 0.0100487 -0.000535422 0.00227516 0.0066067 0.000827452 0.0150029 -0.010453 0.013571 0.0178109 -0.000443984 -0.0474702
internal_weight=1767.02 10.5254 1756.5 1666.38 37.2716 1629.11 32.2295 90.1145 49.2473 21.8233 27.424 40.8672 35.9137 1625.57 4.82153
internal_count=19940 78 19862 19487 171 19316 150 375 205 90 115 170 150 19277 41
is_linear=0
shrinkage=0.05


Tree=91
num_leaves=22
num_cat=0
split_feature=4 0 0 2 0 2 0 0 2 0 2 0 1 0 3 3 3 1 1 1 2
split_gain=1.39495 2.1538 4.64236 3.5631 2.13176 3.90505 1.89488 1.23277 2.94622 1.69704 3.14396 2.96519 3.68361 2.87828 2.49109 0.621586 0.465274 0.00180642 0.0012938 0.000182786 1.87632e-05
threshold=1.3480381809364734 70.85754737597982 68.010477039056425 0.0028225065307374568 59.298233820978474 0.00060052889523276598 69.707649871227105 91.980087135581584 0.006325494815075495 79.36920245890245 0.0013077718089921089 66.648154844241802 -9.9477906736478148e-05 56.560066528367877 1.8754374664996203 0.67969631090521265 0.30091523221112254 0.0010978550936726619 0.0009809106280778137 0.00080762545967738586 0.0045402414581885439
decision_type=2 2 2 2 2 2 2 2 2 2 2 2 2 2 2 2 2 2 2 2 2
left_child=1 2 4 6 5 -1 -4 9 -9 11 16 13 -13 -2 -12 -10 -11 -6 19 20 -3
right_child=7 18 3 -5 17 -7 -8 8 15 10 14 12 -14 -15 -16 -17 -18 -19 -20 -21 -22
leaf_value=-0.021098886913432643 -0.00063270972239014365 -0.050582781460469163 -0.051763063161147205 0.16098324544363501 -0.050995869603733923 0.05151028184968498 0.10239766924518096 0.02608433433416716 -0.051392978341410205 -0.014632336808640256 0.0053253335727514962 -0.020535994645435207 -0.0028265702375901741 0.0047167470776968588 0.038513808142455641 -0.021929332420271348 -0.054926602861326106 -0.054510279041841525 -0.053332268384698268 -0.051876633456495236 -0.051039996679350275
leaf_weight=8.058393978513779 989.60475555062294 1.9333522147499027 0.51748516503721365 0.68850501626729965 2.702859732555225 2.4042321690358213 0.32421514438465238 2.8549891486763936 2.9677336737513542 1.0420676581561559 124.45367947034538 33.385086206719279 243.74772717058659 337.10761534655467 5.9230849072337142 4.5109645500779152 2.2924402160570025 0.42284255661070336 0.63262444734573353 0.34342116117477406 0.253853553906083
leaf_count=789 11167 184 32 12 232 109 18 30 22 10 916 536 2281 3463 26 21 46 7 15 11 13
internal_value=-5.09724e-05 -0.0137908 -0.00594068 0.0766237 -0.0152384 -0.00441385 0.00761822 9.27371e-05 -0.0171258 0.00019514 0.00560696 -0.000256039 -0.00495995 0.000726547 0.0068331 -0.0336212 -0.0423342 -0.0514713 -0.0513098 -0.0508042 -0.0506358
internal_weight=1766.17 18.2818 15.1185 1.53021 13.5883 10.4626 0.8417 1747.89 10.3337 1737.56 133.711 1603.85 277.133 1326.71 130.377 7.4787 3.33451 3.1257 3.16325 2.53063 2.18721
internal_count=19940 1422 1199 62 1137 898 50 18518 73 18445 998 17447 2817 14630 942 43 56 239 223 208 197
is_linear=0
shrinkage=0.05


Tree=92
num_leaves=25
num_cat=0
split_feature=4 3 4 0 3 2 0 3 0 0 3 4 4 4 0 3 4 1 1 3 4 0 4 1
split_gain=1.33318 2.42686 2.33881 4.25979 1.91106 2.59811 2.93029 2.34507 9.94059 1.60275 1.50205 3.82955 7.01419 18.9218 5.26359 2.74733 4.07569 3.50857 3.26209 1.82603 1.36332 0.923168 0.000321555 0.000154258
threshold=4.8062404541810393 0.27177681228135631 5.7243497901380822 58.265904255979358 0.44188622282073192 0.015423074409669392 43.198752323560676 0.51511783619535667 46.508027469159536 49.412505700312146 1.2480934519961833 3.4559352789132132 3.6902519874517119 3.6586933941798749 60.094410793570539 1.1907248483326851 4.0518856121374736 0.00018300346405863979 6.0934724098959954e-05 1.1763955919766609 4.7653490115633748 84.173003092799163 4.0518856121374736 0.0008818531839595024
decision_type=2 2 2 2 2 2 2 2 2 2 2 2 2 2 2 2 2 2 2 2 2 2 2 2
left_child=10 2 -2 -4 5 6 -3 8 -6 -9 15 21 13 -13 -14 19 17 -17 -18 20 -1 23 -21 -12
right_child=1 4 3 -5 7 -7 -8 9 -10 -11 11 12 14 -15 -16 16 18 -19 -20 22 -22 -23 -24 -25
leaf_value=-0.0016833109828082061 0.060494002324308918 -0.029280326565424813 -0.035421136626258787 0.040333448881273742 -0.02664793201758894 -0.053257038768836362 0.0022417815216710566 0.0024493562951173969 0.030955148304134369 -0.0011132236120860112 -0.051054063379293795 0.002295149348303137 -0.033846676344862395 0.28808199777857507 0.014680070910137823 -0.051428999834931155 0.12578658442272259 0.038743914728990449 0.029381857379493854 -0.052102814611395626 -0.028313754566800478 0.0032071911675081825 -0.053470208563743307 -0.052121785010884193
leaf_weight=354.3215413314756 3.1570107638835889 10.192236807197331 3.1384430751204491 4.5403463169932365 10.741486042737959 3.2284077182412139 26.649947505444288 572.50645301304758 24.739752687513828 703.80887440778315 6.1158329176250836 2.7632292434573205 13.531264035031201 0.73278100043535221 9.5192229952663165 2.138262434396891 1.3987286947667601 2.1770568555220962 2.3546716831624508 1.0750176953151811 4.8720362819731227 0.88964620511978854 0.71649062447249878 0.35808315500617016
leaf_count=9028 22 108 28 23 100 19 200 4404 161 4529 347 83 342 14 179 99 28 59 30 37 54 23 13 10
internal_value=-4.94832e-05 0.00069764 0.0242659 0.00937135 0.00050873 -0.0102475 -0.00647868 0.000837294 0.0135166 0.000484814 -0.00257603 -0.0126467 -0.0037972 0.0621975 -0.0138065 -0.0016507 0.0272044 -0.00593722 0.0653077 -0.00229567 -0.00204452 -0.0445503 -0.0526497 -0.0511131
internal_weight=1765.67 1362.7 10.8358 7.67879 1351.87 40.0706 36.8422 1311.8 35.4812 1276.32 402.964 33.9101 26.5465 3.49601 23.0505 369.054 8.06872 4.31532 3.7534 360.985 359.194 7.36356 1.79151 6.47392
internal_count=19940 9594 73 51 9521 327 308 9194 261 8933 10346 998 618 97 521 9348 216 158 58 9132 9082 380 50 357
is_linear=0
shrinkage=0.05


Tree=93
num_leaves=22
num_cat=0
split_feature=4 0 0 2 0 2 1 0 2 1 0 2 0 3 0 3 2 1 1 1 2
split_gain=1.27277 2.08209 3.99031 2.65409 2.06398 3.54919 1.74105 1.11496 2.70804 2.80615 1.533 2.94059 2.6606 3.6168 2.79944 2.24749 0.531317 0.00154194 0.0011091 0.000156178 1.60356e-05
threshold=1.3480381809364734 70.85754737597982 68.010477039056425 0.0028225065307374568 59.298233820978474 0.00033591243094310835 0.00039040008875890214 91.980087135581584 0.0092753874489467387 0.0021947039853912336 79.36920245890245 0.0013077718089921089 66.648154844241802 1.985466190097612 66.112416033270506 1.8754374664996203 -1.0000000180025095e-35 0.0010978550936726619 0.0009809106280778137 0.00080762545967738586 0.0045402414581885439
decision_type=2 2 2 2 2 2 2 2 2 2 2 2 2 2 2 2 2 2 2 2 2
left_child=1 2 4 6 5 -1 -4 10 9 -9 12 16 14 -14 -2 -13 -12 -6 19 20 -3
right_child=7 18 3 -5 17 -7 -8 8 -10 -11 11 15 13 -15 -16 -17 -18 -19 -20 -21 -22
leaf_value=-0.023920948601363554 0.00046834028464774567 -0.050553100738545104 0.093266024295252742 0.13501504985513577 -0.05094589994058249 0.038987771926267512 -0.052442557264307965 -0.024201278733420983 -0.043292836234569657 0.048425773432907195 -0.011772439087222739 0.0050581065886339295 -0.0040419282668912532 -0.053695399970034779 0.025125148449390455 0.036538990625501651 -0.055544984618171103 -0.05427129119770379 -0.053161901300056907 -0.051779401468261335 -0.050986633286955386
leaf_weight=7.1355130632873642 1315.2873990689404 1.8366605481132867 0.34680957254022249 0.77771938592195511 2.5690659508109088 3.2693144208751619 0.50142182223498821 2.9889525556936842 4.8857110179960728 2.3962924182415009 1.0090301521122458 124.65998658537865 272.410829606466 3.7175039537250987 11.613285337109117 5.9396337792277327 2.2151847989298394 0.40332208294421423 0.6026973258703946 0.32673921342939127 0.24132084380835284
leaf_count=719 14495 184 31 12 232 179 19 37 25 11 10 916 2794 23 135 26 46 7 15 11 13
internal_value=-4.93479e-05 -0.0132731 -0.00566171 0.0683007 -0.0146516 -0.00415432 0.00713214 8.69714e-05 -0.0163383 0.00811585 0.000184103 0.00532529 -0.000245092 -0.00471041 0.000684141 0.00648985 -0.0418462 -0.0513971 -0.0512439 -0.0507632 -0.0506034
internal_weight=1765.13 18.0106 15.0032 1.62595 13.3772 10.4048 0.848231 1747.12 10.271 5.38524 1736.85 133.824 1603.03 276.128 1326.9 130.6 3.22421 2.97239 3.00742 2.40472 2.07798
internal_count=19940 1422 1199 62 1137 898 50 18518 73 48 18445 998 17447 2817 14630 942 56 239 223 208 197
is_linear=0
shrinkage=0.05


Tree=94
num_leaves=28
num_cat=0
split_feature=4 4 3 1 4 4 3 0 4 3 4 0 3 2 1 0 1 3 2 3 3 3 1 1 0 1 3
split_gain=1.18594 2.92967 3.29043 3.03419 2.53269 2.41578 7.04757 3.05719 2.5934 2.62104 2.35419 1.64813 2.49905 2.67358 2.62108 1.62397 5.60185 7.85343 5.42527 2.56169 5.18393 2.29331 1.47744 1.03094 3.70101 0.00261609 0.000465903
threshold=6.0327696162321391 5.7243497901380822 1.1095363567226688 0.00029589512765215714 5.872583465814933 5.2176513450466109 1.7355888825418762 49.806585671192771 5.1724061226351035 1.2177999039605296 5.9329382855178734 16.942945068981 0.80524386561159944 -0.012022830813021688 -0.0026879148200361631 30.40782065184764 -0.0031135142166399117 1.294611499234515 -0.0028366118781384948 0.54615404088349173 0.49786626520611504 0.56262251518712258 -0.00059948950389937517 6.4199768801120896e-05 54.550628735916057 -0.0013765527572027201 1.1981369870439715
decision_type=2 2 2 2 2 2 2 2 2 2 2 2 2 2 2 2 2 2 2 2 2 2 2 2 2 2 2
left_child=1 5 3 10 -5 8 7 -7 9 -1 -3 12 25 -14 -15 16 17 -13 -18 20 -17 -21 -10 26 -25 -2 -4
right_child=11 2 23 4 -6 6 -8 -9 22 -11 -12 15 13 14 -16 19 18 -19 -20 21 -22 -23 -24 24 -26 -27 -28
leaf_value=-0.00046914008450637504 -0.052983118229795248 -0.0081408037980705387 -0.054405994418707818 -0.01123299958226867 0.025118636604742773 0.018588718051998011 0.10235745429119036 -0.0029672240484144513 0.0068383009292017436 -0.012755056839063895 -0.054119935989532353 -0.046592987219119003 0.028338440433524334 -0.036420414227201485 0.0061716940440568373 0.0016089909729409227 0.018584579858635646 0.0088054652441782351 -0.018650470353449349 -0.029469402821205831 0.03453047270414316 0.00010302353403236423 -0.04827927809979457 0.026817927115993501 -0.047630641953539485 -0.055896300615915523 -0.053357916696707267
leaf_weight=411.29822831205092 1.648167919367552 7.3998843580484408 1.5462489277124385 9.6938393115997332 9.4747482091188413 26.181785736232996 1.9110941477119912 44.245629653334618 1.6414174698293207 48.533391625387594 4.462966438382864 10.514748290181162 4.3834848105907485 7.6190871745348012 6.8682928793132234 44.345012500882149 70.613281741738319 16.337530296295881 11.35590126365423 6.5998031944036475 16.372224122285843 984.45797487348318 4.6890931390225878 2.4241569526493549 5.3613124862313271 1.447446253150704 3.374270886182785
leaf_count=9751 33 93 22 75 67 324 26 430 26 1297 68 127 33 99 65 282 488 111 113 43 98 6057 52 30 54 17 59
internal_value=-4.78045e-05 -0.00189501 -0.01434 -0.00556451 0.00673507 -0.000884215 0.00761716 0.00504632 -0.00220345 -0.00176587 -0.0254388 0.000861671 -0.0127063 -0.00587573 -0.016228 0.00111847 0.00693311 -0.0128873 0.0134261 0.000516861 0.0104862 -9.39097e-05 -0.033988 -0.0357722 -0.0244496 -0.0543453 -0.0536873
internal_weight=1764.8 582.238 43.7374 31.0314 19.1686 538.501 72.3385 70.4274 466.162 459.832 11.8629 1182.56 21.9665 18.8709 14.4874 1160.6 108.821 26.8523 81.9692 1051.78 60.7172 991.058 6.33051 12.706 7.78547 3.09561 4.92052
internal_count=19940 12374 468 303 142 11906 780 754 11126 11048 161 7566 247 197 164 7319 839 238 601 6480 380 6100 78 165 84 50 81
is_linear=0
shrinkage=0.05


Tree=95
num_leaves=25
num_cat=0
split_feature=2 0 2 4 0 1 3 4 0 2 0 1 1 0 2 1 2 2 1 1 0 3 1 4
split_gain=1.1997 5.08772 4.14096 4.92294 3.24566 4.00381 5.6072 2.94415 2.92383 2.99966 2.78254 4.43997 10.3391 3.59711 5.1779 3.07434 2.73684 2.54124 2.48129 0.94847 4.29817 1.75808 1.66389 0.00645579
threshold=0.0010690675492843751 66.856048244747043 0.0010954111561134463 7.42988151931063 49.412505700312146 0.00063013102346765059 0.46174490677844521 2.0853582769837717 49.258052626900017 -0.00082711968594051377 52.663767333766309 -0.00025397618267236627 -5.6321911505341486e-05 63.328282894127355 0.0099953623306853218 -0.00014659050112797442 0.0015088581306060835 0.00076390155040861895 0.00020127794008872882 0.00030611896759835672 76.920576890727958 0.57315592970019524 0.0015016578089012136 4.1838829826740627
decision_type=2 2 2 2 2 2 2 2 2 2 2 2 2 2 2 2 2 2 2 2 2 2 2 2
left_child=1 4 3 18 8 7 -7 -6 17 -10 11 16 -13 14 -12 -15 -4 -1 -2 20 21 -3 23 -21
right_child=2 19 10 -5 5 6 -8 -9 9 -11 13 12 -14 15 -16 -17 -18 -19 -20 22 -22 -23 -24 -25
leaf_value=0.00091909435974213459 -0.053334654964741712 0.0132063630241537 -0.0062779802080026002 0.097559689267204971 -0.036665047622796085 0.036194715802271453 -0.0021727664596539894 -0.0091842462476224469 0.086963983363686576 0.012223730827778364 0.0061624202737235768 0.092708938892722983 -0.012267763171361875 -0.012350289760670131 0.074437346060398188 0.00072645076804020306 -0.059530742637173978 -0.029839133334542047 0.036152993317262766 -0.051893031162529149 0.11102623043419241 -0.052828891906842479 -0.0056350055956072287 -0.055052944565065431
leaf_weight=722.88710353476927 1.2005808157846325 1.5295316479168821 3.8060787022113782 2.4414263367652893 10.531364176888017 10.503397591412066 101.98762979405001 130.74727184744552 1.9145902730524538 4.4924871982075265 223.86009016260505 2.6257875636220005 21.974519668146968 50.029926660470665 2.8118524700403205 442.32488874765113 6.5904619097709656 6.7782287956215432 2.1833177879452705 4.0930778821930272 0.61123533314093936 2.9555488682817668 2.5335483103990555 2.6712411940097809
leaf_count=8641 28 81 52 11 892 122 828 2136 12 56 1791 37 195 710 13 3736 85 95 39 185 24 120 16 35
internal_value=-4.74171e-05 -0.00118162 0.00145158 0.0434458 -0.000752459 -0.00562863 0.00140964 -0.0112328 0.000928659 0.0345579 0.00112715 -0.0126404 -0.00106276 0.00179725 0.00700937 -0.000602323 -0.0400354 0.000633366 0.00440347 -0.0306939 -0.0133578 -0.0303091 -0.0401961 -0.0531409
internal_weight=1764.09 1004.24 759.849 5.82532 989.842 253.77 112.491 141.279 736.072 6.40708 754.024 34.9968 24.6003 719.027 226.672 492.355 10.3965 729.665 3.3839 14.3942 5.09632 4.48508 9.29787 6.76432
internal_count=19940 13243 6697 78 12782 3978 950 3028 8804 68 6619 369 232 6250 1804 4446 137 8736 67 461 225 201 236 220
is_linear=0
shrinkage=0.05


Tree=96
num_leaves=22
num_cat=0
split_feature=0 2 0 2 2 2 1 3 2 0 4 1 3 4 2 3 1 4 4 4 4
split_gain=1.14717 5.62031 4.63593 2.61526 7.61555 4.26296 3.47152 2.95489 1.53672 3.23962 1.82788 1.49907 2.6349 2.66412 1.36603 4.0614 2.24815 0.634433 0.00613159 0.00155084 0.000186693
threshold=25.161448773610193 -0.0021435509768166212 26.874843870839069 -0.0017929532601530516 -0.0015029861838731227 -0.0027588500398569855 -0.0005501907109847769 0.82042644650178065 -0.010007341424341952 34.699324148512929 36.295067432203275 0.0019360843186112533 0.16597543403440657 2.630155119493033 -0.0064077682317917875 0.57889821563685662 -0.0080480908322274041 3.8932570959037887 7.0304448466795106 4.9272582601770649 1.6482901279637927
decision_type=2 2 2 2 2 2 2 2 2 2 2 2 2 2 2 2 2 2 2 2 2
left_child=1 11 3 5 -5 7 -6 -2 9 10 -4 12 -1 -14 15 -10 -16 -7 19 20 -3
right_child=2 18 8 4 6 17 -8 -9 14 -11 -12 -13 13 -15 16 -17 -18 -19 -20 -21 -22
leaf_value=0.055330189992796798 -0.0013504445990788856 -0.050473707129763873 -0.053233804086343255 0.19569896301034928 -0.053373890880878232 -0.0092435962963879903 0.094054274506936514 0.035609463866276427 0.042167880247731604 0.024663451726683539 -0.0033043234874786582 -0.038503407321277071 -0.052259145698200886 -0.00091350326141566665 -0.046258480777271703 -0.00039681381690454459 -8.2309020672562634e-05 -0.0557040924692528 -0.057988651947120808 -0.053231282116076729 -0.051436849718410421
leaf_weight=2.0195444747805587 8.3069429444149225 0.58521524164825578 5.1513034999370557 0.80247626779601011 0.9620993146672846 1.1510360343381756 0.68259749142452952 15.494916811585425 7.6075282022357014 3.1115673147141933 2.8456557840108871 2.7666271328926078 2.6033848840743294 85.329276925884187 2.6402782425284377 21.282156921923161 1592.3644726583734 2.0318291466683149 0.42879178375005711 1.3877219818532465 3.5874199676327407
leaf_count=29 82 79 40 21 25 30 30 101 73 18 14 15 90 931 18 118 17999 27 5 27 168
internal_value=-4.69035e-05 -0.00528408 0.000263683 0.0199315 0.0694246 0.0154431 0.00781313 0.0227103 -9.03591e-05 -0.0186239 -0.0354668 -0.00225178 -0.0011368 -0.00243367 3.6423e-05 0.0108118 -0.000158746 -0.0389023 -0.0522276 -0.0517833 -0.0513018
internal_weight=1763.14 98.708 1664.43 29.4319 2.44717 26.9847 1.6447 23.8019 1635 11.1085 7.99696 92.7188 89.9522 87.9327 1623.89 28.8897 1595 3.18287 5.98915 5.56036 4.17264
internal_count=19940 1344 18596 316 76 240 55 183 18280 72 54 1065 1050 1021 18208 191 18017 57 279 274 247
is_linear=0
shrinkage=0.05


Tree=97
num_leaves=26
num_cat=0
split_feature=4 0 0 1 0 2 2 0 0 0 1 2 0 3 0 3 0 4 2 1 4 1 1 1 2
split_gain=1.11811 2.03434 3.46741 3.82983 2.00493 3.19215 1.03735 4.03998 3.20252 4.50594 4.69678 3.81716 7.17414 3.76993 2.61799 4.61353 2.67154 2.17424 7.67465 1.22858 0.119132 0.00134874 0.000956406 0.000134579 1.35433e-05
threshold=1.3480381809364734 70.85754737597982 68.010477039056425 0.00020127794008872882 59.298233820978474 0.00033591243094310835 0.0010690675492843751 66.856048244747043 51.670528385452513 50.908634707293594 -0.00025397618267236627 0.0018898860423699484 65.878480729934665 0.93543554830459064 49.412505700312146 0.41816582488526494 49.258052626900017 1.7343804478053939 0.00092716208878551598 0.0015016578089012136 8.0537653704054417 0.0010978550936726619 0.0009809106280778137 0.00080762545967738586 0.0045402414581885439
decision_type=2 2 2 2 2 2 2 2 2 2 2 2 2 2 2 2 2 2 2 2 2 2 2 2 2
left_child=1 2 4 -4 5 -1 7 14 9 10 -8 12 -10 -13 16 -16 -2 18 -9 -19 -11 -6 23 24 -3
right_child=6 22 3 -5 21 -7 8 17 11 20 -12 13 -14 -15 15 -17 -18 19 -20 -21 -22 -23 -24 -25 -26
leaf_value=-0.023033946968948279 0.00061049382258638327 -0.050524858051541437 -0.051868300390167182 0.11123976963800808 -0.050903646468357468 0.03634874117944855 -0.04299553697259037 -0.052392094128045824 0.015699870341307858 -0.055029782156877184 0.0072515519338569728 0.0044904218019645829 -0.0091866585056076411 -0.0036084727312579372 0.02182326986790746 -0.0067699808232455127 0.032889552215135842 -0.042744800713613612 0.22993230331985695 -0.0027856689541188376 -0.072289013800121774 -0.054079100048143064 -0.053007440835503919 -0.051691923621522785 -0.050934019388087531
leaf_weight=6.9271379951387662 723.93563639651984 1.7447197511792181 0.51581637468188901 1.1905349791049955 2.4134828010573979 3.3612067366484553 6.4717047568410697 0.74636104144155868 111.00996102392673 1.8681030999869097 16.528287254273891 274.91768340207636 39.179498362354934 301.01836546976119 15.013901380356399 233.64557375037111 6.4672919204458585 9.5943914405070228 0.35530666820704937 2.405968450009822 2.1511585339903831 0.38817564863711584 0.57410528417676676 0.31063321884721506 0.22876162920147169
leaf_count=719 8182 184 29 33 232 179 92 45 1061 29 158 2485 742 1807 298 3239 62 275 17 15 11 7 15 11 13
internal_value=-4.59645e-05 -0.0125658 -0.00510603 0.0619335 -0.013845 -0.0036336 8.06788e-05 -0.000981368 0.00147978 -0.0154225 -0.0068869 0.00210872 0.00920779 0.000257459 -0.000612279 -0.00504354 0.000896306 -0.028562 0.0386624 -0.0347333 -0.0642671 -0.0513436 -0.0511831 -0.0507246 -0.0505723
internal_weight=1762.96 17.6546 14.7964 1.70635 13.09 10.2883 1745.31 992.164 753.145 27.0193 23 726.126 150.189 575.936 979.062 248.659 730.403 13.102 1.10167 12.0004 4.01926 2.80166 2.85822 2.28411 1.97348
internal_count=19940 1422 1199 62 1137 898 18518 12133 6385 290 250 6095 1803 4292 11781 3537 8244 352 62 290 40 239 223 208 197
is_linear=0
shrinkage=0.05


Tree=98
num_leaves=23
num_cat=0
split_feature=4 1 1 3 4 1 0 1 1 3 0 3 4 4 2 0 2 0 0 4 3 3
split_gain=1.07315 2.04087 2.1718 5.20468 11.3802 4.30251 2.64299 4.13122 3.84342 1.72516 4.84236 3.96581 4.63885 4.46288 2.51336 2.21788 5.4053 5.69131 4.33844 4.23322 4.05231 2.73742
threshold=8.218237064890884 -0.0043359573631429607 -0.0021578177540740313 0.84185301744880314 7.42988151931063 -0.0024419517785813634 11.327791048878732 -0.0018212183129950874 -0.0013765527572027201 0.54615404088349173 32.940911800877814 0.43653637874346146 9.9230734072329607 9.3674400984985926 -0.010999726731984514 49.412505700312146 0.0010690675492843751 51.670528385452513 47.670248028695816 9.2617253876420698 0.64621557851376499 1.6395966468863732
decision_type=2 2 2 2 2 2 2 2 2 2 2 2 2 2 2 2 2 2 2 2 2 2
left_child=1 -1 3 4 -3 -5 7 -4 -8 10 14 12 -12 -13 -2 18 20 -18 21 -20 -17 -11
right_child=9 2 6 5 -6 -7 8 -9 -10 15 11 13 -14 -15 -16 16 17 -19 19 -21 -22 -23
leaf_value=-0.053302635580565007 0.0074194217769969597 0.013814339441089812 0.14543901508208945 -0.053927224126681987 0.14195662564219313 0.023699588350208987 -0.018302061160146765 0.013959220390524343 -0.0010789596973454912 0.0041664206799975562 0.037480869254856879 -0.0055607934439899582 -0.030124463176448485 0.056826633465748178 -0.063352193904541096 0.041472190255908654 -0.051168448296750726 0.0019431509770959522 0.06275803962472086 0.013131436386036005 -0.01395781325543706 -0.0060709547180523961
leaf_weight=1.8828813415020693 2.2823852859437466 11.727116735652091 0.74911037087440524 4.0400665476918221 2.032995779067277 3.1979233026504508 33.752440487965941 2.9509986196644595 803.52406972064637 286.02914269641042 4.4223831370472926 3.9821042120456687 5.9530032426118851 10.232583679258822 2.7856565080583122 3.4162143990397444 5.1159078627824774 358.75725737214088 4.9744698479771605 31.560602255165577 94.691012348979712 84.615916337817907
leaf_count=35 24 185 10 64 27 46 599 67 13759 1853 26 20 33 46 21 21 26 1811 34 164 566 503
internal_value=-4.55e-05 -0.00130393 -0.00119034 0.0146927 0.0327468 -0.0196298 -0.00158692 0.0405781 -0.00177326 0.00116398 0.0130224 0.0221945 -0.00130851 0.0393494 -0.0314803 0.000759339 -0.00161188 0.00119642 0.00344968 0.0198884 -0.0120277 0.00182929
internal_weight=1762.68 863.858 861.975 20.9981 13.7601 7.23799 840.977 3.70011 837.277 898.819 29.6581 24.5901 10.3754 14.2147 5.06804 869.161 461.98 363.873 407.18 36.5351 98.1072 370.645
internal_count=19940 14792 14757 322 212 110 14435 77 14358 5148 170 125 59 66 45 4978 2424 1837 2554 198 587 2356
is_linear=0
shrinkage=0.05


Tree=99
num_leaves=27
num_cat=0
split_feature=0 2 0 4 4 3 3 3 3 1 2 4 1 4 4 1 3 4 2 0 0 2 1 4 4 4
split_gain=1.0634 5.34138 4.15637 2.49866 4.58101 3.2952 8.37235 3.01315 2.69766 2.37414 1.50294 5.22982 5.09607 4.5704 2.50906 2.24273 1.43502 1.46583 2.82392 1.42696 4.90479 2.78251 0.0276276 0.0053317 0.00131618 0.000160936
threshold=25.161448773610193 -0.0021435509768166212 26.874843870839069 5.6736382509286232 13.529590482442769 0.78532146305470329 0.99453700479140172 1.1020217459950163 0.50945374066386206 -0.0031135142166399117 -0.0043367247512638976 4.1193450172078654 -0.0016511522549300104 2.7912076889118271 8.55956950495945 -0.0014602559886396913 0.11025793356640286 0.84777489694884067 0.0028225065307374568 36.469626213097214 35.455833322166562 -0.0076584371269242104 0.0017734231999086971 7.0304448466795106 4.9272582601770649 1.6482901279637927
decision_type=2 2 2 2 2 2 2 2 2 2 2 2 2 2 2 2 2 2 2 2 2 2 2 2 2 2
left_child=1 10 3 5 7 8 -7 -5 -2 -6 13 15 -13 -1 -15 -12 17 18 -4 20 -18 -21 -19 24 25 -3
right_child=2 23 16 4 9 6 -8 -9 -10 -11 11 12 -14 14 -16 -17 19 22 -20 21 -22 -23 -24 -25 -26 -27
leaf_value=0.052729560187472949 0.050799312536048982 -0.050443643951450283 -0.051207575942742424 0.013527920717181086 0.005565524878111427 0.20506680108943184 0.024626492262435289 -0.035747869749384847 -0.017337209253490842 0.059268403739697689 0.022662212559194862 -0.010767939400291478 0.045337171848879469 -0.023519821444541206 -0.0023233163655777523 -0.052228257634204224 -0.00087988126786471348 -0.052162989537915663 0.077059826255789499 0.038001058188592583 -0.024050608488791359 0.00040480502934713258 -0.063418865502440719 -0.057624828292512566 -0.053061069247413328 -0.051365789840411229
leaf_weight=3.1857630582526317 3.1801631445996481 0.5492960696574295 0.99354528356343441 6.5130716152489203 3.4502983167767525 0.96557914931327138 1.923492665402591 5.9242984652519226 2.6742508676834404 5.1001633703708631 1.3265340533107517 6.7581576183438345 10.090214021503922 19.783049730584025 47.440941695123911 4.0572874099016216 167.96781337354332 1.2792140836827459 0.75531142763793468 4.9383757859468451 26.43344593863003 1430.5409934015479 0.95003861188888539 0.40815316885709751 1.3197153881192205 3.4128545918501914
leaf_count=39 53 79 62 51 22 24 44 50 48 24 34 93 116 263 385 135 2046 51 14 29 316 15756 6 5 27 168
internal_value=-4.50066e-05 -0.00509743 0.000253634 0.0187806 0.00942491 0.0412379 0.0849329 -0.00994364 0.0196751 0.0375981 -0.0022094 0.00912404 0.0228325 -0.00578798 -0.00856114 -0.0337758 -8.35013e-05 -0.0300773 0.00418966 -1.02943e-05 -0.00403049 0.000534145 -0.0569599 -0.0521189 -0.0516935 -0.0512379
internal_weight=1761.92 98.332 1663.59 29.7313 20.9878 8.74349 2.88907 12.4374 5.85441 8.55046 92.6419 22.2322 16.8484 70.4098 67.224 5.38382 1633.86 3.97811 1.74886 1629.88 194.401 1435.48 2.22925 5.69002 5.28187 3.96215
internal_count=19940 1344 18596 316 147 169 68 101 101 46 1065 378 209 687 648 169 18280 133 76 18147 2362 15785 57 279 274 247
is_linear=0
shrinkage=0.05


end of trees

feature_importances:
Column_4=647
Column_1=614
Column_3=503
Column_0=458
Column_2=422

parameters:
[boosting: gbdt]
[objective: binary]
[metric: binary_logloss]
[tree_learner: serial]
[device_type: cpu]
[data_sample_strategy: bagging]
[data: ]
[valid: ]
[num_iterations: 100]
[learning_rate: 0.05]
[num_leaves: 31]
[num_threads: 8]
[seed: 42]
[deterministic: 0]
[force_col_wise: 0]
[force_row_wise: 0]
[histogram_pool_size: -1]
[max_depth: 5]
[min_data_in_leaf: 20]
[min_sum_hessian_in_leaf: 0.001]
[bagging_fraction: 1]
[pos_bagging_fraction: 1]
[neg_bagging_fraction: 1]
[bagging_freq: 0]
[bagging_seed: 400]
[bagging_by_query: 0]
[feature_fraction: 1]
[feature_fraction_bynode: 1]
[feature_fraction_seed: 30056]
[extra_trees: 0]
[extra_seed: 12879]
[early_stopping_round: 0]
[early_stopping_min_delta: 0]
[first_metric_only: 0]
[max_delta_step: 0]
[lambda_l1: 0]
[lambda_l2: 0]
[linear_lambda: 0]
[min_gain_to_split: 0]
[drop_rate: 0.1]
[max_drop: 50]
[skip_drop: 0.5]
[xgboost_dart_mode: 0]
[uniform_drop: 0]
[drop_seed: 17869]
[top_rate: 0.2]
[other_rate: 0.1]
[min_data_per_group: 100]
[max_cat_threshold: 32]
[cat_l2: 10]
[cat_smooth: 10]
[max_cat_to_onehot: 4]
[top_k: 20]
[monotone_constraints: ]
[monotone_constraints_method: basic]
[monotone_penalty: 0]
[feature_contri: ]
[forcedsplits_filename: ]
[refit_decay_rate: 0.9]
[cegb_tradeoff: 1]
[cegb_penalty_split: 0]
[cegb_penalty_feature_lazy: ]
[cegb_penalty_feature_coupled: ]
[path_smooth: 0]
[interaction_constraints: ]
[verbosity: -1]
[saved_feature_importance_type: 0]
[use_quantized_grad: 0]
[num_grad_quant_bins: 4]
[quant_train_renew_leaf: 0]
[stochastic_rounding: 1]
[linear_tree: 0]
[max_bin: 255]
[max_bin_by_feature: ]
[min_data_in_bin: 3]
[bin_construct_sample_cnt: 200000]
[data_random_seed: 175]
[is_enable_sparse: 1]
[enable_bundle: 1]
[use_missing: 1]
[zero_as_missing: 0]
[feature_pre_filter: 1]
[pre_partition: 0]
[two_round: 0]
[header: 0]
[label_column: ]
[weight_column: ]
[group_column: ]
[ignore_column: ]
[categorical_feature: ]
[forcedbins_filename: ]
[precise_float_parser: 0]
[parser_config_file: ]
[objective_seed: 16083]
[num_class: 1]
[is_unbalance: 0]
[scale_pos_weight: 1]
[sigmoid: 1]
[boost_from_average: 1]
[reg_sqrt: 0]
[alpha: 0.9]
[fair_c: 1]
[poisson_max_delta_step: 0.7]
[tweedie_variance_power: 1.5]
[lambdarank_truncation_level: 30]
[lambdarank_norm: 1]
[label_gain: ]
[lambdarank_position_bias_regularization: 0]
[eval_at: ]
[multi_error_top_k: 1]
[auc_mu_weights: ]
[num_machines: 1]
[local_listen_port: 12400]
[time_out: 120]
[machine_list_filename: ]
[machines: ]
[gpu_platform_id: -1]
[gpu_device_id: -1]
[gpu_use_dp: 0]
[num_gpu: 1]

end of parameters

pandas_categorical:null
