tree
version=v4
num_class=1
num_tree_per_iteration=1
label_index=0
max_feature_idx=4
objective=binary sigmoid:1
feature_names=Column_0 Column_1 Column_2 Column_3 Column_4
feature_infos=[0.093665847011521919:99.987627277609732] [-0.020724407617617402:0.021435379713215408] [-0.027042275640510871:0.024417606801497183] [0.0024000034396095527:2.2094881314302657] [0.045141058656073818:83.295872403433876]
tree_sizes=3340 3421 3309 3427 3429 3423 3434 3441 3344 3460 3448 3455 3449 3259 3435 3453 3462 3452 3452 3455 3468 3468 3339 3464 3353 3365 3042 3464 3352 3468 2942 3324 3441 3346 3109 3333 3452 3430 3164 2925 3128 2805 3129 3349 3034 3121 3037 2936 3008 2706 2816 2819 2722 3034 3160 3032 2945 2934 3033 2807 2634 2707 3157 2804 2613 2935 2796 3026 2409 2706 2820 2512 2802 2391 2944 2508 3132 3051 2794 2402 2718 3013 3243 2511 2368 2814 2389 2267 2394 2483 2266 3145 2284 2265 2615 3030 2062 2297 2477 2359

Tree=0
num_leaves=31
num_cat=0
split_feature=1 4 1 4 4 1 4 1 1 2 1 1 4 1 0 0 3 0 4 1 4 3 1 4 2 4 4 1 4 0
split_gain=1701.23 573.957 209.047 88.6423 70.4133 52.7793 41.5498 36.1639 34.1446 25.9838 24.3519 19.9041 17.611 16.487 16.1664 18.7811 14.8031 16.8213 14.2848 13.6591 11.4048 11.3547 10.4717 8.70927 8.02592 7.84423 7.36824 6.59821 6.48629 5.34294
threshold=-0.0015055102654840666 6.9627870601898936 -0.0028141598191176449 3.2698071673553737 14.820493208258467 -0.00029141901618823235 11.537624428549853 -0.00099830831021280298 -0.00039169728152993461 -0.0017929532601530516 0.0019360843186112533 -0.00099830831021280298 5.2176513450466109 0.005734181973295561 52.472451645691187 15.875749908555692 0.51511783619535667 42.618728904279521 8.3205859193470673 -0.0014170211574265899 11.838190580854148 1.2704292857739083 -0.0015987774047706014 14.530678980507536 -0.0011421853587793016 5.6307058066781641 4.1838829826740627 0.0018762826431356629 7.8889155929637562 49.412505700312146
decision_type=2 2 2 2 2 2 2 2 2 2 2 2 2 2 2 2 2 2 2 2 2 2 2 2 2 2 2 2 2 2
left_child=2 3 9 11 5 19 14 29 12 16 -7 24 -5 -9 15 -4 -1 -18 25 -3 -20 23 -23 -8 -2 -11 -10 -13 -16 -6
right_child=1 4 6 8 7 10 21 13 26 18 -12 27 -14 -15 28 -17 17 -19 20 -21 -22 22 -24 -25 -26 -27 -28 -29 -30 -31
leaf_value=-1.7225498677099684 -2.0482522227648752 -2.0302746188806911 -2.0009877115278911 -2.0226935852756904 -1.8769928560333875 -1.9924679480664973 -1.9517463785819342 -1.9462040725585041 -2.0457113031197469 -1.8751813442906469 -2.0245047797962399 -2.0581145177034408 -1.9886321543517607 -2.0062427811702155 -2.0144487745347681 -1.9246865636352366 -1.8147737597021667 -1.9194937084592307 -1.9799196595982089 -1.9569460623212285 -1.878090741938079 -1.8719267638714852 -1.7551686913340654 -1.8751813442906466 -1.9846928901135277 -1.7471678478036261 -2.0326223599650368 -2.017196316955935 -1.9491563566048675 -1.7951729089862589
leaf_weight=4.0620715990662566 7.9158318340778377 6.7701193317770949 9.0615443363785726 110.09255590289831 5.5202511474490148 188.00100605934858 8.2282988801598531 88.844796769320965 165.19091169536114 2.0831136405468014 86.657527446746826 671.28337066620588 57.910559207201004 13.12361593544483 9.4781670644879323 73.325600147247314 68.534438773989677 4.0620715990662566 3.4371375069022205 102.4891911149025 13.74855002760887 24.580740958452225 2.0831136405468014 6.7701193317770949 13.33192729949951 2.8122034147381783 307.98835175484419 9.998945474624632 6.3534966036677352 3.1246704608201981
leaf_count=39 76 65 87 1057 53 1805 79 853 1586 20 832 6445 556 126 91 704 658 39 33 984 132 236 20 65 128 27 2957 96 61 30
internal_value=-2.01051 -2.02681 -1.8849 -2.04376 -1.98076 -1.99088 -1.92422 -1.94561 -2.03032 -1.8292 -2.00258 -2.05603 -2.01095 -1.95393 -1.94197 -1.93308 -1.81544 -1.82063 -1.87699 -1.96149 -1.89846 -1.88238 -1.86281 -1.91719 -2.00837 -1.80164 -2.03719 -2.05751 -1.98825 -1.84742
internal_weight=2076.86 1838.24 238.621 1343.71 494.531 383.918 139.881 110.613 641.182 98.7396 274.659 702.53 168.003 101.968 98.2188 82.3871 76.6586 72.5965 22.081 109.259 17.1857 41.6623 26.6639 14.9984 21.2478 4.89532 473.179 681.282 15.8317 8.64492
internal_count=19940 17649 2291 12901 4748 3686 1343 1062 6156 948 2637 6745 1613 979 943 791 736 697 212 1049 165 400 256 144 204 47 4543 6541 152 83
is_linear=0
shrinkage=1


Tree=1
num_leaves=31
num_cat=0
split_feature=1 4 1 4 4 1 4 1 1 1 1 2 3 4 0 0 4 4 2 1 4 4 3 0 1 4 1 1 4 2
split_gain=1407.43 531.03 147.467 83.4915 53.4451 52.0005 33.565 27.4144 22.3317 22.252 16.7931 15.7353 15.5507 14.4592 14.2813 14.7201 12.1921 11.4203 18.9078 12.0585 11.2197 10.9023 8.74732 7.60163 7.45481 7.10622 6.50211 6.4357 6.2243 2.34296
threshold=-0.0014602559886396913 6.9627870601898936 -0.0028141598191176449 3.2698071673553737 14.530678980507536 -0.00029141901618823235 14.820493208258467 -0.00039169728152993461 0.0019360843186112533 -0.00099830831021280298 -0.00094690904080629845 -0.0017929532601530516 0.95283434313046989 4.5363055338481155 15.875749908555692 50.189166158962927 15.124019252015509 20.573374228089349 -0.0072374055712315912 -0.0080480908322274041 12.008902738246327 8.4794058532507055 1.0637074700187379 38.63969821863919 -0.0023449770549466282 4.1838829826740627 0.0018762826431356629 -0.0022415218369142282 18.053861694786736 -0.0041731085159242278
decision_type=2 2 2 2 2 2 2 2 2 2 2 2 2 2 2 2 2 2 2 2 2 2 2 2 2 2 2 2 2 2
left_child=2 3 11 10 5 21 14 13 -7 29 23 17 -11 -5 24 -16 20 19 -19 -1 -13 -3 -8 -2 -4 -9 -12 -24 -18 -6
right_child=1 4 6 7 9 8 22 25 -10 12 26 16 -14 -15 15 -17 28 18 -20 -21 -22 -23 27 -25 -26 -27 -28 -29 -30 -31
leaf_value=0.27049933596526482 -0.032480117286073328 0.026841180215381528 0.085766724340788317 -0.019020707383062205 0.087128799680306457 0.016395280306070986 0.062833990355927613 -0.034385590401099279 -0.01467028348345239 -0.00046036687933652859 -0.04712462953712182 0.11757655573568826 0.057214982769843083 0.010830857754088841 0.078581502095124239 0.035200369095749744 0.011907003509611954 0.17825396466413376 0.089921477254567672 0.16599888955723024 0.21897955972348448 0.059836341426375533 0.10627265178467665 0.022585137673646047 -0.013699787226444594 -0.021379472996988284 -0.0063896907380740515 0.16447624148565751 0.097603879281874362 0.14403909580020846
leaf_weight=2.8906740546226493 12.469522133469583 39.334168165922165 2.4528920724987975 71.819538116455078 2.4174396023154259 188.49058616906404 4.1493922024965313 160.78756611049175 83.467127233743668 13.261837713420389 642.54179906845093 9.6957963556051272 98.427584417164326 93.212572813034058 98.243600443005562 24.414002895355225 2.8755839914083472 11.209494933485987 13.182682916522024 61.334971725940704 3.7957708686590186 68.870567798614502 7.6237650960683867 12.600989319384096 8.1185564994811994 302.81397681683302 9.9479312896728498 12.596809133887287 8.0516351759433729 7.179948687553404
leaf_count=24 122 363 23 696 21 1785 36 1586 810 123 6399 84 906 889 884 228 25 93 111 508 33 636 66 120 77 2957 96 108 70 61
internal_value=-7.22521e-05 -0.0159932 0.106268 -0.0327844 0.0277453 0.0185253 0.0750097 -0.0196605 0.00686088 0.0566447 -0.0449606 0.149848 0.0503667 -0.0021601 0.0651409 0.0699468 0.11431 0.159641 0.130515 0.170702 0.146106 0.0478421 0.128962 -0.00480311 0.00937942 -0.0258903 -0.0465036 0.142532 0.0750521 0.129704
internal_weight=2078.28 1807.64 270.636 1306.19 501.449 380.162 157.599 628.634 271.958 121.287 677.56 113.037 111.689 165.032 133.229 122.658 24.4188 88.6178 24.3922 64.2256 13.4916 108.205 24.37 25.0705 10.5714 463.602 652.49 20.2206 10.9272 9.59739
internal_count=19940 17570 2370 12865 4705 3594 1422 6128 2595 1111 6737 948 1029 1585 1212 1112 212 736 204 532 117 999 210 242 100 4543 6495 174 95 82
is_linear=0
shrinkage=0.05


Tree=2
num_leaves=30
num_cat=0
split_feature=1 4 1 4 4 1 4 1 1 1 1 3 4 0 2 4 3 0 0 2 0 3 0 0 4 1 0 4 3
split_gain=1186.25 487.269 104.436 81.4574 46.9292 35.7317 26.103 25.6899 18.3027 16.3566 14.8861 13.9949 13.159 12.1729 12.364 10.6316 10.6305 9.36867 12.0287 8.97736 10.5878 8.9216 8.54838 6.94378 6.84628 6.35626 5.42945 4.82356 4.02961
threshold=-0.0014602559886396913 6.9627870601898936 -0.0028141598191176449 3.2698071673553737 11.001114961606037 -0.00028330362510392554 11.537624428549853 -0.00039169728152993461 0.00086122530898247185 -0.00094690904080629845 0.0018762826431356629 0.56262251518712258 4.5363055338481155 54.148345320491522 0.0010690675492843751 22.490282937740414 1.0101151769068719 15.875749908555692 52.472451645691187 -0.0014660580525233666 24.154170449641878 0.95893646638607899 28.136180086080767 38.63969821863919 4.1838829826740627 0.0018762826431356629 48.75049042806581 4.2510603468474715 0.67969631090521265
decision_type=2 2 2 2 2 2 2 2 2 2 2 2 2 2 2 2 2 2 2 2 2 2 2 2 2 2 2 2 2
left_child=2 3 13 9 5 11 17 12 22 23 -7 -3 -5 14 15 -1 -10 27 -19 20 -8 28 -6 -2 -9 -11 -21 -4 -15
right_child=1 4 6 7 8 10 19 24 16 25 -12 -13 -14 21 -16 -17 -18 18 -20 26 -22 -23 -24 -25 -26 -27 -28 -29 -30
leaf_value=0.13748942757400942 -0.031660286046384857 0.12642765585660284 -0.056702152344678375 -0.018342674302921757 0.0056048548102732108 0.0086176695869543112 0.13950592608504708 -0.033571204313600049 0.0048227703991369636 -0.046484831623725624 -0.022468302374320796 0.034374628787708972 0.010202660531454752 0.067713316843883584 0.24229657341748864 0.099613728401085511 0.038068280567602544 0.065973313243570003 0.021019453128376886 0.15792520385771389 0.065968051812302031 0.0047800163297799991 0.062391660239211492 0.02108163231180199 -0.020656752415495534 -0.0061007664434565585 0.10366407227758144 0.026590987301701535 0.14761974202986292
leaf_weight=90.339943967759609 12.160736344754698 4.3532511219382277 2.2922000586986524 70.777667284011841 7.1308381780982009 141.88011637330055 6.0673974603414562 156.56214338541031 31.634465672075748 619.40498431026936 52.860000863671303 80.116115428507328 93.983805812895298 3.1615252494811994 2.4925158992409697 23.30746528506279 100.22834453731775 87.630333200097084 17.924497932195663 7.1561114639043835 25.324298173189163 3.1700297817587852 93.8281060308218 12.818862423300741 297.86639276891947 9.8993704319000226 12.958343185484408 7.1911304295063019 3.1495257094502449
leaf_count=673 122 39 22 696 63 1327 50 1586 300 6399 518 716 889 25 20 179 912 748 165 57 206 26 830 120 2957 96 106 68 25
internal_value=-0.000127329 -0.0154102 0.0932704 -0.0319727 0.0257826 0.01196 0.0673079 -0.0189737 0.0423592 -0.0442745 0.000179734 0.0391187 -0.00205975 0.127691 0.132138 0.129722 0.0300925 0.0540627 0.0583396 0.0968909 0.0801815 0.0732155 0.0583807 -0.00459454 -0.0251061 -0.0458496 0.122969 0.00645834 0.107591
internal_weight=2077.67 1785.51 292.165 1273.47 512.031 279.209 166.544 619.19 232.822 654.284 194.74 84.4694 164.761 125.621 116.14 113.647 131.863 115.038 105.555 51.5062 31.3917 9.48108 100.959 24.9796 454.429 629.304 20.1145 9.48333 6.31105
internal_count=19940 17570 2370 12865 4705 2600 1422 6128 2105 6737 1845 755 1585 948 872 852 1212 1003 913 419 256 76 893 242 4543 6495 163 90 50
is_linear=0
shrinkage=0.05


Tree=3
num_leaves=31
num_cat=0
split_feature=1 4 1 4 4 1 4 0 1 4 1 1 3 0 1 2 4 1 2 4 3 4 2 1 3 0 2 3 4 2
split_gain=1019.79 418.051 103.876 76.919 40.404 35.6262 30.0967 17.1373 15.7162 15.0304 14.358 13.6415 13.5837 13.0893 12.1595 10.733 14.6835 10.2292 9.80437 9.65901 7.14199 6.75966 6.30855 5.88028 7.35408 5.91848 5.19427 4.64895 4.36266 4.11567
threshold=-0.0012618482345651547 5.4579775094849188 -0.0028141598191176449 11.001114961606037 2.8459999619453744 -0.00038102741266227142 5.9901193859035891 27.287114461536024 -0.00048539441251455035 14.820493208258467 -0.00058230797045782923 -0.00059948950389937517 0.93004332538563317 29.610478416101831 -0.0014170211574265899 -0.010999726731984514 21.559274527434912 -0.0020175429800982077 0.0086143231607221944 6.9627870601898936 1.0637074700187379 5.3508548284620305 -0.012022830813021688 -0.00085025903414054349 0.32533764462301379 15.875749908555692 -0.0048572570580613364 1.5137977108959475 3.0128944980873649 -0.0053030787203632293
decision_type=2 2 2 2 2 2 2 2 2 2 2 2 2 2 2 2 2 2 2 2 2 2 2 2 2 2 2 2 2 2
left_child=2 4 15 5 23 8 7 26 -3 17 28 13 -13 -5 -9 22 21 -8 -12 -7 -11 -17 27 24 -2 -25 -4 -1 -6 -18
right_child=1 3 6 11 10 19 9 14 -10 20 18 12 -14 -15 -16 16 29 -19 -20 -21 -22 -23 -24 25 -26 -27 -28 -29 -30 -31
leaf_value=0.15102858502232519 0.027250164569572022 0.019222528138561418 0.034313492649656989 -0.012390800654808666 0.033163823099815096 -0.016440816205997754 0.078284547864610324 0.058097274578239148 0.07260446888347255 0.043102486746213683 -0.030509939401490934 0.0049937200557630713 0.039133161926523594 0.080183103435788175 -0.00054290132701377742 0.069682964602392955 0.096641028527176709 0.048050881089834574 0.043598630326361472 0.0010312299401892982 0.10872649657824676 0.11864180836357313 0.19949433701014505 0.0097937089804156895 -0.038813558660443344 -0.047352374523694465 -0.024889363883600725 0.079203291516288382 -0.010508123554945466 0.054360707600554649
leaf_weight=7.5331167727708799 5.9699420630931881 93.962993934750557 4.8933763429522541 4.4089467376470557 6.1625027880072585 129.26983004808426 46.093742199242115 37.469295039772987 16.159040145576 4.8984450399875668 435.31994388252497 35.484701752662659 162.88153836876154 28.506157152354717 11.569986425340174 7.6513567864894858 9.5502024888992327 71.180746279656887 4.5091888234019271 203.8229134529829 26.99251177161932 89.736683018505573 4.6047972887754431 4.5726210847496978 14.309890814125536 495.66176513582468 15.25477262586355 3.214125856757164 79.379273161292076 14.486754357814787
leaf_count=50 59 838 43 38 64 1304 376 317 145 38 4483 330 1431 233 111 52 67 601 46 1924 197 618 31 49 145 5304 134 22 782 108
internal_value=-0.000169725 -0.0160934 0.0769705 0.0145985 -0.0358868 0.00240135 0.0555682 0.0283116 0.0270557 0.0682106 -0.0261049 0.0379726 0.0330261 0.0677829 0.0442621 0.111138 0.106157 0.059934 -0.0297502 -0.00574949 0.0986467 0.114795 0.150528 -0.04576 -0.0193658 -0.04683 -0.0105108 0.129548 -0.00736196 0.0711592
internal_weight=2075.51 1720.38 355.13 674.496 1045.89 443.215 218.353 69.1874 110.122 149.165 525.371 231.281 198.366 32.9151 49.0393 136.777 121.425 117.274 439.829 333.093 31.891 97.388 15.352 520.514 20.2798 500.234 20.1481 10.7472 85.5418 24.037
internal_count=19940 17175 2765 6243 10932 4211 1817 605 983 1212 5375 2032 1761 271 428 948 845 977 4529 3228 235 670 103 5557 204 5353 177 72 846 175
is_linear=0
shrinkage=0.05


Tree=4
num_leaves=31
num_cat=0
split_feature=1 4 1 4 4 1 4 1 4 0 1 1 4 0 1 2 1 2 1 4 4 3 0 1 4 3 1 4 1 4
split_gain=882.61 388.858 80.5839 67.6784 40.112 27.0126 24.3852 23.089 18.6035 14.7723 13.7902 13.119 11.7073 11.3728 8.72487 8.30704 8.06596 7.89225 7.778 6.94049 7.23443 6.85738 6.33348 6.21585 6.12854 5.44502 5.26408 5.13986 4.44728 2.75749
threshold=-0.0012618482345651547 5.4579775094849188 -0.0028141598191176449 9.3674400984985926 3.2698071673553737 -0.00039169728152993461 5.9901193859035891 -0.0002426671182929607 14.530678980507536 27.287114461536024 -0.0011657994260315661 -0.00044834492044182323 14.820493208258467 48.587521959537007 -0.00058230797045782923 -0.0017929532601530516 -0.0020175429800982077 -0.0023541797401605553 -0.0037556207254705871 8.3205859193470673 11.838190580854148 0.57315592970019524 71.698997014989928 0.0018762826431356629 10.055185075052009 1.0637074700187379 -0.0035094460250467692 3.5881764400906948 -0.0033012612298909945 3.4219473963731253
decision_type=2 2 2 2 2 2 2 2 2 2 2 2 2 2 2 2 2 2 2 2 2 2 2 2 2 2 2 2 2 2
left_child=2 4 15 5 10 11 9 24 -9 27 -2 -3 16 -11 29 17 -8 18 -1 28 -21 -16 -7 -12 -5 -14 -19 -4 -17 -6
right_child=1 3 6 7 14 22 12 8 -10 13 23 -13 25 -15 21 19 -18 26 -20 20 -22 -23 -24 -25 -26 -27 -28 -29 -30 -31
leaf_value=0.11092836290797357 0.044376093760344876 0.016764075821185817 -0.043531601993133343 0.093592537684965602 0.027489418420894186 -0.0055160484055572015 0.070284165028923859 0.011396174523246075 0.039001084090014584 0.055440759059814729 -0.044592079891465818 0.088796951000489524 0.039715671775868364 0.0026304455156624827 -0.013691978429801931 0.16324012963662957 0.044059450362101585 0.10728147034811911 0.082969163930451839 0.0056033920303115081 0.075632019822462218 -0.030307187862917081 -0.025284554163991731 -0.0039167067158158977 0.049927103893674947 0.095992561367290064 0.18924830167249959 0.0091329515786350967 0.08400863987706747 -0.0098063839609867694
leaf_weight=69.012241795659065 4.4523056447505942 86.849907577037811 7.2928954362869289 9.2372707799077016 5.370239630341529 218.38851049542427 48.701242841780186 141.71999985724688 107.19821736216545 36.480902723968029 590.95547922700644 6.8170443326234809 5.0463545918464652 14.148393288254736 81.53013202548027 3.1072234660387039 73.679766193032265 3.5462390929460526 38.893519803881645 4.5725632011890438 19.064790576696396 260.56234902143478 49.74588879942894 9.5441081374883634 61.773114554584026 28.988270118832588 4.3757567331194869 12.702138647437094 4.1186843663454082 64.254396967589855
leaf_count=439 43 767 67 78 54 2134 376 1312 902 302 6537 58 38 126 852 20 601 23 246 33 132 2718 493 96 499 197 28 110 27 632
internal_value=-0.000203522 -0.0155111 0.0693608 0.0137055 -0.0351023 -0.00110877 0.0506985 0.0304587 0.0232844 0.0263122 -0.0432956 0.0220066 0.0617093 0.0406829 -0.0230636 0.0982452 0.0544955 0.104387 0.100851 0.0751949 0.0620852 -0.0263473 -0.00918362 -0.0439456 0.0556073 0.0876483 0.152556 -0.0100757 0.118079 -0.00692971
internal_weight=2072.13 1698.4 373.731 681.73 1016.67 361.801 227.04 319.929 248.918 70.6243 604.952 93.667 156.416 50.6293 411.717 146.691 122.381 115.828 107.906 30.8633 23.6374 342.092 268.134 600.5 71.0104 34.0346 7.922 19.995 7.22591 69.6246
internal_count=19940 17175 2765 6243 10932 3452 1817 2791 2214 605 6676 825 1212 428 4256 948 977 736 685 212 165 3570 2627 6633 577 235 51 177 47 686
is_linear=0
shrinkage=0.05


Tree=5
num_leaves=31
num_cat=0
split_feature=1 4 1 4 4 1 4 1 4 1 0 0 1 4 1 0 2 4 0 1 3 0 4 4 4 3 4 2 4 3
split_gain=769.01 361.676 64.187 59.1347 39.569 24.1533 20.0202 19.2362 15.8956 13.1594 12.7883 12.1424 9.74419 9.34981 9.1046 7.35593 6.97525 10.8195 5.90257 5.86803 6.95594 5.93513 5.25251 4.99049 4.80322 4.26751 4.20573 3.96091 3.57071 3.17712
threshold=-0.0012618482345651547 5.4579775094849188 -0.0028141598191176449 9.3674400984985926 2.8459999619453744 -0.00039169728152993461 5.9901193859035891 -0.0002426671182929607 14.530678980507536 -0.00058230797045782923 27.287114461536024 28.136180086080767 -0.0014170211574265899 14.820493208258467 0.0021324059439562508 50.189166158962927 -0.010999726731984514 21.559274527434912 71.698997014989928 -0.00085025903414054349 0.32533764462301379 15.875749908555692 15.769373169475765 5.3508548284620305 3.5881764400906948 1.0637074700187379 3.0128944980873649 -0.012022830813021688 30.46459279869983 1.2409669778244143
decision_type=2 2 2 2 2 2 2 2 2 2 2 2 2 2 2 2 2 2 2 2 2 2 2 2 2 2 2 2 2 2
left_child=2 4 16 5 19 11 10 22 -9 26 24 -3 -12 15 -11 -8 27 23 -7 20 -2 -21 -5 -18 -4 -15 -6 28 -1 -19
right_child=1 3 6 7 9 18 13 8 -10 14 12 -13 -14 25 -16 -17 17 29 -20 21 -22 -23 -24 -25 -26 -27 -28 -29 -30 -31
leaf_value=0.11891475499238231 0.027339864438682127 -0.025473421140919734 -0.042767905540257847 0.043065191475259341 0.033331540099038139 -0.005263087921456645 0.056113365543990948 0.010731584484685704 0.035999483239987883 -0.029504894948664741 0.049256190432131336 0.027483395755669406 -0.0022723471769948594 0.036699383881204022 0.011354355819186347 0.026905131201965932 0.054195202373667851 0.093858370531286456 -0.024507754174454385 0.011832627745950432 -0.037456418420457605 -0.046203048641288602 0.073915098057026424 0.094017756598004598 0.0086171461847415337 0.085734703535249646 -0.0096114518230646026 0.15248629280664933 0.060008313076070047 0.047846018814157731
leaf_weight=8.7195934355258959 5.9628347083926228 12.453448556363581 7.0579651519656208 55.490034684538841 6.1507385671138755 217.46490164101124 99.599121399223804 142.93932440131903 110.24710761755705 405.54848594963551 40.233404509723186 82.741499401628971 11.884826101362703 5.1843285262584677 14.108200199902056 27.509814865887165 8.5227987170219404 4.5091011375188854 48.781437695026398 4.4478734135627738 13.562638178467749 460.75703743100166 18.363498575985432 102.28901346027851 12.787091381847857 30.783643290400505 78.081527143716812 5.5153032243251792 3.6492364257574073 22.334459483623505
leaf_count=50 59 109 67 439 64 2134 755 1312 902 4381 317 716 111 38 148 222 52 30 493 49 145 5304 138 618 110 197 782 31 22 145
internal_value=-0.000230194 -0.0149455 0.0629555 0.0128784 -0.0343223 -0.00106041 0.0464668 0.0282835 0.0217342 -0.0245112 0.0244996 0.0205556 0.0375058 0.0561605 -0.0281313 0.0497919 0.0878722 0.0840556 -0.00878908 -0.0445211 -0.0176684 -0.0456482 0.0507359 0.0909549 -0.00965813 0.0786669 -0.0064757 0.117248 0.101535 0.055575
internal_weight=2067.68 1677.1 390.58 688.481 988.619 361.441 235.04 327.04 253.186 503.889 71.9633 95.1949 52.1182 163.077 419.657 127.109 155.54 137.655 266.246 484.73 19.5255 465.205 73.8535 110.812 19.8451 35.968 84.2323 17.8841 12.3688 26.8436
internal_count=19940 17175 2765 6243 10932 3452 1817 2791 2214 5375 605 825 428 1212 4529 977 948 845 2627 5557 204 5353 577 670 177 235 846 103 72 175
is_linear=0
shrinkage=0.05


Tree=6
num_leaves=31
num_cat=0
split_feature=4 1 1 4 4 1 1 0 1 1 1 4 4 4 4 0 3 0 1 1 3 2 1 3 4 2 1 4 4 3
split_gain=692.453 247.16 120.453 53.448 37.0418 28.8461 24.399 16.0952 15.8815 13.1885 12.8229 11.9366 11.6514 11.0275 9.68715 9.34217 9.26973 9.32136 9.24135 8.05065 7.32186 6.57929 6.38947 6.16741 5.88394 4.99176 4.91757 4.1241 3.63697 2.14282
threshold=5.4579775094849188 -0.0015055102654840666 -0.00099830831021280298 10.854084331668661 3.2698071673553737 0.00014884708909457259 -0.0026879148200361631 31.378125722810932 -0.0014170211574265899 0.00012544758419141824 0.005734181973295561 16.164903664735903 6.1406699694367921 6.9627870601898936 44.901266122112666 53.814084543402167 0.7159044387838569 11.327791048878732 -0.0010449595187709824 -0.0018843714764762984 0.64119598064342942 -0.0017929532601530516 0.0018762826431356629 1.6064300583845952 2.3781490567940837 -0.0048572570580613364 0.0021324059439562508 2.008083341211393 3.2408697096579426 1.8268245631140034
decision_type=2 2 2 2 2 2 2 2 2 2 2 2 2 2 2 2 2 2 2 2 2 2 2 2 2 2 2 2 2 2
left_child=2 6 7 5 22 9 12 19 15 -3 11 -5 -2 -7 -12 -9 20 -18 -10 28 -8 -14 27 26 -24 -21 -6 -4 -1 -25
right_child=1 3 4 10 23 13 16 8 18 -11 14 -13 21 -15 -16 -17 17 -19 -20 25 -22 -23 24 29 -26 -27 -28 -29 -30 -31
leaf_value=-0.022463377231564649 0.15346113513055301 0.014968395624012802 -0.048387956163765351 0.025303779069963395 -0.02239407641228992 -0.022251054010838506 0.034392784264952139 0.069802382686161499 -0.0020254631574971437 0.12513349447036323 -0.029052286349758261 0.047747344592258358 0.083033192125805941 -0.00049935544033360274 0.067805691234582105 0.0034906810950202636 -0.038592249218323903 0.05832118059451772 0.065864964104731735 0.037240693726921979 -0.046050523604195197 0.05788852700304542 -0.036849374110696567 -0.055784740059130637 0.043665137206819332 -0.029829722218417121 0.0088067472986332069 -0.039662410054076058 0.043694642409154494 -0.013112209291455283
leaf_weight=2.691969282925128 5.2624661773443213 211.45286517590284 261.48670122772455 156.34557618945837 341.47691579908133 93.17821179330349 11.735264658927916 29.980698190629482 27.428096316754818 2.7520863935351363 13.862792022526266 95.387357570230961 125.94658195972443 155.52100956439972 3.1721633374691001 6.4549405574798575 2.5364297926425925 113.82266841828823 6.1334466710686675 3.1714149788022032 3.7270277440547934 32.787748798727989 5.2330271527171117 17.999115265905861 4.0063676908612251 22.14722511917353 13.113663636147974 280.88888624310493 9.099044054746626 3.5166965797543517
leaf_count=21 30 1863 3124 1311 3684 967 89 216 264 27 118 733 725 1485 26 53 21 794 61 29 28 207 55 194 41 212 137 3321 66 38
internal_value=-0.000251041 0.0288248 -0.0291207 0.013232 -0.0349169 0.00293476 0.0673918 0.0210841 0.0351969 0.0163838 0.0309671 0.0338082 0.080266 -0.0086489 -0.0110159 0.0580546 0.0513753 0.0562086 0.0103817 -0.00553579 0.0150027 0.0778394 -0.0431668 -0.0228174 -0.00193683 -0.0214285 -0.0212402 -0.0438691 0.0285903 -0.04881
internal_weight=2062.32 1027.49 1034.83 731.672 927.721 462.904 295.818 107.107 69.9972 214.205 268.768 251.733 163.997 248.699 17.035 36.4356 131.821 116.359 33.5615 37.1097 15.4623 158.734 551.615 376.106 9.23939 25.3186 354.591 542.376 11.791 21.5158
internal_count=19940 8424 11516 6530 10594 4342 1894 922 594 1890 2188 2044 962 2452 144 269 932 815 325 328 117 932 6541 4053 96 241 3821 6445 87 232
is_linear=0
shrinkage=0.05


Tree=7
num_leaves=31
num_cat=0
split_feature=4 1 1 4 4 1 1 0 1 1 4 3 0 4 1 0 0 4 3 1 1 2 3 4 0 0 3 4 2 4
split_gain=627.136 209.149 112.523 46.6066 36.4351 26.0562 20.1293 14.0327 14.464 12.1594 11.2509 10.4228 9.70393 9.42839 9.42499 9.33094 8.44622 7.89869 7.65581 7.54563 6.20598 6.05808 6.00847 5.29297 4.90736 4.68401 4.56621 4.16142 4.14687 2.4634
threshold=5.4579775094849188 -0.0015055102654840666 -0.00099830831021280298 10.854084331668661 3.2698071673553737 0.00028767892614522955 -0.0026879148200361631 32.645980758560867 -0.0014170211574265899 -0.00059948950389937517 6.9627870601898936 0.93004332538563317 30.004789006629924 8.4009948412042768 -0.0010449595187709824 48.75049042806581 64.377228231107964 5.9329382855178734 0.7159044387838569 -0.0018843714764762984 0.0018762826431356629 -0.0076584371269242104 1.6064300583845952 2.3781490567940837 32.940911800877814 38.368223451502743 0.52561001292682386 2.008083341211393 -0.0048572570580613364 3.4219473963731253
decision_type=2 2 2 2 2 2 2 2 2 2 2 2 2 2 2 2 2 2 2 2 2 2 2 2 2 2 2 2 2 2
left_child=2 6 7 5 20 12 13 19 15 16 -7 -11 -3 26 -10 -9 -5 24 -19 29 27 -15 25 -22 -8 -6 -2 -4 -21 -1
right_child=1 3 4 9 22 10 17 8 14 11 -12 -13 -14 21 -16 -17 -18 18 -20 28 23 -23 -24 -25 -26 -27 -28 -29 -30 -31
leaf_value=-0.0072563005941070225 0.14168548606669834 -0.011804985708486666 -0.047877269275914909 0.044453385802562834 -0.0078950366042014903 -0.023926917928274304 0.040720761894682503 0.072225725030318225 -0.0034200434115145388 0.00015982178779482849 -0.00087848598096536615 0.028634642170417592 0.018445335014404263 0.085576480559440171 0.065413659924032988 0.015313142494171844 0.1184956277724115 0.015063229951476381 0.054126401115175318 0.034391424299967187 -0.036068957416681202 0.062192522568803747 -0.048260163967346142 0.040063897783221294 -0.045926048025257848 -0.023189266451361535 0.090002181684377541 -0.038952426691900542 -0.025698408382868534 0.040149384763194101
leaf_weight=3.7944301292300215 5.4951433241367367 30.476331293582916 251.32023280858994 48.704730324447155 60.591140687465668 82.826020739972591 3.0141995251178733 25.108121119439602 26.271965689957142 38.992407202720642 146.77463063597679 182.78059277683496 203.76168204843998 37.079145357012749 6.1341271176934233 10.098574481904505 4.1823647469282141 14.069613315165041 115.58586351573467 3.2600599676370612 5.082790441811083 109.46730084717274 20.695922240614891 4.1444178819656372 3.5690300166606903 288.06534563750029 19.225142240524292 271.93700964748859 24.068990409374241 9.8651938214898092
leaf_count=29 29 265 3124 349 656 875 24 171 253 344 1404 1466 1798 198 58 80 29 105 777 29 55 629 232 41 26 3165 106 3321 233 69
internal_value=-0.000268516 0.0268697 -0.0283619 0.0124425 -0.0341521 0.00277676 0.0615178 0.0197201 0.033714 0.0287656 -0.00919297 0.0236282 0.0145095 0.0729274 0.00960944 0.0559011 0.0503087 0.0471746 0.0498874 -0.00336358 -0.0425222 0.0681091 -0.0220851 -0.00187374 -0.00625391 -0.0205314 0.101491 -0.043239 -0.0185303 0.0269808
internal_weight=2056.44 1046 1010.44 738.499 901.837 463.839 307.505 108.601 67.6128 274.66 229.601 221.773 234.238 171.267 32.4061 35.2067 52.8871 136.239 129.655 40.9887 532.484 146.546 369.352 9.22721 6.58323 348.656 24.7203 523.257 27.3291 13.6596
internal_count=19940 8424 11516 6530 10594 4342 1894 922 562 2188 2279 1810 2063 962 311 251 378 932 882 360 6541 827 4053 96 50 3821 135 6445 262 98
is_linear=0
shrinkage=0.05


Tree=8
num_leaves=30
num_cat=0
split_feature=4 1 1 4 1 4 1 4 1 1 0 2 3 3 0 0 2 2 3 1 4 4 3 2 4 0 1 4 4
split_gain=570.721 194.804 84.0948 45.6974 29.5755 29.2075 15.1963 14.6571 13.2714 11.4013 11.0217 10.725 10.5222 10.8972 8.70772 8.31284 7.78963 6.65635 7.76527 6.13318 5.52036 5.24894 6.36326 5.61596 4.77331 4.17405 3.47812 3.36762 3.02373
threshold=5.1288998867740583 -0.0009712136349491195 -0.00087004500964227283 9.3674400984985926 -0.0026879148200361631 3.2698071673553737 -0.0018843714764762984 15.124019252015509 -0.00039169728152993461 -0.00048539441251455035 35.194157997359724 -0.0006788388872364658 0.40598981774468412 0.95283434313046989 54.355240878274458 13.10645767611812 -0.0008499160684553585 -0.00062287809429267804 0.50945374066386206 0.0018762826431356629 4.7653490115633748 8.4009948412042768 0.52112738345944065 -0.0020889671513075743 2.3781490567940837 15.875749908555692 -0.0028141598191176449 2.8178867123274305 28.019214143471643
decision_type=2 2 2 2 2 2 2 2 2 2 2 2 2 2 2 2 2 2 2 2 2 2 2 2 2 2 2 2 2
left_child=2 4 6 8 21 19 11 15 9 -3 27 26 -5 -14 -12 -6 -10 20 -19 25 -7 22 -2 -23 -21 -4 -1 -8 -9
right_child=1 3 5 12 7 17 10 28 16 -11 14 -13 13 -15 -16 -17 -18 18 -20 24 -22 23 -24 -25 -26 -27 -28 -29 -30
leaf_value=0.056931301450096485 0.13051189410905947 0.0044415615041506215 0.00096219596820398205 0.11088230510436664 -0.021311999191445323 -0.0059693577542480796 -0.045925910268797041 0.059601720252031178 -0.023827205242802362 0.051840896046650431 0.02611522882570751 0.10648201648264365 0.0027844365385583728 0.025376616784117612 -0.018924202007974532 0.035377757367662188 -0.0046374876995232362 -0.0067812609538381134 -0.031619111382088443 -0.035291537967649285 -0.040808628466412596 0.067454605463072595 0.073195990513120299 0.044094980452390548 0.036878133351580432 -0.043463729467934226 0.014005321213970752 -0.011560987650620759 0.094975029600820271
leaf_weight=6.9197752922773406 6.2337360084056881 63.461665377020836 5.3448057994246474 3.2565939649939528 6.694140449166297 75.595100827515125 10.097897313535212 36.429189786314964 68.985230639576912 15.856665529310702 41.107402823865414 5.3830779194831839 67.887539088726044 249.68180064111948 14.522742368280886 190.2974181547761 226.56935550272465 37.92851085215807 184.74189471453428 4.9387127533555013 13.383192442357538 118.97450797259808 21.697773158550262 32.82926020026207 4.2738139107823372 490.50171507894993 14.837081298232079 24.248054072260857 7.2423677444457999
leaf_count=38 31 547 63 28 54 839 111 216 687 129 370 38 598 1997 140 1396 2302 422 2092 55 145 633 115 194 41 6274 108 234 43
internal_value=-0.000281897 0.0238502 -0.0291243 0.007612 0.050722 -0.0348063 0.0104987 0.0392612 -0.00424289 0.0139172 0.000606954 0.0432923 0.021464 0.020547 0.0143573 0.0334513 -0.00911655 -0.0227692 -0.0273884 -0.0422338 -0.0112095 0.066068 0.0859877 0.0624028 -0.00181107 -0.0429849 0.0276579 -0.0216645 0.0654679
internal_weight=2049.92 1116.1 933.824 695.699 420.398 816.708 117.116 240.663 374.873 79.3183 89.9761 27.1399 320.826 317.569 55.6301 196.992 295.555 311.649 222.67 505.059 88.9783 179.735 27.9315 151.804 9.21253 495.847 21.7569 34.346 43.6716
internal_count=19940 8970 10970 6288 2682 9931 1039 1709 3665 676 855 184 2623 2595 510 1450 2989 3498 2514 6433 984 973 146 827 96 6337 146 345 259
is_linear=0
shrinkage=0.05


Tree=9
num_leaves=31
num_cat=0
split_feature=4 1 1 4 4 1 1 4 1 1 1 4 4 0 2 2 0 4 2 3 3 1 2 2 2 4 4 2 0 1
split_gain=519.232 167.491 79.5438 42.6466 29.1008 26.1697 12.8542 11.6556 10.6517 11.0313 10.238 10.6692 9.03502 8.77008 9.91423 8.40735 7.84402 7.34087 7.3012 8.83002 6.33641 5.84378 4.38853 7.89401 4.96698 4.35666 4.31384 3.0098 2.69002 2.33067
threshold=5.0889348920044384 -0.00094690904080629845 -0.00099830831021280298 9.3674400984985926 3.2698071673553737 -0.0026879148200361631 -0.0018843714764762984 15.124019252015509 0.00014884708909457259 0.00012544758419141824 -0.0002426671182929607 14.530678980507536 6.9627870601898936 32.645980758560867 -0.0021435509768166212 -0.0006788388872364658 13.10645767611812 10.055185075052009 -0.00062287809429267804 0.50945374066386206 1.2253194382376573 0.0018762826431356629 -0.0017929532601530516 -0.0023541797401605553 -0.0011084450964333745 2.008083341211393 2.3781490567940837 -0.001265154635936516 49.412505700312146 -0.0028141598191176449
decision_type=2 2 2 2 2 2 2 2 2 2 2 2 2 2 2 2 2 2 2 2 2 2 2 2 2 2 2 2 2 2
left_child=2 5 6 8 21 22 15 16 9 -3 17 -12 -10 27 -15 29 -7 -5 20 -20 -6 25 23 -2 -24 -4 -23 -8 -9 -1
right_child=1 3 4 10 18 7 13 28 12 -11 11 -13 -14 14 -16 -17 -18 -19 19 -21 -22 26 24 -25 -26 -27 -28 -29 -30 -31
leaf_value=0.052503115053652398 0.061464769063022465 0.0037604700321917945 -0.04691831030095809 0.085633954210514895 -0.015735842061556312 -0.021824844779328174 -0.030506648718041981 0.050533120582673931 -0.02115981014832868 0.10403060268248053 0.0073375195519245458 0.027365470422093377 -0.00090766533129760262 0.086154782502083804 0.0078905713639324925 0.09788483833799963 0.032679748852069111 0.03262404253870993 -0.0049052048754397275 -0.031268659479083902 0.019560372854658767 -0.034516939430595237 0.0052942160130790891 0.10764753241908034 0.053605130827689224 -0.037455240753016074 0.034041361369768368 0.016720699215818906 0.076621229402245222 0.017435750687281221
leaf_weight=7.1227160841226622 137.05553837120533 152.27633933722973 233.15957253426313 7.5721953064203253 75.343330577015877 6.8256745263934127 19.169824451208118 31.273930206894875 115.82675412297249 2.7933011427521697 149.3998076915741 119.83306377381086 104.99094726145267 4.4727683737874022 42.451982222497463 5.6302717775106421 200.58028633892536 47.492224216461182 38.515004858374596 181.12512452155352 15.296896129846571 4.8006080463528615 6.3665478825569144 9.9228059202432615 32.377341777086258 254.26216097176075 4.3951886370778084 4.0940730199217787 14.445271760225294 14.15345723181963
leaf_count=38 703 1392 3124 56 839 56 192 181 1263 26 1312 902 1018 36 368 37 1444 343 430 2099 169 55 36 51 184 3321 41 41 81 102
internal_value=-0.000292182 0.0221636 -0.0285865 0.00698443 -0.0337314 0.0463821 0.0141699 0.0359234 -0.00447727 0.00556666 0.0202695 0.0162518 -0.0115306 0.00290602 0.0153506 0.0435531 0.030886 0.0399137 -0.0217186 -0.0266457 -0.00977908 -0.0412369 0.0606365 0.0645827 0.0456665 -0.0419819 -0.00174907 -0.0221954 0.0587758 0.0291754
internal_weight=2043.03 1139.03 903.993 700.185 806.898 438.847 97.0951 253.125 375.887 155.07 324.297 269.233 220.818 70.1886 46.9248 26.9064 207.406 55.0644 310.28 219.64 90.6402 496.618 185.722 146.978 38.7439 487.422 9.1958 23.2639 45.7192 21.2762
internal_count=19940 9048 10892 6312 10078 2736 814 1762 3699 1418 2613 2214 2281 637 404 177 1500 399 3537 2529 1008 6541 974 754 220 6445 96 233 262 140
is_linear=0
shrinkage=0.05


Tree=10
num_leaves=31
num_cat=0
split_feature=4 1 1 4 4 1 1 4 1 2 1 4 4 0 2 4 2 3 0 2 3 1 4 2 4 4 4 2 4 3
split_gain=472.824 145.08 74.6728 37.8703 28.5867 22.4805 11.1825 9.90232 9.69429 10.2959 9.07592 11.9527 8.38301 7.94439 8.27282 6.94735 6.91668 8.39807 6.89877 6.80192 5.74607 5.66411 4.39029 4.30912 9.82621 4.93207 3.90566 2.79492 2.52773 2.19792
threshold=5.0889348920044384 -0.00094690904080629845 -0.00099830831021280298 9.3674400984985926 3.2698071673553737 -0.0026879148200361631 -0.0018843714764762984 15.124019252015509 0.00014884708909457259 0.00022029854454641565 0.0042805585062242199 17.54696225063697 6.9627870601898936 32.645980758560867 -0.0021435509768166212 16.164903664735903 -0.00062287809429267804 0.50945374066386206 16.942945068981 -0.0006788388872364658 1.2253194382376573 0.0018762826431356629 2.008083341211393 -0.0076584371269242104 21.559274527434912 13.293148144126409 2.3781490567940837 -0.001265154635936516 28.019214143471643 0.52561001292682386
decision_type=2 2 2 2 2 2 2 2 2 2 2 2 2 2 2 2 2 2 2 2 2 2 2 2 2 2 2 2 2 2
left_child=2 5 6 8 21 23 19 18 9 -3 15 -12 -10 27 -15 -5 20 -18 -7 29 -6 22 -4 25 -25 -2 -23 -8 -9 -1
right_child=1 3 4 10 16 7 13 28 12 -11 11 -13 -14 14 -16 -17 17 -19 -20 -21 -22 26 -24 24 -26 -27 -28 -29 -30 -31
leaf_value=0.044157619727116522 0.045763376178914537 -0.0045504617394722781 -0.046413525769793428 0.017318253696907621 -0.015143789649996367 -0.0072604809057748316 -0.029689455428198137 0.048889899731054787 -0.020452923969007396 0.022107122130231804 -0.038076618667580768 0.017671369944545393 -0.00086289780767770787 0.077055609251956342 0.0074522742475347297 0.034688307479091428 -0.0046787763875548172 -0.030488799745197206 0.031001388397069191 0.087540241795421109 0.018287628336637708 -0.033745073453020961 -0.036743601322008698 0.057857731945200087 0.024040428514900916 0.080837268171832288 0.031500755838380405 0.015676839804391867 0.079927854587599476 0.012221540929669957
leaf_weight=10.180090487003332 14.883100166916845 98.399638667702675 224.13973727822304 207.9920230358839 74.399027787148952 12.521782174706457 18.72407536953688 39.297396942973137 113.88865298032761 57.321096703410149 15.260936640202997 25.989032499492168 104.91796664148569 4.743360921740531 42.69488363713026 79.593363888561726 38.36394626647234 176.58685959130526 199.11887716501951 5.9712980091571799 15.537013389170168 4.66828905045986 246.42777065187693 119.21915036439896 26.201650962233543 30.694161623716354 4.5091171264648438 4.1469396054744712 7.87408423423767 11.443838760256765
leaf_count=64 71 891 3124 1714 839 98 192 219 1263 527 133 198 1018 36 368 568 430 2099 1402 37 169 55 3321 609 145 149 41 41 43 76
internal_value=-0.000300111 0.0207804 -0.0278451 0.00659794 -0.0329826 0.0429573 0.0133283 0.0333549 -0.00427325 0.00526225 0.0189797 -0.00295329 -0.0110595 0.00274188 0.0144119 0.0221257 -0.021011 -0.0258823 0.0287376 0.0403011 -0.0093683 -0.0405908 -0.0413496 0.0559691 0.0517646 0.069384 -0.00168797 -0.0214637 0.0540709 0.0272564
internal_weight=2035.71 1153.17 882.536 703.363 784.632 449.81 97.9045 258.812 374.527 155.721 328.835 41.25 218.807 70.3093 47.4382 287.585 304.887 214.951 211.641 27.5952 89.936 479.745 470.568 190.998 145.421 45.5773 9.17741 22.871 47.1715 21.6239
internal_count=19940 9048 10892 6312 10078 2736 814 1762 3699 1418 2613 331 2281 637 404 2282 3537 2529 1500 177 1008 6541 6445 974 754 220 96 233 262 140
is_linear=0
shrinkage=0.05


Tree=11
num_leaves=31
num_cat=0
split_feature=4 1 1 4 4 1 1 3 1 1 4 4 0 4 0 2 1 2 3 4 4 0 0 1 4 4 2 2 2 1
split_gain=430.838 127.011 70.3258 32.9207 27.0175 21.4284 11.9903 11.3331 11.0107 9.62343 9.38043 8.51148 8.0292 7.14266 6.70089 6.41904 10.5466 5.59544 5.51701 5.31319 5.13999 5.32788 4.64336 4.05635 3.73246 9.47034 4.09889 3.73001 2.25873 1.94001
threshold=5.0889348920044384 -0.0015055102654840666 -0.00087004500964227283 10.854084331668661 2.7184723237138066 0.00014884708909457259 -0.0018843714764762984 1.2040645080432812 -0.0035094460250467692 0.005734181973295561 6.9627870601898936 21.559274527434912 26.874843870839069 16.164903664735903 15.875749908555692 -0.00062287809429267804 0.0018762826431356629 -0.0006788388872364658 0.34968958533531597 3.4559352789132132 8.55956950495945 25.631839111812955 54.355240878274458 0.0019360843186112533 12.008902738246327 9.3674400984985926 -4.1516205463554272e-05 -0.0043367247512638976 -0.003434987099642572 -0.0028141598191176449
decision_type=2 2 2 2 2 2 2 2 2 2 2 2 2 2 2 2 2 2 2 2 2 2 2 2 2 2 2 2 2 2
left_child=2 8 6 5 14 7 17 -3 20 13 -7 -11 27 -5 18 19 -17 29 -4 -6 28 -22 -14 -16 25 -10 -26 -8 -2 -1
right_child=1 3 4 9 15 10 12 -9 24 11 -12 -13 22 -15 23 16 -18 -19 -20 -21 21 -23 -24 -25 26 -27 -28 -29 -30 -31
leaf_value=0.046289315202715287 0.071247838823300574 0.020390568532163238 0.088383125981602556 0.017959883173343429 -0.029433628689740057 -0.019759778356380795 0.016669655006416755 -0.0011362418646908201 0.041597296679244999 -0.057707467342652842 -0.00080102136607119307 0.013523814412995687 0.013908460775490373 0.034475003706823847 -0.044265200360371265 -0.029976389189278863 0.01405658553793745 0.079002482293783816 -0.031382613170315314 -0.0059811281220552293 0.067283739870680009 0.044455089162031558 -0.0180474727197204 -0.00087361718185731234 0.03969045600944663 0.012674216102065372 0.063799287770431437 -0.04155870385784035 0.11372724182694456 0.014867530395838095
leaf_weight=7.4155578911304518 10.062529206275938 149.20099033415318 1.7464719414710992 169.08335717767477 35.663481943309307 112.03751935064793 3.4115108922123936 103.59052686393261 91.749886371195316 6.7708202451467541 156.21563756465912 11.018448434770105 56.416495114564896 106.83609195053577 341.55796475708485 269.75565388798714 14.320536538958548 6.2773047089576712 2.1395436003804207 74.805359207093716 40.517679005861282 69.225829869508743 14.236110366880892 5.4722666367888442 70.935444295406342 40.926515586674213 23.460977494716644 14.190262004733084 4.5417152196168891 14.551774583756924
leaf_count=38 47 1280 22 1311 462 1263 34 884 577 59 1485 85 512 733 4906 3388 157 37 27 847 191 352 140 61 386 245 129 159 21 102
internal_value=-0.000305716 0.0195069 -0.0271108 0.00866986 -0.0327567 0.00112394 0.0090165 0.0115692 0.0446319 0.0220565 -0.00871926 -0.0135877 -5.80072e-05 0.0243545 -0.0428498 -0.0237796 -0.0277566 0.0373711 0.0224431 -0.0135525 0.0565919 0.0528835 0.00746952 -0.043581 0.0380826 0.0326754 0.0456824 -0.0302731 0.0844583 0.0254746
internal_weight=2028.13 1166.17 861.96 814.753 745.461 521.045 116.499 252.792 351.421 293.709 268.253 17.7893 88.2544 275.919 350.916 394.545 284.076 28.2446 3.88602 110.469 124.348 109.744 70.6526 347.03 227.073 132.676 94.3964 17.6018 14.6042 21.9673
internal_count=19940 9048 10892 7100 9870 4912 1022 2164 1948 2188 2748 144 845 2044 5016 4854 3545 177 49 1309 611 543 652 4967 1337 822 515 193 68 140
is_linear=0
shrinkage=0.05


Tree=12
num_leaves=31
num_cat=0
split_feature=4 1 1 4 4 1 1 1 1 1 3 2 4 0 0 4 1 0 4 3 3 2 4 1 0 0 3 2 1 3
split_gain=392.774 111.704 66.2075 30.4027 26.6422 17.0712 10.5425 8.41569 9.75095 8.31526 8.30562 7.95592 7.60594 7.39158 6.3832 6.37494 6.88015 6.25616 6.11709 5.43357 4.65753 4.65657 4.24052 3.95637 3.89066 7.17459 4.85385 3.52261 2.18139 1.8207
threshold=5.0889348920044384 -0.00094690904080629845 -0.00087004500964227283 9.3674400984985926 2.7184723237138066 -0.0026879148200361631 -0.0018843714764762984 -0.00039169728152993461 -0.00048539441251455035 -0.0002426671182929607 0.95283434313046989 -0.0008499160684553585 15.124019252015509 26.874843870839069 15.875749908555692 4.1838829826740627 0.0021947039853912336 13.10645767611812 10.055185075052009 1.5137977108959475 0.34968958533531597 -0.0006788388872364658 5.0125804378761307 0.0019360843186112533 54.148345320491522 58.665070557135344 0.51511783619535667 -0.0043367247512638976 -0.0022415218369142282 0.52561001292682386
decision_type=2 2 2 2 2 2 2 2 2 2 2 2 2 2 2 2 2 2 2 2 2 2 2 2 2 2 2 2 2 2
left_child=2 5 6 7 14 24 21 8 -3 18 -11 -9 17 27 20 16 -6 -7 -5 -17 -4 29 -15 -16 26 -26 -2 -8 -14 -1
right_child=1 3 4 9 15 12 13 11 -10 10 -12 -13 28 22 23 19 -18 -19 -20 -21 -22 -23 -24 -25 25 -27 -28 -29 -30 -31
leaf_value=0.038882526417861711 0.091832742016262139 0.0012882873434124469 0.077948918802043909 0.074060664426288128 -0.028718694139862229 -0.021989506833116984 0.015630069112653713 -0.022965289494002727 0.044033273507548334 -0.0031103792320614746 0.017706135585763713 -0.0034183089728043953 0.028250940890191947 0.0093288800210673747 -0.043711705958715895 -0.010322042426236747 0.028901485428142783 0.026568111004482454 0.027357800812442351 -0.043871973702531118 -0.030619928888590432 0.071819377115364486 -0.058554610569267723 -0.00083053176060446279 -0.017504859895147537 0.052999020209685159 0.048747523941225682 -0.040852602555462442 0.052698620639407584 0.010252466835005945
leaf_weight=10.587302096188074 6.7859351933002463 62.452160850167274 1.8775591626763337 8.1575659811496717 254.38373163342476 6.8472792804241172 3.4553293064236668 67.667088359594345 16.966481529176235 61.451230935752392 217.57832562923431 225.63953794538975 12.061205416917799 68.651717692613602 328.91059324145317 113.70684750378132 5.2884035706520072 212.31616894900799 49.896409675478935 13.501121349632738 2.0846061930060387 6.5523081719875327 2.3803097605705252 5.4684618562459937 6.168324649333953 8.6945287287235242 178.09703432023525 13.725616104900835 37.470811620354652 11.678447954356669
leaf_count=64 30 531 22 56 3291 56 34 696 132 539 1675 2340 64 632 4906 1343 55 1444 343 165 27 37 20 61 34 46 864 159 198 76
internal_value=-0.000309539 0.0183291 -0.0263836 0.0058224 -0.032015 0.0372799 0.00851332 -0.00401839 0.01042 0.0167037 0.0131217 -0.00792788 0.0290503 -6.41014e-05 -0.0422628 -0.023053 -0.0275452 0.025051 0.0339203 -0.0138828 0.0208278 0.0347691 0.00705408 -0.0430104 0.0483504 0.0237388 0.0503289 -0.0294931 0.0467455 0.023866
internal_weight=2020.5 1178.25 842.252 709.809 725.221 468.441 117.031 372.725 79.4186 337.084 279.03 293.307 268.695 88.213 338.341 386.88 259.672 219.163 58.054 127.208 3.96217 28.8181 71.032 334.379 199.746 14.8629 184.883 17.1809 49.532 22.2658
internal_count=19940 9048 10892 6312 9870 2736 1022 3699 663 2613 2214 3036 1762 845 5016 4854 3346 1500 399 1508 49 177 652 4967 974 80 894 193 262 140
is_linear=0
shrinkage=0.05


Tree=13
num_leaves=29
num_cat=0
split_feature=4 1 1 4 4 1 1 1 3 0 2 1 0 2 1 0 0 2 4 2 4 1 0 3 2 1 2 1
split_gain=358.233 98.0961 62.301 27.1222 26.2449 12.4902 11.0917 9.28614 8.96843 9.86581 7.38275 7.33245 6.80374 6.23103 9.60108 6.0856 5.62147 7.08136 4.96721 4.87305 4.51997 4.52887 4.15826 3.97406 3.92157 3.85698 3.32673 1.63514
threshold=5.0889348920044384 -0.0012618482345651547 -0.00087004500964227283 9.3674400984985926 2.7184723237138066 -0.00039169728152993461 -0.0035094460250467692 -0.0018843714764762984 0.39977989041944489 86.595548795444543 -0.0008499160684553585 -0.00044834492044182323 26.874843870839069 -0.00062287809429267804 0.0018762826431356629 15.875749908555692 53.431371814476613 0.0001970977049527978 3.4559352789132132 0.0034621128019247664 44.901266122112666 -0.0080480908322274041 54.355240878274458 0.34968958533531597 -0.0006788388872364658 0.0019360843186112533 -0.0043367247512638976 -0.0028141598191176449
decision_type=2 2 2 2 2 2 2 2 2 2 2 2 2 2 2 2 2 2 2 2 2 2 2 2 2 2 2 2
left_child=2 6 7 5 15 11 20 24 -5 -10 -7 -3 26 18 -15 23 17 -8 -6 -18 21 -2 -14 -4 27 -17 -9 -1
right_child=1 3 4 8 13 10 16 12 9 -11 -12 -13 22 14 -16 25 19 -19 -20 -21 -22 -23 -24 -25 -26 -27 -28 -29
leaf_value=0.041129667991635283 0.079523447450651708 0.0079349112896590825 0.069431570555041469 0.091428861298602351 -0.027926391950580554 -0.022222479163112423 0.032128035571839623 0.014668079094871481 0.017226112265072112 -0.033410892887825908 -0.0032563076969182011 0.053202919430367215 0.0126517104764445 -0.028579537525578853 0.013285587291233514 -0.043155673505452991 0.0033064056503735125 0.064674937611922168 -0.0047981439111073228 0.036284511129116515 0.0060061823072340747 0.047949253766788803 -0.017645595920510172 -0.029860899204927478 0.065680123099542673 -0.00078954051744178346 -0.040147332754860827 0.012709137970127333
leaf_weight=7.6646002084016844 12.649925023317335 109.2976853325963 1.999104544520377 3.9683868736028662 33.984333902597427 66.463642358779907 214.11062150448561 3.4967444390058544 355.44204940646887 9.886709548532961 225.0376585572958 9.7429469004273397 57.291355714201927 257.86165794730186 14.462901085615156 316.79922637343407 29.554575905203819 18.127266369760036 73.257849626243114 18.039063289761543 5.7976857125759116 111.12137551605701 14.115443676710127 2.0320659503340721 6.7997483164072028 5.464846394956111 13.279785282909868 14.89829994738102
leaf_count=38 58 896 22 30 462 696 1240 34 2681 80 2340 73 512 3388 157 4906 181 107 847 113 28 525 140 27 37 61 159 102
internal_value=-0.000311514 0.0172411 -0.0256626 0.00683632 -0.031275 -0.00200749 0.0370604 0.00804023 0.0166678 0.0158557 -0.00758068 0.0116399 -6.91651e-05 -0.0223359 -0.0263561 -0.0416735 0.0314603 0.0346685 -0.0121273 0.0158059 0.0491551 0.0511763 0.00666265 0.0193794 0.0323947 -0.0424372 -0.0287221 0.0223636
internal_weight=2012.65 1189.24 823.408 779.839 705.862 410.542 409.401 117.546 369.297 365.329 291.501 119.041 88.1833 379.567 272.325 326.295 279.832 232.238 107.242 47.5936 129.569 123.771 71.4068 4.03117 29.3626 322.264 16.7765 22.5629
internal_count=19940 9048 10892 6796 9870 4005 2252 1022 2791 2761 3036 969 845 4854 3545 5016 1641 1347 1309 294 611 583 652 49 177 4967 193 140
is_linear=0
shrinkage=0.05


Tree=14
num_leaves=31
num_cat=0
split_feature=4 1 1 4 4 1 4 0 0 2 1 1 4 3 2 3 4 1 0 0 0 4 3 3 4 4 2 2 4 3
split_gain=326.821 86.7264 58.5836 25.818 24.1255 13.637 8.89958 9.46354 8.47072 12.5599 8.20643 7.00738 10.3298 6.52002 8.0275 6.37154 6.03917 6.08292 6.00046 8.10437 5.94276 5.2968 5.24429 5.21329 4.87367 4.59503 3.32853 3.32359 3.28413 1.52576
threshold=5.0889348920044384 -0.00094690904080629845 -0.00087004500964227283 2.7184723237138066 9.3674400984985926 -0.0020175429800982077 15.437657687186835 29.272557548471003 71.698997014989928 0.0029663839581142164 -0.0018843714764762984 0.0042805585062242199 17.070527223126742 0.58850236186857507 3.3861934996104466e-05 0.37601652205511737 4.1838829826740627 0.0021947039853912336 24.154170449641878 16.942945068981 19.05939198672846 4.7235735599629587 0.50945374066386206 0.34968958533531597 36.295067432203275 5.2611234189270606 -0.0006788388872364658 0.0012789710844908211 28.019214143471643 0.52561001292682386
decision_type=2 2 2 2 2 2 2 2 2 2 2 2 2 2 2 2 2 2 2 2 2 2 2 2 2 2 2 2 2 2
left_child=2 5 10 20 8 18 7 -7 9 -3 26 15 -13 22 -15 -6 17 -5 19 -2 23 -18 -12 -4 -20 -10 29 -22 -8 -1
right_child=1 4 3 16 11 6 28 -9 25 -11 13 12 -14 14 -16 -17 21 -19 24 -21 27 -23 -24 -25 -26 -27 -28 -29 -30 -31
leaf_value=0.034471184792066088 0.035078372529220733 -0.0039223352535539997 0.049882678383348728 -0.027294225159086812 0.095744119426312571 -0.0054081800276958624 0.040020088497386683 0.024014349159647282 0.035482453254274821 0.028786409728706025 0.0074543203218245882 -0.039624305225206387 0.013004451156760855 -0.020300727456447697 0.029891275902778392 0.016670407537204401 -0.004590883567133836 0.026111357334047805 0.036932140649333325 0.067896548548162891 -0.044937879593621 -0.02594163218052923 0.057263677615085933 -0.038844691115862008 0.0017836152665771023 -0.025332455483378893 0.060363748363639884 -0.032625047488326751 0.083727352102149821 0.0085914442937568489
leaf_weight=10.940150886774068 37.258894428610802 282.30904172360897 3.330865964293479 243.25541868805885 2.5693484470248213 34.366033308207989 24.398578584194187 133.47883626818657 3.3026993349194518 32.75454643368721 28.449884839355946 13.943843074142931 28.139085225760937 43.437125667929649 9.7552863582968694 300.08645184338093 77.33558938652277 5.4513480663299552 201.34578514099121 37.995476901531219 236.83018746227026 46.52412211149931 6.4900215417146674 3.2914822921156883 10.370349973440169 52.165649227797985 7.0226074159145346 71.308326229453087 5.2168182134628287 11.879185296595095
leaf_count=64 180 2784 41 3291 19 244 125 902 38 322 265 124 207 429 93 2263 938 55 1026 182 3796 570 58 48 51 555 37 1131 26 76
internal_value=-0.000312149 0.0162269 -0.0249512 -0.0305384 0.00516344 0.0325622 0.0224489 0.0179901 -0.00369394 -0.000521878 0.00759996 0.0146835 -0.00443367 -7.3642e-05 -0.0110957 0.0173417 -0.0216312 -0.0261236 0.039521 0.0516481 -0.0410813 -0.0126106 0.0167063 0.00578283 0.0352105 -0.0217114 0.0302624 -0.0420885 0.0477192 0.0209988
internal_weight=2005 1199.7 805.302 687.327 715.271 484.431 197.46 167.845 370.532 315.064 117.974 344.739 42.0829 88.1323 53.1924 302.656 372.566 248.707 286.971 75.2544 314.761 123.86 34.9399 6.62235 211.716 55.4683 29.8419 308.139 29.6154 22.8193
internal_count=19940 9048 10892 9870 6312 2736 1297 1146 3699 3106 1022 2613 331 845 522 2282 4854 3346 1439 362 5016 1508 323 89 1077 593 177 4927 151 140
is_linear=0
shrinkage=0.05


Tree=15
num_leaves=31
num_cat=0
split_feature=4 1 1 4 4 1 0 2 4 0 1 1 4 0 0 4 4 2 3 0 0 2 4 2 3 3 4 2 0 4
split_gain=298.227 76.9048 55.4025 25.9989 21.4972 12.1675 8.97515 12.5487 7.70335 7.77135 7.33716 6.77852 7.33917 6.12484 10.8056 6.13797 6.04283 6.14421 5.83844 5.73424 5.27778 7.76173 4.96146 4.86335 4.64575 4.39765 4.31937 3.33779 3.10664 2.96916
threshold=5.1288998867740583 -0.00094690904080629845 -0.00087004500964227283 2.7184723237138066 9.3674400984985926 -0.0020175429800982077 71.698997014989928 0.0029663839581142164 15.437657687186835 29.272557548471003 -0.0014170211574265899 -0.0002426671182929607 14.530678980507536 32.645980758560867 48.75049042806581 3.4219473963731253 4.1838829826740627 -0.00062287809429267804 1.5137977108959475 19.05939198672846 24.154170449641878 -0.0044831166911681311 10.055185075052009 -0.001293911346641585 0.34968958533531597 0.41816582488526494 36.295067432203275 0.0012789710844908211 38.63969821863919 4.8897348330183705
decision_type=2 2 2 2 2 2 2 2 2 2 2 2 2 2 2 2 2 2 2 2 2 2 2 2 2 2 2 2 2 2
left_child=2 5 10 19 6 20 7 -3 9 -7 13 22 -13 15 -15 -1 17 -5 -18 24 21 -2 -6 -12 -4 -8 -22 -21 -10 -25
right_child=1 4 3 16 11 8 25 -9 28 -11 23 12 -14 14 -16 -17 18 -19 -20 27 26 -23 -24 29 -26 -27 -28 -29 -30 -31
leaf_value=-0.035045514500747769 0.041519958283138363 -0.0037450160973495177 0.045466800056953284 -0.012204671344704657 0.063847544109932097 -0.00447995712064475 0.026487528495384677 0.029063927764588427 0.068005310740727146 0.022336812883843839 -0.024622585540781387 0.0033481076839216467 0.019401980598491464 0.049318038267278264 -0.011925208156513928 0.018716971162571466 -0.0083237970040347924 -0.030174292907362898 -0.043334742471024652 -0.044435458351097377 0.034759908215288952 0.085032128049125022 0.023126526048359491 0.0011138804592300837 -0.038179121105555186 -0.026590070652230503 0.0016931316653293821 -0.031905152662134756 0.033499402921172698 0.050958669641283698
leaf_weight=8.2376071214675921 64.246853359043598 277.63144527375698 3.4679113402962676 64.859258785843849 8.7380006611347181 33.806016534566879 4.2356384173035613 32.562585681676865 9.5177417397499102 134.51074523478746 20.821593940258026 157.59839053452015 129.8463189676404 26.268433555960655 9.9230887666344625 14.932529263198374 114.63248120993376 178.44751214236021 13.28807310014963 227.76305467262864 204.07784815132618 12.194154694676397 51.964376911520958 37.271859548985958 3.1841610819101334 49.611380621790886 10.378133311867712 69.322395909577608 20.730618625879288 3.2480364665389052
leaf_count=71 298 2740 41 853 56 240 45 312 49 895 231 1312 902 155 68 110 1396 2493 173 3796 1023 62 343 373 48 540 51 1131 102 31
internal_value=-0.000312113 0.0154095 -0.0240555 -0.0296349 0.00492324 0.0306674 -0.00357189 -0.000300901 0.0211256 0.0169507 0.00714417 0.0138062 0.0106001 0.0196755 0.0325262 -0.00039704 -0.0207585 -0.0253841 -0.0119606 -0.0404836 0.0371806 0.0484612 0.0289882 -0.00498275 0.00542784 -0.022415 0.0331597 -0.0415116 0.0443568 0.00510939
internal_weight=1997.32 1201.65 795.668 674.965 712.188 489.462 364.041 310.194 198.565 168.317 120.703 348.147 287.445 59.3617 36.1915 23.1701 371.227 243.307 127.921 303.738 290.897 76.441 60.7024 61.3415 6.65207 53.847 214.456 297.085 30.2484 40.5199
internal_count=19940 8970 10970 9931 6250 2720 3637 3052 1286 1135 1039 2613 2214 404 223 181 4915 3346 1569 5016 1434 360 399 635 89 585 1074 4927 151 404
is_linear=0
shrinkage=0.05


Tree=16
num_leaves=31
num_cat=0
split_feature=4 1 1 4 4 1 1 1 1 4 4 1 1 2 2 2 2 0 0 0 4 4 2 2 3 3 4 4 2 2
split_gain=272.163 67.6915 52.4145 22.1702 19.7671 16.5859 10.1487 9.90306 7.68147 7.4739 7.4252 6.98717 6.62014 7.72893 5.11391 11.3892 5.09418 4.88124 4.8747 8.91698 6.01575 4.04492 4.39659 4.02734 4.97997 3.64668 3.08712 3.68768 2.63414 1.86988
threshold=5.0889348920044384 -0.0015055102654840666 -0.00068133672391490474 2.6584425409341335 11.001114961606037 0.00014884708909457259 0.00012544758419141824 -0.0014170211574265899 0.005734181973295561 21.559274527434912 6.9627870601898936 -0.0035094460250467692 0.0011267885002730351 -0.00062287809429267804 -0.0020889671513075743 -0.0019284778025993041 0.01098093707798087 86.595548795444543 32.645980758560867 48.75049042806581 3.4219473963731253 8.55956950495945 -0.0076584371269242104 -0.0029041390408907626 0.23105336056981915 0.34968958533531597 5.2611234189270606 5.5789433572635989 0.0012789710844908211 -0.003434987099642572
decision_type=2 2 2 2 2 2 2 2 2 2 2 2 2 2 2 2 2 2 2 2 2 2 2 2 2 2 2 2 2 2
left_child=2 11 7 23 5 6 -3 18 16 -10 -7 21 13 -5 25 -16 -6 -14 20 -20 -1 29 -23 24 -4 -9 -13 -28 -25 -2
right_child=1 4 3 12 8 10 -8 14 9 -11 -12 26 17 -15 15 -17 -18 -19 19 -21 -22 22 -24 28 -26 -27 27 -29 -30 -31
leaf_value=-0.034139697760245488 0.053122517079197573 0.0083852277930912128 -0.035454052677846286 -0.011664105785995832 0.020071245822125747 -0.018233758658039924 0.092234220830205674 0.0088924428390334993 -0.057451611093428882 0.0092747562158580401 -0.0012923858432719335 -0.015709468045186942 -0.0089981182453697742 -0.02963971957348227 0.11323177581336147 -0.0053205811515856846 -0.012552179329107932 0.055055734286467109 0.045455455450135275 -0.010677803444214201 0.019648034468540517 0.051659707843243932 0.031165164039344107 -0.044590003857260481 0.044423269085146162 -0.047015197559291171 0.06773683955172187 0.026621194260163808 -0.032898260650664701 0.090161656156432207
leaf_weight=8.0384848713874835 10.917583003640173 259.81958252191544 5.4363234117627126 83.626166209578514 272.37681065499783 108.10859200358391 3.6595522761344901 3.8592224195599547 6.580247730016711 11.584655255079268 160.9932656660676 4.1922015920281401 48.002680920064449 209.87259019911289 2.080273173749446 77.476904574781656 12.516022592782972 3.1707221567630759 26.102241963148117 9.7054520249366742 14.712799206376074 38.73883444070816 80.645553082227707 201.06119166314602 3.0438032522797585 11.943008832633494 5.5817984342575064 237.34380169957876 63.354780703783035 4.953509494662284
leaf_count=71 47 2155 86 1079 1891 1263 31 44 59 85 1526 26 613 2975 26 903 90 38 150 67 107 168 375 3481 46 141 33 1278 1065 21
internal_value=-0.000311093 0.014407 -0.0235478 -0.0300541 0.00643356 0.000632563 0.00954984 0.00255751 0.016628 -0.0148969 -0.00809839 0.0318322 -0.0216245 -0.024518 -0.00738107 -0.00222066 0.018638 -0.00502932 0.0187418 0.0302409 0.00064375 0.0409681 0.0378154 -0.0407009 -0.00678339 -0.0333614 0.0268318 0.0275659 -0.0417886 0.0646828
internal_weight=1989.5 1218.01 771.487 617.568 835.639 532.581 263.479 153.918 303.058 18.1649 269.102 382.373 344.672 293.499 95.3594 79.5572 284.893 51.1734 58.559 35.8077 22.7513 135.255 119.384 272.896 8.48013 15.8022 247.118 242.926 264.416 15.8711
internal_count=19940 9048 10892 9383 7100 4975 2186 1509 2125 144 2789 1948 4705 4054 1114 929 1981 651 395 217 178 611 543 4678 132 185 1337 1311 4546 68
is_linear=0
shrinkage=0.05


Tree=17
num_leaves=31
num_cat=0
split_feature=4 1 1 4 4 1 1 0 2 1 2 3 0 0 0 3 3 2 0 3 4 4 0 2 1 4 3 3 2 1
split_gain=248.468 60.2426 49.3968 21.7849 17.4116 10.2549 8.87546 6.9745 10.245 6.24453 7.39043 6.03147 7.92548 5.85117 11.552 4.82763 7.31498 6.53144 4.78962 6.12632 4.43314 4.26096 4.25533 3.93393 4.49754 3.12944 4.61371 3.19177 2.64898 2.22877
threshold=5.0889348920044384 -0.00094690904080629845 -0.00068133672391490474 2.6584425409341335 9.3674400984985926 -0.0026879148200361631 -0.0014170211574265899 71.698997014989928 0.00041849261611104366 0.0011267885002730351 -0.00062287809429267804 0.40598981774468412 86.595548795444543 16.942945068981 22.317726538714336 0.52112738345944065 0.48775328680512547 -0.00059719500367094714 43.390048155506285 0.11025793356640286 7.3596405398312816 5.2611234189270606 86.595548795444543 -0.0029041390408907626 0.00013335664152080986 8.4009948412042768 0.52112738345944065 0.5574775101395214 0.0012789710844908211 -0.00071547303303343124
decision_type=2 2 2 2 2 2 2 2 2 2 2 2 2 2 2 2 2 2 2 2 2 2 2 2 2 2 2 2 2 2
left_child=2 5 6 23 7 25 15 8 -3 10 -5 -6 -13 20 -15 16 -1 -17 29 -20 -7 -9 -11 24 -4 26 -2 -27 -25 -8
right_child=1 4 3 9 11 13 18 21 -10 22 -12 12 -14 14 -16 17 -18 -19 19 -21 -22 -23 -24 28 -26 27 -28 -29 -30 -31
leaf_value=0.02401860225436318 0.084028769702732306 -0.0084649243931597343 -0.042388149545020057 -0.011191386062149655 0.072490135342768255 0.022465381591129402 -0.020492314362850251 0.034780487330487234 0.0097087381456359111 -0.0086135880264482084 -0.028893316010808957 0.012809261429270836 -0.032925817804692573 0.064888099183385714 0.019877118308846385 -0.0078315336599748334 0.10515614736001327 0.040875213499054153 0.11969291155026081 0.0020784467609425172 -0.033341056338306939 -0.023668603187411402 0.049980357833439633 -0.044098562606703841 0.030651111774002766 -0.012690031775567151 0.039292914902867633 0.033508390736673305 -0.032189196602631656 0.017657491715703178
leaf_weight=21.397057950496677 7.3960618972778311 175.954799503088 4.291006635874508 82.821565788239241 4.106063984334468 6.100235551595687 47.206410452723503 3.3257512897253028 138.65548909455538 47.647629447281361 204.66357313096523 340.34711498022079 9.7437298968434316 15.083529420197008 259.4396083727479 25.029752947390079 3.1922913715243331 9.4934907183051092 1.1369382813572873 42.301641497761011 8.5412624031305295 49.94262083619833 3.3141374737024298 193.33319394662976 4.1422981731593609 3.8190935850143424 26.108639612793922 177.5356120467186 61.558913875371218 4.1663196720182887
leaf_count=136 31 1729 66 1079 28 47 562 38 1377 613 2975 2505 80 92 1566 181 19 59 13 480 57 555 38 3481 66 17 116 810 1065 59
internal_value=-0.000309259 0.0135898 -0.0228602 -0.0293254 0.00433022 0.0268554 0.00241578 -0.00328824 -0.000455402 -0.0209341 -0.0237936 0.012243 0.0115364 0.0207077 0.0223502 0.0176213 0.0345522 0.00556226 -0.00706452 0.00515683 -0.0100899 -0.0200194 -0.00480312 -0.0401107 -0.00651249 0.0351292 0.0491682 0.0325355 -0.0412223 -0.0173984
internal_weight=1981.8 1226.1 755.696 601.772 722.076 504.024 153.924 367.879 314.61 338.447 287.485 354.197 350.091 289.165 274.523 59.1126 24.5893 34.5232 94.8113 43.4386 14.6415 53.2684 50.9618 263.325 8.4333 214.859 33.5047 181.355 254.892 51.3727
internal_count=19940 9048 10892 9383 6312 2736 1509 3699 3106 4705 4054 2613 2585 1762 1658 395 155 240 1114 493 104 593 651 4678 132 974 147 827 4546 621
is_linear=0
shrinkage=0.05


Tree=18
num_leaves=31
num_cat=0
split_feature=4 1 1 4 1 4 1 4 0 1 0 1 1 3 2 0 2 2 4 0 2 0 2 3 2 3 0 3 3 1
split_gain=228.26 68.7881 39.6338 27.0253 12.8152 12.3965 12.052 19.719 17.494 9.77874 9.17688 8.4462 11.3647 7.52747 7.37027 6.96382 5.94732 6.47847 5.83501 5.69058 14.558 4.82906 6.20793 5.74119 3.78853 3.03514 2.1265 2.80275 1.19678 1.1704
threshold=4.1838829826740627 -0.0012618482345651547 -0.00087004500964227283 6.9627870601898936 0.00055992849375918763 2.008083341211393 0.0018762826431356629 16.164903664735903 42.796772067153057 0.0015016578089012136 54.148345320491522 0.0011267885002730351 0.001150269008456384 1.134987428659489 -0.00057371601693312335 24.654230987640457 1.0000000180025095e-35 -0.0076584371269242104 10.854084331668661 54.355240878274458 0.00026069346615309469 60.264500562345184 0.00095296903355790452 0.52561001292682386 0.0021549914160380328 0.48775328680512547 19.05939198672846 0.34968958533531597 0.11025793356640286 -0.0018843714764762984
decision_type=2 2 2 2 2 2 2 2 2 2 2 2 2 2 2 2 2 2 2 2 2 2 2 2 2 2 2 2 2 2
left_child=2 10 15 4 13 26 8 -8 -5 -6 16 14 -13 -3 -7 25 17 -2 -18 20 -17 22 -12 -23 -21 -1 27 -4 -28 -27
right_child=1 3 5 6 9 11 7 -9 -10 -11 21 12 -14 -15 -16 19 18 -19 -20 24 -22 23 -24 -25 -26 29 28 -29 -30 -31
leaf_value=0.010031173634649282 0.040730757158157896 0.0062347484857463433 0.027580688808876114 -0.0010522042023181721 -0.031588181373273766 -0.016850991802378902 -0.015317738360031714 0.019346623810423982 0.021228850300865448 -0.0017988297184294171 0.028263459698579404 0.14265131297541689 -0.0092524117549852777 -0.012487028864749505 -0.034126727115667978 0.0089467835044061608 0.025784423800884949 0.024019981270000629 0.067300167203273684 -0.042723475311877736 0.085019390667005423 -0.019899109141518226 -0.02345169383292546 0.033270212343795701 0.015154014638451266 -0.010238912270720277 -0.023009268643266276 -0.053564669941716631 -0.044669207631390782 -0.054667587087232107
leaf_weight=3.5364454016089431 71.863894186913967 136.70547136664391 2.4115716181695452 129.03442988544703 79.462713032960892 87.334164746105671 103.95125239342451 67.774125568568707 277.67366282641888 42.167656250298023 8.3793329671025294 1.2730222046375264 37.564228635281324 88.41425959020853 210.64690645411611 50.428176671266556 15.14031860232353 300.61314805597067 19.192417874932289 7.1013708338141424 7.1851288825273505 6.5038746744394329 18.873669497668743 23.144651740789413 4.6979139968752861 1.898132987320422 6.6490775831043711 1.9045372568070886 156.05803801491857 6.7669144496321669
leaf_count=31 337 1448 29 975 989 1298 932 462 2157 500 47 20 522 966 3412 421 88 1576 95 71 56 40 110 133 41 13 122 31 2928 90
internal_value=-0.000306441 0.0107314 -0.0264919 0.00285368 -0.00818354 -0.0317278 0.0094701 -0.0016369 0.0141598 -0.0212606 0.0264489 -0.026205 -0.00427325 -0.0011181 -0.0290634 0.00583173 0.0290795 0.0272441 0.0489922 0.0119552 0.018434 0.00764154 -0.00755112 0.0216067 -0.0196794 -0.0290039 -0.0428652 -0.00822572 -0.0437841 -0.0449352
internal_weight=1974.35 1388.89 585.456 925.184 346.75 503.842 578.433 171.725 406.708 121.63 463.711 336.818 38.8373 225.12 297.981 81.6141 406.81 372.477 34.3327 69.4126 57.6133 56.9015 27.253 29.6485 11.7993 12.2015 167.023 4.31611 162.707 8.66505
internal_count=19940 10855 9085 8429 3903 8362 4526 1394 3132 1489 2426 5252 542 2414 4710 723 2096 1913 183 589 477 330 157 173 112 134 3110 60 3050 103
is_linear=0
shrinkage=0.05


Tree=19
num_leaves=31
num_cat=0
split_feature=4 1 1 4 4 1 1 4 0 1 0 1 1 1 3 0 1 0 0 2 0 2 4 4 2 3 0 3 3 1
split_gain=209.481 61.0625 37.4162 24.3363 12.2903 11.8739 10.7109 17.7826 15.4138 9.24478 8.0831 8.03119 9.13804 7.37636 6.83512 6.35691 5.75287 5.19813 5.10474 12.1827 4.30858 5.6132 5.28783 3.87949 3.54949 2.89043 2.08759 2.61153 1.19569 1.16367
threshold=4.1838829826740627 -0.0012618482345651547 -0.00087004500964227283 6.9627870601898936 2.008083341211393 0.00055992849375918763 0.0018762826431356629 16.164903664735903 42.796772067153057 0.0015016578089012136 54.148345320491522 0.0011267885002730351 0.001150269008456384 -0.00012025002761290037 1.134987428659489 24.654230987640457 -0.0033012612298909945 41.823789890331824 54.355240878274458 0.00026069346615309469 60.264500562345184 0.00095296903355790452 7.0304448466795106 22.490282937740414 0.0021549914160380328 0.48775328680512547 19.05939198672846 0.34968958533531597 0.11025793356640286 -0.0018843714764762984
decision_type=2 2 2 2 2 2 2 2 2 2 2 2 2 2 2 2 2 2 2 2 2 2 2 2 2 2 2 2 2 2
left_child=2 10 15 5 26 14 8 -8 -5 -7 16 13 -13 -6 -3 25 23 -18 19 -17 21 -12 -22 -2 -20 -1 27 -4 -28 -27
right_child=1 3 4 6 11 9 7 -9 -10 -11 20 12 -14 -15 -16 18 17 -19 24 -21 22 -23 -24 -25 -26 29 28 -29 -30 -31
leaf_value=0.0094641973093575818 0.039695647385476943 0.0058936363248663862 0.025611187373846253 -0.0010003187712467204 -0.017925032290087101 -0.030822146933694717 -0.014721592970775613 0.018148832908622039 0.019871680504762481 -0.0017114549548435385 0.026468235665204301 0.11961349303038893 -0.0088598590545946026 -0.034430208820248318 -0.011982945043456523 0.008447563375293423 0.018309231086966752 0.033869489919171249 -0.041974782297211521 0.076379697653006479 -0.014466583453320445 -0.022565871479326378 0.032974732942184358 0.021109212538918024 0.014241504667184133 -0.0097885778872818727 -0.022320319991606389 -0.053379016241870185 -0.044200681781786294 -0.054421293085853341
leaf_weight=3.5602591633796683 113.10207423567772 137.36927474290133 2.4657167866826049 128.94334264844656 107.35143498703837 77.418303415179253 102.78310984373093 68.612417466938496 281.69858922809362 42.106015145778656 8.497134707868101 1.4374759905040253 37.274719070643187 183.23602296039462 87.549441374838352 50.729900348931551 185.66729757934809 75.497478015720844 6.8724796399474126 7.5868389010429373 8.017902687191965 18.63989794254303 21.962247356772423 37.345303550362587 4.7476596459746361 1.8864905685186375 6.5150591470301142 1.8177935741841791 149.98105556517839 6.465282514691352
leaf_count=31 487 1448 29 975 1687 989 932 462 2157 500 47 20 522 3023 966 421 1025 414 71 56 52 110 121 170 41 13 122 31 2928 90
internal_value=-0.000304659 0.010142 -0.025789 0.00270182 -0.0310154 -0.00783223 0.00893575 -0.00156303 0.0133178 -0.020567 0.0248479 -0.0254827 -0.00408934 -0.0283327 -0.00106481 0.00550462 0.0272938 0.0228074 0.0112554 0.0172853 0.00722175 -0.00721234 0.020287 0.035082 -0.0190064 -0.0282588 -0.0423472 -0.00790989 -0.0432898 -0.0443397
internal_weight=1967.14 1395.21 571.928 926.48 490.079 344.443 582.037 171.396 410.642 119.524 468.729 329.3 38.7122 290.587 224.919 81.8489 411.612 261.165 69.9369 58.3167 57.1172 27.137 29.9802 150.447 11.6201 11.912 160.78 4.28351 156.496 8.35177
internal_count=19940 10855 9085 8429 8362 3903 4526 1394 3132 1489 2426 5252 542 4710 2414 723 2096 1439 589 477 330 157 173 657 112 134 3110 60 3050 103
is_linear=0
shrinkage=0.05


Tree=20
num_leaves=31
num_cat=0
split_feature=4 1 1 4 1 4 1 1 4 0 1 2 2 0 1 3 0 2 1 3 4 4 4 2 0 2 3 0 1 2
split_gain=192.243 54.32 35.5887 21.9215 10.9931 10.6565 9.62983 9.52856 16.0429 13.7736 8.73094 8.37168 7.36138 7.1387 6.38236 6.20548 5.45838 7.72885 5.20607 4.75152 4.56476 4.27124 6.05174 4.21379 3.85009 5.07797 4.8078 1.93163 4.32343 2.07661
threshold=4.1838829826740627 -0.0012618482345651547 -0.00066399768961028494 6.9627870601898936 0.00055992849375918763 2.3231793952835047 0.0021947039853912336 0.0018762826431356629 16.164903664735903 49.806585671192771 0.0015016578089012136 0.0041437717094338087 -0.00057371601693312335 54.148345320491522 -0.0014170211574265899 1.134987428659489 32.645980758560867 -0.0020381506389258726 -0.0031135142166399117 0.52112738345944065 3.4219473963731253 0.84777489694884067 1.5952004026106403 -4.1516205463554272e-05 60.264500562345184 0.00095296903355790452 0.52561001292682386 19.05939198672846 -7.563950568567622e-05 0.0012789710844908211
decision_type=2 2 2 2 2 2 2 2 2 2 2 2 2 2 2 2 2 2 2 2 2 2 2 2 2 2 2 2 2 2
left_child=2 13 14 4 15 27 12 9 -9 -5 -6 -8 -7 18 16 -3 20 -18 19 -2 -1 -16 -23 -20 25 -15 -26 28 -4 -29
right_child=1 3 5 7 10 6 11 8 -10 -11 -12 -13 -14 24 21 -17 17 -19 23 -21 -22 22 -24 -25 26 -27 -28 29 -30 -31
leaf_value=-0.033353447099807948 0.070619838784114528 0.0055727429639057429 -0.054632290935632648 0.0032946045619634775 -0.030059860726868129 -0.011975968231226722 -0.0078917719932535182 -0.014142979742960549 0.017040281176734378 0.021528636256354677 -0.0016282087322652466 0.10921024718323635 -0.031382206700974816 0.024816179654465489 0.06151143225922643 -0.011494849765755212 0.09113068809956032 0.017950416315164777 0.01871576402051451 0.030631855018131496 0.025607739889517117 -0.05459955456263349 -0.0055349037543045917 0.038905962288574444 -0.019259009205689827 -0.021706929737820436 0.029433538714160636 -0.043801668165182939 0.047720686655800523 -0.031417433475419455
leaf_weight=7.8196474909782392 7.7936060279607764 137.99876529723406 2.18899991735816 204.38540498167276 75.462766576558352 66.677798319607973 4.1528771445155135 101.66778326034546 69.401195839047432 209.95968239754438 42.047430165112019 2.4130890220403671 182.94294805824757 8.6067379117012042 2.1224495433270922 86.725126162171364 4.3884268254041698 20.288221001625061 220.12833921611309 158.66783080995083 5.6577686592936516 6.9921429380774489 62.113160323351622 29.27966184169054 6.4391007944941547 18.414460852742195 23.832950212061405 145.12666870653629 1.9515486545860756 44.146897815167904
leaf_count=71 32 1448 31 1535 989 1005 44 932 462 1597 500 24 3025 47 25 966 23 120 1219 689 42 105 761 156 40 110 133 2935 27 847
internal_value=-0.00030178 0.00959056 -0.025092 0.00255865 -0.00749406 -0.0313148 -0.0246263 0.00843547 -0.0014922 0.0125343 -0.0198865 0.0351449 -0.0261985 0.0233768 0.000486091 -0.00101396 0.0169883 0.0309646 0.0256564 0.0325041 -0.00860176 -0.00835353 -0.0104993 0.021086 0.00683051 -0.00688848 0.0190763 -0.0401741 -0.00639066 -0.0409131
internal_weight=1959.79 1400.81 558.983 927.648 342.234 449.601 256.187 585.414 171.069 414.345 117.51 6.56597 249.621 473.163 109.382 224.724 38.1541 24.6766 415.869 166.461 13.4774 71.2278 69.1053 249.408 57.2932 27.0212 30.2721 193.414 4.14055 189.274
internal_count=19940 10855 9085 8429 3903 7938 4098 4526 1394 3132 1489 68 4030 2426 1147 2414 256 143 2096 721 113 891 866 1375 330 157 173 3840 58 3782
is_linear=0
shrinkage=0.05


Tree=21
num_leaves=31
num_cat=0
split_feature=4 1 1 4 4 1 1 1 4 0 1 2 0 0 1 3 2 2 0 3 1 4 4 1 4 4 4 0 1 2
split_gain=176.431 48.3895 33.7161 19.769 10.5246 8.79921 8.74906 8.60914 14.5026 11.5084 7.59912 7.07268 6.8521 6.35971 5.73836 5.34028 4.88052 5.45359 4.82816 6.65934 4.69943 4.17314 3.72802 7.31006 4.42268 3.72396 5.80854 1.88581 3.95145 2.08749
threshold=4.1838829826740627 -0.0012618482345651547 -0.00066399768961028494 7.0304448466795106 2.3231793952835047 0.0021947039853912336 0.00055992849375918763 0.0018762826431356629 16.164903664735903 42.796772067153057 0.0011267885002730351 -0.00057371601693312335 68.494181478956918 53.591583638822392 -0.0014170211574265899 1.0503044462044244 1.0000000180025095e-35 -0.0076584371269242104 32.645980758560867 0.76502232184978658 -0.0017061681693012474 3.4219473963731253 7.8889155929637562 -0.0028141598191176449 24.833430569544223 0.84777489694884067 1.5952004026106403 19.05939198672846 -7.563950568567622e-05 0.0012789710844908211
decision_type=2 2 2 2 2 2 2 2 2 2 2 2 2 2 2 2 2 2 2 2 2 2 2 2 2 2 2 2 2 2
left_child=2 13 14 6 27 11 15 9 -9 -5 -8 -6 -7 16 18 -3 17 -2 21 -20 -18 -1 23 -15 -24 -16 -27 28 -4 -29
right_child=1 3 4 7 5 12 10 8 -10 -11 -12 -13 -14 22 25 -17 20 -19 19 -21 -22 -23 24 -25 -26 26 -28 29 -30 -31
leaf_value=-0.032464282752853034 0.034828819753486479 0.005736065862063976 -0.054390030005646899 -0.00047967547576851843 -0.011497211544379243 -0.014565660250269445 -0.032337994350039305 -0.013666867725755061 0.016012395894095432 0.017597926501358035 -0.0068274776333920846 -0.030660603081835408 0.086448008586960223 0.052890972998419099 0.055646205936873888 -0.0095722078808556672 0.030105212112755748 0.019704957801091071 0.039332010198067015 -0.035069917804707439 0.070862069825988958 0.023941556723356353 0.019933251125675799 -0.028711544465855238 -0.034793963522436057 -0.054362755147936086 -0.0052822805881247888 -0.043324269704612041 0.043541099759113772 -0.030715976104653764
leaf_weight=7.6368345096707326 73.81706415116787 123.90287614613771 2.0912811122834682 127.72411988675594 65.999307297170162 3.6107397451996794 52.060341972857714 99.614052154123783 70.143709234893322 283.34691048413515 66.456651404500008 178.01276437565684 3.137688547372818 3.4152228981256512 2.2260058112442485 105.4626397639513 23.132700890302658 309.6403923034668 21.558995097875599 3.4950372874736777 10.187427818775175 5.7465655952692032 38.964260265231133 13.973086707293985 4.077998772263526 6.6793712340295306 61.836756393313408 139.53178782388568 2.0298038423061362 42.928598776459694
leaf_count=71 337 1294 31 963 1005 38 703 921 462 2111 815 3025 30 15 25 1160 110 1575 122 21 58 42 213 98 20 105 761 2935 27 847
internal_value=-0.000298249 0.00907287 -0.0244053 0.00242353 -0.0306104 -0.0239198 -0.00700252 0.00806917 -0.00140343 0.011981 -0.0180333 -0.0254774 0.0324007 0.0220134 0.000450322 -0.0013027 0.0242113 0.0226164 0.0160012 0.0289529 0.0425664 -0.00824474 0.00685481 -0.0126841 0.0147482 -0.00799918 -0.0100669 -0.0396024 -0.00615492 -0.0403578
internal_weight=1952.44 1405.92 546.522 928.711 437.342 250.76 347.883 580.829 169.758 411.071 118.517 244.012 6.74843 477.208 109.18 229.366 416.778 383.457 38.4374 25.054 33.3201 13.3834 60.4306 17.3883 43.0423 70.7421 68.5161 186.581 4.12108 182.46
internal_count=19940 10855 9085 8429 7938 4098 3972 4457 1383 3074 1518 4030 68 2426 1147 2454 2080 1912 256 143 168 113 346 113 233 891 866 3840 58 3782
is_linear=0
shrinkage=0.05


Tree=22
num_leaves=30
num_cat=0
split_feature=4 1 1 4 1 1 3 2 3 4 1 1 4 1 4 1 1 2 2 3 3 0 3 4 2 4 4 0 2
split_gain=161.89 43.5443 31.9285 16.8432 11.584 10.4844 9.64024 7.65405 8.97409 7.12392 7.14788 6.46195 6.43328 6.35143 6.19952 6.13377 5.39366 5.29507 4.87852 4.44876 7.69931 5.5499 3.98444 6.94704 3.6757 3.2089 2.45052 1.83029 1.41493
threshold=4.1838829826740627 -0.0004040532531907059 -0.00065072070038890695 11.838190580854148 -0.0028141598191176449 0.0011267885002730351 1.7521210345967966 -0.00090704094686488979 1.2110258206022266 15.769373169475765 -0.00048539441251455035 0.005734181973295561 21.559274527434912 0.001150269008456384 3.6586933941798749 0.0037825645749879348 -0.0018843714764762984 -0.0036258556770936141 0.01098093707798087 0.58850236186857507 0.55223281975571148 48.071040370074755 0.51511783619535667 5.4579775094849188 0.0012789710844908211 6.9627870601898936 18.053861694786736 51.286845542995557 -0.0010573709941862906
decision_type=2 2 2 2 2 2 2 2 2 2 2 2 2 2 2 2 2 2 2 2 2 2 2 2 2 2 2 2 2
left_child=2 4 16 6 22 7 15 8 -4 10 -6 18 -13 -7 -15 -3 17 -1 -5 20 -18 -21 25 -24 -9 -2 -11 -8 -19
right_child=1 3 5 11 9 13 27 24 -10 26 -12 12 -14 14 -16 -17 19 28 -20 21 -22 -23 23 -25 -26 -27 -28 -29 -30
leaf_value=-0.028638683455180697 0.086908071504999851 -0.0027551395570789535 -0.02246963491707377 0.016006460912391534 0.0092554916603292837 0.085675388616545722 -0.051772137883377145 -0.039822525265892528 0.05277429668011771 0.045042749284079503 0.03657721960133143 -0.057291727152900845 0.0045012664428996886 -0.022465585007809666 0.021060850131962711 -0.035589715855061772 0.00081600271397712192 0.049808340683412916 -0.018707559089035746 -0.02397042420502609 0.081018764648332783 0.016119395048489436 -0.044895930680658336 0.026637794039677861 -0.028008256714478652 0.032415289969420835 0.022834398579397168 -0.024695025881188076 0.01936208636373184
leaf_weight=3.8377048969268825 4.8188652843236905 438.92437836900353 69.434125259518623 182.78257789462805 415.8996559008956 1.7866521477699269 9.8782269433140772 210.56836758926511 4.2025045715272418 16.802914410829544 25.400761611759663 6.4129608571529415 12.273021444678305 30.048082001507282 11.241199679672716 14.699798777699469 38.846765238791704 9.0064802244305611 10.714138105511664 38.88127376139164 3.2420946471393099 11.096751138567923 3.4532431960105887 198.0090414583683 95.784456305205822 6.1487202495336533 47.633246764540672 16.949939049780369 6.6214637905359242
leaf_count=22 20 4700 1218 1253 2827 26 99 4180 59 83 200 59 85 475 152 156 441 54 76 469 37 134 16 857 1785 26 233 165 33
internal_value=-0.000294216 0.00858463 -0.0237255 -0.000360008 0.0172113 -0.0299994 -0.00554156 -0.0326496 -0.0181754 0.0130957 0.0108281 0.0113728 -0.0167059 -0.00662148 -0.0106153 -0.00381915 7.29673e-05 0.0239857 0.0140843 -0.00498288 0.006994 -0.0150692 0.0270094 0.0254116 -0.0361287 0.056358 0.0286256 -0.0346649 0.0369084
internal_weight=1945.4 1410.8 534.598 692.635 718.166 423.065 480.452 379.989 73.6366 505.737 441.3 212.183 18.686 43.0759 41.2893 453.624 111.533 19.4656 193.497 92.0669 42.0889 49.978 212.43 201.462 306.353 10.9676 64.4362 26.8282 15.6279
internal_count=19940 10855 9085 6593 4262 7895 5120 7242 1277 3343 3027 1473 144 653 627 4856 1190 109 1329 1081 478 603 919 873 5965 46 316 264 87
is_linear=0
shrinkage=0.05


Tree=23
num_leaves=31
num_cat=0
split_feature=4 1 1 4 4 1 1 1 2 1 4 0 0 3 1 4 1 2 3 4 0 4 2 0 2 2 3 1 2 0
split_gain=148.503 39.243 30.2179 17.2729 10.1609 9.12953 8.04883 8.00586 7.92439 7.33162 12.4212 11.8606 5.55416 5.09847 4.98608 4.87794 4.24395 4.2317 5.04258 4.41994 4.06582 3.86648 8.7339 4.43716 3.62101 7.64326 5.03853 2.0166 3.39034 2.29246
threshold=4.1838829826740627 -0.0012618482345651547 -0.00065072070038890695 6.9627870601898936 2.3231793952835047 0.00055992849375918763 0.0015016578089012136 0.0019956842971488036 -0.00057371601693312335 0.0017734231999086971 16.164903664735903 42.796772067153057 53.591583638822392 1.134987428659489 -0.0014170211574265899 1.6190510504815439 0.0028578028094861101 1.0000000180025095e-35 0.51511783619535667 6.1406699694367921 20.751829747520024 2.8178867123274305 -0.001293911346641585 22.317726538714336 0.0034621128019247664 0.0025081626701688457 0.52561001292682386 -0.00049669546339436977 0.0014764932644997233 19.05939198672846
decision_type=2 2 2 2 2 2 2 2 2 2 2 2 2 2 2 2 2 2 2 2 2 2 2 2 2 2 2 2 2 2
left_child=2 12 14 5 27 13 -7 8 -6 11 -11 -5 17 -3 15 -1 -9 18 -2 -19 -17 23 -23 -16 25 -14 -26 28 -4 -29
right_child=1 3 4 9 7 6 -8 16 -10 10 -12 -13 24 -15 21 20 -18 19 -20 -21 -22 22 -24 -25 26 -27 -28 29 -30 -31
leaf_value=0.084986492809391703 0.044848545209286231 0.0048345859901739703 -0.028762433509100373 -0.0016767615782137776 -0.0092248685676934554 -0.028583174752624525 -0.00094318161289503027 0.045489105051817774 -0.030066877685151639 -0.01190023710024344 0.014897994574123288 0.016628193911760885 0.009503674591540133 -0.010681829142748171 0.03358502625477252 -0.031176629318908407 -0.034448772359738589 0.086936806704439734 0.018910642683169984 0.03189304132581134 0.016801922874962957 -0.029433730260090413 0.020062755539298899 -0.026468044391026554 -0.02478971797935212 -0.041996663275372853 0.031877125210018217 -0.00077774147432062984 0.058581013815426679 -0.040514881416953065
leaf_weight=2.3093384951353064 19.740065947175026 139.43079903721809 6.3143474534153929 128.4258973672986 62.81907257810235 71.883265640586615 41.570930272340775 6.3851970881223661 166.4457932561636 107.83586283773184 72.186160504817963 284.6013524979353 26.722177311778069 85.348209265619516 3.4306751713156691 5.137847412377595 2.2438484653830528 4.1520944833755484 369.12633918970823 29.982618868350983 31.41340596973896 13.637480728328226 25.723749317228794 29.745711669325829 4.910061880946162 9.8637126013636571 19.507325306534767 3.7123366631567469 1.3482464849948881 162.69329982995987
leaf_count=15 102 1448 140 965 985 989 500 67 2995 1001 469 2091 154 966 56 50 22 23 1810 145 191 169 294 415 31 56 105 53 28 3605
internal_value=-0.000289291 0.00812595 -0.023046 0.00212371 -0.0292936 -0.00689301 -0.0184556 -0.0225766 -0.0243561 0.00726622 -0.00115454 0.0109365 0.019675 -0.00105697 5.81993e-05 0.0145105 0.0247025 0.021709 0.0202273 0.0385885 0.0100578 -0.00768435 0.00291371 -0.0202581 0.00557075 -0.00438104 0.0204821 -0.0384735 -0.0133942 -0.0396284
internal_weight=1938.65 1415.29 523.36 931.282 411.962 338.233 113.454 237.894 229.265 593.049 180.022 413.027 484.004 224.779 111.398 38.8606 8.62905 423.001 388.866 34.1347 36.5513 72.5376 39.3612 33.1764 61.0033 36.5859 24.4174 174.068 7.66259 166.406
internal_count=19940 10855 9085 8429 7895 3903 1489 4069 3980 4526 1470 3056 2426 2414 1190 256 89 2080 1912 168 241 934 463 471 346 210 136 3826 168 3658
is_linear=0
shrinkage=0.05


Tree=24
num_leaves=30
num_cat=0
split_feature=4 1 1 4 1 1 3 2 2 3 4 2 1 4 3 3 3 0 1 4 0 2 0 4 2 4 3 2 3
split_gain=136.201 35.4907 28.5621 14.2927 10.0393 9.91227 8.67108 9.20229 7.36455 8.01437 6.48226 10.5529 5.62187 5.62783 5.43916 4.89969 4.76033 4.68261 4.48985 4.70765 4.24277 3.75552 3.65422 3.56221 7.93091 4.43121 3.46462 5.02763 3.0918
threshold=4.1838829826740627 -0.0004040532531907059 -0.00065072070038890695 10.411254825505496 0.0011267885002730351 -0.0028141598191176449 1.2480934519961833 -0.00044898077642013806 -0.00090704094686488979 1.2110258206022266 7.0304448466795106 -0.0017929532601530516 0.001150269008456384 3.6586933941798749 0.95283434313046989 0.83639248267624189 1.3325707970457665 64.377228231107964 -0.0014170211574265899 1.5952004026106403 89.237613745070249 0.0012789710844908211 20.751829747520024 2.8178867123274305 -0.001293911346641585 0.84777489694884067 1.8754374664996203 -0.0072374055712315912 0.51511783619535667
decision_type=2 2 2 2 2 2 2 2 2 2 2 2 2 2 2 2 2 2 2 2 2 2 2 2 2 2 2 2 2
left_child=2 5 18 6 8 26 7 -3 9 -4 11 -7 -6 -14 15 -5 -8 -12 19 -1 -16 -10 -21 25 -25 -20 28 -28 -2
right_child=1 3 4 14 12 10 16 -9 21 -11 17 -13 13 -15 20 -17 -18 -19 23 22 -22 -23 -24 24 -26 -27 27 -29 -30
leaf_value=0.082838473211482494 0.051690157024708618 -0.014352160738935044 -0.021188183099435511 0.0067652603272683092 0.079277353597408645 0.019852293321749256 -0.038914986595319223 0.0046708221955627299 -0.038736232336101323 0.048801588095556743 0.014209953472810967 -0.0053102360979096503 -0.021128698802970629 0.020455573404982143 0.012928597168743112 -0.025741087155983434 -0.012668979329359044 0.0385695920029804 0.044903023958704831 -0.030272808918016182 -0.04363988177259371 -0.02644559355420293 0.015593939801559559 -0.02866154298416845 0.018750707014858599 -0.024843181828659071 0.035975798492526322 -0.03002967563130465 0.024477220871885697
leaf_weight=2.3149249032139769 11.038297742605208 92.755011029541492 66.926878549158573 28.295589476823807 1.8688984960317601 65.954208768904209 20.448167689144611 202.07541781663895 197.15472828224301 4.3563935458660117 312.55194091051817 113.15710838139057 28.928116019815207 11.320051848888395 214.2500890865922 19.637694671750069 111.37555305287242 21.0572549700737 2.4632109813392153 5.029475647956132 3.3667607754468909 90.767250183969736 31.791902620345354 13.313006822019814 26.136518191546202 30.173301067203283 5.0258387476205826 6.772746264934538 191.79781441390514
leaf_count=14 46 1028 1218 232 26 490 229 2249 4180 59 1798 935 475 152 1460 157 1210 120 29 50 28 1785 192 169 294 442 21 31 821
internal_value=-0.000284729 0.00769216 -0.0223778 -0.000411976 -0.0285914 0.0154046 -0.00608017 -0.0013139 -0.0312993 -0.0169108 0.0116281 0.00395537 -0.00549644 -0.00943286 0.008695 -0.0065522 -0.0167402 0.0157475 4.29878e-05 0.0136771 0.0120534 -0.0348616 0.00932895 -0.0073591 0.00275052 -0.0195792 0.024426 -0.00191335 0.0259581
internal_weight=1932.1 1419.56 512.545 692.204 401.322 727.355 426.654 294.83 359.205 71.2833 512.721 179.111 42.1171 40.2482 265.55 47.9333 131.824 333.609 111.222 39.1363 217.617 287.922 36.8214 72.086 39.4495 32.6365 214.635 11.7986 202.836
internal_count=19940 10855 9085 6593 7895 4262 4716 3277 7242 1277 3343 1425 653 627 1877 389 1439 1918 1190 256 1488 5965 242 934 463 471 919 52 867
is_linear=0
shrinkage=0.05


Tree=25
num_leaves=30
num_cat=0
split_feature=4 1 1 4 4 2 4 0 1 3 3 2 3 3 3 2 3 2 2 1 2 3 3 0 1 2 2 0 3
split_gain=124.902 31.7466 26.9619 12.9172 10.0898 9.02689 11.6816 7.78708 7.28197 7.20779 7.98474 7.092 7.04649 16.6461 8.22394 6.05946 5.77925 4.79242 4.35743 4.14691 4.23359 4.18308 6.53946 4.79417 2.03572 3.07176 2.30623 1.44667 1.22543
threshold=4.1838829826740627 -0.0004040532531907059 -0.00065072070038890695 9.3674400984985926 2.3231793952835047 -0.0017929532601530516 7.0304448466795106 35.757832960153522 0.0021947039853912336 0.41816582488526494 0.95283434313046989 -0.00057371601693312335 0.51511783619535667 0.47385213839575513 0.66981276461679384 0.0041437717094338087 1.7521210345967966 -0.0008499160684553585 -0.0011421853587793016 -0.0018843714764762984 -0.0036258556770936141 0.58850236186857507 0.50945374066386206 48.071040370074755 -0.00049669546339436977 0.0014764932644997233 -0.0029041390408907626 53.814084543402167 0.58374038927573335
decision_type=2 2 2 2 2 2 2 2 2 2 2 2 2 2 2 2 2 2 2 2 2 2 2 2 2 2 2 2 2
left_child=2 5 19 16 24 12 7 -7 11 -5 -11 -6 13 -2 -14 -10 17 -3 -8 20 -1 22 -21 -23 25 -4 -26 -18 -22
right_child=1 3 4 9 8 6 18 -9 15 10 -12 -13 14 -15 -16 -17 27 -19 -20 21 28 23 -24 -25 26 -27 -28 -29 -30
leaf_value=-0.027135107721520713 0.018753488505596466 -0.015792300169397207 -0.027250607220850088 0.077023214663770379 -0.0082771182115798907 -0.035732356003440074 -0.0012565591499326372 0.001075637929471508 -0.0085912217334795007 -0.0097238402579298625 0.01021578896560723 -0.028251460220951891 -0.0087367831333571584 0.11115673793583564 0.020095690592461329 0.086679955129580585 -0.049738133133978929 -0.0020781364128577002 0.018317378182792561 -0.0024605880161630875 0.021835566407335864 -0.02295710978278593 0.047861926447138228 0.014057804222536153 -0.0060205652842315553 0.055332844843074949 -0.039724810910499467 -0.021440486597346767 0.05081281120412269
leaf_weight=3.7580375745892551 16.290270023047928 83.065755367279053 5.9715052396059027 3.6362646371126166 61.6280980668962 16.755185849964619 33.527860090136528 100.90145899355412 4.205640345811843 62.787145428359509 250.58907506614923 159.32676119357347 26.651035018265247 6.9547274783253661 343.43548046797514 2.7670736089348793 8.1789466291666049 273.27556375041604 187.08500179648399 33.932571858167648 10.640637420117857 37.781055957078934 7.9727822840213767 11.383568137884138 5.2523798570036879 1.3876709826290605 150.66082665324211 10.086621612310408 5.552278906106948
leaf_count=22 98 953 140 26 989 141 190 815 44 526 1747 3012 164 39 1784 24 92 3139 1031 392 54 469 86 134 95 28 3563 110 33
internal_value=-0.00027953 0.00728534 -0.0217173 -0.000395103 -0.0278889 0.014546 0.00855711 -0.0041661 -0.0210927 0.00703288 0.00622074 -0.0226803 0.0196966 0.0463998 0.0180194 0.0292165 -0.00668106 -0.00527501 0.0153426 2.95372e-05 0.0206755 -0.00449344 0.00711362 -0.0143867 -0.0373764 -0.0116784 -0.0385894 -0.0341116 0.0317714
internal_weight=1925.44 1423.22 502.221 691.619 391.2 731.601 338.27 117.657 227.928 317.012 313.376 220.955 393.332 23.245 370.087 6.97271 374.607 356.341 220.613 111.021 19.951 91.07 41.9054 49.1646 163.272 7.35918 155.913 18.2656 16.1929
internal_count=19940 10855 9085 6593 7895 4262 2177 956 4069 2299 2273 4001 2085 137 1948 68 4294 4092 1221 1190 109 1081 478 603 3826 168 3658 202 87
is_linear=0
shrinkage=0.05


Tree=26
num_leaves=27
num_cat=0
split_feature=4 1 1 4 4 1 0 1 1 1 4 0 2 3 3 2 3 4 4 0 1 1 1 1 0 2
split_gain=114.5 28.7935 25.4417 12.5588 10.2238 8.10732 7.9418 6.98315 6.63076 6.61804 10.8785 9.9473 6.3757 4.58512 5.10323 8.05713 5.05384 4.21227 4.45203 4.26035 3.80212 3.47438 3.25818 2.02524 8.07675 2.01456
threshold=4.1838829826740627 -0.0015055102654840666 -0.00066399768961028494 7.0304448466795106 2.3231793952835047 0.00055992849375918763 30.004789006629924 0.0011267885002730351 0.0019956842971488036 0.0018762826431356629 16.164903664735903 63.123028541966214 -0.00057371601693312335 0.37601652205511737 0.49786626520611504 -0.003434987099642572 0.66593616176306403 0.84777489694884067 2.008083341211393 20.751829747520024 0.0028578028094861101 -0.0029440859146711569 -0.001021519144252969 0.0010026589084178863 55.673407534379379 0.0012789710844908211
decision_type=2 2 2 2 2 2 2 2 2 2 2 2 2 2 2 2 2 2 2 2 2 2 2 2 2 2
left_child=2 13 17 5 23 6 -3 -7 12 11 -11 -5 -6 21 15 -15 -16 -1 22 -20 -10 -2 -19 25 -25 -4
right_child=1 3 4 9 8 7 -8 -9 20 10 -12 -13 -14 14 16 -17 -18 18 19 -21 -22 -23 -24 24 -26 -27
leaf_value=0.058879851094130964 0.016837628839818517 -0.024531064390778276 -0.041434955658693456 0.0059339034099330622 -0.0084360437226612718 -0.030570971185980251 0.0031337155154811899 -0.005544328441196714 0.041043701917459569 -0.01283373875928856 0.012712218341055286 0.024445591052363939 -0.027423114512007858 0.094283288680116414 -0.0022339783502694894 0.014256167914035152 0.018953774571230608 -0.0031100321507451355 -0.029340857826784028 0.0068375383402661354 -0.034377635779019373 -0.045582411768575859 -0.047225058762914475 0.046018218495888948 -0.045880769864321491 -0.027224365037229449
leaf_weight=2.9872938692569724 4.032691702246666 29.451318301260471 115.74969283118844 369.48870503157377 61.891830358654261 48.855093620717525 217.71910468861461 64.900913439691067 6.64730456471443 97.944105409085751 72.537410415709019 90.305872842669487 154.78755734860897 5.6204643547534943 30.373425260186195 7.1415695175528509 383.5051953420043 8.4446306750178355 9.0643792599439603 79.572607927024364 2.232110857963562 4.9851021245121938 8.2984380759298784 3.5403661206364614 7.3636655658483505 31.789556764066219
leaf_count=29 17 297 2877 2613 1001 703 2293 815 67 921 462 681 3008 27 152 37 1808 70 113 781 22 29 154 74 157 732
internal_value=-0.000274248 0.00689979 -0.0210642 0.00219091 -0.0271021 -0.00524645 -0.000162651 -0.0162926 -0.0202643 0.00644989 -0.0019643 0.00956969 -0.0219997 0.0176134 0.0183591 0.0495005 0.0173989 0.000330895 -0.00132884 0.00313779 0.0220843 -0.0176686 -0.0249749 -0.0368363 -0.0160426 -0.0383731
internal_weight=1919.23 1426.86 492.369 991.203 384.002 360.926 247.17 113.756 225.559 630.276 170.482 459.795 216.679 435.658 426.641 12.762 413.879 108.367 105.38 88.637 8.87942 9.01779 16.7431 158.443 10.904 147.539
internal_count=19940 10855 9085 8785 7938 4108 2590 1518 4098 4677 1383 3294 4009 2070 2024 64 1960 1147 1118 894 89 46 224 3840 231 3609
is_linear=0
shrinkage=0.05


Tree=27
num_leaves=31
num_cat=0
split_feature=4 1 1 4 4 3 1 1 1 4 4 1 2 1 2 4 2 0 1 1 4 0 4 4 0 0 2 1 1 0
split_gain=104.925 26.1667 24.0119 11.2891 9.71531 8.92699 7.9567 7.56828 5.72343 5.808 5.67961 5.65332 5.60412 5.4723 4.41622 4.18284 6.53271 3.84961 3.79294 3.6932 3.87022 3.23485 3.21972 7.20083 4.36096 2.92483 2.37345 2.34305 1.79475 1.76506
threshold=4.1838829826740627 -0.0004040532531907059 -0.00065072070038890695 11.838190580854148 2.008083341211393 1.7521210345967966 -0.0031135142166399117 0.0010978550936726619 0.005734181973295561 44.901266122112666 24.833430569544223 0.0037825645749879348 -0.00057371601693312335 -0.00048539441251455035 -0.0011689274204961795 8.4794058532507055 -0.0037623431803919245 52.663767333766309 0.001202098821959652 -0.0014170211574265899 1.5952004026106403 54.355240878274458 2.8178867123274305 3.0128944980873649 22.317726538714336 20.751829747520024 -0.0024099914438584498 -7.563950568567622e-05 -0.00059948950389937517 51.286845542995557
decision_type=2 2 2 2 2 2 2 2 2 2 2 2 2 2 2 2 2 2 2 2 2 2 2 2 2 2 2 2 2 2
left_child=2 6 19 5 26 11 15 12 14 -10 13 -3 -6 -8 -5 16 -2 -12 -9 20 -1 -17 24 -24 -21 -22 27 -4 -28 -7
right_child=1 3 4 8 7 29 10 18 9 -11 17 -13 -14 -15 -16 21 -18 -19 -20 22 25 -23 23 -25 -26 -27 28 -29 -30 -31
leaf_value=0.073262430672560108 0.017266334407963536 -0.0021319917339363706 -0.053085759934105303 -0.0011648089670245269 -0.01214551413542559 -0.050964757006070963 0.0079168994164503428 0.038559274965054166 -0.032032141050773087 0.035224533588715322 0.047645071241424676 -0.034343360740708997 -0.029726350632456291 0.03067601153996001 0.015859741148323957 0.020774247494433767 0.067048418080574962 -0.0029927365068546409 -0.0067409508571562573 0.035184384248915616 -0.028190755680691806 -0.010263212812858242 0.056685900917707456 -0.0057033464117273265 -0.024986664400558009 0.013667579242128945 0.014243228394466432 0.01780674408440815 -0.040749403654656319 -0.023644386711888621
leaf_weight=2.4406334906816474 14.121640324592592 433.86544580757618 1.7418628111481664 51.353485248982906 64.121831245720387 9.2201361954212206 507.079584158957 5.4163402058184138 14.729546703398229 4.1043750643730155 15.925319507718088 14.063032977282999 154.65467700362206 27.863145157694817 147.51431942731142 147.72838070988655 12.356170147657393 4.9105583429336539 31.459040053188801 3.3678256571292904 4.7921928241848937 8.9008308202028257 5.3515870831906787 34.059946671128273 28.441222131252289 32.312769792973995 1.5039763525128353 3.5225602574646464 109.86027463525534 16.476429514586926
leaf_count=14 58 4700 36 345 1106 99 3185 88 118 26 74 156 3249 208 984 620 51 23 477 56 50 43 67 396 415 192 37 72 2830 165
internal_value=-0.000268589 0.00653624 -0.0204164 -0.0004556 -0.0264972 -0.00478743 0.013078 -0.0210416 0.00896859 -0.0173753 0.0100999 -0.00314329 -0.0245735 0.00910234 0.0114635 0.0221176 0.0404977 0.0357109 -8.71501e-05 2.07284e-05 0.0122731 0.0190105 -0.00678249 0.00276832 -0.018616 0.00826148 -0.0384559 -0.00564977 -0.0400067 -0.0334472
internal_weight=1913.26 1430.21 483.047 691.327 372.281 473.625 738.886 255.652 217.702 18.8339 555.779 447.928 218.777 534.943 198.868 183.107 26.4778 20.8359 36.8754 110.766 39.5456 156.629 71.2206 39.4115 31.809 37.105 116.629 5.26442 111.364 25.6966
internal_count=19940 10855 9085 6593 7895 5120 4262 4920 1473 144 3490 4856 4355 3393 1329 772 109 97 565 1190 256 663 934 463 471 242 2975 108 2867 264
is_linear=0
shrinkage=0.05


Tree=28
num_leaves=30
num_cat=0
split_feature=4 1 1 4 4 1 0 1 1 1 1 1 1 3 4 4 0 0 4 3 3 2 3 1 3 0 3 3 3
split_gain=96.1429 23.6227 22.6798 11.6774 10.9912 7.1756 7.34881 6.64292 6.21661 6.91618 6.24928 5.97564 7.42661 4.5877 6.56673 5.76891 5.26859 6.15401 4.15677 4.10306 4.43514 7.11785 4.54284 3.12368 2.18437 2.00284 2.56434 1.42285 0.478824
threshold=4.1838829826740627 -0.0015055102654840666 -0.00087004500964227283 2.008083341211393 7.0304448466795106 0.00055992849375918763 30.004789006629924 0.0011267885002730351 0.0011267885002730351 -0.00011468795968394561 0.001150269008456384 -0.0014170211574265899 -0.00094690904080629845 0.58850236186857507 2.8459999619453744 3.0128944980873649 31.378125722810932 45.691927359944408 11.838190580854148 0.37601652205511737 0.49786626520611504 -0.003434987099642572 0.66593616176306403 -0.0029440859146711569 0.34968958533531597 19.05939198672846 0.34968958533531597 0.11025793356640286 0.73018734461161505
decision_type=2 2 2 2 2 2 2 2 2 2 2 2 2 2 2 2 2 2 2 2 2 2 2 2 2 2 2 2 2
left_child=2 19 13 25 5 6 -3 -7 9 -5 -10 18 -13 16 28 -16 24 -18 -6 23 21 -21 -22 -2 -1 26 -4 -27 -15
right_child=1 4 3 8 11 7 -8 -9 10 -11 -12 12 -14 14 15 -17 17 -19 -20 20 22 -23 -24 -25 -26 27 -28 -29 -30
leaf_value=0.01099123235950103 0.014812097262887666 -0.023949599266939153 0.030681812000896359 -0.01138626656515564 -0.055122323335222316 -0.029757423492227254 0.0028257186900158084 -0.0051068612193758446 0.094950367486141982 -0.028863728958933695 -0.004245911892098336 0.020972619282950775 0.0045096523111652614 -0.057843558373400064 0.082355993739001543 -0.0031885780790815279 0.043685295814748226 0.0018882714062201684 0.0012422311376316922 0.086769999977313203 -0.0029458381041635555 0.012190169806427792 0.017106736612841174 -0.044612005578843025 -0.040027483696208593 -0.013265206088920903 -0.052816286020143072 -0.040237856006408529 -0.034924184476771071
leaf_weight=3.4949610009789449 4.0406055152416229 29.028878185898066 2.323849823325872 93.13719604536891 6.6863257735967618 47.485505048185587 218.63631194829941 64.3903973326087 1.6656375676393498 144.30764244124293 33.949444781988859 78.403423026204109 542.53404220193624 4.2085617594420892 2.1281224861741093 26.664285272359848 18.435078449547291 16.861439451575279 6.4038678109645844 5.7603210359811783 30.465411394834518 7.1956225261092168 387.36177819222212 4.8852023109793645 5.2489004209637642 5.1166812926530829 1.5216050408780573 110.04311815276742 4.9698663242161274
leaf_count=31 17 297 29 1719 42 703 2293 815 20 2991 522 459 4142 48 20 244 121 143 34 27 152 37 1808 29 49 122 31 2928 67
internal_value=-0.000262454 0.00619367 -0.0197813 -0.0247831 0.00192342 -0.00506007 -0.000312621 -0.0155697 -0.0190864 -0.0220082 0.000393276 0.00588358 0.00658837 0.00413029 -0.00860566 0.00313425 0.015111 0.0237185 -0.0275482 0.0158428 0.016538 0.045349 0.0156446 -0.0177114 -0.0196351 -0.0378541 -0.00235749 -0.0390394 -0.0454333
internal_weight=1907.35 1433.28 474.076 392.065 993.569 359.541 247.665 111.876 273.06 237.445 35.6151 634.028 620.937 82.0112 37.9708 28.7924 44.0404 35.2965 13.0902 439.709 430.783 12.9559 417.827 8.92581 8.74386 119.005 3.84545 115.16 9.17843
internal_count=19940 10855 9085 8362 8785 4108 2590 1518 5252 4710 542 4677 4601 723 379 264 344 264 76 2070 2024 64 1960 46 80 3110 60 3050 115
is_linear=0
shrinkage=0.05


Tree=29
num_leaves=31
num_cat=0
split_feature=4 1 1 4 4 3 2 4 0 2 0 1 1 2 1 1 4 2 2 3 1 3 3 0 2 1 2 0 0 3
split_gain=88.0847 21.397 21.3422 9.72003 9.33698 8.40301 7.1601 9.40935 7.17982 6.65775 8.94352 6.72662 6.02715 6.35357 5.31906 5.1498 5.67546 5.07455 4.30128 4.21115 3.18537 3.63784 5.78848 4.37684 3.43316 2.13569 2.88151 2.32933 1.73908 1.25013
threshold=4.1838829826740627 -0.0004040532531907059 -0.00065072070038890695 11.838190580854148 2.3231793952835047 1.7521210345967966 -0.0017929532601530516 7.0304448466795106 30.004789006629924 -0.0023541797401605553 38.857805601860555 -0.0037556207254705871 0.0021947039853912336 -0.00057371601693312335 0.0037825645749879348 0.005734181973295561 21.559274527434912 0.0041437717094338087 0.01098093707798087 1.985466190097612 -0.0018843714764762984 0.58850236186857507 0.55223281975571148 48.071040370074755 -0.0036258556770936141 -0.00049669546339436977 0.0014764932644997233 19.05939198672846 51.286845542995557 0.58374038927573335
decision_type=2 2 2 2 2 2 2 2 2 2 2 2 2 2 2 2 2 2 2 2 2 2 2 2 2 2 2 2 2 2
left_child=2 6 20 5 25 14 9 8 -8 11 -11 -2 13 -6 -3 18 -17 -14 -5 -9 24 22 -22 -23 -1 26 -4 -27 -7 -26
right_child=1 3 4 15 12 28 7 19 -10 10 -12 -13 17 -15 -16 16 -18 -19 -20 -21 21 23 -24 -25 29 27 -28 -29 -30 -31
leaf_value=-0.025778089030430447 0.024361205513228831 -0.0019630624983965721 -0.023978382890377049 0.012309492161790669 -0.0062177655096963451 -0.050466983398344302 -0.058072655149626777 0.011423933630459647 -0.0020926949905867016 0.016545322141418295 0.058893998819877461 0.0092176701780662864 -0.0086191359335059097 -0.02564855467909424 -0.033604750790877956 -0.056791334174041169 0.0021627738514954521 0.076913726484801076 -0.01996225237565781 0.057897438918347421 0.0011476887406023397 -0.021797695539389535 0.068009555199300908 0.013653210584627188 0.017701663610468165 0.0045588547525265031 0.057539692912451194 -0.037377889007413651 -0.022932548744164796 0.046575687843529744
leaf_weight=3.6761097386479404 104.97534346580505 432.52319993451238 5.3335326127707949 189.92617286741734 59.161765374243259 8.8781502507627028 6.0346319600939742 220.8166304603219 112.65598249435425 32.359170772135258 20.280950307846069 243.25513639301062 4.2060345485806456 145.62725326418877 13.702521637082098 6.0345859453082111 12.619274094700812 2.9505705088376999 10.918633721768854 4.9845267832279196 38.359925530850887 36.61992209404707 3.5353690572082987 11.422247093170879 10.916614167392256 3.3956001810729495 1.3606042079627512 133.17596005275846 16.196261379867792 5.7092031165957442
leaf_count=22 433 4700 140 1253 989 99 55 1196 901 203 111 1338 44 3012 156 59 85 24 76 25 441 469 37 134 54 53 28 3605 165 33
internal_value=-0.000256521 0.00586973 -0.0191592 -0.000469746 -0.0251238 -0.00451732 0.0117451 0.00645874 -0.00493891 0.016288 0.0328612 0.0137827 -0.018459 -0.0200352 -0.0029347 0.00822107 -0.0169091 0.0266449 0.0105551 0.0124498 5.96318e-05 -0.00397849 0.00678988 -0.0133691 0.0179485 -0.0349836 -0.00740958 -0.0363352 -0.0326817 0.0276168
internal_weight=1901.61 1436.16 465.451 690.799 355.211 471.3 745.362 344.492 118.691 400.871 52.6401 348.23 211.946 204.789 446.226 219.499 18.6539 7.15661 200.845 225.801 110.239 89.9375 41.8953 48.0422 20.3019 143.266 6.69414 136.572 25.0744 16.6258
internal_count=19940 10855 9085 6593 7895 5120 4262 2177 956 2085 314 1771 4069 4001 4856 1473 144 68 1329 1221 1190 1081 478 603 109 3826 168 3658 264 87
is_linear=0
shrinkage=0.05


Tree=30
num_leaves=26
num_cat=0
split_feature=4 1 1 4 4 3 1 1 2 1 4 1 0 3 0 0 3 2 1 0 4 4 2 1 1
split_gain=80.6672 20.0513 19.2339 9.31837 9.16578 6.79757 7.65712 6.69228 5.9984 4.7739 5.42178 4.21847 4.16898 3.63638 4.04421 5.95585 3.54508 4.11941 4.12258 3.0684 3.06598 2.59486 2.34199 2.3138 1.80403
threshold=4.1838829826740627 -0.00065072070038890695 -0.0015055102654840666 10.854084331668661 2.008083341211393 1.2480934519961833 0.0025168151083007077 0.0010026589084178863 -0.00057371601693312335 0.005734181973295561 21.559274527434912 -0.00034653735404510661 28.136180086080767 0.37601652205511737 24.154170449641878 15.875749908555692 0.11025793356640286 -0.0060470251286237056 -0.0018843714764762984 26.081595717075455 5.9329382855178734 2.0853582769837717 -0.0024099914438584498 -7.563950568567622e-05 -0.00049669546339436977
decision_type=2 2 2 2 2 2 2 2 2 2 2 2 2 2 2 2 2 2 2 2 2 2 2 2 2
left_child=1 16 13 5 22 6 -4 8 -6 12 -11 -7 -5 20 15 -15 -1 -18 -19 -16 -2 -9 23 -3 -24
right_child=2 4 3 9 7 11 -8 21 -10 10 -12 -13 -14 14 19 -17 17 18 -20 -21 -22 -23 24 -25 -26
leaf_value=0.058964712378191342 0.013887331869321061 -0.05294468592669397 0.0035414435423573674 -0.017504302259035459 -0.0097308483797141875 1.7882923611139808e-05 -0.021633597902109072 0.07147986341097877 -0.028542842635385941 -0.056419098576587529 0.0020517497073454373 -0.014664086575746152 0.011082853779264969 0.0093053793289201662 -0.0066011142925927252 0.03404307685599748 -0.059840002982421918 0.021503383342646072 -0.0043299824012141578 0.013452062363047655 -0.045155030960179997 -0.0029013976195908548 -0.0073607870072923479 0.019720736137760882 -0.03987997891289656
leaf_weight=2.4954047650098792 4.1313835456967336 1.6098439432680605 415.90979586541653 13.308742113411425 60.770309057086706 77.939059626311064 32.569267712533474 1.2079780139029015 139.98522925004363 5.7771885097026852 12.636575773358343 131.42154653742909 305.66766262799501 41.829323515295982 20.308893226087093 58.164292968809605 2.9252507239580146 18.831533960998058 85.84019585698843 314.20795445144176 4.7004106491804123 39.963601130992174 4.4637073166668406 3.4287274591624728 95.73616624251008
leaf_count=24 22 36 4137 86 1089 626 374 26 3165 59 85 1460 1958 196 92 261 27 99 1040 1475 24 640 116 72 2751
internal_value=-0.000250669 -0.0185445 0.00556411 0.00170538 -0.0244407 -0.00175948 0.00171319 -0.0190823 -0.0228483 0.0084611 -0.0162931 -0.0091984 0.0098901 0.0142263 0.0148719 0.0236948 4.85862e-05 -0.00131781 0.000317709 0.0122346 -0.0175359 -0.000719044 -0.0367587 -0.00349616 -0.0384313
internal_weight=1895.83 457.258 1438.57 995.23 347.166 657.84 448.479 241.927 200.756 337.39 18.4138 209.361 318.976 443.342 434.51 99.9936 110.092 107.597 104.672 334.517 8.83179 41.1716 105.238 5.03857 100.2
internal_count=19940 9085 10855 8785 7895 6597 4511 4920 4254 2188 144 2086 2044 2070 2024 457 1190 1166 1139 1567 46 666 2975 108 2867
is_linear=0
shrinkage=0.05


Tree=31
num_leaves=30
num_cat=0
split_feature=4 1 1 4 3 1 3 4 0 0 3 3 4 4 3 4 3 0 2 3 3 3 3 1 4 2 4 0 4
split_gain=74.0621 22.0643 16.654 11.7553 9.2169 7.68202 7.03539 7.15004 7.01164 7.37259 6.75567 6.24342 5.15701 5.13417 6.79364 4.1134 3.86612 3.5972 3.53154 3.32963 3.83922 3.33522 3.2507 4.58373 2.54166 2.26937 2.22454 1.40622 1.33988
threshold=3.2698071673553737 -0.0004040532531907059 -0.0011657994260315661 9.3674400984985926 0.40598981774468412 -0.0028141598191176449 1.2480934519961833 3.3014678483179192 32.645980758560867 45.464525170834158 0.95283434313046989 0.42464186459943393 15.769373169475765 2.008083341211393 1.0330539229223104 2.0618649347840248 0.21390322778372908 40.090546140988998 -0.0015350485347993546 0.51511783619535667 0.37601652205511737 0.66593616176306403 0.11025793356640286 -0.00048539441251455035 2.1351735960435998 -0.0027588500398569855 18.053861694786736 23.488023974104788 2.3231793952835047
decision_type=2 2 2 2 2 2 2 2 2 2 2 2 2 2 2 2 2 2 2 2 2 2 2 2 2 2 2 2 2
left_child=2 5 8 6 -5 19 7 -3 18 11 -6 -10 16 22 15 -15 -7 -8 28 20 -2 -21 23 -4 -11 -24 -14 -16 -1
right_child=1 3 13 4 10 12 17 -9 9 24 -12 -13 26 14 27 -17 -18 -19 -20 21 -22 -23 25 -25 -26 -27 -28 -29 -30
leaf_value=-0.0084534360757274243 0.0097533472209148566 0.078358874932406217 0.058712828779462517 0.088087953019179599 -0.010115169804009635 -0.061285361439941226 0.004965043354046534 -0.0039678890340726558 0.092476310359629083 0.026529192767195023 0.008139165517138891 0.02076580004433673 0.034997600193339994 0.024773348711040956 -0.0029431756819212514 -0.018184641387800484 0.0054436174982893616 -0.020599237750951203 0.027997823681821261 -0.0070524365082772879 0.06485617843540184 0.017954505363314378 0.0018718658975451488 -0.029965485528648146 -0.02467430309582469 -0.038433495552262165 0.014425732407181794 -0.046588159914481599 -0.057317582709412687
leaf_weight=1.9638849310576914 5.3579271733760816 2.6585159115493289 2.1651812270283699 3.3345437943935385 63.185265727341175 2.1798401512205592 15.792015273123978 331.15533614903688 5.4491720870137232 3.9462169483304006 256.18865632265806 6.851846270263195 17.796245113015175 5.8323583267629138 1.9874481633305574 125.09340979531407 513.99549100920558 106.97325217723846 2.318698678165676 14.308335036039351 7.7096165418624878 195.69662845134735 3.614579062908887 4.4566325582563868 6.2812422811985016 103.29243064671755 50.237569406628609 25.847766030579805 4.9111895449459553
leaf_count=19 23 47 28 22 530 18 192 4258 29 29 1747 44 83 142 35 2667 3608 1395 22 61 32 818 71 111 42 2970 233 609 55
internal_value=-0.000243987 0.00408799 -0.0228516 -0.00191337 0.00539114 0.00988124 -0.00707616 -0.00331223 0.0114345 0.0264513 0.00452771 0.0525325 0.0068673 -0.026846 -0.0210401 -0.016271 0.00516182 -0.0173108 -0.0253629 0.0177745 0.042263 0.0162507 -0.0349651 -0.000969711 -0.00491768 -0.0370708 0.0198069 -0.0434719 -0.0433594
internal_weight=1890.58 1586.57 304.012 779.288 322.708 807.282 456.579 333.814 31.7223 22.5285 319.374 12.301 584.209 272.29 158.761 130.926 516.175 122.765 9.19377 223.073 13.0675 210.005 113.529 6.62181 10.2275 106.907 68.0338 27.8352 6.87507
internal_count=19940 13067 6873 8191 2299 4876 5892 4305 240 144 2277 73 3942 6633 3453 2809 3626 1587 96 934 55 879 3180 139 71 3041 316 644 74
is_linear=0
shrinkage=0.05


Tree=32
num_leaves=31
num_cat=0
split_feature=4 4 1 1 4 1 3 3 1 2 3 1 2 4 0 2 0 2 0 2 1 4 4 4 0 3 0 3 2 3
split_gain=68.7532 18.2435 13.5939 10.6304 6.54107 8.47875 5.57257 8.38749 5.22146 4.84335 4.57712 4.54235 4.56228 4.56159 4.48738 3.9558 10.3784 4.8864 2.8888 6.68653 6.92311 5.88118 3.63815 2.50996 1.8819 2.38289 1.58205 1.40608 1.23714 0.421429
threshold=5.1288998867740583 2.008083341211393 -0.0020175429800982077 -0.00070010424076727407 14.530678980507536 0.0024285366217319253 1.6064300583845952 1.5937785144637018 -0.00087004500964227283 -0.0046495871245099121 0.23105336056981915 0.005734181973295561 0.01098093707798087 44.901266122112666 42.213410127163655 -0.00052391491775621846 54.355240878274458 -0.0076584371269242104 24.154170449641878 -0.0044831166911681311 -0.0080480908322274041 9.1570358437418431 36.295067432203275 9.0487007073081589 19.05939198672846 0.34968958533531597 38.857805601860555 0.11025793356640286 -0.0076584371269242104 1.8268245631140034
decision_type=2 2 2 2 2 2 2 2 2 2 2 2 2 2 2 2 2 2 2 2 2 2 2 2 2 2 2 2 2 2
left_child=1 8 18 15 5 14 7 -5 10 -7 -1 12 -6 -13 -4 17 -17 -3 19 20 -2 -21 23 -20 25 -10 -12 -26 -24 -8
right_child=2 3 4 6 11 9 29 -9 24 -11 26 13 -14 -15 -16 16 -18 -19 22 21 -22 -23 28 -25 27 -27 -28 -29 -30 -31
leaf_value=0.032379642750835651 0.057883199961221911 0.068798013003232836 -0.0030872947216467102 -0.013818004068984788 0.015165180935267909 0.055981789343574097 -0.053168625676870598 0.12221833971885394 0.030166699164314782 -0.018991240032936719 -0.0024337127633476383 -0.02821673054416456 -0.020730762194606393 0.03157877877570564 0.0055409009727121518 0.030787584062897767 -0.015926721325445408 -0.006537574547824776 0.022812423582092817 0.02803583431283543 0.010868672282965418 0.094256295263669909 0.0035803457152943155 0.010707730191370252 -0.010445948017631206 -0.052575206657612832 -0.047018235035652139 -0.038219272628555637 -0.029318037991527025 -0.027487350728808885
leaf_weight=5.5295481346547595 8.9672670513391477 2.2095540761947623 222.97383434325457 334.86029273271561 180.28475525230169 2.2326797246932975 9.5120158679783327 1.1369308531284321 2.3332895077764984 61.245524369180202 3.6493934541940671 12.925189457833769 9.3088560700416547 4.234365999698638 464.86066253855824 31.33328727260232 19.160222206264734 83.25646486133337 56.972799643874168 8.3198859691619855 61.75598718225956 5.6162284165620795 5.0694499015808105 172.45799280703068 4.784530345350503 1.3876334875822065 4.3751147650182247 95.902404708787799 6.5497435480356199 1.9198955297470082
leaf_count=39 36 16 1707 6248 1017 24 178 19 29 628 46 104 58 26 3972 270 197 770 267 38 262 24 21 756 122 31 44 2928 30 33
internal_value=-0.000237762 -0.0141895 0.00629754 -0.00988734 0.00329758 0.00113032 -0.0145257 -0.0133577 -0.0318189 -0.0163543 -0.00262261 0.0111731 0.0134027 -0.0134613 0.00274392 0.00196554 0.0130614 -0.00458992 0.0151218 0.0230675 0.0168298 0.0547226 0.0123312 0.0137136 -0.0356091 -0.00069001 -0.026742 -0.0368995 -0.0149645 -0.0488557
internal_weight=1885.13 601.351 1283.78 483.389 958.066 751.313 347.429 335.997 117.962 63.4782 13.5541 206.753 189.594 17.1596 687.834 135.96 50.4935 85.466 325.709 84.6594 70.7233 13.9361 241.05 229.431 104.408 3.72092 8.02451 100.687 11.6192 11.4319
internal_count=19940 10970 8970 7731 7536 6331 6478 6267 3239 652 129 1205 1075 130 5679 1253 467 786 1434 360 298 62 1074 1023 3110 60 90 3050 51 211
is_linear=0
shrinkage=0.05


Tree=33
num_leaves=30
num_cat=0
split_feature=4 1 1 4 0 2 0 1 1 2 0 3 4 1 4 2 3 3 4 3 2 3 3 2 3 4 1 0 4
split_gain=63.5786 18.373 15.0037 10.5331 7.69619 7.64312 6.63936 6.45227 6.30569 5.85197 5.52733 5.10343 4.79872 4.77006 4.45425 7.18697 5.84767 3.45222 5.39732 3.19042 4.18014 2.86512 2.6641 2.64835 2.31277 2.19983 2.23489 1.61309 1.12342
threshold=3.2698071673553737 -0.00039169728152993461 -0.00094690904080629845 6.9627870601898936 32.645980758560867 -0.00046812836242282602 45.464525170834158 0.0018762826431356629 -0.0028141598191176449 -0.00059719500367094714 91.980087135581584 1.5536538054549938 1.9806742957348809 0.0018762826431356629 5.9329382855178734 -0.0076584371269242104 0.36424285258665118 1.0330539229223104 2.008083341211393 1.8754374664996203 -0.0072374055712315912 0.34968958533531597 0.51511783619535667 -0.00019947290291000283 0.8605854836027621 2.3781490567940837 0.0021947039853912336 23.488023974104788 2.8942966263296732
decision_type=2 2 2 2 2 2 2 2 2 2 2 2 2 2 2 2 2 2 2 2 2 2 2 2 2 2 2 2 2
left_child=2 8 4 10 21 9 12 -7 19 -5 11 -3 -6 17 15 -10 -16 18 -4 22 -21 -1 -2 -8 -23 26 -15 -19 -27
right_child=1 3 13 5 6 7 23 -9 14 -11 -12 -13 -14 25 16 -17 -18 27 -20 20 -22 24 -24 -25 -26 28 -28 -29 -30
leaf_value=0.018599034943222958 0.03939370710868375 -0.007487757463862957 -0.033989376079228549 -0.005054983247772038 -0.0066908364813997815 0.013213963776051638 -0.045223599825555384 -0.00094014172796987386 0.07755250418391374 -0.059369971626558396 0.075643294649253456 -0.030691010587960938 0.05658539106822278 0.036441420226821737 -0.04415185785219683 -0.0020283348329919368 0.0096170916647927811 0.0019990630572829862 -0.01800114315828338 0.025256495866698966 -0.034029782988462078 -0.056884235316964016 0.016083422587807671 0.0057605257352295013 -0.0037087682070017476 0.062823502831815814 -0.053242474185056232 -0.046707362870917174 0.01146425126727749
leaf_weight=2.5841771885752669 13.062841132283209 284.82787654548883 97.905611841008067 126.1587483137846 3.9791692011058393 185.93670925498009 3.2435396537184724 142.01385904103518 2.8867677450180045 5.1620063558220854 1.9216153137385834 25.848150171339512 12.130469623953102 1.1144043989479535 5.1183649599552146 164.76982165873051 419.10822559893131 1.8121643457561756 114.54020466655493 5.1740991324186325 6.9896504580974561 6.7100229710340482 198.7724853605032 11.862554907798764 2.9410462789237499 2.090077705681324 1.8442359305918214 27.441204126924276 2.1704191863536835
leaf_count=23 55 4104 2999 996 28 1414 25 1156 22 42 27 412 81 21 32 1545 2383 33 2657 21 31 82 827 95 44 21 34 710 20
internal_value=-0.00023135 0.0037142 -0.0216582 -0.00181562 0.00545199 0.00300313 0.0186263 0.00708475 0.00894571 -0.00719002 -0.00889537 -0.00941826 0.0409558 -0.0263905 0.00624158 -0.000658085 0.00896836 -0.0275867 -0.0253693 0.016091 -0.00881115 -0.0281595 0.0175209 -0.00518665 -0.0406797 0.0136591 -0.019462 -0.0436901 0.0366596
internal_weight=1880.12 1587.75 292.369 771.869 43.451 459.271 31.2157 327.951 815.882 131.321 312.598 310.676 16.1096 248.918 591.883 167.657 424.227 241.699 212.446 223.999 12.1637 12.2352 211.835 15.1061 9.65107 7.21914 2.95864 29.2534 4.2605
internal_count=19940 13067 6873 8151 378 3608 229 2570 4916 1038 4543 4516 109 6495 3982 1567 2415 6399 5656 934 52 149 882 120 126 96 55 743 41
is_linear=0
shrinkage=0.05


Tree=34
num_leaves=28
num_cat=0
split_feature=4 1 1 4 3 3 4 2 3 4 0 0 3 3 4 3 4 4 4 4 3 2 0 3 4 0 4
split_gain=58.4963 16.5295 14.06 9.34416 9.72054 6.55913 6.23042 5.84034 6.50064 5.83534 5.65809 5.63066 5.52427 5.36452 4.9389 6.42029 4.91593 4.9028 4.44831 3.76479 3.73632 3.36511 2.98291 2.8206 2.36592 1.41086 1.30916
threshold=3.2698071673553737 -0.0004040532531907059 -0.0011657994260315661 9.3674400984985926 0.36424285258665118 1.2480934519961833 3.3014678483179192 -0.0076584371269242104 0.37601652205511737 6.1406699694367921 32.645980758560867 45.464525170834158 0.95283434313046989 0.42464186459943393 1.5716204059623082 1.0330539229223104 13.801371992695886 5.9329382855178734 1.6190510504815439 4.4136750900351389 1.4052176933166625 -0.0015350485347993546 13.10645767611812 0.17602652767611368 2.1351735960435998 23.488023974104788 2.3231793952835047
decision_type=2 2 2 2 2 2 2 2 2 2 2 2 2 2 2 2 2 2 2 2 2 2 2 2 2 2 2
left_child=2 7 10 5 -5 6 -3 9 19 -2 21 13 -6 -12 22 18 -11 -10 -16 -9 -7 26 -4 -24 -13 -17 -1
right_child=1 3 14 4 12 20 -8 8 17 16 11 24 -14 -15 15 25 -18 -19 -20 -21 -22 -23 23 -25 -26 -27 -28
leaf_value=-0.0076297089931387854 0.070256229978685261 0.071558666074224384 0.051773787936773411 0.10552505887011315 -0.0091425665866538709 -0.029153149716972165 -0.0033596043230461636 0.0056993618703957043 0.0001625652155620871 0.0022356963580369847 0.08134262159633697 0.025671356900362648 0.0072743079343948226 0.016352176110729196 0.029747891833360393 -0.0023293740593131494 0.027365113094341115 0.010041428997457162 -0.018609268800928565 -0.042460114006446635 -0.010283690698256909 0.028021649307896215 -0.017271402312731301 -0.043724967549678452 -0.023797903235938396 -0.046279681074873867 -0.056690292836867419
leaf_weight=1.9339526854455469 5.572725072503089 2.7988406643271437 0.93143811821937461 2.3760244399309149 63.907908819615841 38.731852151453495 327.47987852618098 6.6903658583760288 163.06743859872222 32.323741562664509 5.734327360987665 3.9675054773688299 258.57399156689644 7.114808201789856 4.9027023911476126 1.9651260301470781 48.909548312425613 546.53716371953487 158.59530380368233 10.314044967293738 81.301454834640026 2.3181985430419463 12.634747602045534 49.767924394458532 6.1844567283987999 25.790621500462294 4.5800552740693092
leaf_count=19 35 47 12 15 537 522 4258 69 1469 158 29 29 1747 44 153 35 208 2867 3807 70 1065 22 336 1600 42 690 55
internal_value=-0.000225372 0.00352462 -0.021024 -0.00169996 0.0047633 -0.0063626 -0.00272473 0.00850355 0.00703916 0.0207612 0.0103044 0.0233668 0.00402089 0.0453562 -0.0249413 -0.0209337 0.0173658 0.00777126 -0.0171592 -0.0235118 -0.0163724 -0.0237133 -0.0370432 -0.0383689 -0.00446474 -0.043168 -0.0421246
internal_weight=1875.01 1588.58 286.421 775.17 324.858 450.312 330.279 813.415 726.609 86.806 31.8333 23.0011 322.482 12.8491 254.588 191.254 81.2333 709.605 163.498 17.0044 120.033 8.83221 63.3341 62.4027 10.152 27.7557 6.51401
internal_count=19940 13067 6873 8191 2299 5892 4305 4876 4475 401 240 144 2284 73 6633 4685 366 4336 3960 139 1587 96 1948 1936 71 725 74
is_linear=0
shrinkage=0.05


Tree=35
num_leaves=30
num_cat=0
split_feature=4 1 1 4 1 2 0 2 4 1 0 4 1 1 3 4 3 2 2 4 4 3 3 3 4 1 0 0 4
split_gain=53.7971 14.9315 13.2679 9.5099 6.85475 10.4635 6.52144 5.71142 5.51821 4.54168 10.2387 8.18559 4.49877 3.92568 3.34938 5.20983 2.74301 2.37519 6.21318 4.85099 3.17025 5.71104 3.46418 2.2768 1.97088 2.12675 1.78401 1.56317 0.942019
threshold=3.2698071673553737 -0.0020175429800982077 -0.00094690904080629845 7.0304448466795106 -9.0696767733322567e-05 -0.010007341424341952 32.645980758560867 -0.0020381506389258726 3.0388597490112534 0.0018762826431356629 63.123028541966214 16.164903664735903 0.0018762826431356629 0.0019360843186112533 1.0330539229223104 2.008083341211393 0.34968958533531597 -0.0076584371269242104 -0.0067698272024239716 22.490282937740414 13.293148144126409 0.51511783619535667 1.0101151769068719 0.8605854836027621 2.3781490567940837 0.0021947039853912336 26.874843870839069 23.488023974104788 2.8942966263296732
decision_type=2 2 2 2 2 2 2 2 2 2 2 2 2 2 2 2 2 2 2 2 2 2 2 2 2 2 2 2 2
left_child=2 17 6 4 5 -3 16 -8 -9 10 -5 -11 14 -6 15 -4 -1 20 26 -20 21 -2 -22 -18 25 -14 -19 -16 -26
right_child=1 3 12 9 13 -7 7 8 -10 11 -12 -13 24 -15 27 -17 23 18 19 -21 22 -23 -24 -25 28 -27 -28 -29 -30
leaf_value=0.018852436730177689 0.048375379324584945 0.13036959981899629 -0.032825234405361912 0.0035363407164352928 -0.0123934803368503 0.00052385018736348743 0.073081009044273212 0.017696247056213626 -0.047533853635993606 -0.012211664109074311 0.021337480732710325 0.009846554067569166 0.035123517381791647 0.0068978028258299311 0.0020880972142904848 -0.016747755887179569 -0.056405083655785594 -0.038853004822036435 0.014725988297386397 -0.0056900165998313122 0.061118037690529148 -0.007472889062522802 0.022860294695480662 -0.002783102930061556 0.058578187689880816 -0.05302409242789205 -0.0026169815845630607 -0.046026941945593015 0.011883081347394806
leaf_weight=2.5758573561906806 6.1289133280515697 1.5606875494122494 92.416385997086763 449.4383380189538 227.66959611698985 264.42151429504156 3.95466170459986 23.866838045418266 3.7518992200493804 96.49272096902132 98.476240739226341 74.553506277501583 1.1302914209663861 29.826154284179211 1.8092860933393264 110.79859874024987 6.2924897111952287 7.4533858597278577 234.31548579782248 33.220851704478264 7.1388432830572119 18.084859266877174 34.571062326431274 2.8882436007261276 2.161332830786705 1.7341368310153482 6.2407333552837372 25.191861096769571 2.1590001136064529
leaf_count=23 28 12 2999 2961 3437 2674 19 180 30 921 708 462 21 362 33 2657 82 32 1049 146 30 78 140 44 21 34 27 710 20
internal_value=-0.000219382 0.00334425 -0.0203979 0.000782703 -0.00434383 0.00128574 0.00504538 0.016882 0.00883499 0.00451535 0.00673573 -0.0025972 -0.0250417 -0.0101589 -0.0262577 -0.0240593 -0.0267429 0.0125119 0.0105095 0.0121909 0.021054 0.00666325 0.0294083 -0.0395357 0.0139199 -0.0182414 -0.0223394 -0.0428029 0.0352432
internal_weight=1870.32 1589.59 280.731 1242.44 523.478 265.982 43.33 31.5734 27.6187 718.961 547.915 171.046 237.401 257.496 230.216 203.215 11.7566 347.154 281.23 267.536 65.9237 24.2138 41.7099 9.18073 7.18476 2.86443 13.6941 27.0011 4.32033
internal_count=19940 13067 6873 11537 6485 2686 378 229 210 5052 3669 1383 6495 3799 6399 5656 149 1530 1254 1195 276 106 170 126 96 55 59 743 41
is_linear=0
shrinkage=0.05


Tree=36
num_leaves=31
num_cat=0
split_feature=4 1 1 4 0 1 3 0 2 2 2 0 3 1 3 2 0 2 0 1 4 4 4 3 4 0 3 0 3 1
split_gain=49.4616 13.6181 12.3982 8.10905 6.93093 8.95615 6.0513 5.46205 5.28806 8.6667 6.01945 8.85721 5.79648 5.53242 5.11317 6.50141 5.32721 4.90428 6.81609 4.19574 4.03902 6.58631 3.9107 3.3029 5.05098 1.87135 2.66396 1.53183 0.648944 0.419067
threshold=3.2698071673553737 -0.00039169728152993461 -0.00094690904080629845 6.9627870601898936 48.071040370074755 0.0019360843186112533 0.57315592970019524 25.631839111812955 -0.0017929532601530516 -0.0011084450964333745 -0.0023541797401605553 30.004789006629924 0.55223281975571148 -0.0037556207254705871 1.5536538054549938 -0.00090704094686488979 91.980087135581584 0.0013655274803157094 32.645980758560867 0.0018762826431356629 2.8459999619453744 3.0128944980873649 5.6307058066781641 1.0330539229223104 2.008083341211393 57.888254478838128 0.26343563364974809 23.488023974104788 0.73018734461161505 -0.0014170211574265899
decision_type=2 2 2 2 2 2 2 2 2 2 2 2 2 2 2 2 2 2 2 2 2 2 2 2 2 2 2 2 2 2
left_child=2 8 6 14 7 -6 17 -5 10 22 13 -12 -11 -2 16 -16 -3 18 -1 23 28 -22 -10 24 -4 -21 -27 -25 -8 -19
right_child=1 3 19 4 5 -7 20 -9 9 12 11 -13 -14 -15 15 -17 -18 29 -20 25 21 -23 -24 27 -26 26 -28 -29 -30 -31
leaf_value=-0.020987660340882345 0.01869568105295388 -0.0065609824444505735 -0.032179883888459576 0.032388207860265847 0.013587335326223164 -0.0030535397741713343 -0.059394902029792564 -0.0097642413033580174 -0.029124849614844905 -0.013140007329172192 -0.011049798736840734 0.036285791358648643 0.0092261301294177377 0.0051855048812916131 0.047746554777270175 -0.038064327939683368 0.077759197889300649 -0.010731965477024989 0.043291734791387163 0.04908113214424082 0.079721463529325451 -0.026329463784059676 -0.0042153711219741147 0.001979954541437649 -0.016161007854720397 -0.055120965801604749 0.022482659409092248 -0.045678947919023855 -0.031124550993330849 -0.038659644603090834
leaf_weight=5.3777074404060903 106.92247849702835 279.80043925344944 89.627710858359933 8.1962229013442975 188.29287580400705 141.70576577633619 3.9331578835844976 123.23873705416918 23.039689734578133 32.172699302434921 12.528614852577446 46.788013897836208 290.84287980571389 260.13305274397135 2.4478784091770676 22.459870278835297 1.8857941702008236 2.679237887263298 17.691915959119797 2.4082575961947432 2.1515903808176509 4.581514410674572 49.846324786543846 1.812615100294354 109.123725194484 1.7068756520748136 3.1407020874321461 24.141228348016739 4.195070892572403 2.6937605068087569
leaf_count=54 437 4104 2999 68 1407 1153 43 980 214 248 106 262 1912 1448 34 380 25 16 114 35 19 46 289 33 2657 26 35 710 60 26
internal_value=-0.000213337 0.00317381 -0.0197821 -0.00161368 0.0025742 0.00644152 0.00477727 -0.00713563 0.00764547 0.00348434 0.0115092 0.0262878 0.00699844 0.00912099 -0.00791656 -0.029631 -0.00599649 0.0182879 0.0283077 -0.024367 -0.0210802 0.00755953 -0.0120894 -0.0255753 -0.0233848 0.0130552 -0.00484227 -0.0423505 -0.0448043 -0.0247335
internal_weight=1865.57 1590.3 275.265 768.028 461.434 329.999 43.304 131.435 822.274 395.902 426.372 59.3166 323.016 367.056 306.594 24.9077 281.686 28.4426 23.0696 231.961 14.8613 6.7331 72.886 224.705 198.751 7.25584 4.84758 25.9538 8.12823 5.373
internal_count=19940 13067 6873 8151 3608 2560 378 1048 4916 2663 2253 368 2160 1885 4543 414 4129 210 168 6495 168 65 503 6399 5656 96 61 743 103 42
is_linear=0
shrinkage=0.05


Tree=37
num_leaves=31
num_cat=0
split_feature=4 1 1 4 1 3 4 0 2 0 4 3 1 4 2 4 4 3 0 3 4 1 4 2 0 0 2 0 3 1
split_gain=45.4587 12.3064 11.5667 7.87633 6.1892 5.483 5.00378 4.64147 4.3879 6.09646 4.11654 5.37923 3.85593 4.31788 4.11117 3.80709 5.69711 3.43259 2.93588 2.59648 2.21995 6.34533 5.3134 5.24503 6.36821 4.31493 2.12794 1.55601 0.63976 0.40189
threshold=3.2698071673553737 -0.0020175429800982077 -0.00094690904080629845 14.530678980507536 0.0024285366217319253 0.57315592970019524 7.0304448466795106 36.949755429802543 0.0013655274803157094 38.368223451502743 1.5716204059623082 1.0330539229223104 0.005734181973295561 21.559274527434912 0.01098093707798087 2.8459999619453744 3.0128944980873649 0.9716247635145101 13.10645767611812 0.17602652767611368 22.490282937740414 -0.0061372254755371327 16.164903664735903 -0.0083332464073339035 36.264657475237009 13.10645767611812 -0.012022830813021688 23.488023974104788 0.73018734461161505 -0.0014170211574265899
decision_type=2 2 2 2 2 2 2 2 2 2 2 2 2 2 2 2 2 2 2 2 2 2 2 2 2 2 2 2 2 2
left_child=2 20 5 4 6 8 -3 -6 9 -1 18 17 14 -14 -5 28 -17 -12 -4 -20 21 22 -2 26 -25 -23 -22 -13 -7 -10
right_child=1 3 10 12 7 15 -8 -9 29 -11 11 27 13 -15 -16 16 -18 -19 19 -21 23 25 -24 24 -26 -27 -28 -29 -30 -31
leaf_value=-0.0035971886760370326 0.011303270977895316 -0.0035156698192650992 0.052991708652556035 0.013184777570255088 0.04594299732189458 -0.058910668018986589 0.0036969447910135825 -0.0183367584228648 -0.01025365051226809 0.048196104867591072 -0.017979645159433903 0.0036936363699443643 -0.056262287202780807 0.0014489453328173675 -0.020867690762255239 0.071664140047251593 -0.025496592495681716 0.01748142661434406 -0.015052190918119072 -0.042402519698551494 0.0053151256058779437 -0.013232824918937475 0.067084478837003608 -0.036333922630701163 0.0066410820059349387 0.012804416781526114 0.040646846006652831 -0.045169376626862406 -0.030357733353551075 -0.037841841974312146
leaf_weight=9.7624655738472992 7.654299899935725 504.41460052877665 0.92159757018089195 183.23931453377008 2.9333405867218962 3.7713093943893892 459.53725887089968 65.892028100788593 2.6643971428275108 13.591832984238861 139.64922565966845 1.7561263702809835 4.3496488109231022 12.716942034661768 9.3140889406204206 2.2705282643437386 4.4968061596155167 7.1749245040118685 10.814473995938895 43.916760398074985 7.654022470116618 16.953618958592415 9.652915492653845 13.183283671736715 24.906085073947906 258.98251041024923 9.614877372980116 22.553506443277001 4.0887191072106361 2.6163597181439391
leaf_count=80 31 6298 12 1017 31 43 3305 698 16 88 3664 31 45 85 58 19 46 187 329 1585 31 77 39 56 110 1147 39 687 60 26
internal_value=-0.000208094 0.00301139 -0.0191757 0.000682036 -0.00111152 0.00451653 -7.72563e-05 -0.0155972 0.0172386 0.0265457 -0.0236953 -0.0198538 0.00951871 -0.0132595 0.0115376 -0.0203887 0.00710209 -0.0162468 -0.0355081 -0.0369983 0.0113131 0.0130467 0.0424146 0.00212975 -0.00823319 0.0112047 0.0249869 -0.0416395 -0.0440577 -0.0239223
internal_weight=1861.05 1591 270.049 1242.4 1032.78 43.2624 963.952 68.8254 28.6351 23.3543 226.787 171.134 209.62 17.0666 192.553 14.6274 6.76733 146.824 55.6528 54.7312 348.602 293.243 17.3072 55.3583 38.0894 275.936 17.2689 24.3096 7.86003 5.28076
internal_count=19940 13067 6873 11537 10332 378 9603 729 210 168 6495 4569 1205 130 1075 168 65 3851 1926 1914 1530 1294 70 236 166 1224 70 718 103 42
is_linear=0
shrinkage=0.05


Tree=38
num_leaves=28
num_cat=0
split_feature=4 1 1 1 2 0 2 3 0 4 1 3 1 4 2 2 3 3 3 3 4 0 0 0 2 3 0
split_gain=41.8819 13.5618 8.78787 8.04647 6.49738 7.79365 6.02362 5.54773 5.13283 5.06215 6.09856 5.20931 4.9004 4.83225 4.31108 7.49533 7.76996 6.12131 10.8963 6.15479 5.68741 3.66001 10.5454 3.6219 4.85778 3.66075 1.88343
threshold=4.1838829826740627 -0.00048539441251455035 -0.0004040532531907059 0.0011267885002730351 -0.00054638734480128004 40.984817650721844 0.0010954111561134463 0.11025793356640286 46.702544911860954 6.9627870601898936 0.0019360843186112533 1.5137977108959475 0.001150269008456384 3.6586933941798749 -0.0017929532601530516 -0.0010573709941862906 0.37601652205511737 0.52112738345944065 0.47385213839575513 0.66981276461679384 5.6307058066781641 54.355240878274458 52.820862401255802 38.857805601860555 -0.0010573709941862906 0.59466965811481309 57.659214414776407
decision_type=2 2 2 2 2 2 2 2 2 2 2 2 2 2 2 2 2 2 2 2 2 2 2 2 2 2 2
left_child=1 7 14 4 5 -3 -6 -1 23 11 -11 -10 -5 -14 17 20 -17 18 -2 -19 -16 22 -9 24 -4 -25 -23
right_child=2 3 8 12 6 -7 -8 21 9 10 -12 -13 13 -15 15 16 -18 19 -20 -21 -22 26 -24 25 -26 -27 -28
leaf_value=0.064824172203835462 0.011020002886460252 -0.022329836056207194 -0.0034396687214490991 0.080547214337236245 -0.0367026721090064 0.013975495618863173 -0.017923089857992399 -0.0012416511538219342 -0.0019491019117913501 0.011296067609176428 -0.0021690516854156183 -0.030917950939892996 -0.015161265466404915 0.025126826703594965 -0.037544745887476597 -0.043618666851577836 0.0084103558683436483 -0.014117067403069518 0.079731585146497239 0.011073156835843308 -0.0035252892544561406 -0.046326109737970828 0.094814924792303731 -0.044478475465008237 0.043091355127330089 -0.011140667495602236 -0.012491367471628776
leaf_weight=3.1429959274828425 16.791075430810455 45.96735761128366 79.850745853036642 1.8480877019464959 102.51607496105134 21.789247998967767 73.180993121117353 98.487590573728085 143.16925800219178 200.73951980471611 144.71021633595228 17.405432246625423 24.609742457047105 10.669632971286772 15.846737183630465 7.3679872676730147 275.03308042883873 26.003043532371521 8.7903397679328901 359.42189711332321 54.671596720814705 5.5067374426871565 2.9426094423979512 9.1210225783288461 6.0328663252294055 84.719305362552404 16.251557881012559
leaf_count=34 98 1066 777 26 3206 527 1997 1225 1895 1482 1184 273 475 152 140 54 1667 157 46 1784 316 89 37 111 68 803 251
internal_value=-0.000201933 -0.0143765 0.00377677 -0.0205015 -0.0238081 -0.0106547 -0.0288806 -0.00077298 -0.00033208 0.00224592 0.00565548 -0.00508917 0.00118073 -0.00297683 0.00746513 0.00341168 0.00705289 0.0109457 0.0346308 0.00937368 -0.0111701 -0.00244661 0.00154506 -0.00759061 -0.000171112 -0.014381 -0.0210545
internal_weight=1856.59 406.913 1449.67 280.581 243.454 67.7566 175.697 126.331 685.748 506.024 345.45 160.575 37.1275 35.2794 763.926 352.919 282.401 411.006 25.5814 385.425 70.5183 123.188 101.43 179.724 85.8836 93.8403 21.7583
internal_count=19940 9085 10855 7449 6796 1593 5203 1636 6593 4834 2666 2168 653 627 4262 2177 1721 2085 144 1941 456 1602 1262 1759 845 914 340
is_linear=0
shrinkage=0.05


Tree=39
num_leaves=26
num_cat=0
split_feature=4 1 1 4 3 3 4 0 1 4 3 0 2 4 2 3 4 4 3 2 3 0 3 2 0
split_gain=38.7149 10.4213 10.3095 6.814 8.17648 5.57565 5.63872 4.90142 4.75374 4.74132 5.82058 4.73483 5.39366 4.67338 4.06701 5.08238 4.78139 3.79993 3.59934 3.48264 2.89931 2.75715 2.79957 2.60185 1.30349
threshold=3.2698071673553737 -0.0011657994260315661 -0.00039169728152993461 9.3674400984985926 0.36424285258665118 1.2480934519961833 3.3014678483179192 86.595548795444543 -0.0012288181263157003 1.5716204059623082 1.0330539229223104 32.645980758560867 -0.0020381506389258726 1.6190510504815439 -0.0076584371269242104 0.37045338025448371 6.1406699694367921 13.801371992695886 1.4052176933166625 -0.0067698272024239716 0.30091523221112254 13.10645767611812 0.17602652767611368 -0.0015350485347993546 23.488023974104788
decision_type=2 2 2 2 2 2 2 2 2 2 2 2 2 2 2 2 2 2 2 2 2 2 2 2 2
left_child=1 8 14 5 -5 6 -4 -6 11 21 13 23 -13 -11 16 20 -2 -18 -7 -17 -16 -3 -23 -1 -12
right_child=2 9 3 4 7 18 -8 -9 -10 10 24 12 -14 -15 15 19 17 -19 -20 -21 -22 22 -24 -25 -26
leaf_value=-0.048286860844567694 0.060416497505720826 0.050061891117302387 0.067347835933793079 0.093520855095567762 0.0043784224919647362 -0.027790245336694348 -0.0027741650344901385 -0.032236942829902047 0.066499973314641955 0.035573111721434507 -0.0019414158007994007 0.071264704878559501 0.0032472917848341736 -0.015707950528613106 -0.0015288162756890208 -0.015243949545666092 0.0003859163364207079 0.022406030136971282 -0.0088954203225674721 0.0065702518262327914 -0.044519062734159592 -0.014349465507271675 -0.042048232592302448 0.018601895068098163 -0.044646455807978803
leaf_weight=5.7225830256938934 5.8588135391473761 0.94541754946112533 2.8928593546152106 2.5317090824246398 314.59687286615372 37.032070748507977 319.42324262484908 9.4132400155067426 3.207531724125146 4.5815869290381661 1.9509620554745222 3.5003286451101401 17.418800450861447 146.67123648524284 7.9410876445472223 18.784400455653667 32.505184665322304 49.316396474838257 78.914306923747063 704.55925529822707 7.7487963996827602 11.63316706009209 42.267365913838148 1.9489849396050036 21.242786368355155
leaf_count=70 35 12 47 15 2198 519 4231 80 30 153 35 15 107 3807 73 93 158 208 1061 4287 62 336 1600 18 690
internal_value=-0.000197148 -0.0180426 0.00273042 -0.00145352 0.00401404 -0.00552731 -0.0021448 0.00331466 0.00878174 -0.0217626 -0.0177311 0.00230645 0.0146284 -0.0141546 0.00660104 0.00539309 0.0167825 0.0136581 -0.0149302 0.00600376 -0.0227605 -0.0345854 -0.0360701 -0.0312936 -0.0410543
internal_weight=1852.61 261.091 1591.52 764.804 326.542 438.262 322.316 324.01 31.7982 229.293 174.447 28.5907 20.9191 151.253 826.714 739.034 87.6804 81.8216 115.946 723.344 15.6899 54.846 53.9005 7.67157 23.1937
internal_count=19940 6873 13067 8151 2293 5858 4278 2278 240 6633 4685 210 122 3960 4916 4515 401 366 1580 4380 135 1948 1936 88 725
is_linear=0
shrinkage=0.05


Tree=40
num_leaves=28
num_cat=0
split_feature=4 4 1 1 3 1 1 3 4 0 4 0 4 3 4 2 2 3 1 3 2 4 0 2 0 3 1
split_gain=35.8641 12.0491 9.28758 7.53059 8.16009 5.95572 5.9345 5.56945 5.19871 5.02511 8.36757 4.46774 4.42569 7.42856 5.00685 4.39772 15.762 4.19092 4.12806 4.08534 4.07864 3.8084 3.52455 6.84674 4.23611 2.84421 0.0340313
threshold=2.7184723237138066 5.9329382855178734 -9.0696767733322567e-05 -0.0011657994260315661 0.54615404088349173 -0.0020175429800982077 0.0011267885002730351 1.5336344997962053 5.872583465814933 40.300448533873215 2.0338709334745526 15.875749908555692 6.1406699694367921 1.5851166301831336 7.0304448466795106 0.0012789710844908211 0.0013077718089921089 1.8268245631140034 -0.00020504286119077395 0.33820191062423133 0.00013866898135139752 1.9806742957348809 25.631839111812955 -0.0044831166911681311 26.456658120336645 0.34968958533531597 -0.0015055102654840666
decision_type=2 2 2 2 2 2 2 2 2 2 2 2 2 2 2 2 2 2 2 2 2 2 2 2 2 2 2
left_child=3 2 7 4 9 22 20 18 -8 25 -11 21 13 -7 -14 19 -17 -9 -2 -13 -4 -5 23 -3 -24 -1 -6
right_child=1 5 6 11 26 12 8 17 -10 10 -12 15 14 -15 -16 16 -18 -19 -20 -21 -22 -23 24 -25 -26 -27 -28
leaf_value=0.017629281958436771 0.0017995878177734102 0.012607623813007228 -0.0071926401212491949 -0.0093855176645150258 -0.065026706983176641 0.014915293756540798 -0.00117918280955716 -0.038609532343377995 0.085402140667554305 -0.00038911485411767917 0.096453365514475337 -0.01533397353099307 -0.0083796376260511281 0.11358958840434547 0.003465081542142881 0.21595728608259451 -0.015963635504782532 0.052756732878029157 0.026191157617577759 -0.036432083781467346 -0.023156052671113189 0.09828350256586077 -0.02626705962391639 0.048109930379687575 0.0086825258451286285 -0.047349085201084246 -0.055288034788067666
leaf_weight=4.2059825286269215 231.69556182250381 77.979384213685989 66.78372441790998 2.1975957937538619 1.8031583912670615 26.696639891713861 60.982552021741867 12.210244927555321 1.7844868674874295 4.4482854008674604 4.4739002138376236 31.042449733242393 101.70912074670196 2.0541374348103991 726.49093114584684 0.74724091961979766 37.416182151064277 1.3988924585282791 18.750017460435629 87.956846328452229 99.820352805778384 1.3114023506641386 9.0344332009553892 16.444128111004829 214.98454383015633 2.8086999580264091 1.7851528972387303
leaf_count=24 2415 325 1141 35 16 261 864 180 23 29 25 979 1012 23 5052 24 1123 20 323 2969 1959 20 38 71 940 24 25
internal_value=-0.000191384 0.00209684 -0.00446044 -0.0213828 0.00793846 0.00484956 -0.0118206 0.00193297 0.00128235 0.0232763 0.0481711 -0.024946 0.00267995 0.0219652 0.00201046 -0.0261918 -0.0114226 -0.0292179 0.0036257 -0.0309284 -0.0167571 0.0308531 0.0106882 0.0187905 0.00727305 -0.00838825 -0.0601818
internal_weight=1849.02 1668.82 493.426 180.197 19.5252 1175.39 229.371 264.055 62.767 15.9369 8.92219 160.672 856.951 28.7508 828.2 157.163 38.1634 13.6091 250.446 118.999 166.604 3.509 318.442 94.4235 224.019 7.01468 3.58831
internal_count=19940 14647 6925 5293 143 7722 3987 2938 887 102 54 5150 6348 284 6064 5095 1147 200 2738 3948 3100 55 1374 396 978 48 41
is_linear=0
shrinkage=0.05


Tree=41
num_leaves=25
num_cat=0
split_feature=4 4 0 1 1 3 2 0 0 3 4 1 0 4 0 2 2 4 3 0 3 4 1 1
split_gain=33.0616 10.8804 8.56311 8.69534 7.01347 7.54242 5.42241 5.87675 6.66924 5.01634 5.00956 4.66148 4.4056 7.09113 4.10373 4.23129 11.8523 4.1923 3.99321 3.84493 2.62962 1.40189 0.0291666 0.0156672
threshold=2.7184723237138066 5.9329382855178734 91.980087135581584 -9.0696767733322567e-05 -0.0011657994260315661 0.54615404088349173 0.0092753874489467387 84.931954195854203 82.752094897103902 1.5336344997962053 8.7516721802854907 -2.5079984250608863e-05 40.300448533873215 2.0338709334745526 15.875749908555692 0.0012789710844908211 0.0013077718089921089 2.008083341211393 0.33820191062423133 66.856048244747043 0.34968958533531597 12.887775638249353 -0.0015055102654840666 0.00021640923974752815
decision_type=2 2 2 2 2 2 2 2 2 2 2 2 2 2 2 2 2 2 2 2 2 2 2 2
left_child=4 2 3 9 5 12 7 8 -3 -2 23 -5 20 -14 17 18 -17 -6 -16 -12 -1 -9 -7 -8
right_child=1 6 -4 11 14 22 10 21 -10 -11 19 -13 13 -15 15 16 -18 -19 -20 -21 -22 -23 -24 -25
leaf_value=0.016639808455953919 0.0030626001206398739 0.0053228592932513755 0.10093700185665529 -0.044264703185113496 -0.011633379938081282 -0.064219526580265293 -0.061041151556182928 -0.020429476578007776 0.06068484449929288 -0.028459616852524235 -0.052500195525749908 -0.010294083759815669 -0.00036973718872388941 0.08789933817415467 -0.014778120436829105 0.16698127821981268 -0.015396486774281468 0.10098372085098872 -0.035838781164621768 -0.00067195367875656938 -0.046289691745892175 -0.060966416771891366 -0.055014616263210026 -0.055546306458799224
leaf_weight=4.2325778827071252 251.0382071621716 1119.777057737112 1.9269335996359576 10.597172470763324 2.3214520569890733 1.7362281419336798 2.1176685988903037 7.0018791630864126 5.4664869681000701 13.289103431627153 4.01963997632265 214.60516771115363 4.4473799616098386 4.6587163209915161 30.610775223001838 0.91289607062935729 36.868949072435498 1.283168490976095 85.017399435862899 32.602932401001453 2.7313134558498859 3.0670548304915428 1.7063158601522435 3.3483851924538612
leaf_count=24 2736 7256 28 184 38 16 16 78 51 200 25 3777 29 25 979 24 1123 17 2969 235 24 22 25 39
internal_value=-0.000186763 0.00198987 -0.00425901 -0.00467309 -0.0207642 0.00750693 0.0045982 0.00525152 0.00559181 0.00147781 -0.0130248 -0.0118926 0.0218949 0.0447891 -0.0242776 -0.0255166 -0.0109898 0.0284559 -0.0302633 -0.00636055 -0.00804182 -0.0327773 -0.0596571 -0.0576751
internal_weight=1845.38 1668.86 491.457 489.53 176.527 19.5125 1177.4 1135.31 1125.24 264.327 42.0886 225.202 16.07 9.1061 157.015 153.41 37.7818 3.60462 115.628 36.6226 6.96389 10.0689 3.44254 5.46605
internal_count=19940 14647 6925 6897 5293 143 7722 7407 7307 2936 315 3961 102 54 5150 5095 1147 55 3948 260 48 100 41 55
is_linear=0
shrinkage=0.05


Tree=42
num_leaves=28
num_cat=0
split_feature=4 1 4 3 1 3 3 0 3 4 3 0 0 0 4 0 2 2 3 1 1 4 3 1 2 3 2
split_gain=30.4628 9.93659 6.70585 6.95646 6.52693 6.98275 5.6676 5.09779 4.67591 4.33712 3.92362 4.41925 6.81927 3.87809 6.06762 3.87802 4.45804 9.35565 3.8698 3.7152 5.46573 3.633 3.54275 3.24957 1.58871 1.25756 0.0172567
threshold=2.7184723237138066 -0.00039169728152993461 9.3674400984985926 0.36424285258665118 -0.0011657994260315661 0.54615404088349173 1.2480934519961833 91.980087135581584 0.95283434313046989 4.2171041714316209 0.36424285258665118 40.788297319073159 32.940911800877814 40.300448533873215 2.0338709334745526 22.317726538714336 0.0012789710844908211 0.0013077718089921089 0.39977989041944489 0.00014884708909457259 -0.00068133672391490474 6.1406699694367921 0.33820191062423133 -0.0028141598191176449 0.00022029854454641565 0.32533764462301379 -0.00080011749980046776
decision_type=2 2 2 2 2 2 2 2 2 2 2 2 2 2 2 2 2 2 2 2 2 2 2 2 2 2 2
left_child=4 10 6 -4 5 13 7 -3 -5 -8 11 12 -2 25 -15 19 22 -18 21 20 -6 -12 -17 -20 -13 -1 -7
right_child=1 2 3 8 15 26 9 -9 -10 -11 18 24 -14 14 -16 16 17 -19 23 -21 -22 -23 -24 -25 -26 -27 -28
leaf_value=0.015111450282134712 -0.018010309518601657 -0.0032483456937355592 0.083760906128527629 -0.009364195277290625 0.056425249232369815 -0.055411079261413421 -0.038248175064810125 0.069942940715233687 0.005705567311213299 -0.011364169673210781 0.011363939247623595 -0.061608388484161718 0.069062313465848763 -0.00035131983312214522 0.080632734894526381 -0.015465465207287921 0.13563388331545054 -0.014841775023413202 0.011055773246854217 0.082683994119042883 -0.040694801539231606 0.077981846295399504 -0.035991194949618777 0.0039710150145469579 -0.022738962434418114 -0.027635049000339407 -0.062645845901702038
leaf_weight=3.2228613123297754 6.7885106019675749 359.32501082681119 2.6714604049921027 64.050162479281425 2.2599542029201984 1.5900428108870985 17.646644528955221 2.3949052914977065 262.1736559048295 100.10829096287489 4.7484895624220353 3.5145390741527072 3.3623514138162136 4.4465197250246984 4.8201964497566223 28.539878413081169 1.0631689764559258 36.348117813467979 220.53660017251968 1.4605005551129577 4.0355126019567242 3.5966968238353729 79.81147044710815 608.22714891657233 10.43193459138274 3.6910209506750107 1.7113266587257374
leaf_count=19 50 5283 15 537 41 27 436 30 1741 1264 48 32 22 29 25 945 24 1123 911 25 99 19 2893 4158 101 29 14
internal_value=-0.000181786 0.0018877 -0.00209368 0.00340484 -0.0201538 0.00710865 -0.00586539 -0.00276375 0.0027468 -0.015393 0.00562482 -0.0142666 0.0108315 0.0206299 0.0417735 -0.0236135 -0.0254466 -0.0105655 0.00619743 0.0108373 -0.00583053 0.0400756 -0.0305847 0.00585629 -0.0325341 -0.00770905 -0.0591614
internal_weight=1842.58 1669.58 808.37 328.895 173.001 19.482 479.475 361.72 326.224 117.755 861.206 24.0973 10.1509 16.1806 9.26672 153.519 145.763 37.4113 837.109 7.75597 6.29547 8.34519 108.351 828.764 13.9465 6.91388 3.30137
internal_count=19940 14647 9306 2293 5293 143 7013 5313 2278 1700 5341 205 72 102 54 5150 4985 1147 5136 165 140 67 3838 5069 133 48 41
is_linear=0
shrinkage=0.05


Tree=43
num_leaves=30
num_cat=0
split_feature=4 4 3 1 1 3 0 4 4 3 2 0 1 2 2 4 1 0 0 2 2 3 2 2 2 0 1 1 4
split_gain=28.0585 9.17796 7.77997 6.94509 6.07803 5.0728 4.98664 6.85902 5.62385 5.67797 4.73506 4.69828 5.12424 4.82072 9.44194 4.38115 3.82382 3.78829 3.7553 3.09435 2.85688 2.54847 2.525 7.93835 2.48132 5.04096 1.86424 1.8322 1.19451
threshold=2.7184723237138066 5.9329382855178734 1.5536538054549938 -9.0696767733322567e-05 -0.00085025903414054349 0.41816582488526494 71.419548342240944 8.4794058532507055 6.1406699694367921 1.5851166301831336 0.0086143231607221944 19.05939198672846 0.00014884708909457259 0.0012789710844908211 0.0016988883316607641 14.530678980507536 -0.00020504286119077395 84.173003092799163 13.10645767611812 -0.00090704094686488979 0.00026069346615309469 1.4229492886908457 -0.00075262366522088609 0.00047846465151291101 -0.00077721720054402244 34.699324148512929 -0.0020175429800982077 -0.0010449595187709824 5.6307058066781641
decision_type=2 2 2 2 2 2 2 2 2 2 2 2 2 2 2 2 2 2 2 2 2 2 2 2 2 2 2 2 2
left_child=4 2 3 16 5 22 8 21 9 -3 -5 12 18 19 -15 -10 -2 -9 -6 -13 27 -8 26 -24 25 -4 -1 -7 -26
right_child=1 6 24 10 11 20 7 17 15 -11 -12 13 -14 14 -16 -17 -18 -19 -20 -21 -22 -23 23 -25 28 -27 -28 -29 -30
leaf_value=0.032947313505196453 0.0012677227756718971 0.020144200946606513 -0.032176548106308572 -0.010278715284238689 0.04374627363477207 -0.047814066868172196 -0.018677350960474827 0.0070360755779518246 0.0024466420605240105 0.10394158383058577 0.04483133492361896 -0.015448942552457346 0.11433568916842228 0.030334813431571579 -0.026329811561158892 0.009520312161050988 0.024518473778846236 -0.018535185802491552 -0.053225565035583823 -0.036246111372330463 0.029707396234242647 -0.055380705744217287 0.092280241958567863 -0.0063104876155620814 -0.046503297970736601 0.072690963332185471 -0.015643076248528325 -0.00046773369470885849 -0.0061544472374842635
leaf_weight=2.9340285062789917 234.27366747893393 30.474264428019524 4.2619285993278053 207.81723047792912 2.0194579120725389 7.278216591104866 26.2996437959373 69.805865943431854 712.02061511203647 2.1651141270995131 3.9721625037491313 23.39950742200017 1.1815792378038166 10.34491225145757 25.406231012195349 316.06338360160589 19.12706857919693 18.275595650076866 1.9745455458760259 75.899856550619006 2.0886254943907252 5.7663782574236384 3.750444810837509 4.4813747853040695 15.316056152805688 1.5674172192811964 6.0326960831880587 2.8409265670925352 2.0838461406528941
leaf_count=15 2438 256 53 3694 28 83 288 505 4870 22 49 758 17 328 801 1559 323 151 44 3023 20 71 26 41 317 20 53 56 31
internal_value=-0.000176726 0.00179211 -0.00397266 -0.00256251 -0.0195513 0.00111637 0.00417647 -0.00547773 0.00526999 0.0257029 -0.00924511 -0.0238854 0.0228659 -0.0256771 -0.0099334 0.0046213 0.00302272 0.00173042 -0.00419442 -0.0313453 -0.0235327 -0.0252777 0.0186127 0.0386078 -0.0322124 -0.00397936 0.000256329 -0.0345217 -0.041671
internal_weight=1838.92 1669.29 488.419 465.19 169.632 29.4063 1180.87 120.147 1060.72 32.6394 211.789 140.226 5.17558 135.051 35.7511 1028.08 253.401 88.0815 3.994 99.2994 12.2078 32.066 17.1985 8.23182 23.2292 5.82935 8.96672 10.1191 17.3999
internal_count=19940 14647 6925 6504 5293 294 7722 1015 6707 278 3743 4999 89 4910 1129 6429 2761 656 72 3781 159 359 135 67 421 73 68 139 348
is_linear=0
shrinkage=0.05


Tree=44
num_leaves=27
num_cat=0
split_feature=4 1 4 3 1 3 2 3 4 2 2 2 4 1 0 0 0 4 4 2 4 3 3 3 3 1
split_gain=25.8306 8.43966 8.05092 6.1143 5.7614 6.20108 5.54973 5.27125 4.86267 4.63126 7.01321 6.18517 4.19469 3.63768 3.53062 3.46917 3.34276 5.21512 2.90003 2.52604 2.2887 1.7845 1.08779 0.141071 0.017975 0.00070992
threshold=2.7184723237138066 -0.00012025002761290037 3.7215502810869707 1.129519847328271 -0.0011657994260315661 0.54615404088349173 -0.00044898077642013806 0.21390322778372908 6.9627870601898936 -0.0017929532601530516 -0.0011084450964333745 -0.0023541797401605553 4.2890465520444598 0.0019360843186112533 15.875749908555692 42.213410127163655 40.300448533873215 2.0338709334745526 2.008083341211393 0.0012789710844908211 2.3781490567940837 0.18571092961600949 0.32533764462301379 0.17602652767611368 0.64119598064342942 0.0011267885002730351
decision_type=2 2 2 2 2 2 2 2 2 2 2 2 2 2 2 2 2 2 2 2 2 2 2 2 2 2
left_child=4 7 3 15 5 16 12 23 -8 11 -11 -9 -4 14 18 -3 22 -18 -6 -16 21 -15 -1 -2 -7 -5
right_child=1 2 6 25 13 24 8 9 -10 10 -12 -13 -14 20 19 -17 17 -19 -20 -21 -22 -23 -24 -25 -26 -27
leaf_value=0.013353130006956586 -0.043083077886327197 -0.036142637345738547 0.019937075723283581 -0.052007396165365073 -0.011171384904379141 -0.062905804515103511 -0.0049936439214105927 0.0061782470831920656 0.005782839679927208 -0.011282635228356508 0.0043910814249602777 0.022386695482840717 -0.010470559258503424 0.038514057314357898 -0.028778697944589284 -0.0059057989709606802 -0.00097586925119937768 0.073437500385774554 0.078437454353456504 -0.013262516199397162 0.073091213571611677 -0.052541615518853835 -0.026530718844843044 -0.061775091031791143 -0.055164837533117086 -0.053446676766748982
leaf_weight=3.2518868669867578 2.062416046857833 11.892933327704666 12.203139856457708 10.405869148671623 2.296640837565064 1.2932993043214076 157.74893107265234 387.0461646951735 311.1581537425518 86.377477437257767 410.76488660089672 69.414380714297295 160.64758061617613 1.0840449072420595 104.57419766671956 46.876655453816056 4.4666721895337087 4.9792105332016945 1.487831614911556 35.013228204101324 1.5441241934895513 1.0683688744902609 3.6046199649572372 1.9770024940371511 1.7849146183580158 0.9336288161575802
leaf_count=19 21 236 190 294 38 12 2409 2056 2408 674 3250 469 1534 21 3915 1069 29 25 17 1119 16 24 29 20 29 17
internal_value=-0.000172448 0.00170018 -0.00242308 -0.0185107 -0.0189552 0.00667012 -0.000665577 0.00476522 0.00215743 0.00500666 0.0016678 0.00864308 -0.0083238 -0.0223321 -0.0235948 -0.0120247 0.0189599 0.0382497 0.0240575 -0.0248867 0.0266409 -0.0066822 -0.00761471 -0.0522315 -0.0584172 -0.0521259
internal_weight=1835.96 1669.51 711.867 70.1091 166.449 19.3806 641.758 957.642 468.907 953.603 497.142 456.461 172.851 147.068 143.372 58.7696 16.3024 9.44588 3.78447 139.587 3.69654 2.15241 6.85651 4.03942 3.07821 11.3395
internal_count=19940 14647 8157 1616 5293 143 6541 6490 4817 6449 3924 2525 1724 5150 5089 1305 102 54 55 5034 61 45 48 41 41 311
is_linear=0
shrinkage=0.05


Tree=45
num_leaves=28
num_cat=0
split_feature=4 4 1 2 1 0 4 0 1 1 2 4 3 1 3 0 1 0 2 3 4 0 2 3 2 4 3
split_gain=23.7628 7.75377 6.22151 5.76293 5.53641 5.26517 5.15077 10.2379 4.36192 9.31538 12.5275 6.79882 5.99506 3.90955 15.0355 4.03827 3.6933 3.52912 3.51467 3.16784 5.08592 3.21879 3.10481 7.21573 2.93365 1.9199 1.64449
threshold=2.7184723237138066 7.0304448466795106 -9.0696767733322567e-05 -0.010007341424341952 -0.00049669546339436977 19.05939198672846 0.95858687039211687 48.75049042806581 0.0017734231999086971 0.0017252665599517549 0.0020745108472284284 16.164903664735903 1.3247071469340181 0.0019360843186112533 0.907563173150711 67.076008694215133 0.0019360843186112533 64.142437484269408 0.012623705341918258 0.56262251518712258 1.8170763371102645 26.456658120336645 -0.0029041390408907626 0.23105336056981915 0.0012789710844908211 2.3781490567940837 0.18571092961600949
decision_type=2 2 2 2 2 2 2 2 2 2 2 2 2 2 2 2 2 2 2 2 2 2 2 2 2 2 2
left_child=4 2 3 -2 6 -5 7 -1 9 17 -11 18 -13 15 -15 -4 22 -3 -10 20 -8 -21 23 -6 -24 26 -18
right_child=1 8 13 5 16 -7 19 -9 11 10 -12 12 -14 14 -16 -17 25 -19 -20 21 -22 -23 24 -25 -26 -27 -28
leaf_value=-0.01638344496639705 0.059616315363511099 0.0042425652964570874 -0.0065212108784053471 -0.022528161764850986 -0.036960453936205 0.0024955148330842534 -0.02740112406262081 0.14398672736868806 -0.00920053104177369 -0.0069091669744270725 0.14101785432339525 0.02816914461070661 -0.0013964668368271374 -0.0084047531044863771 0.079881643110452899 -0.020869228697363979 0.035362446580751716 0.014641767648522295 -0.056627408979985208 0.017100556424991 0.017416756154820377 -0.04305171262276631 -0.032434357471117524 0.080326818491165533 -0.014245463804693463 0.065556936535073426 -0.052411944378704334
leaf_weight=2.3980137556791297 4.2322489507496348 751.08604693412781 179.1207192633301 22.426700741052628 3.1780361551791421 335.33521128259599 10.016684917733075 1.7011829800903795 100.36185880750418 2.7767151072621337 2.9536677077412605 25.840579137206078 50.957466341555119 25.552816651761535 5.9443138912320128 67.52813927270472 1.120633754879236 91.525978766381741 4.0645966865122309 2.8793162014335385 17.198931016027927 9.7712268922477943 79.447481315582991 2.2325738649815321 30.748237494379282 1.6330435425043104 1.0187147036194799
leaf_count=31 26 4203 3108 197 81 3370 169 23 947 20 20 168 301 306 77 1245 21 616 43 75 197 240 3336 43 1037 16 24
internal_value=-0.000167242 0.00161334 -0.00270777 0.00161304 -0.0183684 0.000926878 -0.0032 0.0501708 0.00430003 0.00580422 0.0693383 -0.00274137 0.00855161 -0.00833112 0.00825715 -0.0104494 -0.0239547 0.00537214 -0.0110465 -0.00868779 0.000921572 -0.0293608 -0.0255434 0.0114357 -0.0273591 0.0247304 -0.00643395
internal_weight=1833.05 1669.71 640.14 361.994 163.344 357.762 43.9654 4.0992 1029.57 848.342 5.73038 181.225 76.798 278.146 31.4971 246.649 119.379 842.612 104.426 39.8662 27.2156 12.6505 115.606 5.41061 110.196 3.77239 2.13935
internal_count=19940 14647 8329 3593 5293 3567 735 54 6318 4859 40 1459 469 4736 383 4353 4558 4819 990 681 366 315 4497 124 4373 61 45
is_linear=0
shrinkage=0.05


Tree=46
num_leaves=27
num_cat=0
split_feature=4 1 4 3 1 1 3 4 2 3 3 1 3 2 3 1 4 0 2 3 1 4 0 1 4 2
split_gain=21.8552 7.43599 5.24189 5.62702 5.67538 5.20702 4.8372 4.65174 4.58552 4.48284 4.45235 3.4088 3.26518 8.49918 5.56525 3.15602 4.71625 3.36225 2.90527 6.21349 2.8964 2.85975 2.6567 1.66088 1.31221 0.981175
threshold=2.7184723237138066 -0.0015055102654840666 11.001114961606037 1.2480934519961833 0.0035593878318006538 -0.00049669546339436977 0.41816582488526494 3.3630620452292899 0.0029045009575867646 0.37601652205511737 0.11025793356640286 0.0019360843186112533 0.52112738345944065 -0.0016542166552384605 0.55223281975571148 0.005734181973295561 21.559274527434912 28.136180086080767 -0.0029041390408907626 0.23105336056981915 -0.0022415218369142282 1.5716204059623082 67.552488511519201 0.0022650714924402631 2.1900774964027345 -0.0055462629361737173
decision_type=2 2 2 2 2 2 2 2 2 2 2 2 2 2 2 2 2 2 2 2 2 2 2 2 2 2
left_child=5 9 3 4 -3 6 8 -5 10 20 -1 18 13 -11 -14 17 -17 -4 19 -7 25 -20 24 -13 -8 -2
right_child=1 2 15 7 -6 11 22 -9 -10 12 -12 23 14 -15 -16 16 -18 -19 21 -21 -22 -23 -24 -25 -26 -27
leaf_value=0.083501405562847603 0.0095089999837728138 0.00048198567371887321 -0.018786866449203861 -0.051981691963326498 -0.034183599850216802 -0.036333285074835325 -0.038095736807232085 -0.0081572396637546642 -0.059360303935221029 0.050294974609513224 0.01132006283180872 0.059059589042892151 -0.045724692928680408 -0.011001063570538872 0.0071956589251139253 -0.055726835300273572 0.00060114652564885256 0.0068297969221744808 -0.037837446300314312 0.07114967623911593 -0.061386784043231751 -0.020718481083595648 0.066584148838232937 -0.0069700769469385809 -0.012353386941979915 -0.02399587647716326
leaf_weight=2.4139318577945295 4.264968790113925 603.22978093102574 13.360923409461973 6.2218315508216611 12.042672622948883 3.073910452425479 9.2083886712789589 225.97453254647553 2.0141088757663956 14.097368989139797 18.580932067707181 1.744353532791137 5.0247086063027373 9.4436273127794248 439.98441112414002 5.2292991057038334 12.842128686606882 310.25009175390005 37.473181093111634 2.3901076149195433 3.5168158859014502 69.905118344351649 0.8387635238468637 2.0975487269461155 10.706176456063984 4.4807382747530928
leaf_count=26 20 7486 83 186 151 81 225 2480 29 67 234 24 26 49 2009 59 85 1898 1732 43 26 2641 22 37 199 22
internal_value=-0.000163471 0.00153003 -0.000591532 -0.00269941 -0.000196521 -0.0177898 -0.00308173 -0.00933154 0.0127057 0.00677709 0.0196193 -0.023306 0.00755813 0.0257057 0.00659812 0.00463659 -0.0156984 0.00577216 -0.0248829 0.0106826 -0.0230662 -0.0266927 -0.0205851 0.0230096 -0.0242565 -0.00765675
internal_weight=1830.41 1669.96 1189.15 847.469 615.272 160.447 43.7623 232.196 23.009 480.813 20.9949 116.684 468.55 23.541 445.009 341.682 18.0714 323.611 112.842 5.46402 12.2625 107.378 20.7533 3.8419 19.9146 8.74571
internal_count=19940 14647 12428 10303 7637 5293 735 2666 289 2219 260 4558 2151 116 2035 2125 144 1981 4497 124 68 4373 446 61 424 42
is_linear=0
shrinkage=0.05


Tree=47
num_leaves=26
num_cat=0
split_feature=4 1 1 3 1 2 1 2 3 1 4 3 0 0 3 4 0 3 2 3 0 3 4 4 3
split_gain=20.2758 8.56527 9.42643 5.9041 4.96015 5.48861 5.89972 4.65806 4.6516 4.33245 6.75546 9.21553 5.81204 6.03252 3.84937 3.39579 6.04978 5.94345 3.33095 3.14337 2.96463 2.07698 1.80888 0.0502005 0.000117825
threshold=4.1838829826740627 -0.00012025002761290037 0.00076567360544088647 0.21390322778372908 0.000316052418534496 -0.00046812836242282602 0.00038126715736130917 -0.0028366118781384948 1.1020217459950163 -0.0001914976312956673 1.5716204059623082 0.67969631090521265 55.263841359215085 52.05477977320318 0.23105336056981915 3.6586933941798749 60.428216084690725 0.33214073464212329 0.0092753874489467387 0.83117242779624034 38.113296180472389 0.65062283138616883 8.7516721802854907 6.0839130440603055 0.17602652767611368
decision_type=2 2 2 2 2 2 2 2 2 2 2 2 2 2 2 2 2 2 2 2 2 2 2 2 2
left_child=1 9 7 23 18 8 -7 14 -6 12 24 -12 13 -1 -3 16 -4 -17 19 -5 -9 -14 -20 -2 -11
right_child=3 2 15 4 5 6 -8 20 -10 10 11 -13 21 -15 -16 17 -18 -19 22 -21 -22 -23 -24 -25 -26
leaf_value=-0.0030698492684041474 -0.05549357915802159 -0.034317932272549874 0.013803500325336488 0.010134270589593423 -0.019815231691404169 -0.03466890915727848 0.0026009096777152192 -0.048754117932763102 0.00042560800321424241 -0.051877112823397555 0.099007288485537151 0.0015118992453187442 -0.014415851513902886 0.038577374785655268 0.039831392622800291 0.10120285650487147 -0.025235222226663828 0.007297467428471871 -0.059672586005509544 0.0034120541780890603 -0.024871952827766969 -0.040168286174473725 -0.011131195880836492 -0.067236847838799893 -0.051028803173611782
leaf_weight=123.98069017007947 2.0429771989583965 2.7574338298290959 17.269822310656309 228.10960791260004 65.124013639986515 10.942444138228892 358.5084106773138 14.738572480157016 50.314857952296734 0.5329281017184252 4.2939030360430461 5.5650975070893764 23.58877463079989 9.3507127836346609 4.7922364175319672 1.9173079878091801 23.331222232431173 13.906119301915167 2.6633019149303419 731.83189294114709 109.81958039663732 11.719403339549897 6.8695540502667427 1.6410985738039015 1.7648569904267786
leaf_count=2033 26 71 433 1579 715 119 3426 460 385 19 118 153 515 172 81 26 590 234 22 4531 3802 288 37 15 90
internal_value=-0.00015855 -0.0106232 -0.0180797 0.00249218 0.00265232 -0.00147652 0.00149705 -0.0253864 -0.0109931 -0.00284763 0.0259802 0.0439742 -0.00492575 -0.000149073 0.0127492 -0.000972416 -0.00862994 0.0186759 0.00471738 0.00500945 -0.0276979 -0.0229635 -0.0246928 -0.0607247 -0.0512256
internal_weight=1827.38 369.329 188.532 1458.05 1454.36 484.89 369.451 132.108 115.439 180.796 12.1568 9.859 168.64 133.331 7.54967 56.4245 40.601 15.8234 969.474 959.942 124.558 35.3082 9.53286 3.68408 2.29779
internal_count=19940 9085 5697 10855 10814 4645 3545 4414 1100 3388 380 271 3008 2205 152 1283 1023 260 6169 6110 4262 803 59 41 109
is_linear=0
shrinkage=0.05


Tree=48
num_leaves=27
num_cat=0
split_feature=4 4 3 0 1 1 2 0 0 4 3 0 3 4 4 0 2 0 0 0 2 4 0 4 4 1
split_gain=18.7791 6.29841 7.11481 7.01366 4.9188 4.70656 4.53151 4.92018 5.86587 4.51505 4.00148 3.57067 3.40979 4.35097 6.5952 2.45214 2.39007 4.457 2.35241 3.05639 1.42808 1.39669 1.21276 1.19094 0.465834 0.0108033
threshold=2.7184723237138066 5.9329382855178734 1.5536538054549938 91.980087135581584 -9.0696767733322567e-05 -0.0011657994260315661 0.0092753874489467387 84.931954195854203 82.752094897103902 8.7516721802854907 0.53625029197961427 66.856048244747043 0.94645867232731928 1.5716204059623082 1.6190510504815439 13.10645767611812 -0.00077721720054402244 34.699324148512929 35.455833322166562 45.464525170834158 -0.0016144269738911363 12.887775638249353 82.181379760210874 5.6307058066781641 2.2985958181456949 0.00021640923974752815
decision_type=2 2 2 2 2 2 2 2 2 2 2 2 2 2 2 2 2 2 2 2 2 2 2 2 2 2
left_child=5 2 3 4 -2 10 7 8 -3 25 18 -11 13 15 -15 -7 17 -4 -1 -20 -14 -9 -22 -18 -12 -8
right_child=1 6 16 -5 -6 12 9 21 -10 11 24 -13 20 14 -16 -17 23 -19 19 -21 22 -23 -24 -25 -26 -27
leaf_value=-0.016113331110101669 0.0021255734866860621 0.0039893064174783164 -0.031196825349984303 0.089971090755384009 -0.0083014156999970008 0.049474638333576369 -0.059931628079094162 -0.01901971507337975 0.054769181448545624 -0.051708565180919513 -0.02197702947666795 -0.0013006907523069695 0.032760035367631654 0.053897447006807257 -0.013663114963061241 -0.031842792932899884 -0.045899840436632644 0.066064903139642958 0.05230532575045567 0.0015118023164754437 -0.051267534226321833 -0.060317955212647746 0.013340390704507857 -0.0050906176692169852 -0.059794738526844853 -0.055189724538173307
leaf_weight=4.0461742505431202 254.7333338521421 1129.9239816218615 4.1232111044228104 2.0595962125807992 203.43037780374289 0.94762976840138335 1.9492185041308392 6.7705044560134393 5.715843901038169 3.9353237226605406 1.4292743951082223 32.745829824358225 0.58087031729519267 3.7936845887452355 75.542523434385657 42.754508979618549 14.363866195082666 1.6489160209894178 6.1977804154157621 5.6720506027340889 12.096255341544744 2.9346832111477852 0.77274901792407114 2.041914675384759 1.8924932368099687 3.1296597830951214
leaf_count=34 2759 7256 53 27 3718 12 16 78 51 25 19 235 11 145 2524 1891 317 20 30 35 536 22 31 31 25 39
internal_value=-0.0001546 0.00139434 -0.00342327 -0.00209029 -0.00250414 -0.0167605 0.00335206 0.00394194 0.00424489 -0.0128263 0.00639275 -0.00670868 -0.0200239 -0.017411 -0.0104325 -0.0300795 -0.0310845 -0.00341219 0.0168104 0.0280334 -0.0439266 -0.0315076 -0.047388 -0.0408206 -0.0435227 -0.0570096
internal_weight=1825.23 1669.51 482.401 460.223 458.164 155.726 1187.11 1145.35 1135.64 41.76 19.2378 36.6812 136.488 123.038 79.3362 43.7021 22.1779 5.77213 15.916 11.8698 13.4499 9.70519 12.869 16.4058 3.32177 5.07888
internal_count=19940 14647 6925 6504 6477 5293 7722 7407 7307 315 143 260 5150 4572 2669 1903 421 73 99 65 578 100 567 348 44 55
is_linear=0
shrinkage=0.05


Tree=49
num_leaves=24
num_cat=0
split_feature=4 3 1 4 3 4 3 0 2 1 2 2 3 4 4 3 2 3 1 1 1 4 4
split_gain=17.3939 8.24453 7.21153 5.1461 9.07515 6.4156 4.0274 4.03323 8.53187 7.94182 2.88198 5.92484 11.0628 2.64743 2.52773 2.76173 1.88932 8.98476 1.84985 1.51482 0.883636 0.547218 1.00117
threshold=2.008083341211393 0.21390322778372908 -0.0015055102654840666 2.0618649347840248 0.39977989041944489 4.4136750900351389 0.11025793356640286 45.691927359944408 0.0022400562816685681 -0.00046094179560640652 -0.0006788388872364658 -0.00075262366522088609 0.40598981774468412 1.8499837342908043 2.4092071115106815 0.37601652205511737 0.0011488511347256261 0.54615404088349173 0.0013205466430938897 0.0019360843186112533 0.00010770650563862728 4.2171041714316209 3.3014678483179192
decision_type=2 2 2 2 2 2 2 2 2 2 2 2 2 2 2 2 2 2 2 2 2 2 2
left_child=6 19 14 4 -4 -5 7 20 9 -9 11 13 -13 -8 -3 -16 18 -18 -12 21 -1 22 -2
right_child=1 2 3 5 -6 -7 10 8 -10 -11 16 12 -14 -15 15 -17 17 -19 -20 -21 -22 -23 -24
leaf_value=-0.05660491545717216 -0.044567476667776579 0.048831898991411833 0.17828024807517748 -0.0078370114704568502 0.013834531695401209 0.0008921217350399877 -0.0079681652246071932 0.17899547180985945 -0.056476632868988491 -0.0029103354420652542 -0.039556783181360237 0.23356498122519564 -0.051917895050683199 -0.055570548081664832 -0.018533051741908956 0.0066492027341335594 -0.035140788844552732 0.056958517600544933 0.06475842555425089 0.0097571267345916632 0.0073326789726974127 -0.061143983907405955 -0.0024657566250977474
leaf_weight=1.5642247907817357 7.7712716050446016 3.4805002249777308 1.082008235156535 269.06303860060871 3.7351926974952221 966.95030570402741 15.289769863709813 1.4345730766654017 1.2730195112526415 1.031422406435013 36.532546497881413 0.67994349822401889 0.67745134420692921 3.6105635948479167 11.144603524357079 472.09342738799751 14.718405265361072 3.229059597477316 0.42999451793730159 1.5344222560524929 0.82559463754296292 3.0890729911625376 1.7255798950791357
leaf_count=30 167 21 29 5752 119 8306 480 13 35 41 1756 20 31 109 62 2166 557 128 16 21 23 35 23
internal_value=-0.000150019 0.000905175 0.00121619 -0.00080707 0.0507713 -0.00100809 -0.0227561 0.0162177 0.048645 0.102912 -0.0259339 -0.00981518 0.0910856 -0.0170617 0.00637424 0.00606844 -0.0318805 -0.0185705 -0.0383433 -0.0371455 -0.0345168 -0.0428637 -0.0369176
internal_weight=1822.97 1741.67 1727.55 1240.83 4.8172 1236.01 81.2966 6.12883 3.73901 2.466 75.1677 20.2577 1.35739 18.9003 486.719 483.238 54.91 17.9475 36.9625 14.1203 2.38982 12.5859 9.49685
internal_count=19940 16701 16455 14206 148 14058 3239 142 89 54 3097 640 51 589 2249 2228 2457 685 1772 246 53 225 190
is_linear=0
shrinkage=0.05


Tree=50
num_leaves=25
num_cat=0
split_feature=4 3 1 4 2 3 3 0 2 3 0 0 1 0 4 3 3 2 3 1 1 1 4 4
split_gain=16.0968 7.65696 6.62014 5.23477 10.6035 3.72127 3.67122 3.58281 7.29966 4.66921 2.91017 5.91512 5.04954 2.82577 4.26112 16.0437 5.74492 2.77279 8.00161 2.20414 1.44529 1.07222 0.540335 0.968297
threshold=2.008083341211393 0.21390322778372908 -0.0009712136349491195 5.4579775094849188 0.0082159759448503528 0.11025793356640286 1.2480934519961833 45.691927359944408 0.0022400562816685681 0.086094008049851553 15.875749908555692 22.317726538714336 -0.0061372254755371327 46.097776448429308 0.84777489694884067 0.45515610428033942 0.37045338025448371 0.0011488511347256261 0.44188622282073192 0.0015888999911236603 0.0019360843186112533 0.00027996917426409423 4.2171041714316209 3.3014678483179192
decision_type=2 2 2 2 2 2 2 2 2 2 2 2 2 2 2 2 2 2 2 2 2 2 2 2
left_child=5 20 10 4 -4 7 -5 21 9 -9 12 -12 -3 14 15 -7 -16 19 -19 -15 22 -1 23 -2
right_child=1 2 3 6 -6 13 -8 8 -10 -11 11 -13 -14 17 16 -17 -18 18 -20 -21 -22 -23 -24 -25
leaf_value=-0.055886090723181327 -0.043917564708310514 0.033849499098631601 -0.0071727500749045013 0.0045655616940484811 0.071888464630906659 0.00053223512009726106 -0.0026308134135890901 0.034263665446467265 -0.05625057535520394 0.16940010682534146 0.021892262326275586 0.0045123101935447413 -0.012880939466379457 -0.044369186337014928 0.0071349336799309895 0.34955679914249382 -0.04119171784775108 -0.039637087142564857 0.034376860860789893 0.074506754624449875 0.0091946126409193172 0.018241755073069285 -0.060708517330903593 -0.0023466961935927457
leaf_weight=1.6311392597854131 7.4989063739776594 6.6840018630027762 352.28335829637945 379.05374389514327 4.2926224917173377 2.7626176103949578 332.84274776652455 1.4941952098160987 1.2156777791678903 1.117077860981226 53.68589467741549 555.67518401704729 42.782675176858902 27.659496003761891 11.070585660636427 0.37380740419030178 13.834845057688652 12.069681242108347 5.2357125338166943 0.39551077410578628 1.5465594381093968 0.69596291333436955 2.9589622467756262 1.7225510254502294
leaf_count=35 167 27 7144 3317 52 99 2509 26 35 28 282 2888 236 1383 311 18 599 474 201 12 21 18 35 23
internal_value=-0.000145883 0.000859124 0.00115472 -0.00127594 -0.00622098 -0.0221397 0.00120094 0.015207 0.0449567 0.0920738 0.00509671 0.00604352 -0.00656666 -0.0252708 -0.0127936 0.0421299 -0.0197103 -0.0329843 -0.0172443 -0.0426933 -0.0363365 -0.0337168 -0.0421176 -0.0361522
internal_weight=1820.58 1741.03 1727.3 1068.47 356.576 79.5563 711.896 6.15405 3.82695 2.61127 658.828 609.361 49.4667 73.4023 28.0419 3.13643 24.9054 45.3604 17.3054 28.055 13.727 2.3271 12.1804 9.22146
internal_count=19940 16701 16455 13022 7196 3239 5826 142 89 54 3433 3170 263 3097 1027 117 910 2070 675 1395 246 53 225 190
is_linear=0
shrinkage=0.05


Tree=51
num_leaves=25
num_cat=0
split_feature=4 3 1 4 1 1 3 1 2 1 0 3 2 3 0 0 0 2 3 0 1 3 4 4
split_gain=14.8929 7.10876 5.96839 6.45595 7.41064 6.18016 14.1394 4.20118 4.08738 3.61052 5.31192 11.4131 18.4133 6.1379 7.40406 4.83618 4.64177 3.09166 1.40317 2.16426 1.37836 0.907905 0.5341 0.935612
threshold=2.008083341211393 0.21390322778372908 -0.00012991634291498186 3.9537886936664735 0.00076567360544088647 -0.0001914976312956673 0.52112738345944065 -0.00027464847276925658 -0.00044898077642013806 -2.5079984250608863e-05 65.878480729934665 0.44188622282073192 0.0011488511347256261 0.11025793356640286 45.691927359944408 68.010477039056425 46.097776448429308 -0.0032497577902085291 0.17602652767611368 50.189166158962927 0.0019360843186112533 0.65062283138616883 4.2171041714316209 3.3014678483179192
decision_type=2 2 2 2 2 2 2 2 2 2 2 2 2 2 2 2 2 2 2 2 2 2 2 2
left_child=9 20 5 4 -4 7 -7 -3 -5 10 13 15 -13 14 -1 -12 -15 -11 19 -19 22 -20 23 -2
right_child=1 2 3 8 -6 6 -8 -9 -10 17 11 12 -14 16 -16 -17 -18 18 21 -21 -22 -23 -24 -25
leaf_value=-0.056492256418720459 -0.043261089397620495 0.0036241281203380975 -0.022312435473123764 -0.0069960302466596574 0.0045356404818696593 0.1314752357694042 0.01404667976330138 -0.01560841135221302 0.0021445047564106925 0.032477543634967361 0.10173347944765543 -0.050892414873874636 0.26648940721011755 -0.0095634367146596767 0.089916331920117443 -0.051809677727700856 -0.048799393027252641 0.033100884522109915 -0.044666383788942117 -0.03570274550543278 0.0086686973722797118 -0.024778866228407834 -0.060290228217506625 -0.0022331945868132356
leaf_weight=1.2937904205173247 7.2387030310928804 936.57408143021166 75.780154870823026 166.93581354245543 38.893604721873999 2.9607031568884876 19.104666471481323 29.282495195046067 457.45733757689595 1.7378623504191626 0.6421692762523884 0.78270831890404213 1.0981667991727588 18.72271427791566 2.5966236591339111 2.5464346669614315 12.618246282450853 1.7757962308824051 23.322403863072399 3.207159573212266 1.5580623894929875 7.6117440862581125 2.833686687052249 1.7196720354259012
leaf_count=24 167 6376 2279 1652 846 50 273 420 4559 39 20 46 35 611 38 102 530 75 1177 138 21 404 35 23
internal_value=-0.000142241 0.00081547 0.00109643 -0.00230196 -0.0132064 0.00363878 0.0298031 0.00304104 -0.00029928 -0.0215228 -0.0111216 0.0367328 0.134414 -0.0180074 0.0412269 -0.0208868 -0.0253603 -0.0326549 -0.0358064 -0.0111829 -0.0355301 -0.0397728 -0.04137 -0.0353853
internal_weight=1818.29 1740.34 1726.99 739.067 114.674 987.922 22.0654 965.857 624.393 77.9558 40.3009 5.06948 1.88088 35.2314 3.89041 3.1886 31.341 37.655 35.9171 4.98296 13.3501 30.9341 11.7921 8.95838
internal_count=19940 16701 16455 9336 3125 7119 323 6796 6211 3239 1406 203 81 1203 62 122 1141 1833 1794 213 246 1581 225 190
is_linear=0
shrinkage=0.05


Tree=52
num_leaves=24
num_cat=0
split_feature=4 3 1 4 3 0 1 1 0 2 4 3 0 2 0 0 2 3 0 1 3 4 4
split_gain=13.7837 6.59698 5.64702 4.65407 5.90213 4.75047 3.45519 5.09882 8.8891 12.3698 4.48187 6.74001 4.35831 2.89166 2.37188 5.07074 3.0585 1.3777 1.98057 1.31389 0.911827 0.528407 0.903147
threshold=2.008083341211393 0.21390322778372908 -0.0015055102654840666 14.007731944767022 0.56262251518712258 29.610478416101831 -2.5079984250608863e-05 -7.563950568567622e-05 71.123078735295209 -0.00075262366522088609 0.95858687039211687 0.45515610428033942 65.878480729934665 -0.0032497577902085291 54.148345320491522 60.264500562345184 -4.1516205463554272e-05 0.17602652767611368 50.189166158962927 0.0019360843186112533 0.65062283138616883 4.2171041714316209 3.3014678483179192
decision_type=2 2 2 2 2 2 2 2 2 2 2 2 2 2 2 2 2 2 2 2 2 2 2
left_child=6 19 14 4 -4 -5 7 10 9 -9 11 -1 -12 -8 16 -16 -3 18 -15 21 -19 22 -2
right_child=1 2 3 5 -6 -7 13 8 -10 -11 12 -13 -14 17 15 -17 -18 20 -20 -21 -22 -23 -24
leaf_value=0.0033670821487402471 -0.042598000273506971 0.0055456785103832175 0.0064593842404537354 -0.03053209347968068 -0.0038041660181415363 0.0075949573575853765 0.029981434636632338 0.22046398670183787 0.24302214445040607 -0.050989018339594953 -0.032511145024193555 0.16750583604199809 0.024256862298213121 0.030450917502482008 -0.020155343554499962 0.010769110525621357 0.020707930315537647 -0.044337452901422936 -0.035119418821258984 0.0081765292070110126 -0.024121141739781929 -0.059888040829866519 -0.0021250032014397432
leaf_weight=7.3521310584619624 6.9901555962860566 399.10175502859056 167.24093245528638 8.5164291113615018 862.25760936178267 200.71462354809046 1.7870930284261692 0.54782224819064218 0.50915316678583611 1.7940649855881918 25.106954360380772 0.68358042463660229 3.9072130946442476 1.8322891257703293 26.000826261937618 27.043005488812923 36.28364197909832 22.345429726876322 3.1001428179442883 1.5689656138420094 7.4329422414302817 2.7131311334669581 1.7169355899095533
leaf_count=210 167 1823 2526 49 10456 1175 39 20 20 99 882 31 144 75 132 135 159 1177 138 21 404 35 23
internal_value=-0.000139534 0.000773066 0.00104004 -0.000755212 -0.00213686 0.00604305 -0.020926 -0.0107563 0.0536762 0.0125102 -0.0157145 0.01733 -0.0248664 -0.0320438 0.00559308 -0.00438932 0.00680925 -0.0352372 -0.0107615 -0.0347266 -0.0392913 -0.0406209 -0.0346172
internal_weight=1816.55 1740.15 1727.16 1238.73 1029.5 209.231 76.3988 39.9009 2.85104 2.34189 37.0499 8.03571 29.0142 36.4979 488.429 53.0438 435.385 34.7108 4.93243 12.9892 29.7784 11.4202 8.70709
internal_count=19940 16701 16455 14206 12982 1224 3239 1406 139 119 1267 241 1026 1833 2249 267 1982 1794 213 246 1581 225 190
is_linear=0
shrinkage=0.05


Tree=53
num_leaves=27
num_cat=0
split_feature=4 4 3 2 1 3 0 4 4 3 3 1 1 1 3 3 4 3 0 0 0 2 2 0 1 1
split_gain=12.7409 4.88543 6.20666 4.96155 4.80069 4.59658 4.07684 3.40755 8.14911 5.48063 5.31982 3.34992 4.84103 3.24928 3.23248 4.30997 9.08004 3.64068 3.3711 5.13677 3.18436 2.6273 1.52645 1.16036 0.569137 0.000639434
threshold=2.7184723237138066 11.838190580854148 1.8086329754440509 0.0092753874489467387 -0.0033012612298909945 0.94645867232731928 89.237613745070249 2.008083341211393 2.0618649347840248 0.39977989041944489 0.54172770048136287 -2.5079984250608863e-05 -7.563950568567622e-05 0.00026948981201724292 0.66981276461679384 0.83639248267624189 17.54696225063697 0.8865355554072748 30.004789006629924 63.123028541966214 58.265904255979358 -0.0032497577902085291 -0.0016542166552384605 82.181379760210874 0.0009392061869187841 -0.00081022396676816422
decision_type=2 2 2 2 2 2 2 2 2 2 2 2 2 2 2 2 2 2 2 2 2 2 2 2 2 2
left_child=5 2 3 4 -2 7 -5 11 9 -9 -10 12 -1 20 18 16 -16 -17 -3 -20 -4 -13 -7 25 -15 -24
right_child=1 14 13 6 -6 22 -8 8 10 -11 -12 21 -14 24 15 17 -18 -19 19 -21 -22 -23 23 -25 -26 -27
leaf_value=-0.01387370527750802 0.014772351745473694 0.029566902663020197 -0.019615454822253915 -0.036049883131139618 -0.00047262396814996496 0.03850637965546716 0.028554397426174445 0.13505835386308349 0.0057780936998901786 0.022199078769582513 -0.025128085066446829 0.027741420870765789 0.054066011102572413 -0.056931650129846828 0.010276874261197454 -0.021433176939626365 0.084394218775617105 0.005472633959223319 -0.044729705348548587 0.021587889522726774 0.039843782068571282 -0.033806748326179643 -0.052674473668969983 0.011210590916488201 -0.032140087704728114 -0.051101296271401031
leaf_weight=35.354681369848549 54.3514723777771 3.3238206058740642 17.047902937978513 15.51777681335807 1035.321879805997 0.54528801329433818 2.8980253376066676 1.5945384632796038 30.542179090902209 3.3060520067811012 25.58866542391479 1.8335727807134379 2.8320143213495603 5.8640957083553058 19.11427111923695 12.913519084453581 5.2720019966363898 476.45371109992266 10.479519467800854 4.0477697029709807 2.5944584365934125 31.889962607063353 0.68836189992725572 0.79803480766713697 3.8249957747757435 10.476639981381593
leaf_count=1196 224 16 144 150 11160 11 33 39 690 100 821 39 131 61 115 81 28 2466 72 30 34 1695 16 31 33 524
internal_value=-0.000135587 0.00110127 -0.000748095 -0.000147174 0.000287775 -0.0143284 -0.0258834 -0.011602 -0.00291279 0.0589209 -0.00831127 -0.0189766 -0.00883514 -0.0234498 0.00505818 0.00578495 0.0263001 0.00476264 -0.0158583 -0.0262515 -0.0117618 -0.0304603 -0.043306 -0.0470351 -0.0471446 -0.0511983
internal_weight=1814.48 1669.03 1137.42 1108.09 1089.67 145.45 18.4158 132.942 61.0314 4.90059 56.1308 71.9102 38.1867 29.3315 531.605 513.754 24.3863 489.367 17.8511 14.5273 19.6424 33.7235 12.5083 11.963 9.68909 11.165
internal_count=19940 14647 11839 11567 11384 5293 183 4711 1650 139 1511 3061 1327 272 2808 2690 143 2547 118 102 178 1734 582 571 94 540
is_linear=0
shrinkage=0.05


Tree=54
num_leaves=28
num_cat=0
split_feature=4 3 1 4 3 1 3 2 2 1 0 2 2 3 0 0 2 2 4 1 3 3 1 3 2 1 1
split_gain=11.7302 6.16276 4.98577 5.77715 6.95708 5.54608 10.6179 3.82748 3.71814 3.19338 4.06416 9.00823 13.0947 5.5497 6.46908 4.63282 2.66145 5.36611 2.17895 1.24784 0.996783 1.47844 1.36018 0.532067 2.17855 0.813645 0.00114474
threshold=2.008083341211393 0.21390322778372908 -0.00012991634291498186 3.9537886936664735 1.129519847328271 -0.0001914976312956673 0.52112738345944065 -0.0076584371269242104 -0.00044898077642013806 -2.5079984250608863e-05 65.878480729934665 0.0022012419107794172 0.0011488511347256261 0.11025793356640286 45.691927359944408 46.097776448429308 -0.0006788388872364658 -0.00075262366522088609 1.3835442926579018 0.0019360843186112533 0.65062283138616883 0.70003806204533003 0.00067220109020060825 0.16597543403440657 -0.0033343974196541333 0.00091587816617555451 -0.00048539441251455035
decision_type=2 2 2 2 2 2 2 2 2 2 2 2 2 2 2 2 2 2 2 2 2 2 2 2 2 2 2
left_child=9 19 5 4 -4 7 -7 -3 -5 10 13 12 -12 14 -1 -15 17 18 -11 23 22 -22 -18 24 -2 -25 -13
right_child=1 2 3 8 -6 6 -8 -9 -10 16 11 26 -14 15 -16 -17 20 -19 -20 -21 21 -23 -24 25 -26 -27 -28
leaf_value=-0.056101034972897049 0.012970813430091686 0.012562619738978837 -0.0074539663546067704 -0.0066893972802121509 -0.0426797595477032 0.11019340879980007 0.01349969967282868 0.0016951256369236182 0.0020453672062847052 -0.0517229370863177 -0.051140252319932945 -0.053926336702861101 0.15384317294455763 -0.007966916144225511 0.082393046012034801 -0.048294453041086927 -0.050932668854978783 0.15775477269322713 0.0065721315758266981 0.0074659041959256505 0.026885332159711586 -0.032731740045358303 -0.020756846095751673 -0.056903658253572013 -0.058229586043896157 -0.011863931856017616 -0.051269177361452957
leaf_weight=1.2228893376886838 1.9476063065230844 89.26245328783989 96.485655860975385 166.01264232397079 16.399000095203519 3.3310376927256611 19.224731249734759 877.46703534387052 457.80158823356032 2.5714154420420527 1.214739061892032 0.55248912610113654 2.172514459118247 18.195225993171338 2.7155354022979736 11.701791715808211 15.344678684137767 0.47891400009393592 4.2561652306467295 1.5853033587336529 1.2831994853913773 5.4854028075933456 4.9355016853660336 5.5295703578740358 2.3960577100515348 1.2248403858393428 1.521801186725497
leaf_count=24 32 411 2576 1652 549 50 273 6385 4559 110 66 12 59 611 38 530 893 25 172 21 70 318 245 115 50 28 66
internal_value=-0.000131696 0.000696227 0.000951408 -0.0021627 -0.0125713 0.00327042 0.0277794 0.00269857 -0.000279173 -0.019676 -0.00994138 0.0300811 0.0803319 -0.0164016 0.0393903 -0.0237512 -0.0308109 -0.00403451 -0.0153831 -0.0340294 -0.0380438 -0.0214295 -0.0435889 -0.0399568 -0.0263048 -0.0487362 -0.0519769
internal_weight=1812.32 1738.67 1725.98 736.699 112.885 989.285 22.5558 966.729 623.814 73.6523 39.297 5.46154 3.38725 33.8354 3.93842 29.897 34.3553 7.30649 6.82758 12.6834 27.0488 6.7686 20.2802 11.0981 4.34366 6.75441 2.07429
internal_count=19940 16701 16455 9336 3125 7119 323 6796 6211 3239 1406 203 125 1203 62 1141 1833 307 282 246 1526 388 1138 225 82 143 78
is_linear=0
shrinkage=0.05


Tree=55
num_leaves=27
num_cat=0
split_feature=4 3 4 3 0 3 4 3 4 1 1 2 0 4 3 0 2 2 4 1 3 1 3 3 2 1
split_gain=10.8403 5.72067 4.58401 7.96088 8.1999 5.11501 4.84711 4.69491 3.51273 3.04546 3.87853 6.25549 9.50339 4.08363 11.7454 3.74595 2.57606 4.21868 2.08563 1.19 0.995313 1.37582 1.37103 0.52746 2.0817 0.807124
threshold=2.008083341211393 0.21390322778372908 5.9329382855178734 0.57315592970019524 89.237613745070249 1.6064300583845952 6.1406699694367921 1.5851166301831336 7.0304448466795106 -2.5079984250608863e-05 -7.563950568567622e-05 -0.00082711968594051377 71.123078735295209 0.95858687039211687 0.48339877322921887 65.878480729934665 -0.0006788388872364658 -0.00075262366522088609 1.3835442926579018 0.0019360843186112533 0.65062283138616883 0.00067220109020060825 0.70003806204533003 0.16597543403440657 -0.0033343974196541333 0.00091587816617555451
decision_type=2 2 2 2 2 2 2 2 2 2 2 2 2 2 2 2 2 2 2 2 2 2 2 2 2 2
left_child=9 19 3 4 -3 -5 7 -4 -8 10 13 -12 -13 14 -1 -15 17 18 -11 23 21 -18 -22 24 -2 -25
right_child=1 2 6 5 -6 -7 8 -9 -10 16 11 12 -14 15 -16 -17 20 -19 -20 -21 22 -23 -24 25 -26 -27
leaf_value=0.0016927894638095278 0.012214115559711166 0.005372874095510744 0.015935821229833398 -0.0056267021205587114 0.11389045817653071 -0.034651605909479542 -0.0060827410063913796 0.088625113526154584 0.0030024741631533179 -0.051639786265243875 0.18516374731238047 -0.051001472453198506 0.16779076266774537 -0.03096357622711661 0.2539793239690844 0.021000461362303813 -0.050886512891926305 0.12835761475870541 0.0062048859890487399 0.0070491847399879043 0.024874151154809034 -0.020124490264822267 -0.032117165985704924 -0.056638033764056989 -0.05793957542549593 -0.011394795730418787
leaf_weight=7.5393607830628735 1.9644071888178585 153.36757055297494 33.266506537795067 364.2718609161675 1.7607843782752741 15.839058341458438 118.56351718306541 2.3803468719124785 1036.5021426528692 2.4498452702537179 0.62577771022915873 1.8264167215675109 0.68150486424565304 23.688247438520197 0.49140966683626164 4.0629935432225457 14.609215120784944 0.55683082900941272 4.2819857848808169 1.5948172882199276 1.3167023956775654 4.838564039207994 5.3152079228311777 5.2839364856481552 2.2903217673301679 1.2118435949087141
leaf_count=219 32 2330 285 6078 24 317 1085 23 6313 110 17 102 20 882 22 144 893 25 172 21 70 245 318 115 50 28
internal_value=-0.000128815 0.00066012 0.000902708 -0.00294062 0.0066046 -0.00683616 0.00263033 0.0207897 0.00206991 -0.0191013 -0.00959782 0.0437412 0.00845333 -0.0142691 0.0171304 -0.0233556 -0.0301846 -0.00390562 -0.0148459 -0.0332551 -0.0375289 -0.043233 -0.0208021 -0.0392342 -0.0255496 -0.0481975
internal_weight=1810.58 1738.3 1725.95 535.239 155.128 380.111 1190.71 35.6469 1155.07 72.2841 38.9157 3.1337 2.50792 35.782 8.03077 27.7512 33.3684 7.28866 6.73183 12.3453 26.0797 19.4478 6.63191 10.7505 4.25473 6.49578
internal_count=19940 16701 16455 8749 2354 6395 7706 308 7398 3239 1406 139 122 1267 241 1026 1833 307 282 246 1526 1138 388 225 82 143
is_linear=0
shrinkage=0.05


Tree=56
num_leaves=26
num_cat=0
split_feature=4 3 1 3 4 1 0 1 4 4 3 2 4 2 2 3 4 0 0 3 2 0 1 1 1
split_gain=10.0436 4.51519 4.02893 4.33705 3.71494 5.18777 3.85962 3.0034 3.55175 6.57001 3.01299 5.89306 2.94226 4.42854 5.88917 4.31451 2.98832 2.83111 2.44588 2.43663 1.45808 1.19315 0.000765318 0.000583626 0.000540134
threshold=2.7184723237138066 0.94645867232731928 -0.0028141598191176449 0.18571092961600949 14.820493208258467 0.0042805585062242199 86.595548795444543 -0.0011657994260315661 1.5716204059623082 1.6190510504815439 0.42464186459943393 -0.00012094148667357584 9.7887552876326236 -0.0035278617360998683 -0.0017929532601530516 0.51511783619535667 10.411254825505496 45.464525170834158 55.263841359215085 1.8754374664996203 -0.0016542166552384605 82.181379760210874 -0.00016439546113417022 0.0013901468532704355 -0.00081022396676816422
decision_type=2 2 2 2 2 2 2 2 2 2 2 2 2 2 2 2 2 2 2 2 2 2 2 2 2
left_child=1 7 12 22 5 -5 -6 10 18 -10 17 -12 13 15 -15 -2 -14 -1 -9 -18 -3 24 -4 -24 -22
right_child=2 20 3 4 6 -7 -8 8 9 -11 11 -13 16 14 -16 -17 19 -19 -20 -21 21 -23 23 -25 -26
leaf_value=0.040667932851938662 0.045897580442960079 0.036048583022442619 -0.054781806774346145 -0.00066495757052571075 0.0067817628842810895 -0.03249915810039871 -0.038887894743781862 -0.015156378812633315 0.058531114090026384 -0.010457761198355321 -0.060471734575616713 0.036603097637712016 -0.024675190660246905 0.055212371171269703 0.0083799581828391482 -0.0048445606336171045 0.0071440772781618204 -0.0099916936637252964 -0.041307249745359514 -0.015944567761711367 -0.052519285129750487 0.013272141817559447 -0.052620567447686839 -0.05420228139835738 -0.051032131429606144
leaf_weight=7.9035229198634642 5.0421458482742336 0.55964802578091521 1.3477548994123938 1188.7727119941264 230.39386119693518 12.936993740499018 4.7210517153143874 21.392850533127785 3.6305209994316092 69.799739283509552 3.6946877408772707 2.7101981975138179 8.7064802348613721 13.390232950448992 13.460988104343413 24.76515357196331 150.46724277734756 4.2359670624136925 15.362108753062783 12.366138041019438 0.65149258077144345 0.77288006618619043 1.3748346734791987 1.0128489322960375 9.7184189502149803
leaf_count=46 22 11 20 12225 1230 150 36 1021 145 2524 47 19 36 55 57 101 616 27 882 52 16 31 31 16 524
internal_value=-0.000125877 -0.012968 0.000954831 -2.29881e-05 0.000116897 -0.00100767 0.00586473 -0.0102648 -0.0133979 -0.00704683 0.00835148 -0.019395 0.00712756 0.0170064 0.0317345 0.00373888 0.00386466 0.0229907 -0.0260864 0.00539064 -0.0427035 -0.0466588 -0.0538292 -0.0532915 -0.0511256
internal_weight=1809.19 140.432 1668.76 1440.56 1436.82 1201.71 235.115 128.73 110.185 73.4303 18.5444 6.40489 228.198 56.6585 26.8512 29.8073 171.54 12.1395 36.755 162.833 11.7024 11.1428 3.73544 2.38768 10.3699
internal_count=19940 5293 14647 13708 13641 12375 1266 4711 4572 2669 139 66 939 235 112 123 704 73 1903 668 582 571 67 47 540
is_linear=0
shrinkage=0.05


Tree=57
num_leaves=26
num_cat=0
split_feature=4 3 1 4 1 1 3 1 2 1 4 3 0 0 0 2 4 4 0 3 2 2 1 1 1
split_gain=9.4177 5.12065 4.29723 4.99496 6.6883 4.97136 8.22864 3.55311 3.4201 2.97782 4.77565 3.15776 6.65567 3.05196 5.47257 3.01676 2.70876 3.51348 2.47562 1.73365 7.26658 2.16804 1.17585 0.569061 0.745135
threshold=2.008083341211393 0.21390322778372908 -0.00012991634291498186 3.9537886936664735 0.00076567360544088647 -0.0001914976312956673 0.52112738345944065 -0.00027464847276925658 -0.00044898077642013806 -0.00029141901618823235 0.95858687039211687 0.11025793356640286 26.456658120336645 65.878480729934665 72.542527008065989 -0.0024099914438584498 1.7071699481283129 1.3835442926579018 41.193101308429753 0.60256822568026525 0.0011488511347256261 -0.0006788388872364658 0.0019360843186112533 -0.0028141598191176449 0.00019002856358751877
decision_type=2 2 2 2 2 2 2 2 2 2 2 2 2 2 2 2 2 2 2 2 2 2 2 2 2
left_child=9 22 5 4 -4 7 -7 -3 -5 10 11 -1 -13 18 -15 16 17 -11 -12 21 -21 -17 23 -2 -25
right_child=1 2 3 8 -6 6 -8 -9 -10 15 13 12 -14 14 -16 19 -18 -19 -20 20 -22 -23 -24 24 -26
leaf_value=0.079800369184079109 -0.0058213762858209759 0.0029629923185218341 -0.020815636483729465 -0.0064937944071397809 0.0049577105378647082 0.094683304744921634 0.012940399847128359 -0.014866727242931308 0.001893384871851987 -0.013517205280818748 -0.0046962702358734239 0.13121356150111196 -0.034572314026997189 0.11027312002519121 -0.05249983780516846 -0.0087332083122348032 -0.052754894561060285 0.10574095916062201 -0.042740550738275859 -0.034538719969865496 0.058468013326187299 -0.042588186356518266 0.0080722290852529178 -0.054668496675822645 -0.025531053201228511
leaf_weight=2.3833703622221973 1.1862630993127812 938.31819815561175 72.317862499505281 165.39317170903087 38.61130796186626 3.6613750271499184 19.345919065177441 28.799757946282625 458.49883920885623 1.2181094475090501 8.8051516432315164 0.79235455393791232 2.5656748935580254 1.2059232927858823 0.90307290665805329 5.8948347186669698 0.94055490009486664 1.252741305157542 8.3133055334910733 9.2140933284535986 2.7200736431404939 23.909563688561324 1.5710115879774083 5.3198324628174287 3.7344709653407335
leaf_count=27 5 6376 2279 1652 846 50 273 420 4559 31 248 12 86 28 29 297 29 29 287 609 99 1428 21 116 104
internal_value=-0.000121397 0.000603917 0.000828578 -0.0020683 -0.0118447 0.0029785 0.0259489 0.00243204 -0.000330048 -0.0180865 -0.00423074 0.0357857 0.00454622 -0.0161798 0.0405737 -0.0257491 0.0194588 0.0469476 -0.0231719 -0.029444 -0.0133403 -0.0358922 -0.0322054 -0.0383844 -0.0426507
internal_weight=1806.88 1736.76 1724.95 734.821 110.929 990.125 23.0073 967.118 623.892 70.1188 24.9689 5.7414 3.35803 19.2275 2.109 45.15 3.41141 2.47085 17.1185 41.7386 11.9342 29.8044 11.8116 10.2406 9.0543
internal_count=19940 16701 16455 9336 3125 7119 323 6796 6211 3239 717 125 98 592 57 2522 89 60 535 2433 708 1725 246 225 220
is_linear=0
shrinkage=0.05


Tree=58
num_leaves=27
num_cat=0
split_feature=4 3 1 4 3 1 3 2 0 1 4 2 0 2 0 3 0 4 4 0 3 2 2 1 1 1
split_gain=8.69175 4.75262 3.87645 4.57336 6.63322 4.36221 6.63556 3.29672 3.16505 2.80671 4.2754 2.81002 2.7406 4.87215 2.73197 7.70769 5.28123 2.41612 4.51612 2.37733 1.68609 6.49876 2.13289 1.12051 0.55734 0.744499
threshold=2.008083341211393 0.21390322778372908 -0.00012991634291498186 3.9537886936664735 1.129519847328271 -0.0001914976312956673 0.52112738345944065 -0.0076584371269242104 48.071040370074755 -0.00029141901618823235 0.95858687039211687 -0.0024099914438584498 65.878480729934665 0.0023337799889455728 45.867327832952007 0.11025793356640286 26.456658120336645 1.7071699481283129 1.2489214260177095 41.193101308429753 0.60256822568026525 0.0011488511347256261 -0.0006788388872364658 0.0019360843186112533 -0.0028141598191176449 0.00019002856358751877
decision_type=2 2 2 2 2 2 2 2 2 2 2 2 2 2 2 2 2 2 2 2 2 2 2 2 2 2
left_child=9 23 5 4 -4 7 -7 -3 -5 10 14 17 19 -14 16 -16 -1 18 -11 -12 22 -22 -13 24 -2 -26
right_child=1 2 3 8 -6 6 -8 -9 -10 11 12 20 13 -15 15 -17 -18 -19 -20 -21 21 -23 -24 -25 25 -27
leaf_value=0.087714720199511903 -0.0055346146338870732 0.011452102225096922 -0.0064333229631231455 -0.0062227544986052478 -0.041916109168517589 0.083232250437812613 0.012168550157217815 0.0013769847396283208 0.0018330481393491458 -0.053018721677238728 -0.0044771586659645675 -0.0083679109214874967 0.099374729823730648 -0.052686919588526296 0.13961134825951543 -0.01935198850029652 -0.055132412758339723 -0.052623452183560598 0.088481834824556127 -0.042141427473362712 -0.033957328387630013 0.05253316909749195 -0.042198320699376388 0.0076177933532607899 -0.054448042941912356 -0.024841972686673302
leaf_weight=1.0235312115401058 1.1853634268045414 89.461413085460663 94.408794431947172 166.22906783223152 15.306827634572981 3.9487529546022442 19.53924398869276 878.53783370740712 457.50467870570719 0.83387251570820797 8.7750607728958183 5.8458425570279351 1.2871615514159196 0.89169786311686028 1.643111748620868 1.4229168267920611 1.7590551199391482 0.89686184562742699 1.7415736205875871 8.0174612523987872 8.911006114445625 2.8718139640986911 22.948350389488045 1.5812227502465237 5.0803527627140266 3.6483766250312328
leaf_count=14 5 411 2576 1699 549 50 273 6385 4512 22 248 297 27 30 14 53 44 29 38 287 609 99 1428 21 116 104
internal_value=-0.000118386 0.000572542 0.000786083 -0.00196979 -0.0113837 0.00282473 0.0241156 0.00230812 -0.000313875 -0.0175391 -0.00409208 -0.0251159 -0.0156143 0.0371435 0.0332829 0.0658379 -0.00258831 0.0180545 0.0426671 -0.0224597 -0.0288101 -0.0128771 -0.03533 -0.0314705 -0.0377048 -0.0420735
internal_weight=1805.3 1736.43 1724.94 733.449 109.716 991.487 23.488 967.999 623.734 68.8693 24.82 44.0493 18.9714 2.17886 5.84861 3.06603 2.78259 3.47231 2.57545 16.7925 40.577 11.7828 28.7942 11.4953 9.91409 8.72873
internal_count=19940 16701 16455 9336 3125 7119 323 6796 6211 3239 717 2522 592 57 125 67 58 89 60 535 2433 708 1725 246 225 220
is_linear=0
shrinkage=0.05


Tree=59
num_leaves=25
num_cat=0
split_feature=4 3 3 4 4 0 4 3 0 0 1 1 4 4 1 1 2 4 0 3 0 1 4 1
split_gain=8.04262 4.83169 8.75384 4.35551 5.66528 4.30665 5.03692 6.47887 4.34966 3.90676 5.79044 7.26708 3.86705 4.46147 3.26947 2.69558 2.14423 3.35832 2.96206 2.116 1.39782 0.00185811 0.00038839 9.17758e-05
threshold=5.1288998867740583 1.6064300583845952 1.5937785144637018 2.008083341211393 2.0618649347840248 71.419548342240944 8.4794058532507055 0.41816582488526494 79.36920245890245 70.559804880815008 0.0022650714924402631 0.00064537504043094007 9.7887552876326236 10.313492632118455 0.0028578028094861101 -2.5079984250608863e-05 -0.010007341424341952 7.1847040352267824 11.327791048878732 1.8268245631140034 79.36920245890245 -0.0004040532531907059 4.1838829826740627 -0.00065072070038890695
decision_type=2 2 2 2 2 2 2 2 2 2 2 2 2 2 2 2 2 2 2 2 2 2 2 2
left_child=1 2 3 15 -5 9 7 20 -9 16 11 -11 14 -14 -8 -1 17 -2 -18 21 -7 23 -23 -3
right_child=5 19 -4 4 -6 6 12 8 -10 10 -12 -13 13 -15 -16 -17 18 -19 -20 -21 -22 22 -24 -25
leaf_value=-0.0079745541634298825 0.05790695558649759 -0.05396086102678127 0.14089675006131763 0.047303715004107461 -0.0039670449688878895 0.073225720805672898 0.035122399636771467 -0.038649998424291898 -0.0053566282035621563 0.014998516782864572 -0.019431861450376064 0.11491648209307195 -0.049431521826751756 -0.001013531286699962 -0.022596496092017374 -0.028054491410508239 -0.022033705993352758 0.0088803031816300018 0.0024026254796988755 0.011617192585920052 0.013645274225683769 -0.051422255189644717 -0.052312863184748475 -0.053344135847517328
leaf_weight=37.247543295845389 3.7439187690615645 1.1972698494791987 1.0272281765937794 5.4605175880715242 405.29860181175172 1.8190616555511945 12.059835895895956 25.649450473487377 15.886364638805388 4.2566827163100225 3.6149168685078621 3.1786425709724426 5.1097519323229781 69.071553193032742 3.0800947695970526 30.317317172884941 12.542427800595759 52.115675389766693 1100.8636761009693 1.5495644202455876 2.1455279998481274 1.9914553631097058 3.1771447286009789 1.2158040665090082
leaf_count=1406 27 18 19 158 7328 19 99 307 192 28 28 29 45 474 38 1828 65 243 7352 35 24 79 77 22
internal_value=-0.000115292 -0.00559374 -0.00490741 -0.00522053 -0.00328547 0.00191957 -0.00654634 -0.0200871 -0.0259162 0.00288659 0.0324769 0.057714 0.000351339 -0.00434866 0.02338 -0.0169847 0.00260694 0.0121663 0.00212735 -0.0416231 0.0409824 -0.0525046 -0.0519697 -0.0536501
internal_weight=1803.62 488.482 479.351 478.324 410.759 1315.14 134.822 45.5004 41.5358 1180.32 11.0502 7.43533 89.3212 74.1813 15.1399 67.5649 1169.27 55.8596 1113.41 9.13124 3.96459 7.58167 5.1686 2.41307
internal_count=19940 10970 10739 10720 7486 8970 1198 542 499 7772 85 57 656 519 137 3234 7687 270 7417 231 43 196 156 40
is_linear=0
shrinkage=0.05


Tree=60
num_leaves=23
num_cat=0
split_feature=4 3 1 1 4 2 3 3 0 2 2 2 2 2 3 4 4 0 1 4 1 1
split_gain=7.36073 4.42696 3.49259 4.24793 3.03673 2.70207 4.01158 6.53127 4.98137 2.93644 2.63425 6.88905 4.6806 2.25774 1.55143 1.07404 1.85033 1.25063 0.0259624 0.0252955 2.51025e-05 8.86577e-06
threshold=2.008083341211393 0.21390322778372908 -0.00039169728152993461 -0.00036891256272419953 14.007731944767022 0.0027103900564771082 0.23956350292302997 0.23105336056981915 39.042599246802887 -0.0027588500398569855 0.0016653765373764175 0.0033223546368336136 0.00022029854454641565 0.0011488511347256261 1.1981369870439715 4.2171041714316209 3.3014678483179192 50.006500084746456 -0.00087004500964227283 6.0839130440603055 -0.00042606744334322538 0.0014634769154316942
decision_type=2 2 2 2 2 2 2 2 2 2 2 2 2 2 2 2 2 2 2 2 2 2
left_child=5 15 10 14 -5 6 7 8 -1 -8 12 -12 -3 -11 -4 16 17 -2 -7 -17 -20 -22
right_child=1 2 3 4 -6 18 9 -9 -10 13 11 -13 -14 -15 -16 19 -18 -19 20 -21 21 -23
leaf_value=-0.038773091448782292 -0.010336278334544704 0.0024307591728856162 -0.05593707239506493 -0.0027616115842732324 0.0048329489727702377 -0.0621184590437363 0.048427240108262631 0.15279863603347599 0.019328246065681787 -0.029873371561476944 -0.018550613286765737 0.0072056105888056669 0.014135010064671114 -0.001594805490590487 -0.01424407480163911 -0.053519650963438838 0.022856890253607928 -0.053758887370842084 -0.051310520589231114 -0.063185729413765143 -0.050933400378722064 -0.051193562079034874
leaf_weight=5.4879423137754264 3.0201413575559837 690.97395915538073 4.6422946061938983 657.91020576283336 164.54572609812021 0.6001715026795863 1.4474077634513367 0.73267688788473506 11.254496878013013 33.891145055182278 47.816510273143649 56.802643163129687 97.468170573934913 8.9149478441104275 4.2960700020194054 1.3929059989750379 1.8054195493459699 3.6770729329437017 0.59103268012404431 1.3165783695876596 3.2897733328863974 0.36366883106529702
leaf_count=142 70 4317 73 9613 997 6 28 35 417 1999 332 338 742 381 43 26 26 109 25 15 189 17
internal_value=-0.000112061 0.000513746 0.00071736 -0.00161478 -0.0012422 -0.0164278 -0.0136058 0.00667791 0.000283423 -0.0216156 0.00288847 -0.00456635 0.00387765 -0.023984 -0.0358981 -0.0308026 -0.0220668 -0.0341773 -0.0523846 -0.0582165 -0.0510082 -0.0509593
internal_weight=1802.24 1735.67 1724.46 831.394 822.456 66.5733 61.7286 17.4751 16.7424 44.2535 893.061 104.619 788.442 42.8061 8.93836 11.2121 8.50263 6.69721 4.84465 2.70948 4.24447 3.65344
internal_count=19940 16701 16455 10726 10610 3239 3002 594 559 2408 5729 670 5059 2380 116 246 205 179 237 41 231 206
is_linear=0
shrinkage=0.05


Tree=61
num_leaves=24
num_cat=0
split_feature=4 3 3 2 4 4 3 3 3 2 1 2 3 4 1 0 2 0 3 3 1 4 1
split_gain=6.88553 4.61113 7.02731 3.87744 3.67997 4.96102 3.62189 4.05002 4.57657 3.45911 5.62183 2.97939 6.92565 4.54632 3.95041 3.80808 2.63769 2.50561 2.06524 0.525212 0.00162251 0.00032983 7.93977e-05
threshold=5.1288998867740583 1.6064300583845952 1.5937785144637018 0.0092753874489467387 2.008083341211393 2.0618649347840248 0.76502232184978658 0.8605854836027621 0.98870019231091832 0.015423074409669392 0.0019360843186112533 0.0076924297499956227 0.42464186459943393 7.7236122738242168 0.0042805585062242199 67.787540927993788 0.0027103900564771082 84.931954195854203 1.8268245631140034 0.6363519360437081 -0.0004040532531907059 4.1838829826740627 -0.00065072070038890695
decision_type=2 2 2 2 2 2 2 2 2 2 2 2 2 2 2 2 2 2 2 2 2 2 2
left_child=1 2 4 11 16 -6 9 -8 -9 19 -11 14 -13 -14 17 -16 -1 -2 20 -5 22 -22 -3
right_child=3 18 -4 6 5 -7 7 8 -10 10 -12 12 13 -15 15 -17 -18 -19 -20 -21 21 -23 -24
leaf_value=-0.01307990998076005 0.0025348459919195179 -0.053767188252223867 0.11855286292757326 -0.054172348676926219 0.04334081643558943 -0.0037319883295712955 0.052095724401508829 -0.060565314212240706 0.0010054779477354024 0.0453173698614842 -0.056529177202546257 0.09985763225736663 -0.041826688232671494 0.021148316050589103 -0.00096373865261936513 -0.037121832124947594 -0.052275772282120971 -0.03033600715435222 0.010999276274137069 -0.031029627704983822 -0.051347112266116192 -0.05218925243041464 -0.05318091028944353
leaf_weight=60.897607482038438 1214.3645166233182 1.1468293294310572 1.1566496957093466 7.7617368288338202 5.6759300772100678 403.51965124160051 3.1226681023836163 3.5761075913906124 19.341330043971539 3.1410822942852965 2.3828243426978588 2.4327967911958721 3.4382340759038952 17.217137023806572 17.517826784402136 12.461785688996313 4.6176975937560192 5.8251882418990126 1.5636986792087553 3.5834174156188965 1.8900617528706769 3.021176278591156 1.1632271800190208
leaf_count=2997 8155 18 19 70 158 7328 27 27 124 20 27 21 38 121 141 98 237 68 35 33 79 77 22
internal_value=-0.000108283 -0.00520328 -0.00454062 0.00176785 -0.00484055 -0.00307904 -0.0130154 -0.00132346 -0.00860222 -0.0310638 0.00138425 0.00226605 0.0200638 0.0106657 0.00193736 -0.0159938 -0.0158425 0.00237792 -0.041098 -0.0468626 -0.0523792 -0.0518652 -0.053472
internal_weight=1800.82 484.653 475.868 1316.17 474.711 409.196 42.9092 26.0401 22.9174 16.8691 5.52391 1273.26 23.0882 20.6554 1250.17 29.9796 65.5153 1220.19 8.78499 11.3452 7.22129 4.91124 2.31006
internal_count=19940 10970 10739 8970 10720 7486 328 178 151 150 47 8642 180 159 8462 239 3234 8223 231 103 196 156 40
is_linear=0
shrinkage=0.05


Tree=62
num_leaves=28
num_cat=0
split_feature=4 1 1 2 4 2 1 2 0 1 1 4 1 3 3 0 0 4 0 0 2 2 3 3 1 0 1
split_gain=6.33591 4.69633 7.13725 4.25273 4.45007 4.40271 4.77929 4.07386 3.61947 3.47008 6.5441 5.96491 3.36897 5.65876 10.1498 5.37479 5.89705 3.31131 3.2859 3.79916 2.9702 11.3554 3.20047 2.01165 0.470073 0.405104 0.00735089
threshold=4.1838829826740627 -0.00012025002761290037 0.00076567360544088647 0.0092753874489467387 8.7516721802854907 0.0086143231607221944 0.0018218882655330895 -0.0028366118781384948 38.113296180472389 0.00061011342022609949 0.00059889105325716685 6.9627870601898936 -0.00020504286119077395 0.36424285258665118 0.43653637874346146 55.263841359215085 52.05477977320318 2.6584425409341335 66.856048244747043 71.419548342240944 -0.00087594497056303611 -0.0015350485347993546 0.23956350292302997 0.65062283138616883 -0.00016439546113417022 89.237613745070249 -9.0696767733322567e-05
decision_type=2 2 2 2 2 2 2 2 2 2 2 2 2 2 2 2 2 2 2 2 2 2 2 2 2 2 2
left_child=1 12 7 5 25 9 -7 17 -9 10 -2 -11 15 24 -15 16 -1 -3 -6 -20 21 -4 -22 -17 -14 26 -5
right_child=3 2 20 4 18 6 -8 8 -10 11 -12 -13 13 14 -16 23 -18 -19 19 -21 22 -23 -24 -25 -26 -27 -28
leaf_value=-0.0010018515094856017 0.0028631439291996676 0.054461910107593374 -0.0099383285827814912 -0.058940794468652358 -0.050689012808213224 -0.0093945678568701611 0.072310493878723722 -0.047779770040362719 -0.01878481187734013 -0.01387001152552603 0.076971287772567329 0.00096339842901755094 -0.052717356255078389 0.16848210613458112 0.021832421751971861 -0.012094964823547697 0.041037279450916037 -0.014230110147725844 0.047320976744365556 -0.007647068746092338 0.042221418047600594 0.11489386949164888 -0.0065060716099858175 -0.038747952251921597 -0.01314244592761302 -0.029373548382484044 -0.055027095309925701
leaf_weight=117.62975888419896 1034.0856636427343 3.214920060709118 5.6951928418129683 1.7694064043462274 3.8300500661134711 2.9591530114412299 4.5292641222476959 12.224404121749101 90.042594828642905 88.624974805861712 2.9875225313007823 288.06265635415912 1.8263787943869831 1.3488838365301479 9.4163035685196501 21.152099436149005 8.9786806525662524 3.8617745004594326 3.521299183368682 29.295073542743921 3.673843663185834 2.6785406144335848 40.719427446834743 10.640921848826109 1.2736011166125525 1.8752248249948023 3.7269133590161792
leaf_count=2001 6810 76 106 17 25 24 38 460 3802 1362 37 2237 61 42 289 497 170 76 23 212 118 59 1000 282 46 22 48
internal_value=-0.000105043 -0.00631546 -0.0124238 0.00131219 -0.0139939 0.00178624 0.0400236 -0.0197119 -0.0222507 0.0015837 0.00307663 -0.00252652 -0.00056721 0.0230667 0.0402077 -0.00263593 0.00197943 0.0169765 -0.00686374 -0.00174883 0.00267854 0.0299923 -0.00247354 -0.0210156 -0.0364583 -0.0494406 -0.056287
internal_weight=1799.64 334.377 162.111 1465.27 44.018 1421.25 7.48842 109.344 102.267 1413.76 1037.07 376.688 172.267 13.8652 10.7652 158.401 126.608 7.07669 36.6464 32.8164 52.767 8.37373 44.3933 31.793 3.09998 7.37154 5.49632
internal_count=19940 9085 5697 10855 347 10508 62 4414 4262 10446 6847 3599 3388 438 331 2950 2171 152 260 235 1283 165 1118 779 107 87 65
is_linear=0
shrinkage=0.05


Tree=63
num_leaves=25
num_cat=0
split_feature=4 3 2 1 4 3 1 4 1 0 0 3 3 2 0 1 3 4 0 4 2 0 4 1
split_gain=5.99735 4.59391 3.28421 3.83032 4.21327 7.41047 3.73318 3.57961 3.31801 7.07967 2.44434 2.8295 7.458 3.04356 2.50359 4.7599 2.07778 3.68902 1.59972 1.4873 1.3898 1.19169 0.950002 0.000470557
threshold=2.7184723237138066 0.94645867232731928 0.01098093707798087 0.005734181973295561 14.530678980507536 1.255852180594675 -0.0033012612298909945 36.295067432203275 0.0050906230902586511 78.881313474917889 21.596586066379746 0.34968958533531597 0.27177681228135631 -0.001746860221591706 38.368223451502743 -0.00087004500964227283 0.8605854836027621 9.5875212864267656 77.869255751271183 2.2985958181456949 -0.0016542166552384605 82.181379760210874 21.559274527434912 -0.00081022396676816422
decision_type=2 2 2 2 2 2 2 2 2 2 2 2 2 2 2 2 2 2 2 2 2 2 2 2
left_child=1 10 3 4 6 -6 -2 22 16 -10 11 12 -1 -13 19 -16 17 -4 -18 -12 -3 23 -5 -22
right_child=2 20 8 7 5 -7 -8 -9 9 -11 14 13 -14 -15 15 -17 18 -19 -20 -21 21 -23 -24 -25
leaf_value=-0.0027337889376937759 0.01065075566951967 0.033971474315711236 -0.045791348800757019 -0.055445852378398754 0.018210771749341662 0.0015932219721320941 -0.0007446988814332452 0.017469849225995617 -0.042428604882706333 0.068966366366924728 -0.033558707049499245 -0.052314729937483928 0.13390114517420779 0.057973343588762993 0.017741416384300098 -0.011312689125110607 -0.015887442551928362 0.0076685955372360727 -0.061387748043158441 -0.0048416911082148273 -0.052377007860453573 0.013833316535285179 -0.025476013236099906 -0.050948004279647942
leaf_weight=2.7978290887549511 76.389750003814697 0.57228541374206443 5.2870012484490934 4.9761452972888929 93.09246663749218 240.17928522825241 1215.0876833125949 3.7207825034856787 2.6525910906493655 3.08540228754282 14.856464720331134 1.9925275314599278 1.5531004369258878 0.9118217984214424 17.373314645141363 74.749022417701781 3.033785015344618 8.281856067478655 5.3180331215262413 6.4733996242284766 0.61683883890509328 0.76591701805591661 5.6425101831555367 8.7190680596977455
leaf_count=43 313 11 70 59 458 1147 12380 23 20 25 589 59 17 36 146 3670 18 57 38 151 16 31 39 524
internal_value=-0.000103345 -0.0103884 0.000707377 0.00099569 0.00122276 0.00623499 -7.06678e-05 -0.0247328 -0.0163785 0.0174701 -0.0076081 0.020528 0.0460392 -0.0176897 -0.00940741 -0.00583339 -0.0252387 -0.0131617 -0.0448598 -0.0248434 -0.0418293 -0.0461236 -0.0395206 -0.0510424
internal_weight=1798.13 131.382 1666.75 1639.09 1624.75 333.272 1291.48 14.3394 27.6587 5.73799 120.707 7.25528 4.35093 2.90435 113.452 92.1223 21.9207 13.5689 8.35182 21.3299 10.6741 10.1018 10.6187 9.33591
internal_count=19940 5293 14647 14419 14298 1605 12693 121 228 45 4711 155 60 95 4556 3816 183 127 56 740 582 571 98 540
is_linear=0
shrinkage=0.05


Tree=64
num_leaves=23
num_cat=0
split_feature=4 3 4 3 2 0 4 2 3 3 0 4 4 0 4 1 3 2 1 1 1 1
split_gain=5.66203 4.02809 3.03522 4.34006 2.97522 3.14052 2.95082 2.60175 3.71987 5.22903 4.51053 2.58875 11.9273 3.55519 2.02784 1.11962 0.563486 2.08367 0.871958 0.0201938 1.67926e-05 8.95602e-06
threshold=2.008083341211393 0.21390322778372908 2.0618649347840248 0.39977989041944489 -0.010007341424341952 11.327791048878732 7.1847040352267824 0.0027103900564771082 0.23956350292302997 0.23105336056981915 39.042599246802887 1.5716204059623082 1.6190510504815439 13.10645767611812 2.0338709334745526 0.0019360843186112533 0.16597543403440657 -0.0033343974196541333 0.00091587816617555451 -0.00087004500964227283 -0.00034653735404510661 0.0014634769154316942
decision_type=2 2 2 2 2 2 2 2 2 2 2 2 2 2 2 2 2 2 2 2 2 2
left_child=7 15 3 -3 6 -6 -4 8 9 10 -1 13 -13 -10 -5 16 17 -2 -18 -9 -21 -22
right_child=1 2 4 14 5 -7 -8 19 11 -11 -12 12 -14 -15 -16 -17 18 -19 -20 20 21 -23
leaf_value=-0.037279430873780502 0.016688741600613895 0.10943238716547479 0.049075218553957071 -0.026136352080891476 -0.022218822284025136 0.00033748385548695604 0.0082841215297831984 -0.061077845830269185 0.075714142475464374 0.13084914902122438 0.019189979620198354 0.086632120626229867 -0.022661847421954449 -0.036416251450473426 0.045764839790348011 0.0097058718959666928 -0.056213488773101963 -0.057882993878686874 -0.0062759496180129978 -0.0511305491643003 -0.050816055386439442 -0.051090933848809861
leaf_weight=5.1629812326282325 1.8323968872427943 1.5260528475046147 4.8477063849568358 1.9482204020023346 15.577630195766686 1643.9601234337315 51.894809849560261 0.55881931260228146 0.73252112418413418 0.81908853724598785 11.223345056176184 2.8928285092115429 18.209762796759605 20.207580490037799 1.9744340740144253 1.5312435030937184 4.493483928963542 1.9164646062999944 1.0852620359510181 0.61545240134000812 2.8162774806842203 0.33117487002164114
leaf_count=142 32 29 36 64 106 15924 241 6 8 35 417 129 915 1356 55 21 115 50 28 30 184 17
internal_value=-0.000100205 0.000437522 0.000628983 0.0378879 0.000510697 0.000125754 0.011769 -0.0147559 -0.012024 0.0075604 0.00139768 -0.0200386 -0.00767939 -0.0324937 0.0100545 -0.0299197 -0.0364247 -0.0214333 -0.0464989 -0.0522088 -0.0508917 -0.050845
internal_weight=1796.16 1732.59 1721.73 5.44871 1716.28 1659.54 56.7425 63.5698 59.2481 17.2054 16.3863 42.0427 21.1026 20.9401 3.92265 10.8589 9.32761 3.74886 5.57875 4.32172 3.7629 3.14745
internal_count=19940 16701 16455 148 16307 16030 277 3239 3002 594 559 2408 1044 1364 119 246 225 82 143 237 231 201
is_linear=0
shrinkage=0.05


Tree=65
num_leaves=26
num_cat=0
split_feature=4 3 3 0 2 3 0 4 1 1 1 4 3 1 4 3 0 0 1 1 4 1 1 1 0
split_gain=5.2041 3.73178 2.77133 8.65735 9.52571 6.23672 5.01022 4.08074 2.9782 2.57878 3.95596 5.56746 9.47085 4.19074 3.25384 10.2825 3.48364 2.43953 2.99732 1.92082 1.54151 1.0605 1.2613 0.867781 0.710236
threshold=2.008083341211393 0.21390322778372908 0.41264531673538707 85.673110917477246 0.0086143231607221944 0.37601652205511737 84.173003092799163 4.4545690933570734 0.0013901468532704355 -2.5079984250608863e-05 -7.563950568567622e-05 1.5952004026106403 0.62698148687588173 -6.2051373819427255e-05 0.95858687039211687 0.48775328680512547 65.878480729934665 52.05477977320318 0.0016300155110415828 0.00010770650563862728 1.9806742957348809 0.0019360843186112533 -0.0035094460250467692 0.00019002856358751877 64.830223627924241
decision_type=2 2 2 2 2 2 2 2 2 2 2 2 2 2 2 2 2 2 2 2 2 2 2 2 2
left_child=9 21 3 5 -5 -3 7 -4 -8 10 14 13 -13 -12 15 -1 -16 18 19 -11 24 22 -2 -24 -19
right_child=1 2 6 4 -6 -7 8 -9 -10 17 11 12 -14 -15 16 -17 -18 20 -20 -21 -22 -23 23 -25 -26
leaf_value=0.002305953584580417 0.019672639697459193 -0.0024044162671923888 -0.0054437795884648456 -0.022535351662779094 0.13132340959037112 0.027793327297111384 -0.047666693729341014 0.0015710409257336426 -0.011098970787120908 -0.051584469905092793 0.10965314155887269 0.26369571252118279 -0.051545285477220065 -0.051101772175910054 -0.027347958528324945 0.22996071948471286 0.024437352145073057 -0.029367839804978625 0.094573319202364489 -0.0025891575247500662 0.047376867116860677 0.0091471589142073095 -0.055833881158075874 -0.022717590917735682 -0.050866104185998288
leaf_weight=7.2014672998338929 0.92366266250610252 64.558986440300941 244.75913531798869 1.5498191118240345 2.8668878450989723 23.257744185626507 7.4115993995219496 1355.4544736165553 22.384216329082847 2.6424882039427766 0.59279890730977047 0.63321124762296654 0.38198310602456331 1.2825757423415773 20.666008734144274 0.53269624710082997 3.8530722986906758 7.0179468467831621 0.66864421311765987 8.2326927101239544 0.50800435524433929 1.5432166643440712 4.7304250206798297 3.4000142775475979 8.4888006858527643
leaf_count=220 4 900 5196 30 27 290 136 9652 224 169 20 23 19 77 882 21 144 533 14 511 29 21 117 104 577
internal_value=-9.71144e-05 0.00041493 0.000596942 0.00902869 0.0773345 0.00559328 0.000119835 0.000498096 -0.0201951 -0.0142479 -0.00526872 0.0507672 0.145081 -0.000287746 -0.0102907 0.0179858 -0.0192101 -0.0256986 -0.00817677 -0.0144942 -0.0383288 -0.029165 -0.0356951 -0.0419852 -0.0411366
internal_weight=1795.54 1732.84 1722.24 92.2334 4.41671 87.8167 1630.01 1600.21 29.7958 62.7024 35.1438 2.89057 1.01519 1.87537 32.2532 7.73416 24.5191 27.5586 11.5438 10.8752 16.0148 10.5973 9.0541 8.13044 15.5067
internal_count=19940 16701 16455 1247 57 1190 15208 14848 360 3239 1406 139 42 97 1267 241 1026 1833 694 680 1139 246 225 221 1110
is_linear=0
shrinkage=0.05


Tree=66
num_leaves=25
num_cat=0
split_feature=4 3 3 4 3 4 1 4 0 0 0 2 3 2 3 1 3 2 2 0 4 4 0 4
split_gain=4.79031 3.46028 2.77792 2.86962 3.91677 2.9725 2.55704 3.36284 2.48974 4.03507 2.52381 2.34201 6.08522 2.33876 2.26772 4.02834 1.91143 6.06501 2.26681 1.81103 1.0566 1.78088 1.28368 0.0183913
threshold=2.008083341211393 0.21390322778372908 0.22279559614942462 2.0618649347840248 0.39977989041944489 11.838190580854148 -0.00029141901618823235 0.95858687039211687 65.878480729934665 72.542527008065989 41.193101308429753 -0.00019947290291000283 0.11025793356640286 -0.0024099914438584498 0.27927104200922709 0.00020127794008872882 0.60256822568026525 0.0011488511347256261 -0.0006788388872364658 45.691927359944408 4.2171041714316209 3.3014678483179192 50.006500084746456 6.0839130440603055
decision_type=2 2 2 2 2 2 2 2 2 2 2 2 2 2 2 2 2 2 2 2 2 2 2 2
left_child=6 20 -3 4 -4 -5 7 11 10 -10 -9 19 -13 14 15 -8 18 -18 -15 -1 21 22 -2 -22
right_child=1 2 3 5 -6 -7 13 8 9 -11 -12 12 -14 16 -16 -17 17 -19 -20 -21 23 -23 -24 -25
leaf_value=-0.0164721019557732 -0.0077435502345815522 0.051276906157207626 0.10287617422069394 -0.0010334015986040678 0.0097561232505554586 0.0034584349258550647 0.10719845416644923 0.00049690777887473044 0.091198998656393013 -0.052143756333794304 -0.040261444901044781 0.1597890217578932 -0.0073615585397428258 -0.0038413395303589963 -0.053825114421487269 -0.017536660535289121 -0.030681421323451055 0.055744365769933017 -0.04068784874609984 0.059481335338116864 -0.053087426013118291 0.024846560323869837 -0.053524196109157457 -0.061807878659698758
leaf_weight=2.4678301056846981 2.8573207184672338 2.6963588409125796 1.5838910751044739 1178.287056975998 3.933840949088335 535.78824004158378 1.2160384487360714 8.0684537263587135 1.3511288389563554 0.77116902358829964 7.1760840481147161 1.0520719401538401 1.1286299144849179 5.2929206723347297 0.83689889032393683 1.3838966861367223 7.5026757661253196 2.7828947603702545 19.746692869812254 1.1508035361766813 1.228690814226866 1.7528985776007173 3.299202592112124 1.1903485655784605
leaf_count=50 70 38 27 13463 119 2808 28 248 28 29 287 10 52 297 23 38 609 99 1428 13 26 26 109 15
internal_value=-9.53618e-05 0.000393029 0.000566066 0.00048655 0.0364867 0.000370663 -0.0137595 -0.000617203 -0.0116256 0.0391132 -0.0186893 0.0323489 0.0732797 -0.021614 0.0177612 0.0408043 -0.0254449 -0.0072978 -0.0328992 0.00768273 -0.0284612 -0.019617 -0.0322768 -0.0573785
internal_weight=1794.55 1732.62 1722.29 1719.59 5.51773 1714.08 61.9282 23.1662 17.3668 2.1223 15.2445 5.79934 2.1807 38.762 3.43683 2.59994 35.3252 10.2856 25.0396 3.61863 10.3285 7.90942 6.15652 2.41904
internal_count=19940 16701 16455 16417 146 16271 3239 717 592 57 535 125 62 2522 89 66 2433 708 1725 63 246 205 179 41
is_linear=0
shrinkage=0.05


Tree=67
num_leaves=27
num_cat=0
split_feature=4 3 4 4 3 0 3 2 3 3 3 2 1 0 2 3 3 0 3 0 1 1 1 3 0 2
split_gain=4.4899 6.71846 5.01031 5.12167 11.2437 3.16906 3.03491 3.00976 3.32324 3.6229 4.27164 3.22033 4.667 3.3838 3.31213 3.00512 3.84201 2.68364 1.46331 0.940552 2.19526 0.870284 8.57424 0.459988 0.164217 0.141698
threshold=3.2698071673553737 1.0330539229223104 3.1291788864690364 2.8459999619453744 0.9716247635145101 79.906448686107737 0.6952907973630994 0.0092753874489467387 0.76502232184978658 0.8605854836027621 0.98870019231091832 0.0086143231607221944 0.0018218882655330895 84.931954195854203 0.006044950188185628 0.39977989041944489 0.28713368719645699 49.412505700312146 1.2253194382376573 23.488023974104788 -0.00075066088628034089 0.00045323685545051179 0.00051274875411744258 0.55223281975571148 56.174210564617759 -0.0020889671513075743
decision_type=2 2 2 2 2 2 2 2 2 2 2 2 2 2 2 2 2 2 2 2 2 2 2 2 2 2
left_child=1 2 3 5 -5 -1 25 11 15 -10 -11 13 -13 14 -2 16 -9 -8 -15 20 -3 24 -23 -17 -21 -4
right_child=7 19 6 4 -6 -7 17 8 9 10 -12 12 -14 18 -16 23 -18 -19 -20 21 -22 22 -24 -25 -26 -27
leaf_value=-0.0043660470025331227 0.00076835678772833979 -0.053345086323021353 -0.039846138970785212 0.0078963586061238603 0.12367604237405848 -0.038325542421409703 -0.034623345270345274 -0.05614130113375148 0.049517496657997706 -0.059644825958229133 0.0016344513076815021 -0.013424298842276165 0.064091898594730426 -0.0074127411004461701 0.013675104457248486 -0.058107557966755846 0.019162836884407303 0.04129549270169483 -0.041253755664015929 -0.051634730269910001 0.048683382508861464 0.19724890787945795 -0.051178956973905614 -0.036964352506753992 -0.039480738296734513 -0.053987256014202269
leaf_weight=126.98733122367412 1480.2041086480021 1.1331611052155497 2.4132925756275645 29.167677074670795 2.2593566998839369 7.2627605125308028 2.6098752710968247 2.4727564118802574 3.1853551566600826 3.3390379659831551 19.176306046545506 3.2645758204162103 4.7919961512088776 6.2780230417847616 51.433836545795202 4.2131083868443948 5.3768495470285416 2.101186303421855 6.5035614743828773 7.8626996930688602 0.98590569850057619 0.40280905086547081 2.5214980011805892 6.6058255210518837 4.2986033326014876 6.6609059870243064
leaf_count=4889 12074 21 34 582 54 301 51 33 27 27 124 30 38 86 406 44 41 56 75 347 22 23 120 62 229 144
internal_value=-9.24694e-05 -0.00722103 -0.00435965 -0.00194979 0.01622 -0.00620321 -0.0333224 0.000785482 -0.0120548 -0.000392316 -0.0074533 0.00115245 0.0326818 0.000987979 0.00120178 -0.0281105 -0.00455922 -0.000762692 -0.0246318 -0.0370682 -0.00587587 -0.0414497 -0.0169592 -0.0451979 -0.0473387 -0.0502264
internal_weight=1793.51 196.667 179.462 165.677 31.427 134.25 13.7853 1596.85 44.3692 25.7007 22.5153 1552.48 8.05657 1544.42 1531.64 18.6685 7.84961 4.71106 12.7816 17.2047 2.11907 15.0856 2.92431 10.8189 12.1613 9.0742
internal_count=19940 6873 6111 5826 636 5190 285 13067 358 178 151 12709 68 12641 12480 180 74 107 161 762 43 719 143 106 576 178
is_linear=0
shrinkage=0.05


Tree=68
num_leaves=21
num_cat=0
split_feature=4 4 3 3 1 3 1 2 3 2 2 2 0 0 3 1 1 1 1 1
split_gain=4.22001 3.16405 4.24589 4.00796 3.88588 2.7545 2.7778 2.5264 3.29293 4.39381 3.08587 2.82737 2.60885 2.1397 1.94349 1.06357 1.12244 0.0161368 6.60763e-05 8.0604e-06
threshold=2.008083341211393 2.0618649347840248 0.23956350292302997 0.21390322778372908 -0.0005378352670507568 0.22279559614942462 -0.0020175429800982077 0.0027103900564771082 0.17602652767611368 0.0019326820186176266 -0.0027588500398569855 0.0011488511347256261 39.255140992135189 18.119005167411569 0.68413677443659748 -0.0035094460250467692 0.00019002856358751877 -0.00094690904080629845 -0.00043511920878191995 -2.5079984250608863e-05
decision_type=2 2 2 2 2 2 2 2 2 2 2 2 2 2 2 2 2 2 2 2
left_child=7 2 -2 15 -4 -5 -7 8 9 12 13 -12 -1 -10 -6 -3 -17 -9 -19 -20
right_child=1 3 4 5 14 6 -8 17 10 -11 11 -13 -14 -15 -16 16 -18 18 19 -21
leaf_value=-0.029127679481471755 0.14826361869509549 0.019288074381155606 0.097445187345292339 0.050991420924538206 -0.031854099730172357 0.0042436039367637094 -0.00069931190221644574 -0.060771992470065456 -0.015636572365340509 0.12311342923349922 -0.026527139148165083 0.0041835406607532996 0.023525560111670271 0.074472895534748756 0.038425833439994408 -0.05552688616731536 -0.01973864683974556 -0.051362074542359151 -0.05087933757842248 -0.050701795921321818
leaf_weight=3.6356023456901276 0.74422925524413486 0.92084459960460563 1.261098278686404 2.6881358902901402 2.3974730856716633 359.75073504447937 1354.0373945934698 0.46620460227131877 1.1576731838285916 0.85165653657168228 33.220229924656451 9.6778699727728945 6.6660592081025243 1.5287756714969871 1.6681368416175244 4.2779506081715208 4.4908078825101256 0.54329120554030019 0.95816912967711787 1.9209155961871125
leaf_count=99 17 4 17 36 61 1556 14715 5 18 30 2174 438 208 35 63 112 120 25 60 147
internal_value=-9.04976e-05 0.000363319 0.0363964 0.000236591 0.0207667 0.00041761 0.000338283 -0.0130571 -0.010385 0.0139668 -0.0163432 -0.0195988 0.00494349 0.035642 -0.00301795 -0.0318302 -0.0371984 -0.0520451 -0.0508563 -0.0507609
internal_weight=1792.86 1732.24 6.07094 1726.17 5.32671 1716.48 1713.79 60.6264 56.7379 11.1533 45.5845 42.8981 10.3017 2.68645 4.06561 9.6896 8.76876 3.88858 3.42238 2.87908
internal_count=19940 16701 158 16543 141 16307 16271 3239 3002 337 2665 2612 307 53 124 236 232 237 232 207
is_linear=0
shrinkage=0.05


Tree=69
num_leaves=24
num_cat=0
split_feature=4 3 3 3 0 3 3 2 4 0 0 1 2 0 0 4 1 4 1 1 4 1 4
split_gain=4.03749 5.12474 4.44835 3.88163 3.60898 3.22678 5.68409 3.05192 4.30466 3.39058 4.24661 11.5377 3.29018 3.15096 3.35731 1.58843 1.83935 0.716545 0.00624558 0.00199295 0.000577959 0.000446664 0.00029722
threshold=5.4579775094849188 1.6064300583845952 1.5937785144637018 1.8268245631140034 46.702544911860954 1.5239346513634502 1.48725370150338 0.0092753874489467387 8.7516721802854907 84.931954195854203 82.752094897103902 0.0020649944088680931 0.0076924297499956227 66.856048244747043 74.289303446223428 12.887775638249353 0.0013901468532704355 4.6458856494646339 0.00021640923974752815 -0.0004040532531907059 4.1838829826740627 0.0028578028094861101 4.7235735599629587
decision_type=2 2 2 2 2 2 2 2 2 2 2 2 2 2 2 2 2 2 2 2 2 2 2
left_child=1 2 5 19 -5 6 -1 9 18 10 12 -12 -2 -10 -15 16 -11 -7 -9 22 -21 -20 -3
right_child=7 3 -4 4 -6 17 -8 8 13 15 11 -13 -14 14 -16 -17 -18 -19 21 20 -22 -23 -24
leaf_value=-0.0033109045747949707 0.0015892500662266858 -0.053181638732238273 0.084906486212897675 0.087740968069359326 -0.052249881753941255 -0.052356679929352529 0.060561495893453103 -0.058114999196280673 -0.049679343224337397 -0.055249182085909891 -0.026205481553336202 0.10859658798477478 0.022970752351754942 0.03057816263906446 -0.0091974944581123142 -0.059444230695663583 0.00060131270367610014 -0.018921580103255158 -0.055012200236679659 -0.051257722262549023 -0.052341693499047603 -0.0538256206271924 -0.054232815115039294
leaf_weight=501.65396764455363 1192.3010394461453 1.4820469785481685 1.4327048193663348 1.0587846022099245 0.81459967885166396 3.7748927203938356 3.5075248647481194 1.7695746272802342 3.702298015356063 2.0385274030268175 3.0964682735502711 3.2568591609597206 18.267806697636843 6.6850732229650012 25.70066137611866 2.7416550144553185 5.3249780982732773 2.7843913324177265 1.5569365546107294 1.7447535311803211 4.1657171379774809 1.6165824010968206 1.2310212068259714
leaf_count=11011 7806 28 22 18 22 104 72 17 25 28 30 27 125 43 192 22 63 40 20 79 102 26 18
internal_value=-8.74417e-05 -0.00378096 -0.00307352 -0.0383652 0.026869 -0.00331984 -0.00286741 0.00143782 -0.0119762 0.00188637 0.00212588 0.0428971 0.0019119 -0.00598238 -0.000986991 -0.0269566 -0.0148604 -0.0381636 -0.0557349 -0.0525367 -0.0520217 -0.0544078 -0.0536586
internal_weight=1791.71 523.65 513.153 10.4969 1.87338 511.721 505.161 1268.06 41.0311 1227.03 1216.92 6.35333 1210.57 36.088 32.3857 10.1052 7.36351 6.55928 4.94309 8.62354 5.91047 3.17352 2.71307
internal_count=19940 11516 11249 267 40 11227 11083 8424 323 8101 7988 57 7931 260 235 113 91 144 63 227 181 46 46
is_linear=0
shrinkage=0.05


Tree=70
num_leaves=25
num_cat=0
split_feature=4 3 2 1 4 4 3 1 1 0 0 2 0 4 3 4 0 3 0 2 0 2 1 1
split_gain=3.79018 4.43679 2.67067 3.58966 4.91015 3.18676 6.56388 3.33567 2.98311 6.30127 2.15295 3.40186 5.95898 4.61472 1.99959 3.30245 1.9546 3.4012 1.53777 1.35804 1.23941 1.09118 0.000598409 0.000334932
threshold=2.7184723237138066 0.94645867232731928 0.01098093707798087 0.005734181973295561 44.901266122112666 14.530678980507536 1.255852180594675 0.0024285366217319253 0.0050906230902586511 78.881313474917889 79.906448686107737 0.0010215793018080179 57.202443643943546 2.6584425409341335 0.8605854836027621 9.5875212864267656 86.595548795444543 0.46174490677844521 77.869255751271183 -0.0016542166552384605 82.181379760210874 0.0086143231607221944 0.0018762826431356629 -0.00081022396676816422
decision_type=2 2 2 2 2 2 2 2 2 2 2 2 2 2 2 2 2 2 2 2 2 2 2 2
left_child=1 10 3 5 21 7 -7 -2 14 -10 11 12 -1 -13 15 -4 22 -18 -16 -3 23 -5 -12 -21
right_child=2 19 8 4 -6 6 -8 -9 9 -11 16 13 -14 -15 18 -17 17 -19 -20 20 -22 -23 -24 -25
leaf_value=-0.0038345811631447842 0.0004644779397533618 0.033741656919431734 -0.044550814437166519 -0.026803203779226393 0.042080855240061069 0.016584745823597272 0.00099748310377585701 -0.011404035146405435 -0.041523827635116861 0.063571780626372074 -0.051420958017882559 0.0062992710927509306 -0.042503184069735245 0.10347481447787624 -0.01518965230925886 0.0074443849213751898 -0.05148489956572893 0.10105139782993811 -0.060489865371042312 -0.052137337885293705 0.016824147377175244 -0.059233241666113781 -0.053245859959057854 -0.050874011626341781
leaf_weight=69.144515508785844 1227.6625543506816 0.57392911054193874 4.8454988244921031 7.9489884935319406 2.3272892683744422 93.847840070724487 240.93428190052509 62.200718510895967 2.5719308406114569 3.2018287107348442 3.9470471004024139 27.470556909218434 11.640393153764306 1.2785820215940464 2.9965995997190467 8.2592342272400838 0.84414722770452477 0.64443739969283342 4.9980993419885635 0.56208563037216475 0.73298870027065355 3.8501889295876026 0.50691251456737507 7.8763213115744275
leaf_count=2572 12031 11 70 75 13 458 1147 662 20 25 195 1085 747 35 18 57 43 23 38 16 31 33 11 524
internal_value=-8.4968e-05 -0.00847414 0.000545724 0.000802107 -0.0242936 0.00102032 0.00536698 -0.000107854 -0.0150889 0.0167568 -0.00574004 -0.00414984 -0.00940639 0.010621 -0.0238034 -0.0117809 -0.0350509 0.014551 -0.0435103 -0.0408718 -0.0455409 -0.0373854 -0.0516287 -0.0509582
internal_weight=1790.87 125.222 1665.65 1638.77 14.1265 1624.65 334.782 1289.86 26.8732 5.77376 115.477 109.534 80.7849 28.7491 21.0994 13.1047 5.94254 1.48858 7.9947 9.74532 9.1714 11.7992 4.45396 8.43841
internal_count=19940 5293 14647 14419 121 14298 1605 12693 228 45 4711 4439 3319 1120 183 127 272 66 56 582 571 108 206 540
is_linear=0
shrinkage=0.05


Tree=71
num_leaves=22
num_cat=0
split_feature=4 4 3 2 2 1 2 3 0 0 1 0 0 3 4 0 1 1 1 1 1
split_gain=3.56496 2.89932 3.64216 3.55191 10.1645 4.42978 2.47453 3.00385 3.60111 3.25237 2.80832 7.67758 2.57356 2.43545 2.62993 1.47355 1.00193 1.13313 0.0130526 1.97285e-05 5.4306e-06
threshold=2.008083341211393 2.0618649347840248 0.21390322778372908 0.0016653765373764175 0.0010215793018080179 -0.00015790186429875949 0.0027103900564771082 0.17602652767611368 39.255140992135189 40.788297319073159 0.00020127794008872882 64.631298728251394 18.119005167411569 0.22279559614942462 2.1626664670852436 57.202443643943546 -0.0035094460250467692 0.00019002856358751877 -0.00087004500964227283 -0.00034653735404510661 -2.5079984250608863e-05
decision_type=2 2 2 2 2 2 2 2 2 2 2 2 2 2 2 2 2 2 2 2 2
left_child=6 3 16 4 5 -2 7 8 12 -10 11 -9 -1 -4 -15 -12 -3 -18 -8 -20 -21
right_child=1 2 13 -5 -6 -7 18 10 9 -11 15 -13 -14 14 -16 -17 17 -19 19 20 -22
leaf_value=0.037758226607142148 0.070631859262517444 0.018538460163611544 0.047205787364897028 -0.052328391346772397 0.22587101678406155 -0.028984919211890909 -0.059449112718485936 -0.018734034849073069 0.1396170406900078 0.022937742467187983 -0.01671858694836751 0.046044479916529914 -0.055784310952002272 -0.028650858307719865 0.00043416768840763098 -0.050807220772294708 -0.055323149098699488 -0.018625577490279918 -0.051034501763316621 -0.050814455332872648 -0.050658196161715699
leaf_weight=1.0436810627579673 2.3367387931793928 0.92293064296245475 2.7720282785594454 0.98885305784642685 0.71677315421402443 2.1361802285537115 0.50120620429515872 26.064830051269386 0.65287581086158741 7.0090364925563335 5.8624871438369137 5.5476035103201857 2.4883705042302608 7.8078298056498161 1704.3284523533657 6.9030960481613874 4.065824441611765 4.3583979224786162 0.55613762978464443 0.80444251652807097 1.8005870040506102
leaf_count=13 49 4 36 26 17 66 6 1435 9 229 437 261 86 291 15980 532 112 120 30 54 147
internal_value=-8.267e-05 0.000330207 0.000207694 0.0345202 0.0510684 0.0230568 -0.0121442 -0.00952068 0.0136252 0.0328801 -0.015359 -0.00736618 -0.0281436 0.000377349 0.000301532 -0.0351523 -0.0309187 -0.0363371 -0.0519527 -0.0507642 -0.0507064
internal_weight=1789.67 1730.43 1724.26 6.17855 5.18969 4.47292 59.2344 55.572 11.194 7.66191 44.378 31.6124 3.53205 1714.91 1712.14 12.7656 9.34715 8.42422 3.66237 3.16117 2.60503
internal_count=19940 16701 16543 158 132 115 3239 3002 337 238 2665 1696 99 16307 16271 969 236 232 237 231 201
is_linear=0
shrinkage=0.05


Tree=72
num_leaves=25
num_cat=0
split_feature=4 3 3 3 3 0 4 3 0 0 1 4 4 4 0 3 2 0 1 0 2 1 4 1
split_gain=3.36723 4.35697 4.95191 3.25895 3.92939 2.76109 4.32228 5.81518 4.78735 3.50102 4.90063 6.04461 3.45522 4.24467 2.97675 1.91554 1.88095 6.50639 2.79929 1.33826 0.541879 0.0012039 0.000247789 6.03866e-05
threshold=5.1288998867740583 1.6064300583845952 1.5937785144637018 1.5239346513634502 1.48725370150338 71.419548342240944 8.4794058532507055 0.41816582488526494 79.36920245890245 70.559804880815008 0.0022650714924402631 8.218237064890884 9.7887552876326236 10.313492632118455 79.36920245890245 1.8268245631140034 0.006044950188185628 62.742633867447339 0.00084269804474668153 79.36920245890245 -0.00090704094686488979 -0.0004040532531907059 4.1838829826740627 -0.00065072070038890695
decision_type=2 2 2 2 2 2 2 2 2 2 2 2 2 2 2 2 2 2 2 2 2 2 2 2
left_child=1 2 3 4 -1 9 7 19 -9 16 11 -11 14 -14 -8 21 18 -18 -2 -7 -5 23 -23 -3
right_child=5 15 -4 20 -6 6 12 8 -10 10 -12 -13 13 -15 -16 -17 17 -19 -20 -21 -22 22 -24 -25
leaf_value=-0.0033117680211469467 0.0026201422020961079 -0.053401728742372673 0.092398749518683085 -0.014409805840340739 0.051112616049105213 0.070810045295769924 0.040929590699291578 -0.037780162352512497 -0.0019689723253530191 0.01116287801424482 -0.018927202819384259 0.099719855554793249 -0.04876541501515444 -0.00057324379473213565 -0.0039659842209364016 0.008683750068868467 -0.024853308770671798 0.030057706365701511 -0.0036074494361831044 0.01252956851477593 -0.052285045986104742 -0.051196299237354692 -0.051971024857210946 -0.052865993623592338
leaf_weight=451.76127173332497 924.84256939589977 1.0502884685993197 1.3540853522717942 1.2493913806974886 3.3410127805545917 1.8163686953485005 8.9372503943741304 24.7419099137187 14.984598271548746 4.1841063722968084 3.5579789020121098 3.5718788951635361 4.8959008678793898 68.450706571340561 6.2910330779850474 1.6157696442678569 7.4727252125740078 19.398749481886625 224.18711308017373 2.151997085660696 3.8678336273878804 1.6565442392602543 2.7380703762173653 1.0536902416497467
leaf_count=10525 5588 18 19 18 67 19 78 307 192 36 28 21 45 474 59 35 50 127 1922 24 110 79 77 22
internal_value=-8.03612e-05 -0.00371597 -0.00307747 -0.00335838 -0.00291223 0.00121378 -0.00563862 -0.0185074 -0.0242724 0.00197722 0.0296582 0.0519462 0.000709663 -0.00379008 0.0223826 -0.0400364 0.00171089 0.0147874 0.00140508 0.0392052 -0.0430377 -0.0521499 -0.051679 -0.0531334
internal_weight=1789.17 469.688 461.574 460.22 455.102 1319.48 132.27 43.6949 39.7265 1187.22 11.314 7.75599 88.5749 73.3466 15.2283 8.11436 1175.9 26.8715 1149.03 3.96837 5.11723 6.49859 4.39461 2.10398
internal_count=19940 10970 10739 10720 10592 8970 1198 542 499 7772 85 57 656 519 137 231 7687 177 7510 43 128 196 156 40
is_linear=0
shrinkage=0.05


Tree=73
num_leaves=21
num_cat=0
split_feature=4 4 3 3 1 4 3 3 3 4 3 1 3 2 1 2 4 0 1 3
split_gain=3.19831 4.61748 8.80866 13.8813 4.60866 3.51208 6.51169 4.29375 3.63938 2.43784 8.80964 11.6129 3.84513 3.45805 3.21202 1.64298 5.27328 1.50203 0.994616 0.000123505
threshold=1.5716204059623082 1.6190510504815439 0.62210385578325278 0.74552203613688373 -0.0014170211574265899 1.7605930107891934 0.11025793356640286 0.21390322778372908 0.56262251518712258 1.0576183634918812 0.60256822568026525 2.9875521028732702e-05 0.17602652767611368 -0.0029041390408907626 0.0015504499200325041 0.00015795471303603484 1.5952004026106403 25.631839111812955 0.0019360843186112533 0.36424285258665118
decision_type=2 2 2 2 2 2 2 2 2 2 2 2 2 2 2 2 2 2 2 2
left_child=4 2 15 -4 -1 6 -3 18 -9 10 12 -12 -6 -11 -15 19 -17 -8 -7 -2
right_child=1 5 3 -5 9 7 17 8 -10 13 11 -13 -14 14 -16 16 -18 -19 -20 -21
leaf_value=0.048940292690462954 -0.052238014317774285 0.14344391491230676 0.2667847673308707 -0.050980793995381551 0.015217520484096421 -0.036691236290822327 0.030504502544331104 0.006421985062864584 -0.00043376740037554516 0.035924013831339134 0.36587901398253103 -0.050652401121265601 -0.038234464681958423 -0.044251399192576396 0.12637223102641545 -0.051367526376463649 0.16675643707074206 -0.052275079886324176 0.0054329129729021926 -0.051158650980409517
leaf_weight=2.5728026553988448 0.57000779919326283 0.48695824667811294 0.93879902455955722 0.54215830378234386 6.1021441854536533 9.6074214819818717 0.59726757556200016 222.05136012565345 1509.6700862208381 1.6136421952396656 0.35797977447509843 0.31420841068029404 7.4995163124985993 14.834769764449444 0.28105491399765092 0.70609656441956736 0.45604670327156782 6.6419387287460268 1.6405992321670044 0.49533112626522779
leaf_count=14 19 5 30 34 220 289 19 3055 14043 33 15 27 523 1130 13 33 18 371 25 24
internal_value=-7.82818e-05 0.000214268 0.0559479 0.150455 -0.0153644 9.62089e-05 -0.0335402 0.000245311 0.000445317 -0.0207008 -0.00552189 0.171175 -0.0142542 -0.0336516 -0.0410789 -0.00688592 0.0342284 -0.0454454 -0.0305471 -0.0517362
internal_weight=1787.98 1754.4 3.70844 1.48096 33.5761 1750.7 7.72616 1742.97 1731.72 31.0033 14.2738 0.672188 13.6017 16.7295 15.1158 2.22748 1.16214 7.23921 11.248 1.06534
internal_count=19940 17965 158 64 1975 17807 395 17412 17098 1961 785 42 743 1176 1143 94 51 390 314 43
is_linear=0
shrinkage=0.05


Tree=74
num_leaves=26
num_cat=0
split_feature=4 3 2 0 3 1 4 1 3 2 3 2 1 3 3 2 1 1 2 1 2 1 3 1 1
split_gain=3.04701 4.35144 5.71163 11.3175 4.74225 5.04187 2.8761 3.37849 2.82016 2.79723 3.91074 3.20093 3.29553 3.18745 4.01626 3.13309 4.80022 2.61907 5.7427 5.61512 1.22502 1.03154 0.618454 0.602017 0.138264
threshold=4.1838829826740627 1.3171029939928336 -0.00082711968594051377 33.614578976933274 1.294611499234515 -0.00027464847276925658 4.0518856121374736 0.0011267885002730351 0.58374038927573335 0.0092753874489467387 0.76502232184978658 0.0086143231607221944 0.0018218882655330895 0.8605854836027621 0.98870019231091832 0.015423074409669392 0.0019360843186112533 0.00061011342022609949 -0.00046812836242282602 0.00059889105325716685 0.00068758128327961476 -0.00071547303303343124 0.6363519360437081 -0.00070010424076727407 -0.00014659050112797442
decision_type=2 2 2 2 2 2 2 2 2 2 2 2 2 2 2 2 2 2 2 2 2 2 2 2 2
left_child=1 4 3 23 6 -6 7 -1 -8 11 15 17 -13 -12 -15 22 -17 19 -19 -2 -7 -4 -11 -3 -23
right_child=9 2 21 -5 5 20 8 -9 -10 10 13 12 -14 14 -16 16 -18 18 -20 -21 -22 24 -24 -25 -26
leaf_value=-0.0042600278131896905 0.002175151991996313 -0.0040202894354579568 0.013354737629184529 0.151598779181636 0.15816724232997678 -0.051420152046432646 -7.1318283227132987e-05 0.013590129492814294 -0.040707713487188234 -0.053178621754232117 0.046808350727398133 -0.0091279314669636853 0.057541821295014652 -0.058840812389033728 0.0024296167902420965 0.038672715321533373 -0.05612952679086447 -0.013280534166226245 0.0010496964069766483 0.068890484214052902 0.058820985339424085 -0.04054063445033828 -0.027343924355792838 -0.053638133276168953 -0.051571566942495012
leaf_weight=254.9762711590156 1037.6917055044323 1.0070354938507082 0.73014611005783159 1.2060830406844614 0.93745956197381008 0.56719328789040335 7.4623795598745373 29.583722683601081 9.9790203012526018 7.9851729627698678 3.2519781216979053 2.9408205412328234 5.0135198384523392 3.1139252521097687 18.957890942692757 3.2948169112205496 2.2451030723750591 92.863591283559799 282.86286468803883 3.1635110303759566 0.45346849877387285 4.3313252255320558 3.2632263824343681 1.5557558815926342 8.2542337775230354
leaf_count=7626 6810 17 9 16 15 27 96 602 166 84 27 24 38 27 124 24 28 884 2715 37 18 135 33 29 329
internal_value=-7.74006e-05 -0.00448946 -0.0290428 0.0252978 -0.0031094 0.0744508 -0.00361228 -0.00240427 -0.0233213 0.000888383 -0.0118116 0.00126382 0.0328932 0.000594471 -0.00621451 -0.0305252 0.000253243 0.00108622 -0.00249213 0.00237792 -0.00244126 -0.0444233 -0.0456838 -0.0341411 -0.0477753
internal_weight=1787.69 321.044 17.0846 3.76887 303.96 1.95812 302.001 284.56 17.4414 1466.65 42.1121 1424.54 7.95434 25.3238 22.0718 16.7883 5.53992 1416.58 375.726 1040.86 1.02066 13.3157 11.2484 2.56279 12.5856
internal_count=19940 9085 535 62 8550 60 8490 8228 262 10855 347 10508 62 178 151 169 52 10446 3599 6847 45 473 117 46 464
is_linear=0
shrinkage=0.05


Tree=75
num_leaves=22
num_cat=0
split_feature=4 4 3 2 2 3 2 3 3 0 4 4 0 2 0 4 1 1 1 1 1
split_gain=2.90675 2.54915 3.25061 4.12002 6.57463 3.09954 2.43589 2.63615 4.56368 3.78654 2.455 9.15568 3.13353 2.28292 2.91518 2.864 0.992306 1.1347 0.0175531 5.5828e-05 5.72647e-06
threshold=2.008083341211393 2.0618649347840248 0.83639248267624189 0.0016653765373764175 -0.001085186637371893 0.21390322778372908 0.0027103900564771082 0.23956350292302997 0.23105336056981915 39.042599246802887 1.5716204059623082 1.6190510504815439 13.10645767611812 -0.010007341424341952 11.327791048878732 44.901266122112666 -0.0035094460250467692 0.00019002856358751877 -0.0010749451351307335 -0.00044834492044182323 0.0015888999911236603
decision_type=2 2 2 2 2 2 2 2 2 2 2 2 2 2 2 2 2 2 2 2 2
left_child=6 2 3 4 -2 16 7 8 9 -1 12 -12 -9 15 -15 -7 -3 -18 -8 -20 -21
right_child=1 5 -4 -5 -6 13 18 10 -10 -11 11 -13 -14 14 -16 -17 17 -19 19 20 -22
leaf_value=-0.035506677043741559 -0.021113203131354931 0.019840431511106964 -0.051624887592133364 -0.052296367208810861 0.10834989324881589 0.013581515073237658 -0.061949572504190087 0.070902247307882624 0.11944259807501961 0.017706933746889079 0.074209155679845373 -0.018809673801539879 -0.033689683157353496 -0.021635032627749962 0.00019276813754913965 -0.026650707001528818 -0.054981136776354002 -0.017110570433832208 -0.051290467088235051 -0.050651588130268987 -0.050906377499172255
leaf_weight=4.7681229626759896 1.4477394968271253 0.91945153474807728 0.98336203675717104 0.87018226087093342 3.0396251901984206 52.142984822392464 0.3966915346682075 0.74732636846602218 0.86933370586484748 11.184936757199464 3.1611845633015063 16.212823707610369 17.141583393327892 15.440113907679914 1641.6607360988855 4.8335426449775687 3.7544506443664414 4.1802284196019173 0.43031516484916288 2.3492465317249289 0.24337442964315403
leaf_count=142 29 4 37 23 69 257 4 8 35 417 129 915 1356 106 15924 20 112 120 21 197 15
internal_value=-7.59731e-05 0.000291783 0.031936 0.0472734 0.0665818 0.000175322 -0.011135 -0.00854743 0.00788153 0.00180221 -0.0159643 -0.00363214 -0.0293203 0.000327742 -1.06134e-05 0.0101685 -0.0293318 -0.0350298 -0.0520607 -0.050763 -0.0506755
internal_weight=1786.78 1729.27 6.34091 5.35755 4.48736 1722.93 57.5049 54.0853 16.8224 15.9531 37.2629 19.374 17.8889 1714.08 1657.1 56.9765 8.85413 7.93468 3.41963 3.02294 2.59262
internal_count=19940 16701 158 121 98 16543 3239 3002 594 559 2408 1044 1364 16307 16030 277 236 232 237 233 212
is_linear=0
shrinkage=0.05


Tree=76
num_leaves=28
num_cat=0
split_feature=4 2 2 1 1 4 0 3 1 0 1 0 3 4 1 4 3 3 2 0 1 0 3 1 3 2 4
split_gain=2.79035 4.06084 5.58837 8.86039 11.173 5.75424 5.25572 4.32204 7.58394 6.19055 4.04924 3.84179 3.81958 3.73331 2.39428 4.39249 2.76223 3.18516 2.36702 3.02094 6.02567 3.93952 1.74629 3.29902 2.21124 0.222393 0.00152812
threshold=7.0304448466795106 0.0017333400560446412 0.0009751375862933066 0.0019360843186112533 0.0022650714924402631 6.9627870601898936 58.890379320051601 0.58850236186857507 -0.00056449568728034183 91.980087135581584 -0.0013017119634429195 50.006500084746456 1.4502965974965267 2.3781490567940837 0.005734181973295561 21.559274527434912 1.3470603514246215 1.849306420893049 0.01098093707798087 63.123028541966214 0.0019360843186112533 62.352801536190576 0.8605854836027621 -0.0012288181263157003 1.255852180594675 0.003656587203517359 16.164903664735903
decision_type=2 2 2 2 2 2 2 2 2 2 2 2 2 2 2 2 2 2 2 2 2 2 2 2 2 2 2
left_child=1 2 6 5 -5 -4 10 9 25 11 -1 -3 -10 -8 18 26 -17 -18 19 21 -21 -2 23 -20 -24 -9 -16
right_child=14 7 3 4 -6 -7 13 8 12 -11 -12 -13 -14 -15 15 16 17 -19 22 20 -22 -23 24 -25 -26 -27 -28
leaf_value=0.00665427776017408 0.0013816539926821071 0.046384699971292909 0.0066801408193988545 0.18304267865485266 0.0023960075009306268 0.12081885795035596 -0.050851301362481463 -0.060750699989561702 -0.0084969707231245528 0.096580214181081231 -0.003762736146903289 -0.0055659869184011262 -0.053466539424868592 -0.012233788465044443 -0.054063446579117713 0.042301843790134047 -0.032667074980956577 0.027221040101057456 -0.050902963670329898 0.015615056346436496 -0.0033207330330131944 -0.028544007422471374 -0.052394239898338427 0.013930929205337679 0.00024205454434397019 -0.04340519335614304 -0.055790390015339357
leaf_weight=127.67289703153074 819.57823213934898 3.7642901903018346 70.54116677865386 1.6759639102965587 1.7494355477392671 1.1217974200844754 7.9288538773544124 8.1880161426961404 69.043993004597723 1.6058171680197109 346.38821732765064 65.15749236382544 5.0685580419376484 29.706321495585144 2.2392389588058021 2.8908524587750426 6.8049904033541662 3.2953184619545937 2.601275198161602 107.10524448007345 69.128436278551817 11.147127389907835 5.26625759154558 7.9851763471961039 3.2123973369598389 2.3865472525358191 2.9933329820632935
leaf_count=742 4669 65 1640 20 23 10 619 70 1201 28 7068 1380 97 643 33 20 44 21 14 709 567 73 40 74 21 16 33
internal_value=-7.38604e-05 -0.00241824 -0.000515839 0.0122219 0.090782 0.00846685 -0.00238503 -0.00961023 -0.0172243 -0.000467478 -0.000957253 -0.0027286 -0.0115724 -0.0203696 0.00159196 -0.0163725 -0.00079352 -0.013128 0.00191104 0.00224149 0.00818741 0.000980095 -0.0155423 -0.00199989 -0.0324514 -0.056836 -0.0550514
internal_weight=1786.25 741.999 586.785 75.0884 3.4254 71.663 511.696 155.215 84.6871 70.5276 474.061 68.9218 74.1126 37.6352 1044.25 18.2237 12.9912 10.1003 1026.02 1006.96 176.234 830.725 19.0651 10.5865 8.47865 10.5746 5.23257
internal_count=19940 13622 10765 1693 43 1650 9072 2857 1384 1473 7810 1445 1298 1262 6318 151 85 65 6167 6018 1276 4742 149 88 61 86 66
is_linear=0
shrinkage=0.05


Tree=77
num_leaves=27
num_cat=0
split_feature=1 1 4 3 3 4 2 2 2 1 4 4 4 3 4 2 1 2 2 2 3 0 0 4 4 4
split_gain=2.63165 4.45497 3.98356 3.43847 9.91007 6.98033 2.44046 6.63289 4.95578 10.3294 13.5946 5.9337 4.45656 7.34651 4.04023 3.12395 4.5834 3.03122 1.78886 4.03201 1.57681 3.07028 0.480969 0.0226092 0.00520061 0.000441271
threshold=-0.00039169728152993461 -0.00036891256272419953 2.3231793952835047 1.2409669778244143 1.1907248483326851 10.411254825505496 0.0016653765373764175 0.0018179682218334439 0.00022029854454641565 -0.00049669546339436977 5.3508548284620305 6.1911449489666586 7.0304448466795106 0.60725081141415693 7.8153240362063592 -0.00062287809429267804 -0.00081022396676816422 -0.00093038560622510358 0.0033223546368336136 0.0012789710844908211 1.1981369870439715 52.05477977320318 54.550628735916057 7.3596405398312816 4.1838829826740627 2.008083341211393
decision_type=2 2 2 2 2 2 2 2 2 2 2 2 2 2 2 2 2 2 2 2 2 2 2 2 2 2
left_child=6 20 18 4 -4 -5 8 22 15 11 -11 -10 13 -9 -14 17 -17 -1 19 -3 23 -22 -8 24 -2 -20
right_child=1 2 3 5 -6 -7 7 12 9 10 -12 -13 14 -15 -16 16 -18 -19 25 -21 21 -23 -24 -25 -26 -27
leaf_value=0.0016828811682346925 -0.051885568296100762 -0.020177483602396198 0.00010588255118048741 -0.013654321939291215 0.031402486377577331 0.0016059733567650291 -0.037116440061799948 0.0010781679765225684 0.023808330979970302 -0.0071577632537117783 0.10849662333822406 -0.0024207641764829126 0.047506147044958508 -0.04779856774488847 0.001660089689215021 0.00017140035982134627 -0.022790660253757825 0.015969347195306269 -0.050643219321032121 0.012394317659041448 -0.058570601919708698 0.02645379400702352 -0.064824869794359155 -0.061803115466559838 -0.055486719623642912 -0.051829291578177721
leaf_weight=566.11621501296759 2.2026959508657438 39.927848897408694 469.70465341303498 131.35395022947341 26.733931032009423 174.4679171666503 2.5768047589808694 20.47355795558542 35.032034866511822 4.3653276646509749 6.0795082598924637 56.080367013812065 5.200226627290248 12.310982801020144 63.316295824944973 71.469820910133421 31.228070987388492 39.734469655901194 1.5013970425352448 12.46809978596866 2.0235355226323009 2.2339402632787824 3.9931128807365894 1.036132790148258 1.8400805220007894 1.6416335124522445
leaf_count=3409 85 2644 6705 1948 312 1079 15 260 410 127 37 283 30 111 309 450 491 355 129 590 25 19 33 7 22 55
internal_value=-7.30863e-05 -0.00204834 -0.00167445 -0.000777943 0.00179125 -0.0049485 0.00179277 -0.00527218 0.00273352 0.0130631 0.0601599 0.00766413 -0.00211469 -0.0172756 0.00513969 0.00125296 -0.00681084 0.00261985 -0.0146245 -0.0124267 -0.0364004 -0.0139574 -0.0539573 -0.0552135 -0.0535246 -0.0512627
internal_weight=1785.11 867.136 857.799 802.26 496.439 305.822 917.977 107.871 810.106 101.557 10.4448 91.1124 101.301 32.7845 68.5165 708.549 102.698 605.851 55.539 52.3959 9.33639 4.25748 6.56992 5.07891 4.04278 3.14303
internal_count=19940 13620 13462 10044 7017 3027 6320 758 5562 857 164 693 710 371 339 4705 941 3764 3418 3234 158 44 48 114 107 184
is_linear=0
shrinkage=0.05


Tree=78
num_leaves=25
num_cat=0
split_feature=4 3 3 4 3 2 0 0 0 1 1 3 2 2 0 1 3 4 2 2 4 1 4 4
split_gain=2.43571 4.52014 3.74 4.71101 3.07104 3.10206 16.1448 6.34234 2.34356 2.26577 3.88843 2.83678 2.66253 2.19818 3.75648 9.63038 2.77804 3.00926 2.76024 2.48061 0.00532361 0.00154003 0.000525307 0.000292353
threshold=5.4579775094849188 1.6064300583845952 1.8268245631140034 4.5713426278808464 1.5937785144637018 0.0082159759448503528 85.673110917477246 82.181379760210874 84.931954195854203 0.0019360843186112533 0.0013205466430938897 1.286018707795469 0.0092753874489467387 0.0092753874489467387 82.752094897103902 0.0020649944088680931 0.76502232184978658 30.46459279869983 0.006044950188185628 0.015423074409669392 13.293148144126409 -0.0004040532531907059 5.1288998867740583 4.7653490115633748
decision_type=2 2 2 2 2 2 2 2 2 2 2 2 2 2 2 2 2 2 2 2 2 2 2 2
left_child=1 4 21 -4 5 7 -7 -1 13 10 -10 20 -13 14 18 -16 19 -18 -2 -15 -11 23 -23 -3
right_child=8 2 3 -5 -6 6 -8 -9 9 11 -12 12 -14 16 15 -17 17 -19 -20 -21 -22 22 -24 -25
leaf_value=-0.0020618946416002381 0.0010059405098727606 -0.052863663706519674 -0.052741397211223895 0.1054337373127061 0.065967107167690692 -0.054085381326984865 0.10849670886137544 -0.037502684088476332 -0.038582316923986441 -0.054258520339224139 0.039629272339310156 -0.035905198810303969 0.018360796667916925 -0.047198824358775052 -0.025503825845553704 0.096256577504206811 0.013820493367709047 -0.032444414999182332 0.012976757971861701 0.0023261775784294771 -0.057656507925107438 -0.051556973162605046 -0.05274119900289545 -0.053959253165646828
leaf_weight=484.2702982807532 1162.9062384478748 1.3885133080184462 0.94246121915057279 0.94048372283577919 1.6407600566744793 2.8578683203086248 3.2788289310410619 12.961458089295773 2.6276723034679916 3.7058699466288081 4.0210445150732994 4.6390398964285833 4.4083154499530792 7.8376814387738722 3.0400998145341864 3.4861671924591064 12.197176411747934 4.9376016259193412 50.234974928200245 3.7325237467885017 1.6730444356799123 4.0425155251286906 1.218779746443033 1.0844916626811025
leaf_count=10741 7581 29 24 16 22 60 38 388 33 54 37 46 32 75 30 27 81 31 350 30 17 156 25 17
internal_value=-7.21354e-05 -0.00297373 -0.0369303 0.0262631 -0.00232708 -0.00254968 0.032782 -0.00298574 0.00110416 -0.0154303 0.00871888 -0.02656 -0.00946414 0.00138329 0.00170516 0.0395375 -0.0122931 0.000488679 0.00150164 -0.0312222 -0.0553154 -0.052315 -0.0518313 -0.0533441
internal_weight=1784.07 514.626 9.61725 1.88294 505.009 503.368 6.1367 497.232 1269.45 21.075 6.64872 14.4263 9.04736 1248.37 1219.67 6.52627 28.705 17.1348 1213.14 11.5702 5.37891 7.7343 5.2613 2.473
internal_count=19940 11516 267 40 11249 11227 98 11129 8424 219 70 149 78 8205 7988 57 217 112 7931 105 71 227 181 46
is_linear=0
shrinkage=0.05


Tree=79
num_leaves=21
num_cat=0
split_feature=4 1 4 3 3 4 2 3 3 4 4 1 3 2 4 1 1 0 1 3
split_gain=2.36677 4.0224 3.40116 6.0892 8.35645 3.02059 6.24927 3.64133 3.40418 2.48218 2.42974 8.19358 2.77435 1.4418 3.84162 0.965222 0.0381822 0.000161514 0.000221772 9.2755e-05
threshold=1.5716204059623082 -0.0014170211574265899 1.6190510504815439 0.62210385578325278 0.74552203613688373 1.7605930107891934 -0.0024099914438584498 0.21390322778372908 0.56262251518712258 1.4186152245648991 1.3835442926579018 0.00013335664152080986 0.17602652767611368 0.00015795471303603484 1.5952004026106403 0.00019002856358751877 -0.0014170211574265899 27.287114461536024 -0.00048539441251455035 0.37045338025448371
decision_type=2 2 2 2 2 2 2 2 2 2 2 2 2 2 2 2 2 2 2 2
left_child=1 -1 3 13 -5 6 -4 15 -9 10 12 -12 -3 19 -15 -7 -8 -11 -19 -2
right_child=2 9 5 4 -6 7 16 8 -10 17 11 -13 -14 14 -16 -17 -18 18 -20 -21
leaf_value=0.046116573620425094 -0.05207679136086673 0.0083763938969891524 0.074342701509055309 0.18548107502816014 -0.050972387963177379 -0.043184225956143456 -0.065583625028958592 0.0061577885853739134 -0.00047051777627682618 -0.051716102644370557 -0.052184020320570824 0.18842881533659186 -0.028637922849256994 -0.051321566034240762 0.12515224982245041 -0.012979842672995659 -0.051332570621278245 -0.051529883249121812 -0.050652157261311392 -0.05112683307879036
leaf_weight=2.5906713828444508 0.57835690863430433 7.6077330764383175 1.1554932817816732 1.2535121012479065 0.53233679104596365 5.6278361184522492 0.5135366916656493 222.27171311806887 1507.355729627423 0.58448872994631429 0.82835442759096511 0.61761762341484427 15.131565582472829 0.68548907246440627 0.56057502795010805 4.9904632894322276 5.54532835073769 0.90475444961339224 3.5178421717137098 0.46240763086825609
leaf_count=14 20 302 25 30 34 158 3 3055 14043 26 48 31 1189 33 18 156 367 45 320 23
internal_value=-7.07765e-05 -0.0135929 0.000174594 0.0458138 0.114998 6.82261e-05 -0.0322181 0.000202072 0.000381275 -0.0188918 -0.0122579 0.0505889 -0.0162543 -0.0082138 0.0280699 -0.0289886 -0.0525405 -0.050935 -0.0508317 -0.0516547
internal_weight=1783.32 31.783 1751.53 4.07268 1.78585 1747.46 7.21436 1740.25 1729.63 29.1924 24.1853 1.44597 22.7393 2.28683 1.24606 10.6183 6.05887 5.00709 4.4226 1.04076
internal_count=19940 1975 17965 158 64 17807 395 17412 17098 1961 1570 79 1491 94 51 314 370 391 365 43
is_linear=0
shrinkage=0.05


Tree=80
num_leaves=24
num_cat=0
split_feature=1 1 4 3 3 4 0 4 3 3 2 3 1 1 1 1 0 2 3 0 4 4 4
split_gain=2.33665 4.14042 3.42905 3.09749 8.70446 6.25558 2.31183 2.08483 1.8828 7.97141 5.94452 4.13332 4.76236 2.77505 1.9285 1.77941 8.46149 1.99737 1.55275 2.86911 0.0205134 0.0191475 0.00441469
threshold=-0.00039169728152993461 -0.00036891256272419953 2.3231793952835047 1.2409669778244143 1.1907248483326851 10.411254825505496 79.36920245890245 8.7516721802854907 0.83117242779624034 0.81453149806614322 -0.00028558970406977741 0.84653190191158367 -0.0019489698207214576 -0.0053173297224579632 -0.0031135142166399117 0.0010026589084178863 55.673407534379379 0.0012789710844908211 1.1981369870439715 52.05477977320318 6.1406699694367921 7.3596405398312816 4.1838829826740627
decision_type=2 2 2 2 2 2 2 2 2 2 2 2 2 2 2 2 2 2 2 2 2 2 2
left_child=6 18 15 4 -4 -5 8 20 9 14 -11 12 -10 -13 -1 17 -17 -3 21 -20 -8 22 -2
right_child=1 2 3 5 -6 -7 7 -9 11 10 -12 13 -14 -15 -16 16 -18 -19 19 -21 -22 -23 -24
leaf_value=0.013690859524068455 -0.051781032723358579 -0.023099158835478445 8.0134522295227103e-05 -0.013048245268882609 0.029096162321845139 0.0014465090253386432 -0.054413876819369246 0.0084368820626896657 -0.065365874966567622 0.024022471500666439 0.11100295994386933 0.012526788895353028 -0.00091627102685809059 -3.6962430937237842e-05 0.0019413656653000742 0.080044401067143972 -0.037941858796551882 9.7874954779698722e-05 -0.058147975084272524 0.024760082996603535 -0.062695273186408551 -0.061118490533632809 -0.055186889637527527
leaf_weight=41.249787673354149 2.0766777358949171 35.393556276801974 469.72637858241796 129.67044220585376 27.35176750831306 174.75142844766378 1.7541371779516333 1.9291184544563291 5.1000994890928268 6.280328493565321 2.8583373017609102 47.582102492451668 6.5442094868049008 576.00597556633875 227.72409222461283 2.610041149891912 3.6371587673202157 12.57730451133102 1.932567363604903 2.2682744180783629 1.3034082427620886 0.9974260926246642 1.7559744715690611
leaf_count=174 85 2528 6705 1948 312 1079 35 10 23 43 27 195 58 3520 2226 74 157 659 25 19 9 7 22
internal_value=-6.91218e-05 -0.00193437 -0.00157894 -0.000755732 0.00167674 -0.00472762 0.00168729 -0.0322643 0.00187266 0.00530359 0.0512277 0.00037056 -0.0291446 0.000921699 0.00374327 -0.0137484 0.0113521 -0.0170172 -0.0356124 -0.0133812 -0.0579442 -0.0549474 -0.0533415
internal_weight=1783.08 864.749 855.718 801.5 497.078 304.422 918.332 4.98666 913.345 278.113 9.13867 635.232 11.6443 623.588 268.974 54.2181 6.2472 47.9709 9.03092 4.20084 3.05755 4.83008 3.83265
internal_count=19940 13620 13462 10044 7017 3027 6320 54 6266 2470 70 3796 81 3715 2400 3418 231 3187 158 44 44 114 107
is_linear=0
shrinkage=0.05


Tree=81
num_leaves=27
num_cat=0
split_feature=4 3 4 1 4 3 4 3 3 1 0 3 2 0 1 0 1 4 3 0 1 2 1 1 0 4
split_gain=2.14656 5.5467 3.40705 6.15488 3.07015 4.02926 4.47499 4.4043 4.88375 4.52192 3.99205 3.77283 3.04295 4.44033 3.03448 3.16763 2.95464 2.92806 10.8127 6.3945 2.35459 2.69712 2.33104 0.57166 0.55 0.00429965
threshold=11.838190580854148 1.8086329754440509 11.693761020854614 -0.0018212183129950874 12.887775638249353 1.5749557534101244 12.18092454299037 0.99453700479140172 1.1517086465486721 0.0011710027634329603 55.466504846629363 0.71080306436039853 0.0092753874489467387 91.980087135581584 0.00026948981201724292 58.265904255979358 -0.0033012612298909945 14.007731944767022 0.83639248267624189 73.581868189202183 -0.0025598407673412256 -0.00022324627970993213 -0.00021471469795580897 0.0009392061869187841 42.213410127163655 9.3674400984985926
decision_type=2 2 2 2 2 2 2 2 2 2 2 2 2 2 2 2 2 2 2 2 2 2 2 2 2 2
left_child=1 2 12 -4 5 7 -7 9 -9 -2 -8 20 16 -14 15 22 -1 19 -19 -13 -6 -22 -3 25 -5 -16
right_child=4 14 3 24 11 6 10 8 -10 -11 -12 17 13 -15 23 -17 -18 18 -20 -21 21 -23 -24 -25 -26 -27
leaf_value=0.011413006997247267 0.035028884144596595 -0.010137718677742581 0.023032729346688548 -0.064745135352726024 0.015985658547949082 -0.004805956396865492 0.07201638191961196 -0.031564392333140893 0.0067551838444120313 -0.015623259016176365 0.013076855317102563 -0.01206762461018533 -0.030832735371287359 0.053460008126181319 -0.055450543740605818 0.039897753166741545 -0.0006672322042468908 0.054887638136747532 0.0020637936257173767 0.059384705556939921 -0.05770931480976535 -0.0097238297342462435 -0.056035490739528362 -0.031251252884495963 -0.039119726277185247 -0.058305072695798592
leaf_weight=52.982817098498344 18.059533737599853 13.493716912344103 4.1749634742736808 3.9751484543085081 2.9448446184396735 5.4995425641536739 7.5322019159793836 11.744494598358868 28.472870320081711 5.8282290995120993 4.6443609148263931 58.795332707464695 14.626914606429636 1.7491695061326034 3.4144947957247478 2.5819033798761657 1133.4270978285931 9.948702681809662 369.11547437310219 3.3073608204722396 5.9336857423186293 5.7816175967454901 3.4797307103872326 3.728049598634243 4.4246042221784592 2.1497181951999664
leaf_count=219 92 101 18 24 13 32 38 68 157 50 31 330 180 18 43 35 16368 56 1831 25 38 47 44 33 31 18
internal_value=-6.74691e-05 -0.00120824 -0.000693903 -0.0265851 0.00257265 0.0114932 0.0326285 0.0056654 -0.00443511 0.0226706 0.0495358 0.000972194 -0.00042322 -0.0218292 -0.0228772 -0.0116987 -0.000127752 0.00180142 0.00345018 -0.00826234 -0.0239816 -0.034028 -0.0195472 -0.0464022 -0.0512468 -0.0565534
internal_weight=1781.82 1244.21 1215.36 12.5747 537.608 81.7812 17.6761 64.1051 40.2174 23.8878 12.1766 455.827 1202.79 16.3761 28.8476 19.5554 1186.41 441.167 379.064 62.1027 14.6601 11.7153 16.9734 9.29226 8.39975 5.56421
internal_count=19940 17132 16858 73 2808 468 101 367 225 142 69 2340 16785 198 274 180 16587 2242 1887 355 98 85 145 94 55 61
is_linear=0
shrinkage=0.05


Tree=82
num_leaves=29
num_cat=0
split_feature=4 3 3 1 2 0 0 2 3 0 4 0 0 2 0 2 4 4 3 3 2 1 2 4 1 1 4 4
split_gain=2.07184 4.17371 3.65386 4.27349 2.8687 13.6412 5.97573 2.83932 2.65915 2.25223 4.03493 3.55459 5.23126 4.5235 7.04052 5.974 3.19682 3.92845 3.05835 4.05267 2.99953 2.65139 1.89312 0.0038229 0.00153919 0.00134504 0.000429876 0.000247851
threshold=5.4579775094849188 1.6064300583845952 1.8268245631140034 -0.00012025002761290037 0.0082159759448503528 85.673110917477246 82.181379760210874 0.0025581391316085171 1.5937785144637018 71.419548342240944 8.4794058532507055 63.123028541966214 62.352801536190576 0.0010215793018080179 66.856048244747043 0.0016988883316607641 9.7887552876326236 10.313492632118455 1.4502965974965267 0.82654070801651403 0.0072662505771687877 0.0028578028094861101 0.0033950192504779157 6.9627870601898936 0.0021324059439562508 -0.0004040532531907059 5.1288998867740583 4.7653490115633748
decision_type=2 2 2 2 2 2 2 2 2 2 2 2 2 2 2 2 2 2 2 2 2 2 2 2 2 2 2 2
left_child=1 4 25 -4 6 24 8 -8 -1 11 18 12 20 14 -13 -15 21 -18 19 -11 -2 -12 -14 -20 -6 27 -27 -3
right_child=9 2 3 -5 5 -7 7 -9 -10 10 16 13 22 15 -16 -17 17 -19 23 -21 -22 -23 -24 -25 -26 26 -28 -29
leaf_value=-0.0019023823723630824 0.0013361823006125815 -0.052712411325795828 0.098286870222487083 -0.052204142998761464 -0.052951830448664583 0.096469270401980445 -0.0017153233925075312 -0.053036934453250723 0.06050977921784248 -0.02926357627956834 0.031271409273664973 0.013732712425134214 -0.041452829726994045 -0.027374901685522493 0.11518390736393254 0.010718151405263721 -0.048144028129657089 -0.0009113587382595464 -0.052976766397269039 0.0070749916225248816 -0.040379158405895503 -0.021300313542982612 -0.0032715373050572782 -0.055688833533181936 -0.055522520358164545 -0.051457890377730214 -0.052562334201383135 -0.053745786752666259
leaf_weight=482.41803962271661 995.48478376120329 1.3225237969309094 0.97975383512675762 0.90979322232305981 1.7896740278229111 3.507925583049655 3.945759833790361 8.5015382692217809 1.7127097751945246 17.561537794768814 12.421559970825909 5.3217338100075713 9.8643026091158372 11.356261026114224 2.5199036225676537 109.85826523974538 4.7043216228485099 68.563113108277321 2.2982624992728224 13.625764984637497 4.3279814906418315 2.9722030386328688 4.8391526564955702 2.9895948655903339 0.86309592053294171 3.7966576428152603 1.1472720354795454 1.0338388942182062
leaf_count=10741 6190 29 14 26 49 38 161 227 22 207 99 42 77 111 22 801 45 474 45 176 30 38 33 34 11 156 25 17
internal_value=-6.58207e-05 -0.00275077 -0.0361429 0.0258273 -0.00214038 0.031769 -0.00256107 -0.0367681 -0.00168159 0.00101757 -0.0053509 0.00171444 0.0007202 0.00953023 0.046334 0.00714932 0.000407847 -0.00394405 -0.0193489 -0.0133872 0.00115561 0.0211209 -0.0288867 -0.0545101 -0.0537882 -0.0521827 -0.0517142 -0.0531658
internal_weight=1780.64 511.929 9.18984 1.88955 502.739 6.1607 496.578 12.4473 484.131 1268.71 125.136 1143.57 1014.52 129.056 7.84164 121.215 88.6612 73.2674 36.4752 31.1873 999.813 15.3938 14.7035 5.28786 2.65277 7.30029 4.94393 2.35636
internal_count=19940 11516 267 40 11249 98 11151 388 10763 8424 1118 7306 6330 976 64 912 656 519 462 383 6220 137 110 79 60 227 181 46
is_linear=0
shrinkage=0.05


Tree=83
num_leaves=22
num_cat=0
split_feature=4 1 4 3 3 1 4 2 3 3 4 0 0 0 2 4 1 1 0 1 3
split_gain=1.99886 3.58174 3.01739 4.88664 4.5003 4.74702 2.75982 5.70528 3.32589 3.26272 2.46063 2.44319 8.33457 1.83129 1.35327 3.20314 0.941863 0.0322045 0.000128251 0.000183014 8.61407e-05
threshold=1.5716204059623082 -0.0014170211574265899 1.6190510504815439 0.62210385578325278 0.66593616176306403 -0.00015790186429875949 1.7605930107891934 -0.0024099914438584498 0.21390322778372908 0.41264531673538707 1.4186152245648991 62.938042357525894 62.54590933089127 86.595548795444543 0.00015795471303603484 1.5952004026106403 0.0019360843186112533 -0.0014170211574265899 27.287114461536024 -0.00048539441251455035 0.37045338025448371
decision_type=2 2 2 2 2 2 2 2 2 2 2 2 2 2 2 2 2 2 2 2 2
left_child=1 -1 3 14 -5 -6 7 -4 16 -10 11 12 -3 -13 20 -16 -8 -9 -12 -20 -2
right_child=2 10 6 4 5 -7 8 17 9 -11 18 13 -14 -15 15 -17 -18 -19 19 -21 -22
leaf_value=0.043298621794055442 -0.051996788180954469 -0.0072805044846981559 0.066562477277584062 0.19002587386269126 0.15566383471111289 -0.051751655711578186 -0.034545524849871619 -0.06460891627621429 0.0092884841413860032 -0.00017784987341371854 -0.051599827254612263 -0.050784806767372709 0.24408792584275654 0.052413594082515627 -0.051258457127332673 0.10781527340720803 0.0074119031614506368 -0.05126912975602077 -0.051437698272204901 -0.050616903536036241 -0.051055135522967345
leaf_weight=2.6163585893809822 0.5520728481933469 18.023644533474009 1.2232555896043775 0.81577509082853783 0.47787693981081236 0.65251896018162359 8.7378171822056157 0.49543355405330647 96.40426620747894 1631.0378141026013 0.54787706024944682 4.7488588644191614 0.3359087910503139 0.47267112508416165 0.64703355450183131 0.61940920911729336 1.5793035076931108 5.2134550535120061 0.85526204016059626 3.2977613853290677 0.43362476211041212
leaf_count=14 20 1101 25 16 14 34 289 3 1396 15702 26 422 19 28 33 18 25 367 45 320 23
internal_value=-6.50474e-05 -0.0126714 0.000157675 0.0424953 0.100524 0.0359336 5.57961e-05 -0.0314298 0.000181396 0.000350443 -0.0178492 -0.0112643 -0.00268143 -0.0414429 -0.00765004 0.0265435 -0.0281228 -0.0524268 -0.0508808 -0.0507859 -0.0515825
internal_weight=1779.79 30.8983 1748.89 4.19831 1.94617 1.1304 1744.69 6.93214 1737.76 1727.44 28.282 23.5811 18.3596 5.22153 2.25214 1.26644 10.3171 5.70889 4.7009 4.15302 0.985698
internal_count=19940 1975 17965 158 64 48 17807 395 17412 17098 1961 1570 1120 450 94 51 314 370 391 365 43
is_linear=0
shrinkage=0.05


Tree=84
num_leaves=21
num_cat=0
split_feature=1 4 2 4 3 2 3 4 1 3 4 4 3 0 3 0 3 3 4 3
split_gain=1.99688 4.44116 2.6498 2.71991 5.58279 6.26095 5.79869 2.77938 2.60081 2.40273 2.95016 1.77889 3.09696 2.74298 2.06629 1.37689 1.37116 0.550012 0.00155447 0.00104019
threshold=0.005734181973295561 21.559274527434912 0.01098093707798087 14.530678980507536 1.255852180594675 0.0069101748454205589 1.3470603514246215 14.233173758934756 0.00014884708909457259 1.3470603514246215 44.901266122112666 9.5875212864267656 0.8605854836027621 80.349646782866941 1.255852180594675 76.920576890727958 1.2177999039605296 0.48775328680512547 16.164903664735903 0.36424285258665118
decision_type=2 2 2 2 2 2 2 2 2 2 2 2 2 2 2 2 2 2 2 2
left_child=2 18 3 7 5 -5 -6 8 -1 -3 15 17 13 -13 -14 -11 -9 19 -2 -4
right_child=1 9 11 4 6 -7 -8 16 -10 10 -12 12 14 -15 -16 -17 -18 -19 -20 -21
leaf_value=0.0011524441409617159 -0.053862948851187226 0.038799617175014539 -0.053910934578025628 0.01147169555102643 -0.021759879686199843 0.066571149699498705 0.00304621346433978 -0.0014436139189879221 -0.0033885761836453354 -0.060780577538008307 0.020243986886164092 -0.010061620309238585 -0.051694271960849247 0.049112481267116488 -0.00037200618582710802 -0.012363668233244987 -0.035025769633371444 -0.016710775589174859 -0.055572132374834972 -0.055696800612944068
leaf_weight=906.65150501439348 2.4618883281946209 2.9729223847389212 2.181152092292908 89.118635088205338 26.454332500696182 5.4722528755664817 215.23855916410685 4.6660416200757018 483.44308583624661 2.7611466497182828 4.0864508599042892 5.3316495865583438 4.9768594540655595 3.0953679904341698 3.2366245985031128 3.136308528482914 8.7198490425944311 1.3231395632028577 2.894134882837534 1.3021447807550428
leaf_count=9760 38 20 41 429 127 29 1020 26 8148 19 23 34 38 25 21 23 49 20 33 17
internal_value=-6.35615e-05 -0.0164892 0.00010723 0.000322562 0.00436136 0.0146593 0.000331079 -0.000645163 -0.000426819 -0.000658036 -0.0124074 -0.0173604 -0.00962128 0.0116739 -0.0314701 -0.0350321 -0.0233197 -0.0441541 -0.0547865 -0.0545785
internal_weight=1779.52 18.3129 1761.21 1739.76 336.284 94.5909 241.693 1403.48 1390.09 12.9568 9.98391 21.4469 16.6405 8.42702 8.21348 5.89746 13.3859 4.80644 5.35602 3.4833
internal_count=19940 156 19784 19588 1605 458 1147 17983 17908 85 65 196 118 59 59 42 75 78 71 58
is_linear=0
shrinkage=0.05


Tree=85
num_leaves=25
num_cat=0
split_feature=4 3 4 3 4 1 3 0 4 3 1 4 3 2 3 1 0 3 0 1 2 2 0 1
split_gain=1.88494 6.34965 5.29693 4.49294 9.76309 4.11424 3.02431 2.5908 2.4288 6.84298 2.11148 4.79337 3.39493 3.163 2.30031 2.01021 1.67975 1.22336 0.945811 2.35726 0.925071 2.42938 0.204581 0.148918
threshold=3.2698071673553737 1.0330539229223104 3.1291788864690364 0.9716247635145101 2.8942966263296732 -0.00094690904080629845 0.6952907973630994 66.648154844241802 3.3014678483179192 0.61702691320187986 0.0042805585062242199 17.070527223126742 1.3247071469340181 0.01098093707798087 0.86656833488924367 0.0031737366035140551 64.631298728251394 0.95283434313046989 23.488023974104788 -0.00073341299567530871 0.0011207129997029555 0.0014764932644997233 56.174210564617759 -0.0015055102654840666
decision_type=2 2 2 2 2 2 2 2 2 2 2 2 2 2 2 2 2 2 2 2 2 2 2 2
left_child=1 2 3 5 -5 -1 23 -8 9 -2 13 16 -13 15 -15 -10 -12 -11 19 -3 22 -22 -20 -4
right_child=8 18 6 4 -6 -7 7 -9 10 17 11 12 -14 14 -16 -17 -18 -19 20 -21 21 -23 -24 -25
leaf_value=0.014198056845192819 0.10263769274551736 -0.053120866269766323 -0.035995797337699163 -0.015531793461540959 0.12477739787192953 -0.0054562881043648181 -0.015787640712691602 0.087574866895632167 0.00064361565363944546 0.01426263665928482 -0.05572948109846157 0.025752425842205225 -0.0097731972146123947 -0.0073124692593135275 -0.045120810091958868 0.011683257682687791 -0.02092273049936489 -0.052986241691248603 -0.051520507633243853 0.055200765680106345 0.046779060340629237 -0.051136718197006728 -0.036868129409463352 -0.052962049983741724
leaf_weight=34.411178435198963 2.1414808686822644 1.0974662508815529 1.5837310478091229 2.7783574112690976 2.2388855963945389 117.69708140799776 3.9067084696143857 0.71760247834026802 1480.3753048647195 1.4617053456604483 5.3349837623536578 9.6476959362626094 22.198146864771843 11.822355726733806 6.0981204286217681 42.417111471295357 9.8955208957195264 1.2585614081472156 7.2798049985431117 0.9260416105389585 1.0212049656547599 1.6684645563364027 3.5410443260334432 7.0537550142034879
leaf_count=321 29 22 10 131 48 5326 85 22 12106 23 65 69 138 114 46 334 116 27 362 21 50 80 227 168
internal_value=-6.14566e-05 -0.00482554 -0.00203554 0.000525644 0.0470795 -0.00100992 -0.0323804 0.000252196 0.000494688 0.035781 0.000386643 -0.0100444 0.000989288 0.000705362 -0.0201782 0.000951123 -0.0331149 -0.0168508 -0.035428 -0.00354837 -0.0402027 -0.0139604 -0.0467256 -0.0498512
internal_weight=1778.57 185.921 170.387 157.126 5.01724 152.108 13.2618 4.62431 1592.65 4.86175 1587.79 47.0763 31.8458 1540.71 17.9205 1522.79 15.2305 2.72027 15.534 2.02351 13.5105 2.68967 10.8208 8.63749
internal_count=19940 6873 6111 5826 179 5647 285 107 13067 79 12988 388 207 12600 160 12440 181 50 762 43 719 130 589 178
is_linear=0
shrinkage=0.05


Tree=86
num_leaves=21
num_cat=0
split_feature=4 3 2 1 3 4 1 3 4 1 2 4 3 0 1 2 2 3 2 4
split_gain=1.81536 3.38378 4.93022 3.16348 3.0736 14.1832 2.85452 2.70034 3.93491 5.98145 3.9343 3.86545 3.17911 2.30567 2.04566 1.81682 1.77197 1.34434 1.29426 0.710124
threshold=1.5716204059623082 0.19418818840035776 -0.0029041390408907626 -0.00048539441251455035 0.48339877322921887 0.84777489694884067 0.00080762545967738586 0.21390322778372908 1.6190510504815439 -0.0005378352670507568 0.00015795471303603484 1.7605930107891934 0.22279559614942462 16.942945068981 0.0019360843186112533 -0.0024099914438584498 -0.00019947290291000283 0.11025793356640286 -0.0006788388872364658 2.4349336003149191
decision_type=2 2 2 2 2 2 2 2 2 2 2 2 2 2 2 2 2 2 2 2
left_child=1 3 -3 16 13 -6 18 14 9 -9 -11 15 -13 -4 17 -10 -1 -2 -5 -19
right_child=7 2 4 6 5 -7 -8 8 11 10 -12 12 -14 -15 -16 -17 -18 19 -20 -21
leaf_value=0.011037220940962449 0.016240155602634119 0.078107713624560593 0.073709432495178376 0.0017726016401253073 0.25448777033550007 -0.025357674962496676 0.069170346757186682 0.19664211600566975 0.050746447797728078 -0.051261106974116934 0.064380265746434878 0.050594411405337693 0.00023989400114512798 -0.051386495296425874 0.025181321097355294 -0.051948853881498142 0.067119857933952795 -0.055171274801706638 -0.050840687035222376 -0.02669553670101802
leaf_weight=3.228190403431654 1.2527321511879552 1.0868352539837385 0.38113127835095184 1.8698976580053566 0.49059206014498968 5.8728618272580206 0.82724190223962057 0.59480283223092589 0.47344215027987946 1.1278347796760493 2.1142946891486645 3.1402143789455286 1723.400062372908 10.976682616863398 1.8290869230404485 4.7678660671226671 2.4985496373847127 3.8738797623664123 3.1178616289980727 5.0350451488047838
leaf_count=29 24 17 8 87 34 583 37 13 9 55 73 45 17053 919 29 336 36 179 225 149
internal_value=-6.05226e-05 -0.0121842 -0.0252626 0.00912804 -0.0316023 -0.00378292 -0.0168494 0.000150023 0.000313386 0.0508917 0.0241523 0.000201325 0.000331478 -0.0471887 -0.0234962 -0.0426725 0.0355058 -0.0322581 -0.0311161 -0.0390777
internal_weight=1777.96 30.3498 18.8081 11.5417 17.7213 6.36345 5.815 1747.61 1735.62 3.83693 3.24213 1731.78 1726.54 11.3578 11.9907 5.24131 5.72674 10.1617 4.98776 8.90892
internal_count=19940 1975 1561 414 1544 617 349 17965 17584 141 128 17443 17098 927 381 345 65 352 312 328
is_linear=0
shrinkage=0.05


Tree=87
num_leaves=20
num_cat=0
split_feature=1 4 2 4 3 2 3 1 0 4 4 4 4 3 0 3 3 4 1
split_gain=1.80206 4.24858 2.21657 2.37753 4.96494 5.37114 5.28792 2.5736 7.32756 4.27875 2.16529 3.60196 1.7631 2.72478 2.40273 1.99655 0.66928 0.00157671 0.000858418
threshold=0.005734181973295561 21.559274527434912 0.01098093707798087 14.530678980507536 1.255852180594675 0.0069101748454205589 1.3470603514246215 -0.0033012612298909945 31.948289082548943 14.233173758934756 26.33084368258125 44.901266122112666 9.5875212864267656 0.8605854836027621 80.349646782866941 1.255852180594675 0.49313938253670103 16.164903664735903 0.0010232433864094672
decision_type=2 2 2 2 2 2 2 2 2 2 2 2 2 2 2 2 2 2 2
left_child=2 17 3 7 5 -5 -6 8 -1 -9 -3 -12 16 14 -14 -15 18 -2 -4
right_child=1 10 12 4 6 -7 -8 9 -10 -11 11 -13 13 15 -16 -17 -18 -19 -20
leaf_value=-0.004085882808976927 -0.053560859049734046 0.036007447445499281 -0.055324232517593878 0.010762645895010713 -0.020905793769262188 0.061066523130629713 0.0028441298707800634 -0.00085425730719652893 0.027568165992520058 -0.030836859873851648 -0.040799649563673365 0.019765324338098994 -0.0093327440463063151 -0.050217949325262051 0.045689618720764581 0.0010755407659088067 -0.009833059512936719 -0.055330945975204306 -0.05369032299999639
leaf_weight=46.764181718230247 2.2912289611995247 3.0815726816654196 1.2640388440340786 89.453382775187492 26.296958714723587 5.6410733312368384 215.49216665327549 1312.9658435476013 30.018731459975243 12.008048944175242 5.1660508289933187 4.6778211742639542 5.2846299558877963 4.7037153095006934 3.1768640391528606 3.1794963255524635 1.1198733560740946 2.7899762690067291 2.2081130836158991
leaf_count=191 38 21 20 429 127 29 1020 17598 124 70 38 26 34 38 25 21 17 33 41
internal_value=-5.96061e-05 -0.0157968 0.00010144 0.000296181 0.00406777 0.0137467 0.000261091 -0.000610243 0.00828945 -0.00112599 -0.000569021 -0.0120191 -0.0160703 -0.00837957 0.0113254 -0.02953 -0.0434445 -0.0545328 -0.0542851
internal_weight=1777.58 18.0066 1759.58 1738.64 336.884 95.0945 241.789 1401.76 76.7829 1324.97 12.9254 9.84387 20.9367 16.3447 8.46149 7.88321 4.59203 5.08121 3.47215
internal_count=19940 156 19784 19588 1605 458 1147 17983 315 17668 85 64 196 118 59 59 78 71 61
is_linear=0
shrinkage=0.05


Tree=88
num_leaves=21
num_cat=0
split_feature=4 3 2 3 4 1 2 0 3 4 1 4 1 3 0 1 2 3 4 1
split_gain=1.67224 3.14911 4.40838 2.99806 10.2663 2.98847 3.09793 3.14806 2.47418 3.38256 5.00922 3.63544 3.6268 3.1029 2.47002 1.93233 1.7136 1.27799 0.716468 0.047299
threshold=1.5716204059623082 0.19418818840035776 -0.0029041390408907626 0.48339877322921887 0.84777489694884067 -0.0011657994260315661 -0.0016970048263073021 62.938042357525894 0.21390322778372908 1.6190510504815439 -0.00059948950389937517 1.7605930107891934 0.00053862366607604361 0.56262251518712258 15.875749908555692 0.0019360843186112533 -0.0024099914438584498 0.11025793356640286 2.4349336003149191 -0.00048539441251455035
decision_type=2 2 2 2 2 2 2 2 2 2 2 2 2 2 2 2 2 2 2 2
left_child=1 5 -3 14 -5 -1 19 -8 15 10 -10 16 -12 -13 -4 17 -11 -2 -19 -7
right_child=8 2 3 4 -6 6 7 -9 9 11 12 13 -14 -15 -16 -17 -18 18 -20 -21
leaf_value=0.055455704251276189 0.015390198191439015 0.070249600943968593 0.08349179735371097 0.18897659453806082 -0.024681055120607514 -0.067597158016939524 0.029995948225392862 -0.050946353549421113 0.17297044264492276 0.046258696384412497 -0.00053317050436565744 0.0058276776791286976 0.14426075185121351 -0.00050004654990338452 -0.051325412971124057 0.024159987319563436 -0.05186413191796338 -0.0550748434088702 -0.025925519344940397 -0.05212629174961541
leaf_weight=2.6348317191004744 1.2645253287628282 1.1470042616128946 0.35110683366656559 0.62344968505203624 5.7259241067804396 0.78001961670815978 5.2174997576512423 1.5605357359163461 0.6523655243217944 0.49330846779048432 2.8388308226130898 222.39345929957926 0.51020333636552084 1503.5189511189237 10.496373448055236 1.8484559589996923 4.5388200632296494 3.6944991890341026 4.9091636603698134 1.3475172817707051
leaf_count=13 24 17 6 34 583 11 222 116 11 9 109 3055 21 14043 921 29 336 179 149 52
internal_value=-5.75654e-05 -0.0117853 -0.0246592 -0.0309894 -0.00370185 0.00867808 -0.00516171 0.0113603 0.000143089 0.000297735 0.046216 0.000191587 0.0215252 0.000315316 -0.0469617 -0.0227562 -0.042245 -0.0315443 -0.0384425 -0.0577984
internal_weight=1776.55 29.8843 18.3439 17.1969 6.34937 11.5404 8.90557 6.77804 1746.66 1734.95 4.0014 1730.94 3.34903 1725.91 10.8475 11.7166 5.03213 9.86819 8.60366 2.12754
internal_count=19940 1975 1561 1544 617 414 401 338 17965 17584 141 17443 130 17098 927 381 345 352 328 63
is_linear=0
shrinkage=0.05


Tree=89
num_leaves=22
num_cat=0
split_feature=4 1 1 3 2 3 0 0 3 4 1 0 0 0 3 3 2 0 4 4 1
split_gain=1.68744 3.48026 6.68074 8.61361 6.60072 6.46593 6.22138 5.12354 3.08236 2.36516 6.93616 5.43443 2.2311 8.76856 5.00556 10.6343 5.47655 3.44998 1.35741 0.000480604 0.000351337
threshold=7.0304448466795106 0.0031737366035140551 0.0019360843186112533 0.907563173150711 0.0018898860423699484 0.43050809036198651 65.0845242376394 91.980087135581584 1.027609470728478 7.1005929996493178 0.00033581416010108894 44.613339881161707 25.631839111812955 26.081595717075455 0.55223281975571148 0.45515610428033942 -0.0044831166911681311 45.464525170834158 4.2890465520444598 5.6307058066781641 0.0040315000692569001
decision_type=2 2 2 2 2 2 2 2 2 2 2 2 2 2 2 2 2 2 2 2 2
left_child=1 2 6 5 -5 -4 8 -8 -1 10 11 -2 14 -14 15 -11 -16 -15 -3 -20 -21
right_child=9 18 3 4 -6 -7 7 -9 -10 12 -12 -13 13 17 16 -17 -18 -19 19 20 -22
leaf_value=0.0020692985502269198 0.016685681269598209 -0.0035869465603971789 0.043950691045977826 0.15090747655487005 0.039516577155093241 -0.012556566662845093 -0.014053857703391237 0.066439878432162466 -0.0058874403399091406 -0.0092556842535785732 -0.030068369783270918 0.1074234881665746 -0.053244160164124393 -0.0031644197258294789 -0.00048681576230620826 0.10839636911308292 0.028158887996993415 0.0031286301334125413 -0.055071416654732086 -0.054562144206133881 -0.053444383975173343
leaf_weight=399.37015088414773 3.9069181531667692 1.8845684845000494 7.8799216262996259 1.9375692307949055 4.2408278100192547 14.158876929432152 121.1363105122 2.0097043802961698 175.07580528128892 4.0604924336075774 3.7095792293548584 2.8566726744174957 7.6239902377128592 363.80256831273437 91.594658799469471 3.6445665434002876 20.401426941156387 542.6288073323667 1.5450574979186056 1.3366574384272101 1.4830151274800298
leaf_count=7434 23 25 97 22 55 181 3093 43 2608 24 36 19 38 2041 423 19 103 3592 20 18 26
internal_value=-5.64905e-05 -0.00189706 -0.00157717 0.0222743 0.0744492 0.00764747 -0.00254194 -0.0127402 -0.000355703 0.00123384 0.0248752 0.0550097 0.00099433 0.000153741 0.00741319 0.0463949 0.00473134 0.000602871 -0.0390505 -0.0543626 -0.0539743
internal_weight=1776.29 732.058 725.809 28.2172 6.1784 22.0388 697.592 123.146 574.446 1044.23 10.4732 6.76359 1033.76 914.055 119.701 7.70506 111.996 906.431 6.2493 4.36473 2.81967
internal_count=19940 13622 13533 355 77 278 13178 3136 10042 6318 78 42 6240 5671 569 43 526 5633 89 64 44
is_linear=0
shrinkage=0.05


Tree=90
num_leaves=20
num_cat=0
split_feature=1 4 4 3 4 1 4 0 0 4 0 3 2 3 3 1 1 0 4
split_gain=1.67554 4.05818 2.09623 5.20398 3.67296 5.9888 2.67946 4.53565 4.26778 3.10841 7.73686 3.81388 2.53682 1.95618 2.76316 1.83728 2.52208 0.74969 0.00137239
threshold=0.005734181973295561 21.559274527434912 11.838190580854148 1.8754374664996203 11.693761020854614 -0.0018212183129950874 12.887775638249353 19.05939198672846 26.081595717075455 14.007731944767022 74.915259864602447 1.255852180594675 0.0092753874489467387 1.3470603514246215 1.849306420893049 -0.00085025903414054349 0.00026948981201724292 76.535236898025019 16.164903664735903
decision_type=2 2 2 2 2 2 2 2 2 2 2 2 2 2 2 2 2 2 2
left_child=2 18 3 4 12 -6 7 -4 -9 10 -8 -11 -1 -3 17 -5 -17 -15 -2
right_child=1 13 6 15 5 -7 9 8 -10 11 -12 -13 -14 14 -16 16 -18 -19 -20
leaf_value=-9.9997366096587925e-05 -0.053369412789818729 0.033999148706290783 -0.036399326174001816 -0.063816723319411003 0.021760382848363572 -0.05107948704137516 -0.012478895908128743 0.054717303032583153 0.010595320023196419 0.010748647593466503 0.068504486008634569 -0.00030705312782858458 -0.020399617912594706 -0.046776707524800981 0.025410418462157053 -0.0032945381064829939 -0.047575877590508811 -0.012772919337090186 -0.055059301088026882
leaf_weight=1192.176495751366 2.1818711049854782 3.0923507511615744 4.7385898828506461 3.070360682904723 4.1928096264600745 8.630517974495886 63.628167621791363 5.9393358081579199 70.966033764183521 111.20992267131805 3.0926069840788832 261.2785160690546 15.591851210221646 3.4032132476568204 3.3339417204260826 8.069250885397194 5.3458728995174161 3.0951566770672798 2.673697330057621
leaf_count=16697 38 20 21 19 18 58 362 27 413 559 24 1258 195 23 21 78 55 21 33
internal_value=-5.56884e-05 -0.0153276 9.87763e-05 -0.00102156 -0.000644677 -0.0272632 0.00275968 0.0110775 0.0140028 0.00121349 -0.0087252 0.00299373 -0.000362058 -0.000686374 -0.0115953 -0.028926 -0.0209405 -0.0305808 -0.0542999
internal_weight=1775.71 17.7802 1757.93 1237.08 1220.59 12.8233 520.853 81.644 76.9054 439.209 66.7208 372.488 1207.77 12.9247 9.83231 16.4855 13.4151 6.49837 4.85557
internal_count=19940 156 19784 17120 16968 76 2664 461 440 2203 386 1817 16892 85 65 152 133 44 71
is_linear=0
shrinkage=0.05


Tree=91
num_leaves=28
num_cat=0
split_feature=4 3 2 2 4 3 1 1 3 3 1 4 2 2 2 3 1 2 3 1 0 2 2 1 0 1 4
split_gain=1.59604 3.78583 3.5726 6.30745 3.27434 2.6957 9.55804 2.77199 2.68869 7.98425 1.86661 4.26975 3.16853 4.34705 2.68202 2.20646 2.50591 2.09139 4.48358 2.47463 1.70522 1.97349 1.38913 1.19478 0.783317 0.170641 0.00325573
threshold=4.1838829826740627 1.3325707970457665 -0.00082711968594051377 -0.0011084450964333745 4.0518856121374736 1.294611499234515 -0.00034653735404510661 0.0011267885002730351 0.58374038927573335 0.49313938253670103 0.0042805585062242199 17.070527223126742 0.012623705341918258 0.0018560422462670092 0.01098093707798087 0.86656833488924367 -0.0012288181263157003 0.006044950188185628 0.47385213839575513 0.0031737366035140551 64.631298728251394 0.0048347072495604779 0.0014155491856157056 -0.00071547303303343124 77.364401215151489 -0.00014659050112797442 11.369063868517769
decision_type=2 2 2 2 2 2 2 2 2 2 2 2 2 2 2 2 2 2 2 2 2 2 2 2 2 2 2
left_child=1 4 3 -3 5 7 -7 -1 9 -6 14 20 13 -13 17 16 -16 19 -19 -2 26 -22 -10 -4 -17 -25 -12
right_child=10 2 23 -5 8 6 -8 -9 22 -11 11 12 -14 -15 15 24 -18 18 -20 -21 21 -23 -24 25 -26 -27 -28
leaf_value=-0.0030253533851425231 0.00043492386102443858 -0.05363453368588255 0.02412085077187999 0.079093498749400609 -0.032265246951394093 0.15811570785424689 -0.024533990988154813 0.013154280757206097 -0.049751494303409631 0.083504109002015908 -0.053867977368461641 0.033138259582659348 0.04869506846539938 -0.014389184569269809 -0.048677768948834965 -0.021210480250285896 0.0068694099694413951 0.041304828366391003 0.0044151876522642627 0.014145658680589052 0.028169519765385467 -0.030258862195495163 -0.002940162420802586 -0.037859962798669822 -0.058629889547695047 -0.051415053209183187 -0.05649593512355975
leaf_weight=247.31832389254123 1302.5942266471684 1.7312339404597881 0.63237658143043418 1.8532948363572348 5.4435965195298222 1.1691267564892771 1.8491070112213481 29.645623237360269 7.8722128067165595 2.0502431988716125 1.9210324008017767 6.1209987774491372 3.1397802978754035 22.481976617127657 2.6354064512997875 2.3311587646603575 8.8443946586921811 9.7289788164198381 53.702169049531221 33.763112314045429 1.7771663926541785 7.7368275560438633 1.9842928387224672 3.5610819496214372 3.4959472268819809 6.6714079892262816 3.0493454374372959
leaf_count=7626 9556 31 8 28 69 18 77 602 130 27 30 37 21 149 18 15 93 94 397 264 21 95 41 124 31 304 34
internal_value=-5.40604e-05 -0.00330212 -0.0282953 0.0149893 -0.00208753 -0.000781361 0.0462162 -0.00129352 -0.0231652 -0.000591853 0.000637985 -0.00924932 0.00101547 -0.00421837 0.00096052 -0.0186019 -0.0058825 0.00120239 0.0100733 0.000781326 -0.0317448 -0.0193447 -0.0403275 -0.0425757 -0.0436601 -0.0466976 -0.0554802
internal_weight=1775.1 311.782 14.4494 3.58453 297.333 279.982 3.01823 276.964 17.3503 7.49384 1463.32 46.2271 31.7428 28.603 1417.1 17.3069 11.4798 1399.79 63.4311 1336.36 14.4844 9.51399 9.85651 10.8649 5.82711 10.2325 4.97038
internal_count=19940 9085 495 59 8590 8323 95 8228 267 96 10855 387 207 186 10468 157 111 10311 491 9820 180 116 171 436 46 428 64
is_linear=0
shrinkage=0.05


Tree=92
num_leaves=20
num_cat=0
split_feature=4 4 1 1 1 4 3 3 3 0 4 3 4 3 1 1 0 1 1
split_gain=1.52503 4.33335 5.21005 3.51852 2.69954 2.13097 5.06609 2.64812 2.76558 2.17511 1.86519 7.01809 9.62573 4.07305 2.34879 7.15642 1.21622 0.948813 0.00300529
threshold=1.5952004026106403 1.6190510504815439 -0.00058230797045782923 0.00045323685545051179 -0.0014170211574265899 1.7605930107891934 0.11025793356640286 0.21390322778372908 0.22279559614942462 20.751829747520024 1.0576183634918812 0.52561001292682386 0.84777489694884067 0.17602652767611368 -0.00012991634291498186 -0.00012025002761290037 60.428216084690725 -0.0035094460250467692 -0.0011330763075519388
decision_type=2 2 2 2 2 2 2 2 2 2 2 2 2 2 2 2 2 2 2
left_child=4 2 -2 16 -1 6 -3 17 -9 -8 11 13 -13 -6 18 -16 -4 -7 -12
right_child=1 5 3 -5 10 7 9 8 -10 -11 14 12 -14 -15 15 -17 -18 -19 -20
leaf_value=0.037477678361434778 0.19653619759791163 0.11409767468985783 -0.051276103587220082 0.13458794491007328 0.015905976434883159 0.022565919013212189 0.069065652127845642 0.046367168745527675 0.00021288159121113023 -0.051883426225719988 -0.054787019205827209 0.30823608457886115 0.011070285159501337 -0.043002074089173364 0.19691099350602176 -0.02057512146698217 0.047329641040925796 -0.031072824384586778 -0.051219424811073826
leaf_weight=2.6356580257415798 0.58519997075200114 0.56157765351235767 0.88708116393536218 0.53597325598821033 5.9603537893854099 0.91058997809886832 0.39995443262159813 3.2517850315198293 1721.6047375216149 5.2657923300284892 0.66407048702239979 0.41597165726125129 0.79011839255690575 5.7797962455078959 0.39388031698763626 9.5283472151495427 0.48297375347465277 8.7151195365004224 5.3141075004823533
leaf_count=14 6 5 43 20 220 4 7 45 17053 383 9 16 61 488 14 844 10 310 388
internal_value=-5.3542e-05 0.000143432 0.0660403 0.0259747 -0.0109602 4.91233e-05 -0.0291473 0.000153947 0.000299894 -0.0433454 -0.0153858 -0.00129564 0.113561 -0.0130951 -0.0268582 -0.0119416 -0.0165155 -0.0259986 -0.0516157
internal_weight=1774.68 1743.2 2.49123 1.90603 31.4823 1740.71 6.22732 1734.48 1724.86 5.66575 28.8466 12.9462 1.20609 11.7402 15.9004 9.92223 1.37005 9.62571 5.97818
internal_count=19940 17886 79 73 2054 17807 395 17412 17098 390 2040 785 77 708 1255 858 53 314 397
is_linear=0
shrinkage=0.05


Tree=93
num_leaves=20
num_cat=0
split_feature=1 4 4 4 4 4 2 0 3 1 0 0 0 1 2 2 1 1 4
split_gain=1.50678 3.83082 1.92073 3.17973 1.88107 4.50469 6.86314 12.3626 4.3617 4.31659 3.0214 5.2938 4.39191 2.52608 5.02748 2.35198 2.18613 1.61069 0.00122112
threshold=0.005734181973295561 21.559274527434912 26.33084368258125 44.901266122112666 12.18092454299037 12.718842969516396 -0.001359248660724621 48.91226279564804 1.8754374664996203 -0.0013375184494767154 22.317726538714336 16.942945068981 26.874843870839069 -0.0033012612298909945 -0.0051078254911683931 0.0019694574053698015 0.0037825645749879348 6.4199768801120896e-05 16.164903664735903
decision_type=2 2 2 2 2 2 2 2 2 2 2 2 2 2 2 2 2 2 2
left_child=4 18 -3 -4 8 6 9 -8 13 -6 11 -7 -12 14 -1 17 -15 -10 -2
right_child=1 2 3 -5 5 10 7 -9 15 -11 12 -13 -14 16 -16 -17 -18 -19 -20
leaf_value=-0.0059083450994579893 -0.053103237996996788 0.033164099367847276 -0.039618122995890265 0.017485606917554446 -0.02520960832155987 -0.0027522675390416963 0.10347722849209978 0.016348287251736017 -0.021966411719556808 0.024576960214802775 -0.020157430637918677 0.034769490434491589 0.00136352137283455 -0.0008671459188698378 0.023145585948424349 0.01903065630763956 -0.022198146429360133 -0.057031233307132723 -0.054748897237487062
leaf_weight=28.165579035878181 2.0260023884475258 3.156304068863391 4.987781807780264 4.7684374451637268 10.388442888855936 20.060233607888222 5.3530746623873737 17.001530483365059 10.393515076488258 7.4945712536573401 25.239238083362579 17.689750239253044 390.41873934864998 1173.5790556769352 31.588531285524368 2.5330282263457766 12.135604524984954 4.7816929295659056 2.5410616919398308
leaf_count=116 38 21 38 26 45 86 28 106 87 50 114 74 2006 16707 131 21 160 53 33
internal_value=-5.2858e-05 -0.0146605 -0.000739712 -0.0117082 9.24812e-05 0.00270966 0.018743 0.0372123 -0.000930304 -0.00434461 0.00128679 0.0148305 5.6744e-05 -0.000579966 0.00945078 -0.0255705 -0.00108547 -0.0330153 -0.0540189
internal_weight=1774.3 17.4796 12.9125 9.75622 1756.82 493.646 40.2376 22.3546 1263.18 17.883 453.408 37.75 415.658 1245.47 59.7541 17.7082 1185.71 15.1752 4.56706
internal_count=19940 156 85 64 19784 2509 229 134 17275 95 2280 160 2120 17114 247 161 16867 140 71
is_linear=0
shrinkage=0.05


Tree=94
num_leaves=23
num_cat=0
split_feature=0 0 4 3 2 2 2 3 2 1 0 3 3 2 2 0 2 2 4 1 1 4
split_gain=1.45956 5.20475 5.96729 4.02111 3.91015 4.02841 3.11813 3.09993 11.1824 6.81568 3.57134 7.55509 3.67388 2.98139 2.95012 3.84022 2.6535 5.04348 0.980081 1.39709 0.0281964 0.000573178
threshold=68.010477039056425 66.395816694355531 5.7243497901380822 0.33214073464212329 0.0012789710844908211 0.0026119364895016432 -4.1516205463554272e-05 0.41264531673538707 0.0044130062599068163 -0.00065072070038890695 68.793005524515493 0.64621557851376499 0.76002131309108267 0.0092753874489467387 0.0076924297499956227 65.330846389481209 0.0031732211867446796 0.0021549914160380328 9.6945088695693613 0.0021947039853912336 -0.001021519144252969 4.4136750900351389
decision_type=2 2 2 2 2 2 2 2 2 2 2 2 2 2 2 2 2 2 2 2 2 2
left_child=1 13 16 6 -4 -6 -2 8 20 -10 11 -9 -12 14 15 -1 17 -3 19 -8 -5 -18
right_child=3 2 4 7 5 -7 18 10 9 -11 12 -13 -14 -15 -16 -17 21 -19 -20 -21 -22 -23
leaf_value=0.00036597855870732442 0.059934831240426679 -0.015172922598788061 0.095943242273458185 -0.066086931068682561 -0.011485404431675707 0.037978173731145322 -0.047531616067588274 0.046100295696135711 -0.028171398782646091 0.072101669080686714 -0.013696839565262332 -0.043527738560090533 0.001918847044840304 -0.046369628509441346 0.045562355994925162 -0.021250112784023854 -0.053416249396006435 0.075489140127501964 0.029459609369844948 0.0015214117779741032 -0.052515461736850934 -0.054909183131615462
leaf_weight=1457.5004105956759 0.88484131125733334 7.9313366841524822 2.2286412753164795 0.43589603155851309 5.3439864218235043 17.916931830346584 9.8816758892498857 2.8942261859774581 2.1918958313763142 7.4701744792982918 49.353275146801025 12.531771555542944 159.0472615477629 3.4491055123507968 3.5709485085681072 20.840484137181193 1.1318812612444156 1.9018019135110078 0.52596275508403856 1.7014864208176721 3.1371490648016334 1.488209832459688
leaf_count=15290 27 264 18 3 52 120 426 49 16 86 911 157 1918 30 23 307 29 44 3 24 124 19
internal_value=-5.12347e-05 0.000529942 0.0188163 -0.00359168 0.032676 0.0266144 -0.0306739 -0.00210723 0.0214057 0.0493542 -0.00349758 -0.0267117 -0.00177925 6.28254e-05 0.000170896 6.12519e-05 -0.00955201 0.00236179 -0.0372949 -0.0403261 -0.0541711 -0.0542642
internal_weight=1773.36 1523.3 37.9428 250.056 25.4896 23.2609 12.994 237.062 13.2351 9.66207 223.827 15.426 208.401 1485.36 1481.91 1478.34 12.4532 9.83314 12.1091 11.5832 3.57305 2.62009
internal_count=19940 16196 546 3744 190 172 480 3264 229 102 3035 206 2829 15650 15620 15597 356 308 453 450 127 48
is_linear=0
shrinkage=0.05


Tree=95
num_leaves=27
num_cat=0
split_feature=1 0 0 1 2 0 2 1 2 1 4 4 4 1 3 4 3 1 3 3 0 1 0 1 3 0
split_gain=1.42809 4.09829 5.5111 9.36911 4.83648 5.21448 4.49824 4.15269 4.49459 4.12167 4.09656 3.73988 3.49993 2.95502 3.47023 7.08921 3.85268 3.33438 3.51113 5.95997 2.37129 4.8645 3.62176 1.6093 1.58292 0.291828
threshold=-0.00012025002761290037 42.796772067153057 43.198752323560676 0.0010453936682007783 -0.0028366118781384948 38.857805601860555 -0.0036258556770936141 0.0022650714924402631 -0.0020381506389258726 0.00013335664152080986 4.8897348330183705 3.6586933941798749 14.820493208258467 -0.0001914976312956673 1.8969340416215024 14.820493208258467 0.87649645461058234 -0.00027464847276925658 1.1640591360234602 1.1404843680306354 69.127972893207485 -0.0005501907109847769 63.973725307810774 0.002756280975087511 1.5851166301831336 47.276144258694224
decision_type=2 2 2 2 2 2 2 2 2 2 2 2 2 2 2 2 2 2 2 2 2 2 2 2 2 2
left_child=13 4 3 9 5 10 25 8 -6 -3 -2 -8 -9 17 15 16 -15 20 19 -19 22 -22 -1 -7 -20 -4
right_child=1 2 6 -5 7 23 11 12 -10 -11 -12 -13 -14 14 -16 -17 -18 18 24 -21 21 -23 -24 -25 -26 -27
leaf_value=0.0010861318620362279 0.033425470373411627 0.02635515079857776 -0.061329994273160937 -0.023028805997938842 -0.042944656588275495 -0.041737453010933595 -0.0096427026706546962 -0.014432408321292643 -0.013769807701470183 0.14066110647689875 -0.00047551538790487633 0.0015448095407832373 0.073149094146120794 0.032183533503997067 -0.064523229083919068 0.12382997893706355 -0.0056390493215265885 -0.0088492650396464565 -0.051213349651853916 0.13033078564223466 -0.00012583001594248687 -0.044821684952789528 0.018610135600841252 0.0061374964850502787 -0.0082199613934618426 -0.036178851238634145
leaf_weight=905.07294263038784 11.335230176337062 1.2056649839505547 2.4614342339336863 2.6941136866807938 18.229718128684908 8.3537623081356269 87.403881603153422 2.384904906153678 47.857515106443316 2.2800001231953502 41.669654967263341 514.02657115180045 2.1865380257368088 14.207616042811432 1.2604921385645855 1.5615881085395802 12.797528204508124 19.389438569080092 7.5151206022128445 0.80095800291746755 21.904883294366304 8.4304627538658661 30.477301756385714 2.2223025783896437 2.9937649564817548 2.1701826713979244
leaf_count=6583 211 20 21 24 261 81 4001 28 1117 38 367 5359 13 324 9 8 205 466 104 13 174 157 274 18 41 23
internal_value=-5.07746e-05 -0.00171479 1.99752e-05 0.0469985 -0.00962673 0.000378186 -0.000459047 -0.0186295 -0.0218175 0.101124 0.0067743 -8.10343e-05 0.0274581 0.00115942 0.0166668 0.0202493 0.0142597 0.00069529 -0.0155273 -0.00332796 0.0012109 -0.0125472 0.00165701 -0.0316777 -0.0389654 -0.0495452
internal_weight=1772.89 746.481 612.242 6.17978 134.24 63.581 606.062 70.6587 66.0872 3.48567 53.0049 601.43 4.57144 1026.41 29.8272 28.5667 27.0051 996.585 30.6993 20.1904 965.886 30.3353 935.55 10.5761 10.5089 4.63162
internal_count=19940 11582 9486 82 2096 677 9404 1419 1378 58 578 9360 41 8358 546 537 529 7812 624 479 7188 331 6857 99 145 44
is_linear=0
shrinkage=0.05


Tree=96
num_leaves=18
num_cat=0
split_feature=1 4 2 2 0 0 0 0 2 0 0 4 3 1 3 4 3
split_gain=1.39173 3.66874 1.85993 1.95154 3.69982 5.0413 2.07455 6.99461 4.62379 1.85177 2.07047 1.64294 2.43759 2.67117 0.673746 0.00105474 0.000657155
threshold=0.005734181973295561 21.559274527434912 0.01098093707798087 0.006044950188185628 58.456459877994227 67.076008694215133 56.773027823449901 58.071104225166387 0.00041849261611104366 80.807923387442045 70.559804880815008 9.5875212864267656 0.39977989041944489 0.0035593878318006538 0.49313938253670103 16.164903664735903 0.24698287222071422
decision_type=2 2 2 2 2 2 2 2 2 2 2 2 2 2 2 2 2
left_child=2 15 3 6 -5 -6 8 -8 -1 10 -3 14 -13 -14 16 -2 -4
right_child=1 9 11 4 5 -7 7 -9 -10 -11 -12 12 13 -15 -16 -17 -18
leaf_value=-0.00031411989003470703 -0.052945044052143286 0.012910499149378722 -0.052953031207626899 -0.048613525359719779 0.040328839502388802 0.0045587686849301061 -0.023664398899215011 -0.0011167843737871037 0.0084089573590068311 0.032407884234983871 -0.033323359522634009 0.029308706877226705 -0.036198561076585568 0.010977229178866815 -0.0083992389841139083 -0.054510219350179245 -0.054474230710874538
leaf_weight=1036.5029667019844 1.9321354143321539 4.5689065009355527 1.0627082176506548 2.7905365983024231 11.618042903020976 64.73198073823005 37.602752977982163 403.27113190386444 178.0034240684472 3.1710706651210776 5.1521585807204247 3.5016452968120602 7.7109059616923314 4.9119795262813568 1.0863170102238653 2.4302111379802227 2.138886071741581
leaf_count=10152 38 29 28 24 78 601 538 6332 1863 22 34 20 59 39 17 33 33
internal_value=-5.08874e-05 -0.0141819 8.80483e-05 0.00026463 0.00793503 0.0100018 -0.000102077 -0.0030399 0.000964373 -0.000770445 -0.0115934 -0.0149167 -0.00760178 -0.0178409 -0.0424244 -0.053817 -0.0539693
internal_weight=1772.19 17.2545 1754.93 1734.52 79.1406 76.35 1655.38 440.874 1214.51 12.8921 9.72107 20.4124 16.1245 12.6229 4.28791 4.36235 3.20159
internal_count=19940 156 19784 19588 703 679 18885 6870 12015 85 63 196 118 98 78 71 61
is_linear=0
shrinkage=0.05


Tree=97
num_leaves=20
num_cat=0
split_feature=4 4 1 1 1 4 2 3 3 4 3 3 4 2 2 0 1 1 1
split_gain=1.3376 3.75206 3.84842 3.90751 2.51163 1.97956 4.7928 2.38699 2.6956 1.79869 5.77863 3.46795 2.21806 2.4953 1.43618 1.16516 0.961594 0.0805877 0.0315315
threshold=1.5952004026106403 1.6190510504815439 -0.00058230797045782923 0.00051274875411744258 -0.0022415218369142282 1.7605930107891934 -0.0024099914438584498 0.21390322778372908 0.56262251518712258 1.0576183634918812 0.60256822568026525 0.17602652767611368 1.2489214260177095 -0.0029041390408907626 -8.3786631475457604e-05 63.328282894127355 0.00019002856358751877 -0.0013017119634429195 -0.0014170211574265899
decision_type=2 2 2 2 2 2 2 2 2 2 2 2 2 2 2 2 2 2 2
left_child=4 2 -2 15 -1 6 -3 16 -9 10 11 -6 17 -14 -12 -4 -7 -11 -8
right_child=1 5 3 -5 9 7 18 8 -10 12 14 -13 13 -15 -16 -17 -18 -19 -20
leaf_value=0.085047398063151744 0.16387371224246569 0.055187154475438177 -0.051254732059865055 0.14304004659987338 0.017136815372168792 -0.040510041820062501 -0.064662571783523026 0.0054099442409945922 -0.00048284888591628317 -0.074740062830419243 0.19765298220052296 -0.034960796587076945 0.052084121061471735 -0.020358012840961628 0.065259516691548156 0.043358145950377257 -0.0083319356392723646 -0.051107543977928105 -0.05103879060536623
leaf_weight=0.67461633682251232 0.66523344069719348 1.3288634214550255 0.92563143512233981 0.51176674012094725 6.8125283331610262 4.8525368957780284 0.47241607308387745 222.90327591262758 1500.1865891865455 0.39468958973884571 0.39861312787979841 6.0143673792481422 1.3387062102556289 10.610214264597735 0.42137884721160013 0.50181982200592756 4.4516340992413461 4.1932542361319092 4.2054810740519306
leaf_count=3 6 25 46 16 224 158 3 3055 14043 3 14 523 25 844 28 11 156 390 367
internal_value=-4.93284e-05 0.000133568 0.0601019 0.0245038 -0.0103682 4.37238e-05 -0.0286101 0.000143076 0.000279458 -0.0125008 0.000935306 -0.00729109 -0.0235887 -0.0122419 0.129618 -0.0179936 -0.0251142 -0.0531406 -0.0524146
internal_weight=1771.86 1741.01 2.60445 1.93922 30.8584 1738.4 6.00676 1732.39 1723.09 30.1838 13.6469 12.8269 16.5369 11.9489 0.819992 1.42745 9.30417 4.58794 4.6779
internal_count=19940 17886 79 73 2054 17807 395 17412 17098 2051 789 747 1262 869 42 57 314 393 370
is_linear=0
shrinkage=0.05


Tree=98
num_leaves=22
num_cat=0
split_feature=1 4 3 0 3 4 2 2 0 3 0 1 4 0 1 0 4 2 0 2 1
split_gain=1.28292 4.74518 6.95568 3.20701 3.78958 3.31826 4.88884 3.1115 3.09985 9.18911 9.56168 5.08592 2.78783 2.59281 4.01147 3.02043 1.94289 4.08173 1.53108 0.8323 0.0204062
threshold=-0.0053173297224579632 21.559274527434912 0.8865355554072748 16.942945068981 0.85553803168267795 5.9901193859035891 -0.0051078254911683931 -0.010999726731984514 22.317726538714336 1.2336149060067214 21.596586066379746 -0.0015486646335441388 9.7887552876326236 27.762762181442117 -0.00050706671039169027 31.600295251722816 10.411254825505496 -0.0083332464073339035 36.264657475237009 -0.0067698272024239716 -0.0017061681693012474
decision_type=2 2 2 2 2 2 2 2 2 2 2 2 2 2 2 2 2 2 2 2 2
left_child=1 2 12 4 16 20 -7 -3 9 10 -5 -11 -1 14 -10 -15 17 -2 -9 -4 -6
right_child=3 7 19 8 5 6 -8 18 13 11 -12 -13 -14 15 -16 -17 -18 -19 -20 -21 -22
leaf_value=0.01554304337327227 -0.026434623297337673 0.01650585329579354 0.029147629008655963 -0.017961658328802445 -0.061300778958223216 -0.028354348570630274 0.014789495098048536 -0.03318902642064351 -0.013545329037957618 0.05343365013402826 0.049745847658969118 -0.0032960345299066513 -0.03460046036360135 0.0090679142699289939 0.011352511205567534 -0.0003427428223762366 0.049662119119521071 0.020580863022715237 -0.0046688477928371356 0.050287773218946466 -0.054757529697538637
leaf_weight=5.4099869877100009 8.252085186541084 9.0922899097204226 9.1875870674848574 26.086311497259885 1.6999143473803995 21.451711811125278 9.4624587297439593 9.5347856134176272 75.84060575813055 14.930543497204782 6.5170399001799515 5.3724644221365443 5.6843685209751129 90.725741425529122 20.564542666543275 1416.4733619333711 2.1876971572637549 10.477991240099072 9.2915059477090818 9.4394437074661237 3.9845118820667258
leaf_count=23 64 37 38 274 14 100 47 39 488 64 56 51 23 843 340 17169 11 121 39 38 61
internal_value=-4.81451e-05 0.00728897 0.0211932 -0.000294881 -0.0119017 -0.0216044 -0.0151485 -0.00751309 0.000108124 0.0120161 -0.0044277 0.0384222 -0.0101488 -0.000284746 -0.00823428 0.000223731 0.00507468 -0.00013319 -0.0191132 0.0398606 -0.0567143
internal_weight=1771.67 57.64 29.7214 1714.03 57.5164 36.5986 30.9142 27.9186 1656.51 52.9064 32.6034 20.303 11.0944 1603.6 96.4051 1507.2 20.9178 18.7301 18.8263 18.627 5.68443
internal_count=19940 237 122 19703 418 222 147 115 19285 445 330 115 46 18840 828 18012 196 185 78 76 75
is_linear=0
shrinkage=0.05


Tree=99
num_leaves=21
num_cat=0
split_feature=1 4 2 2 3 3 4 0 2 2 3 2 4 3 0 3 3 3 4 3
split_gain=1.26989 3.52352 1.71525 1.81061 8.69673 6.99514 6.6263 3.9849 2.25358 1.89644 1.70009 2.51528 1.5693 2.36112 1.95658 1.91219 1.42922 0.667855 0.000897063 0.00056597
threshold=0.005734181973295561 21.559274527434912 0.01098093707798087 0.0082159759448503528 0.41816582488526494 0.33214073464212329 13.529590482442769 84.173003092799163 0.006325494815075495 0.006044950188185628 1.3470603514246215 0.0076924297499956227 9.5875212864267656 0.8605854836027621 80.349646782866941 1.255852180594675 1.7905996436368579 0.49313938253670103 16.164903664735903 0.24698287222071422
decision_type=2 2 2 2 2 2 2 2 2 2 2 2 2 2 2 2 2 2 2 2
left_child=2 18 3 7 5 -5 -6 9 -9 -1 -3 -12 17 14 -14 -15 -13 19 -2 -4
right_child=1 10 12 4 6 -7 -8 8 -10 -11 11 16 13 15 -16 -17 -18 -19 -20 -21
leaf_value=-5.0591992549244643e-06 -0.052791822781279731 0.031152666473649476 -0.052816464738422553 -0.0050711056701863606 -0.024645680534608097 0.1143026917181048 0.026104114047513866 -0.013340379589141409 -0.055948615219005342 0.010601477959571576 -0.046380881265412954 -0.01541079261286914 -0.0082738630914312491 -0.048848174977136824 0.041037846792208031 0.0022134985467373359 0.031888774830731596 -0.0080290554097504022 -0.054269476826622309 -0.054263366405010054
leaf_weight=1644.3454862982035 1.8425734192132974 3.1605147123336783 1.0078332647681265 1.9354751799255634 13.125150267034771 3.3535833619534969 12.612830482423304 11.036258686799554 4.3173067164607337 43.25216553080827 3.3193263038992864 3.3324659466743469 5.2076636254787463 4.4186901785433284 3.2776449806988239 3.1338640227913857 3.0668328925967216 1.0785260163247583 2.320805411785841 2.0518172923475504
leaf_count=18618 38 20 28 47 124 25 68 281 64 361 23 24 34 38 25 21 18 17 33 33
internal_value=-4.64497e-05 -0.0136291 8.55132e-05 0.000254167 0.0122241 0.0706191 0.000224124 3.60801e-05 -0.0253215 0.00026678 -0.000702936 -0.0110624 -0.014409 -0.00732567 0.0107739 -0.0276606 0.0072573 -0.041861 -0.0536155 -0.0537868
internal_weight=1771.2 17.0425 1754.15 1733.98 31.027 5.28906 25.738 1702.95 15.3536 1687.6 12.8791 9.71863 20.176 16.0379 8.48531 7.55255 6.3993 4.13818 4.16338 3.05965
internal_count=19940 156 19784 19588 264 72 192 19324 345 18979 85 65 196 118 59 59 42 78 71 61
is_linear=0
shrinkage=0.05


end of trees

feature_importances:
Column_4=638
Column_1=628
Column_3=504
Column_0=414
Column_2=394

parameters:
[boosting: gbdt]
[objective: binary]
[metric: binary_logloss]
[tree_learner: serial]
[device_type: cpu]
[data_sample_strategy: bagging]
[data: ]
[valid: ]
[num_iterations: 100]
[learning_rate: 0.05]
[num_leaves: 31]
[num_threads: 8]
[seed: 42]
[deterministic: 0]
[force_col_wise: 0]
[force_row_wise: 0]
[histogram_pool_size: -1]
[max_depth: 5]
[min_data_in_leaf: 20]
[min_sum_hessian_in_leaf: 0.001]
[bagging_fraction: 1]
[pos_bagging_fraction: 1]
[neg_bagging_fraction: 1]
[bagging_freq: 0]
[bagging_seed: 400]
[bagging_by_query: 0]
[feature_fraction: 1]
[feature_fraction_bynode: 1]
[feature_fraction_seed: 30056]
[extra_trees: 0]
[extra_seed: 12879]
[early_stopping_round: 0]
[early_stopping_min_delta: 0]
[first_metric_only: 0]
[max_delta_step: 0]
[lambda_l1: 0]
[lambda_l2: 0]
[linear_lambda: 0]
[min_gain_to_split: 0]
[drop_rate: 0.1]
[max_drop: 50]
[skip_drop: 0.5]
[xgboost_dart_mode: 0]
[uniform_drop: 0]
[drop_seed: 17869]
[top_rate: 0.2]
[other_rate: 0.1]
[min_data_per_group: 100]
[max_cat_threshold: 32]
[cat_l2: 10]
[cat_smooth: 10]
[max_cat_to_onehot: 4]
[top_k: 20]
[monotone_constraints: ]
[monotone_constraints_method: basic]
[monotone_penalty: 0]
[feature_contri: ]
[forcedsplits_filename: ]
[refit_decay_rate: 0.9]
[cegb_tradeoff: 1]
[cegb_penalty_split: 0]
[cegb_penalty_feature_lazy: ]
[cegb_penalty_feature_coupled: ]
[path_smooth: 0]
[interaction_constraints: ]
[verbosity: -1]
[saved_feature_importance_type: 0]
[use_quantized_grad: 0]
[num_grad_quant_bins: 4]
[quant_train_renew_leaf: 0]
[stochastic_rounding: 1]
[linear_tree: 0]
[max_bin: 255]
[max_bin_by_feature: ]
[min_data_in_bin: 3]
[bin_construct_sample_cnt: 200000]
[data_random_seed: 175]
[is_enable_sparse: 1]
[enable_bundle: 1]
[use_missing: 1]
[zero_as_missing: 0]
[feature_pre_filter: 1]
[pre_partition: 0]
[two_round: 0]
[header: 0]
[label_column: ]
[weight_column: ]
[group_column: ]
[ignore_column: ]
[categorical_feature: ]
[forcedbins_filename: ]
[precise_float_parser: 0]
[parser_config_file: ]
[objective_seed: 16083]
[num_class: 1]
[is_unbalance: 0]
[scale_pos_weight: 1]
[sigmoid: 1]
[boost_from_average: 1]
[reg_sqrt: 0]
[alpha: 0.9]
[fair_c: 1]
[poisson_max_delta_step: 0.7]
[tweedie_variance_power: 1.5]
[lambdarank_truncation_level: 30]
[lambdarank_norm: 1]
[label_gain: ]
[lambdarank_position_bias_regularization: 0]
[eval_at: ]
[multi_error_top_k: 1]
[auc_mu_weights: ]
[num_machines: 1]
[local_listen_port: 12400]
[time_out: 120]
[machine_list_filename: ]
[machines: ]
[gpu_platform_id: -1]
[gpu_device_id: -1]
[gpu_use_dp: 0]
[num_gpu: 1]

end of parameters

pandas_categorical:null
